ISO-10303-21;
HEADER;
/* Generated by software containing ST-Developer
 * from STEP Tools, Inc. (www.steptools.com) 
 */

FILE_DESCRIPTION(
/* description */ (''),
/* implementation_level */ '2;1');

FILE_NAME(
/* name */ 'BC184.step',
/* time_stamp */ '2026-09-27T23:46:19+02:00',
/* author */ (''),
/* organization */ (''),
/* preprocessor_version */ 'ST-DEVELOPER v20.2',
/* originating_system */ 'Autodesk Translation Framework v15.15.0.0',
/* authorisation */ '');

FILE_SCHEMA (('AUTOMOTIVE_DESIGN { 1 0 10303 214 3 1 1 }'));
ENDSEC;

DATA;
#10=MECHANICAL_DESIGN_GEOMETRIC_PRESENTATION_REPRESENTATION('',(#129,#130,
#131,#132,#133,#134,#135,#136,#137,#138),#5362);
#11=CONTEXT_DEPENDENT_OVER_RIDING_STYLED_ITEM('',(#5395),#5376,#138,(#16));
#12=MAPPED_ITEM('',#13,#3215);
#13=REPRESENTATION_MAP(#3215,#5375);
#14=ITEM_DEFINED_TRANSFORMATION($,$,#2979,#3213);
#15=ITEM_DEFINED_TRANSFORMATION($,$,#3180,#3214);
#16=(
REPRESENTATION_RELATIONSHIP($,$,#5376,#5375)
REPRESENTATION_RELATIONSHIP_WITH_TRANSFORMATION(#14)
SHAPE_REPRESENTATION_RELATIONSHIP()
);
#17=(
REPRESENTATION_RELATIONSHIP($,$,#5377,#5375)
REPRESENTATION_RELATIONSHIP_WITH_TRANSFORMATION(#15)
SHAPE_REPRESENTATION_RELATIONSHIP()
);
#18=CONTEXT_DEPENDENT_SHAPE_REPRESENTATION(#16,#5373);
#19=CONTEXT_DEPENDENT_SHAPE_REPRESENTATION(#17,#5374);
#20=NEXT_ASSEMBLY_USAGE_OCCURRENCE('Legs:1','Legs:1','Legs:1',#5379,#5380,
'Legs:1');
#21=NEXT_ASSEMBLY_USAGE_OCCURRENCE('TO92:1','TO92:1','TO92:1',#5379,#5381,
'TO92:1');
#22=FACE_BOUND('',#507,.T.);
#23=FACE_BOUND('',#508,.T.);
#24=FACE_BOUND('',#512,.T.);
#25=FACE_BOUND('',#513,.T.);
#26=FACE_BOUND('',#515,.T.);
#27=FACE_BOUND('',#516,.T.);
#28=FACE_BOUND('',#517,.T.);
#29=FACE_BOUND('',#518,.T.);
#30=FACE_BOUND('',#519,.T.);
#31=FACE_BOUND('',#521,.T.);
#32=B_SPLINE_CURVE_WITH_KNOTS('',3,(#4522,#4523,#4524,#4525,#4526,#4527,
#4528,#4529),.UNSPECIFIED.,.F.,.F.,(4,2,2,4),(0.,0.00582062493522314,0.0109643261037201,
0.0168481473397351),.UNSPECIFIED.);
#33=B_SPLINE_CURVE_WITH_KNOTS('',3,(#4531,#4532,#4533,#4534,#4535,#4536,
#4537,#4538),.UNSPECIFIED.,.F.,.F.,(4,2,2,4),(0.,0.0104332006480723,0.0147862057447218,
0.0187330399751571),.UNSPECIFIED.);
#34=B_SPLINE_CURVE_WITH_KNOTS('',3,(#4546,#4547,#4548,#4549,#4550,#4551),
 .UNSPECIFIED.,.F.,.F.,(4,2,4),(0.,0.00525012662164528,0.0176524335120893),
 .UNSPECIFIED.);
#35=B_SPLINE_CURVE_WITH_KNOTS('',3,(#4553,#4554,#4555,#4556,#4557,#4558,
#4559,#4560),.UNSPECIFIED.,.F.,.F.,(4,2,2,4),(0.,0.00963494652260629,0.0136457004920922,
0.0173661680234112),.UNSPECIFIED.);
#36=B_SPLINE_CURVE_WITH_KNOTS('',3,(#4564,#4565,#4566,#4567,#4568,#4569,
#4570,#4571),.UNSPECIFIED.,.F.,.F.,(4,2,2,4),(0.,0.00435158966382189,0.01011096272874,
0.0172677638072809),.UNSPECIFIED.);
#37=B_SPLINE_CURVE_WITH_KNOTS('',3,(#4573,#4574,#4575,#4576,#4577,#4578),
 .UNSPECIFIED.,.F.,.F.,(4,2,4),(0.,0.0064231475971113,0.0114476807354506),
 .UNSPECIFIED.);
#38=B_SPLINE_CURVE_WITH_KNOTS('',3,(#4580,#4581,#4582,#4583,#4584,#4585),
 .UNSPECIFIED.,.F.,.F.,(4,2,4),(0.,0.00456523381849961,0.00994233549552767),
 .UNSPECIFIED.);
#39=B_SPLINE_CURVE_WITH_KNOTS('',3,(#4587,#4588,#4589,#4590,#4591,#4592,
#4593,#4594),.UNSPECIFIED.,.F.,.F.,(4,2,2,4),(0.,0.00880383556996239,0.0125228428171391,
0.0160247340344752),.UNSPECIFIED.);
#40=B_SPLINE_CURVE_WITH_KNOTS('',3,(#4598,#4599,#4600,#4601,#4602,#4603,
#4604,#4605),.UNSPECIFIED.,.F.,.F.,(4,2,2,4),(0.,0.00321499331801245,0.00661204686244298,
0.010640527422636),.UNSPECIFIED.);
#41=B_SPLINE_CURVE_WITH_KNOTS('',3,(#4613,#4614,#4615,#4616,#4617,#4618,
#4619,#4620),.UNSPECIFIED.,.F.,.F.,(4,2,2,4),(0.,0.00645392215377778,0.00904306872509929,
0.011318622823904),.UNSPECIFIED.);
#42=B_SPLINE_CURVE_WITH_KNOTS('',3,(#4622,#4623,#4624,#4625,#4626,#4627,
#4628,#4629),.UNSPECIFIED.,.F.,.F.,(4,2,2,4),(0.,0.00292437940510882,0.00653478627604981,
0.0109535014151501),.UNSPECIFIED.);
#43=B_SPLINE_CURVE_WITH_KNOTS('',3,(#4632,#4633,#4634,#4635,#4636,#4637,
#4638,#4639),.UNSPECIFIED.,.F.,.F.,(4,2,2,4),(0.,0.0062277927676191,0.00878600102406283,
0.0110891944246469),.UNSPECIFIED.);
#44=B_SPLINE_CURVE_WITH_KNOTS('',3,(#4648,#4649,#4650,#4651,#4652,#4653,
#4654,#4655),.UNSPECIFIED.,.F.,.F.,(4,2,2,4),(0.,0.00567644851102178,0.00808912307238379,
0.0103484343039548),.UNSPECIFIED.);
#45=B_SPLINE_CURVE_WITH_KNOTS('',3,(#4657,#4658,#4659,#4660,#4661,#4662,
#4663,#4664),.UNSPECIFIED.,.F.,.F.,(4,2,2,4),(0.,0.003476422228279,0.00670162892159186,
0.0104484316516389),.UNSPECIFIED.);
#46=B_SPLINE_CURVE_WITH_KNOTS('',3,(#4668,#4669,#4670,#4671,#4672,#4673,
#4674,#4675),.UNSPECIFIED.,.F.,.F.,(4,2,2,4),(0.,0.00557727469017488,0.00787913065178192,
0.00996695931964853),.UNSPECIFIED.);
#47=B_SPLINE_CURVE_WITH_KNOTS('',3,(#4676,#4677,#4678,#4679,#4680,#4681,
#4682,#4683),.UNSPECIFIED.,.F.,.F.,(4,2,2,4),(0.,0.00291411368568414,0.00607500198027365,
0.00984747897110369),.UNSPECIFIED.);
#48=B_SPLINE_CURVE_WITH_KNOTS('',3,(#4687,#4688,#4689,#4690,#4691,#4692,
#4693,#4694),.UNSPECIFIED.,.F.,.F.,(4,2,2,4),(0.,0.00591942111731135,0.0114480939545424,
0.0178720075182302),.UNSPECIFIED.);
#49=B_SPLINE_CURVE_WITH_KNOTS('',3,(#4696,#4697,#4698,#4699,#4700,#4701,
#4702,#4703),.UNSPECIFIED.,.F.,.F.,(4,2,2,4),(0.,0.00981827749895585,0.0139844639229927,
0.0178727401220402),.UNSPECIFIED.);
#50=B_SPLINE_CURVE_WITH_KNOTS('',3,(#4705,#4706,#4707,#4708,#4709,#4710,
#4711,#4712),.UNSPECIFIED.,.F.,.F.,(4,2,2,4),(0.,0.00532797060599834,0.0110933622980093,
0.0179372694186387),.UNSPECIFIED.);
#51=B_SPLINE_CURVE_WITH_KNOTS('',3,(#4714,#4715,#4716,#4717,#4718,#4719,
#4720,#4721),.UNSPECIFIED.,.F.,.F.,(4,2,2,4),(0.,0.0110335326874882,0.0155162464258218,
0.0194950010779693),.UNSPECIFIED.);
#52=B_SPLINE_CURVE_WITH_KNOTS('',3,(#4729,#4730,#4731,#4732,#4733,#4734),
 .UNSPECIFIED.,.F.,.F.,(4,2,4),(0.,0.00358138437525065,0.011543387639486),
 .UNSPECIFIED.);
#53=B_SPLINE_CURVE_WITH_KNOTS('',3,(#4736,#4737,#4738,#4739,#4740,#4741,
#4742,#4743),.UNSPECIFIED.,.F.,.F.,(4,2,2,4),(0.,0.00458560810336152,0.00691389750927806,
0.00922089514816438),.UNSPECIFIED.);
#54=B_SPLINE_CURVE_WITH_KNOTS('',3,(#4745,#4746,#4747,#4748,#4749,#4750,
#4751,#4752),.UNSPECIFIED.,.F.,.F.,(4,2,2,4),(0.,0.00248002623234896,0.00554484746495012,
0.00940878214216205),.UNSPECIFIED.);
#55=B_SPLINE_CURVE_WITH_KNOTS('',3,(#4754,#4755,#4756,#4757,#4758,#4759,
#4760,#4761),.UNSPECIFIED.,.F.,.F.,(4,2,2,4),(0.,0.00685356262399159,0.00948321996309165,
0.0116302484203293),.UNSPECIFIED.);
#56=B_SPLINE_CURVE_WITH_KNOTS('',3,(#4765,#4766,#4767,#4768,#4769,#4770),
 .UNSPECIFIED.,.F.,.F.,(4,2,4),(0.,0.00313793958003605,0.0103598480853873),
 .UNSPECIFIED.);
#57=B_SPLINE_CURVE_WITH_KNOTS('',3,(#4772,#4773,#4774,#4775,#4776,#4777,
#4778,#4779),.UNSPECIFIED.,.F.,.F.,(4,2,2,4),(0.,0.00537146882404243,0.00763600077297546,
0.00976515415405927),.UNSPECIFIED.);
#58=B_SPLINE_CURVE_WITH_KNOTS('',3,(#4781,#4782,#4783,#4784,#4785,#4786,
#4787,#4788),.UNSPECIFIED.,.F.,.F.,(4,2,2,4),(0.,0.00205987067581553,0.00469953544191203,
0.00837582639905875),.UNSPECIFIED.);
#59=B_SPLINE_CURVE_WITH_KNOTS('',3,(#4790,#4791,#4792,#4793,#4794,#4795,
#4796,#4797),.UNSPECIFIED.,.F.,.F.,(4,2,2,4),(0.,0.00591380025162647,0.0081788219766285,
0.0100336683287007),.UNSPECIFIED.);
#60=B_SPLINE_CURVE_WITH_KNOTS('',3,(#4807,#4808,#4809,#4810,#4811,#4812,
#4813,#4814),.UNSPECIFIED.,.F.,.F.,(4,2,2,4),(0.,0.00494173378673612,0.00955231269545124,
0.0149176909029672),.UNSPECIFIED.);
#61=B_SPLINE_CURVE_WITH_KNOTS('',3,(#4816,#4817,#4818,#4819,#4820,#4821,
#4822,#4823),.UNSPECIFIED.,.F.,.F.,(4,2,2,4),(0.,0.00966290653556535,0.013661221177915,
0.0173288590822086),.UNSPECIFIED.);
#62=B_SPLINE_CURVE_WITH_KNOTS('',3,(#4825,#4826,#4827,#4828,#4829,#4830,
#4831,#4832),.UNSPECIFIED.,.F.,.F.,(4,2,2,4),(0.,0.00563699393088074,0.0116208291510437,
0.0187177702333765),.UNSPECIFIED.);
#63=B_SPLINE_CURVE_WITH_KNOTS('',3,(#4834,#4835,#4836,#4837,#4838,#4839,
#4840,#4841),.UNSPECIFIED.,.F.,.F.,(4,2,2,4),(0.,0.0110160291243439,0.015542362952956,
0.0196122303767512),.UNSPECIFIED.);
#64=B_SPLINE_CURVE_WITH_KNOTS('',3,(#4846,#4847,#4848,#4849,#4850,#4851),
 .UNSPECIFIED.,.F.,.F.,(4,2,4),(0.,0.00526516350449844,0.011534199738773),
 .UNSPECIFIED.);
#65=B_SPLINE_CURVE_WITH_KNOTS('',3,(#4863,#4864,#4865,#4866,#4867,#4868),
 .UNSPECIFIED.,.F.,.F.,(4,2,4),(0.,0.00403909977792809,0.00878361917209921),
 .UNSPECIFIED.);
#66=B_SPLINE_CURVE_WITH_KNOTS('',3,(#4870,#4871,#4872,#4873,#4874,#4875),
 .UNSPECIFIED.,.F.,.F.,(4,2,4),(0.,0.00471136256497615,0.00868130158907909),
 .UNSPECIFIED.);
#67=B_SPLINE_CURVE_WITH_KNOTS('',3,(#4880,#4881,#4882,#4883,#4884,#4885),
 .UNSPECIFIED.,.F.,.F.,(4,2,4),(0.,0.00543154645706443,0.0155085505262862),
 .UNSPECIFIED.);
#68=B_SPLINE_CURVE_WITH_KNOTS('',3,(#4887,#4888,#4889,#4890,#4891,#4892,
#4893,#4894),.UNSPECIFIED.,.F.,.F.,(4,2,2,4),(0.,0.00903969644488921,0.0128720108374967,
0.0164766850494425),.UNSPECIFIED.);
#69=B_SPLINE_CURVE_WITH_KNOTS('',3,(#4896,#4897,#4898,#4899,#4900,#4901,
#4902,#4903),.UNSPECIFIED.,.F.,.F.,(4,2,2,4),(0.,0.00655722925864408,0.0112310048922479,
0.0164120300135562),.UNSPECIFIED.);
#70=B_SPLINE_CURVE_WITH_KNOTS('',3,(#4905,#4906,#4907,#4908,#4909,#4910,
#4911,#4912),.UNSPECIFIED.,.F.,.F.,(4,2,2,4),(0.00158098173735832,0.00935822054472467,
0.0134525341493528,0.0173542211016463),.UNSPECIFIED.);
#71=B_SPLINE_CURVE_WITH_KNOTS('',3,(#4914,#4915,#4916,#4917),
 .UNSPECIFIED.,.F.,.F.,(4,4),(0.000791391052862885,0.00158098173735832),
 .UNSPECIFIED.);
#72=B_SPLINE_CURVE_WITH_KNOTS('',3,(#4919,#4920,#4921,#4922),
 .UNSPECIFIED.,.F.,.F.,(4,4),(0.0143249295713639,0.0151121633113394),
 .UNSPECIFIED.);
#73=B_SPLINE_CURVE_WITH_KNOTS('',3,(#4924,#4925,#4926,#4927,#4928,#4929,
#4930,#4931),.UNSPECIFIED.,.F.,.F.,(4,2,2,4),(0.,0.00498715934473834,0.0100026611394847,
0.0143249295713639),.UNSPECIFIED.);
#74=B_SPLINE_CURVE_WITH_KNOTS('',3,(#4933,#4934,#4935,#4936,#4937,#4938),
 .UNSPECIFIED.,.F.,.F.,(4,2,4),(0.,0.00438073777754426,0.00830973890140071),
 .UNSPECIFIED.);
#75=B_SPLINE_CURVE_WITH_KNOTS('',3,(#4940,#4941,#4942,#4943,#4944,#4945),
 .UNSPECIFIED.,.F.,.F.,(4,2,4),(0.,0.00450817714841633,0.00967159400047717),
 .UNSPECIFIED.);
#76=B_SPLINE_CURVE_WITH_KNOTS('',3,(#4947,#4948,#4949,#4950,#4951,#4952,
#4953,#4954),.UNSPECIFIED.,.F.,.F.,(4,2,2,4),(0.00167982055464877,0.0103079671296027,
0.0144485675065137,0.0180919843111395),.UNSPECIFIED.);
#77=B_SPLINE_CURVE_WITH_KNOTS('',3,(#4956,#4957,#4958,#4959),
 .UNSPECIFIED.,.F.,.F.,(4,4),(0.000876786484580154,0.00167982055464877),
 .UNSPECIFIED.);
#78=B_SPLINE_CURVE_WITH_KNOTS('',3,(#4961,#4962,#4963,#4964),
 .UNSPECIFIED.,.F.,.F.,(4,4),(0.0164390200268375,0.0172379071202578),
 .UNSPECIFIED.);
#79=B_SPLINE_CURVE_WITH_KNOTS('',3,(#4966,#4967,#4968,#4969,#4970,#4971),
 .UNSPECIFIED.,.F.,.F.,(4,2,4),(0.,0.00606716692008098,0.0164390200268375),
 .UNSPECIFIED.);
#80=B_SPLINE_CURVE_WITH_KNOTS('',3,(#4973,#4974,#4975,#4976,#4977,#4978,
#4979,#4980),.UNSPECIFIED.,.F.,.F.,(4,2,2,4),(0.,0.00939325876162304,0.0134399603154525,
0.0173031506625505),.UNSPECIFIED.);
#81=B_SPLINE_CURVE_WITH_KNOTS('',3,(#4982,#4983,#4984,#4985,#4986,#4987,
#4988,#4989),.UNSPECIFIED.,.F.,.F.,(4,2,2,4),(0.,0.00715822852435268,0.0120016431875937,
0.017310447851361),.UNSPECIFIED.);
#82=B_SPLINE_CURVE_WITH_KNOTS('',3,(#4991,#4992,#4993,#4994,#4995,#4996,
#4997,#4998),.UNSPECIFIED.,.F.,.F.,(4,2,2,4),(0.00169563972074046,0.00980463607784298,
0.0141498597472195,0.0183355686740992),.UNSPECIFIED.);
#83=B_SPLINE_CURVE_WITH_KNOTS('',3,(#5000,#5001,#5002,#5003),
 .UNSPECIFIED.,.F.,.F.,(4,4),(0.000717292828508782,0.00169563972074046),
 .UNSPECIFIED.);
#84=B_SPLINE_CURVE_WITH_KNOTS('',3,(#5005,#5006,#5007,#5008),
 .UNSPECIFIED.,.F.,.F.,(4,4),(0.016690438995485,0.017399832586502),
 .UNSPECIFIED.);
#85=B_SPLINE_CURVE_WITH_KNOTS('',3,(#5010,#5011,#5012,#5013,#5014,#5015,
#5016,#5017),.UNSPECIFIED.,.F.,.F.,(4,2,2,4),(0.,0.0037461430080747,0.0100474534936974,
0.016690438995485),.UNSPECIFIED.);
#86=B_SPLINE_CURVE_WITH_KNOTS('',3,(#5019,#5020,#5021,#5022,#5023,#5024),
 .UNSPECIFIED.,.F.,.F.,(4,2,4),(0.,0.00474475612335211,0.00868125714117564),
 .UNSPECIFIED.);
#87=B_SPLINE_CURVE_WITH_KNOTS('',3,(#5026,#5027,#5028,#5029,#5030,#5031),
 .UNSPECIFIED.,.F.,.F.,(4,2,4),(0.,0.00380595620322181,0.00790582306942923),
 .UNSPECIFIED.);
#88=B_SPLINE_CURVE_WITH_KNOTS('',3,(#5033,#5034,#5035,#5036,#5037,#5038,
#5039,#5040),.UNSPECIFIED.,.F.,.F.,(4,2,2,4),(0.00157290869955593,0.00869402054717982,
0.012321503567106,0.0156353798287489),.UNSPECIFIED.);
#89=B_SPLINE_CURVE_WITH_KNOTS('',3,(#5042,#5043,#5044,#5045),
 .UNSPECIFIED.,.F.,.F.,(4,4),(0.000760356151723748,0.00157290869955593),
 .UNSPECIFIED.);
#90=B_SPLINE_CURVE_WITH_KNOTS('',3,(#5046,#5047,#5048,#5049),
 .UNSPECIFIED.,.F.,.F.,(4,4),(0.0155085505262862,0.0161934599068018),
 .UNSPECIFIED.);
#91=B_SPLINE_CURVE_WITH_KNOTS('',3,(#5052,#5053,#5054,#5055,#5056,#5057,
#5058,#5059),.UNSPECIFIED.,.F.,.F.,(4,2,2,4),(0.,0.00439406355455372,0.00638101830077332,
0.00833374711645375),.UNSPECIFIED.);
#92=B_SPLINE_CURVE_WITH_KNOTS('',3,(#5061,#5062,#5063,#5064,#5065,#5066),
 .UNSPECIFIED.,.F.,.F.,(4,2,4),(0.,0.00309909898106151,0.00864845213002024),
 .UNSPECIFIED.);
#93=B_SPLINE_CURVE_WITH_KNOTS('',3,(#5068,#5069,#5070,#5071),
 .UNSPECIFIED.,.F.,.F.,(4,4),(0.00864845213002024,0.00933908787573502),
 .UNSPECIFIED.);
#94=B_SPLINE_CURVE_WITH_KNOTS('',3,(#5074,#5075,#5076,#5077),
 .UNSPECIFIED.,.F.,.F.,(4,4),(0.00933908787573502,0.0100472860618595),
 .UNSPECIFIED.);
#95=B_SPLINE_CURVE_WITH_KNOTS('',3,(#5078,#5079,#5080,#5081),
 .UNSPECIFIED.,.F.,.F.,(4,4),(0.000777867044603868,0.00156470240482801),
 .UNSPECIFIED.);
#96=B_SPLINE_CURVE_WITH_KNOTS('',3,(#5083,#5084,#5085,#5086,#5087,#5088),
 .UNSPECIFIED.,.F.,.F.,(4,2,4),(0.00156470240482801,0.00607576325925466,
0.0107165070558036),.UNSPECIFIED.);
#97=B_SPLINE_CURVE_WITH_KNOTS('',3,(#5090,#5091,#5092,#5093,#5094,#5095,
#5096,#5097),.UNSPECIFIED.,.F.,.F.,(4,2,2,4),(0.,0.00302303039299217,0.00558396504850545,
0.0084405394947228),.UNSPECIFIED.);
#98=B_SPLINE_CURVE_WITH_KNOTS('',3,(#5099,#5100,#5101,#5102,#5103,#5104,
#5105,#5106),.UNSPECIFIED.,.F.,.F.,(4,2,2,4),(0.,0.00394936203194785,0.00613500539789882,
0.00834382468117654),.UNSPECIFIED.);
#99=B_SPLINE_CURVE_WITH_KNOTS('',3,(#5108,#5109,#5110,#5111,#5112,#5113),
 .UNSPECIFIED.,.F.,.F.,(4,2,4),(0.,0.00362621062774616,0.00914565829106842),
 .UNSPECIFIED.);
#100=B_SPLINE_CURVE_WITH_KNOTS('',3,(#5115,#5116,#5117,#5118),
 .UNSPECIFIED.,.F.,.F.,(4,4),(0.00914565829106842,0.00989665182829397),
 .UNSPECIFIED.);
#101=B_SPLINE_CURVE_WITH_KNOTS('',3,(#5119,#5120,#5121,#5122),
 .UNSPECIFIED.,.F.,.F.,(4,4),(0.,0.000763939913598866),.UNSPECIFIED.);
#102=B_SPLINE_CURVE_WITH_KNOTS('',3,(#5124,#5125,#5126,#5127),
 .UNSPECIFIED.,.F.,.F.,(4,4),(0.00989665182829397,0.0107102702179737),
 .UNSPECIFIED.);
#103=B_SPLINE_CURVE_WITH_KNOTS('',3,(#5128,#5129,#5130,#5131),
 .UNSPECIFIED.,.F.,.F.,(4,4),(0.000763939913598866,0.0015677129167421),
 .UNSPECIFIED.);
#104=B_SPLINE_CURVE_WITH_KNOTS('',3,(#5133,#5134,#5135,#5136,#5137,#5138),
 .UNSPECIFIED.,.F.,.F.,(4,2,4),(0.0015677129167421,0.00580486402380456,
0.0103838325808337),.UNSPECIFIED.);
#105=B_SPLINE_CURVE_WITH_KNOTS('',3,(#5139,#5140,#5141,#5142,#5143,#5144,
#5145,#5146),.UNSPECIFIED.,.F.,.F.,(4,2,2,4),(0.,0.00312793813052673,0.00559614093984584,
0.00831292997211908),.UNSPECIFIED.);
#106=B_SPLINE_CURVE_WITH_KNOTS('',3,(#5149,#5150,#5151,#5152,#5153,#5154,
#5155,#5156),.UNSPECIFIED.,.F.,.F.,(4,2,2,4),(0.,0.00554914668038824,0.00791114297316561,
0.0101141051293749),.UNSPECIFIED.);
#107=B_SPLINE_CURVE_WITH_KNOTS('',3,(#5158,#5159,#5160,#5161,#5162,#5163),
 .UNSPECIFIED.,.F.,.F.,(4,2,4),(0.,0.0026845845278914,0.00930246783150734),
 .UNSPECIFIED.);
#108=B_SPLINE_CURVE_WITH_KNOTS('',3,(#5165,#5166,#5167,#5168),
 .UNSPECIFIED.,.F.,.F.,(4,4),(0.00930246783150734,0.00987096617622127),
 .UNSPECIFIED.);
#109=B_SPLINE_CURVE_WITH_KNOTS('',3,(#5171,#5172,#5173,#5174),
 .UNSPECIFIED.,.F.,.F.,(4,4),(0.00987096617622127,0.0104740559577402),
 .UNSPECIFIED.);
#110=B_SPLINE_CURVE_WITH_KNOTS('',3,(#5175,#5176,#5177,#5178),
 .UNSPECIFIED.,.F.,.F.,(4,4),(0.000809177761377518,0.00166986850297043),
 .UNSPECIFIED.);
#111=B_SPLINE_CURVE_WITH_KNOTS('',3,(#5180,#5181,#5182,#5183,#5184,#5185),
 .UNSPECIFIED.,.F.,.F.,(4,2,4),(0.00166986850297043,0.00715286760487183,
0.0126292590069177),.UNSPECIFIED.);
#112=B_SPLINE_CURVE_WITH_KNOTS('',3,(#5187,#5188,#5189,#5190,#5191,#5192,
#5193,#5194),.UNSPECIFIED.,.F.,.F.,(4,2,2,4),(0.,0.0030515978265532,0.00603087551323299,
0.00946069755011756),.UNSPECIFIED.);
#113=B_SPLINE_CURVE_WITH_KNOTS('',3,(#5196,#5197,#5198,#5199,#5200,#5201,
#5202,#5203),.UNSPECIFIED.,.F.,.F.,(4,2,2,4),(0.,0.00552203993398184,0.00789598366908451,
0.0101382112174763),.UNSPECIFIED.);
#114=B_SPLINE_CURVE_WITH_KNOTS('',3,(#5205,#5206,#5207,#5208,#5209,#5210),
 .UNSPECIFIED.,.F.,.F.,(4,2,4),(0.,0.00280960714675826,0.00984186357107994),
 .UNSPECIFIED.);
#115=B_SPLINE_CURVE_WITH_KNOTS('',3,(#5212,#5213,#5214,#5215),
 .UNSPECIFIED.,.F.,.F.,(4,4),(0.00984186357107994,0.0104339493226123),
 .UNSPECIFIED.);
#116=B_SPLINE_CURVE_WITH_KNOTS('',3,(#5218,#5219,#5220,#5221),
 .UNSPECIFIED.,.F.,.F.,(4,4),(0.0104339493226123,0.011111098416616),
 .UNSPECIFIED.);
#117=B_SPLINE_CURVE_WITH_KNOTS('',3,(#5222,#5223,#5224,#5225),
 .UNSPECIFIED.,.F.,.F.,(4,4),(0.000781782048505057,0.00166944043921693),
 .UNSPECIFIED.);
#118=B_SPLINE_CURVE_WITH_KNOTS('',3,(#5227,#5228,#5229,#5230,#5231,#5232),
 .UNSPECIFIED.,.F.,.F.,(4,2,4),(0.00166944043921693,0.00692269092482615,
0.0122407572052551),.UNSPECIFIED.);
#119=B_SPLINE_CURVE_WITH_KNOTS('',3,(#5233,#5234,#5235,#5236,#5237,#5238,
#5239,#5240),.UNSPECIFIED.,.F.,.F.,(4,2,2,4),(0.,0.00297226114650957,0.00593523904810126,
0.009369796807935),.UNSPECIFIED.);
#120=B_SPLINE_CURVE_WITH_KNOTS('',3,(#5272,#5273,#5274,#5275),
 .UNSPECIFIED.,.F.,.F.,(4,4),(0.,0.000760356151723748),.UNSPECIFIED.);
#121=B_SPLINE_CURVE_WITH_KNOTS('',3,(#5276,#5277,#5278,#5279),
 .UNSPECIFIED.,.F.,.F.,(4,4),(0.0161934599068018,0.0169308859721133),
 .UNSPECIFIED.);
#122=B_SPLINE_CURVE_WITH_KNOTS('',3,(#5281,#5282,#5283,#5284),
 .UNSPECIFIED.,.F.,.F.,(4,4),(0.017399832586502,0.0183804212942173),
 .UNSPECIFIED.);
#123=B_SPLINE_CURVE_WITH_KNOTS('',3,(#5286,#5287,#5288,#5289),
 .UNSPECIFIED.,.F.,.F.,(4,4),(0.0172379071202578,0.0179767187322674),
 .UNSPECIFIED.);
#124=B_SPLINE_CURVE_WITH_KNOTS('',3,(#5291,#5292,#5293,#5294),
 .UNSPECIFIED.,.F.,.F.,(4,4),(0.0151121633113394,0.0159053383449871),
 .UNSPECIFIED.);
#125=SHAPE_REPRESENTATION_RELATIONSHIP('SRR','None',#5376,#127);
#126=SHAPE_REPRESENTATION_RELATIONSHIP('SRR','None',#5377,#128);
#127=ADVANCED_BREP_SHAPE_REPRESENTATION('',(#139,#140,#141),#5360);
#128=ADVANCED_BREP_SHAPE_REPRESENTATION('',(#142),#5361);
#129=STYLED_ITEM('',(#5395),#139);
#130=STYLED_ITEM('',(#5395),#140);
#131=STYLED_ITEM('',(#5395),#141);
#132=STYLED_ITEM('',(#5396),#2929);
#133=STYLED_ITEM('',(#5396),#2930);
#134=STYLED_ITEM('',(#5396),#2931);
#135=STYLED_ITEM('',(#5396),#2932);
#136=STYLED_ITEM('',(#5396),#2934);
#137=STYLED_ITEM('',(#5394),#142);
#138=STYLED_ITEM('',(#5397),#12);
#139=MANIFOLD_SOLID_BREP('Body1',#2951);
#140=MANIFOLD_SOLID_BREP('Body2',#2952);
#141=MANIFOLD_SOLID_BREP('Body3',#2953);
#142=MANIFOLD_SOLID_BREP('Body1',#2954);
#143=TOROIDAL_SURFACE('',#3016,0.254,0.127);
#144=TOROIDAL_SURFACE('',#3020,0.254,0.127);
#145=TOROIDAL_SURFACE('',#3134,0.254,0.127);
#146=TOROIDAL_SURFACE('',#3141,0.254,0.127);
#147=ELLIPSE('',#2999,0.174661341131645,0.127);
#148=ELLIPSE('',#3001,0.283980633142347,0.127);
#149=ELLIPSE('',#3002,0.283980633142474,0.127);
#150=ELLIPSE('',#3004,0.283980633142474,0.127);
#151=ELLIPSE('',#3005,0.283980633142347,0.127);
#152=ELLIPSE('',#3007,0.174661341131645,0.127);
#153=ELLIPSE('',#3009,0.283980633142474,0.127);
#154=ELLIPSE('',#3015,0.136664993585207,0.127);
#155=ELLIPSE('',#3026,0.283980633142474,0.127);
#156=ELLIPSE('',#3028,0.136664993585207,0.127);
#157=ELLIPSE('',#3033,0.283980633142474,0.127);
#158=ELLIPSE('',#3034,0.283980633142474,0.127);
#159=ELLIPSE('',#3058,0.283980633142489,0.127);
#160=ELLIPSE('',#3060,0.283980633142474,0.127);
#161=ELLIPSE('',#3062,0.283980633142489,0.127);
#162=ELLIPSE('',#3064,0.283980633142474,0.127);
#163=ELLIPSE('',#3068,0.283980633142538,0.127);
#164=ELLIPSE('',#3070,0.283980633142538,0.127);
#165=ELLIPSE('',#3080,0.283980633142474,0.127);
#166=ELLIPSE('',#3082,0.283980633142474,0.127);
#167=ELLIPSE('',#3105,0.174661341137876,0.127);
#168=ELLIPSE('',#3107,0.283980633142598,0.127);
#169=ELLIPSE('',#3109,0.283980633142474,0.127);
#170=ELLIPSE('',#3140,0.136664993586544,0.127);
#171=ELLIPSE('',#3148,0.283980633142474,0.127);
#172=ELLIPSE('',#3149,0.283980633142474,0.127);
#173=ELLIPSE('',#3151,0.283980633142474,0.127);
#174=ELLIPSE('',#3152,0.283980633142474,0.127);
#175=ELLIPSE('',#3154,0.136664993586544,0.127);
#176=ELLIPSE('',#3163,0.283980633142474,0.127);
#177=ELLIPSE('',#3164,0.283980633142598,0.127);
#178=ELLIPSE('',#3166,0.174661341137876,0.127);
#179=ELLIPSE('',#3192,0.0359210244842766,0.0254);
#180=ELLIPSE('',#3193,0.0359210244842762,0.0254);
#181=ELLIPSE('',#3195,0.0260951786745189,0.0254);
#182=ELLIPSE('',#3196,0.0359210244842768,0.0254);
#183=ELLIPSE('',#3197,0.0262731365796664,0.0254);
#184=ELLIPSE('',#3199,0.0359210244842764,0.0254);
#185=ELLIPSE('',#3201,0.0260951786745189,0.0254);
#186=ELLIPSE('',#3202,0.0262731365796664,0.0254);
#187=SPHERICAL_SURFACE('',#2989,0.126999999999999);
#188=SPHERICAL_SURFACE('',#2993,0.127);
#189=SPHERICAL_SURFACE('',#3110,0.127);
#190=SPHERICAL_SURFACE('',#3159,0.127);
#191=PLANE('',#2983);
#192=PLANE('',#2988);
#193=PLANE('',#3008);
#194=PLANE('',#3010);
#195=PLANE('',#3012);
#196=PLANE('',#3035);
#197=PLANE('',#3036);
#198=PLANE('',#3040);
#199=PLANE('',#3044);
#200=PLANE('',#3045);
#201=PLANE('',#3046);
#202=PLANE('',#3047);
#203=PLANE('',#3048);
#204=PLANE('',#3049);
#205=PLANE('',#3050);
#206=PLANE('',#3051);
#207=PLANE('',#3052);
#208=PLANE('',#3053);
#209=PLANE('',#3054);
#210=PLANE('',#3055);
#211=PLANE('',#3056);
#212=PLANE('',#3061);
#213=PLANE('',#3063);
#214=PLANE('',#3065);
#215=PLANE('',#3069);
#216=PLANE('',#3077);
#217=PLANE('',#3081);
#218=PLANE('',#3083);
#219=PLANE('',#3089);
#220=PLANE('',#3093);
#221=PLANE('',#3094);
#222=PLANE('',#3095);
#223=PLANE('',#3096);
#224=PLANE('',#3097);
#225=PLANE('',#3098);
#226=PLANE('',#3099);
#227=PLANE('',#3100);
#228=PLANE('',#3101);
#229=PLANE('',#3102);
#230=PLANE('',#3112);
#231=PLANE('',#3115);
#232=PLANE('',#3119);
#233=PLANE('',#3121);
#234=PLANE('',#3127);
#235=PLANE('',#3130);
#236=PLANE('',#3157);
#237=PLANE('',#3158);
#238=PLANE('',#3167);
#239=PLANE('',#3168);
#240=PLANE('',#3169);
#241=PLANE('',#3170);
#242=PLANE('',#3171);
#243=PLANE('',#3172);
#244=PLANE('',#3173);
#245=PLANE('',#3174);
#246=PLANE('',#3175);
#247=PLANE('',#3176);
#248=PLANE('',#3177);
#249=PLANE('',#3178);
#250=PLANE('',#3179);
#251=PLANE('',#3181);
#252=PLANE('',#3182);
#253=PLANE('',#3183);
#254=PLANE('',#3184);
#255=PLANE('',#3185);
#256=PLANE('',#3186);
#257=PLANE('',#3187);
#258=PLANE('',#3188);
#259=PLANE('',#3189);
#260=PLANE('',#3190);
#261=PLANE('',#3203);
#262=PLANE('',#3204);
#263=PLANE('',#3205);
#264=PLANE('',#3206);
#265=PLANE('',#3207);
#266=PLANE('',#3209);
#267=PLANE('',#3212);
#268=FACE_OUTER_BOUND('',#398,.T.);
#269=FACE_OUTER_BOUND('',#399,.T.);
#270=FACE_OUTER_BOUND('',#400,.T.);
#271=FACE_OUTER_BOUND('',#401,.T.);
#272=FACE_OUTER_BOUND('',#402,.T.);
#273=FACE_OUTER_BOUND('',#403,.T.);
#274=FACE_OUTER_BOUND('',#404,.T.);
#275=FACE_OUTER_BOUND('',#405,.T.);
#276=FACE_OUTER_BOUND('',#406,.T.);
#277=FACE_OUTER_BOUND('',#407,.T.);
#278=FACE_OUTER_BOUND('',#408,.T.);
#279=FACE_OUTER_BOUND('',#409,.T.);
#280=FACE_OUTER_BOUND('',#410,.T.);
#281=FACE_OUTER_BOUND('',#411,.T.);
#282=FACE_OUTER_BOUND('',#412,.T.);
#283=FACE_OUTER_BOUND('',#413,.T.);
#284=FACE_OUTER_BOUND('',#414,.T.);
#285=FACE_OUTER_BOUND('',#415,.T.);
#286=FACE_OUTER_BOUND('',#416,.T.);
#287=FACE_OUTER_BOUND('',#417,.T.);
#288=FACE_OUTER_BOUND('',#418,.T.);
#289=FACE_OUTER_BOUND('',#419,.T.);
#290=FACE_OUTER_BOUND('',#420,.T.);
#291=FACE_OUTER_BOUND('',#421,.T.);
#292=FACE_OUTER_BOUND('',#422,.T.);
#293=FACE_OUTER_BOUND('',#423,.T.);
#294=FACE_OUTER_BOUND('',#424,.T.);
#295=FACE_OUTER_BOUND('',#425,.T.);
#296=FACE_OUTER_BOUND('',#426,.T.);
#297=FACE_OUTER_BOUND('',#427,.T.);
#298=FACE_OUTER_BOUND('',#428,.T.);
#299=FACE_OUTER_BOUND('',#429,.T.);
#300=FACE_OUTER_BOUND('',#430,.T.);
#301=FACE_OUTER_BOUND('',#431,.T.);
#302=FACE_OUTER_BOUND('',#432,.T.);
#303=FACE_OUTER_BOUND('',#433,.T.);
#304=FACE_OUTER_BOUND('',#434,.T.);
#305=FACE_OUTER_BOUND('',#435,.T.);
#306=FACE_OUTER_BOUND('',#436,.T.);
#307=FACE_OUTER_BOUND('',#437,.T.);
#308=FACE_OUTER_BOUND('',#438,.T.);
#309=FACE_OUTER_BOUND('',#439,.T.);
#310=FACE_OUTER_BOUND('',#440,.T.);
#311=FACE_OUTER_BOUND('',#441,.T.);
#312=FACE_OUTER_BOUND('',#442,.T.);
#313=FACE_OUTER_BOUND('',#443,.T.);
#314=FACE_OUTER_BOUND('',#444,.T.);
#315=FACE_OUTER_BOUND('',#445,.T.);
#316=FACE_OUTER_BOUND('',#446,.T.);
#317=FACE_OUTER_BOUND('',#447,.T.);
#318=FACE_OUTER_BOUND('',#448,.T.);
#319=FACE_OUTER_BOUND('',#449,.T.);
#320=FACE_OUTER_BOUND('',#450,.T.);
#321=FACE_OUTER_BOUND('',#451,.T.);
#322=FACE_OUTER_BOUND('',#452,.T.);
#323=FACE_OUTER_BOUND('',#453,.T.);
#324=FACE_OUTER_BOUND('',#454,.T.);
#325=FACE_OUTER_BOUND('',#455,.T.);
#326=FACE_OUTER_BOUND('',#456,.T.);
#327=FACE_OUTER_BOUND('',#457,.T.);
#328=FACE_OUTER_BOUND('',#458,.T.);
#329=FACE_OUTER_BOUND('',#459,.T.);
#330=FACE_OUTER_BOUND('',#460,.T.);
#331=FACE_OUTER_BOUND('',#461,.T.);
#332=FACE_OUTER_BOUND('',#462,.T.);
#333=FACE_OUTER_BOUND('',#463,.T.);
#334=FACE_OUTER_BOUND('',#464,.T.);
#335=FACE_OUTER_BOUND('',#465,.T.);
#336=FACE_OUTER_BOUND('',#466,.T.);
#337=FACE_OUTER_BOUND('',#467,.T.);
#338=FACE_OUTER_BOUND('',#468,.T.);
#339=FACE_OUTER_BOUND('',#469,.T.);
#340=FACE_OUTER_BOUND('',#470,.T.);
#341=FACE_OUTER_BOUND('',#471,.T.);
#342=FACE_OUTER_BOUND('',#472,.T.);
#343=FACE_OUTER_BOUND('',#473,.T.);
#344=FACE_OUTER_BOUND('',#474,.T.);
#345=FACE_OUTER_BOUND('',#475,.T.);
#346=FACE_OUTER_BOUND('',#476,.T.);
#347=FACE_OUTER_BOUND('',#477,.T.);
#348=FACE_OUTER_BOUND('',#478,.T.);
#349=FACE_OUTER_BOUND('',#479,.T.);
#350=FACE_OUTER_BOUND('',#480,.T.);
#351=FACE_OUTER_BOUND('',#481,.T.);
#352=FACE_OUTER_BOUND('',#482,.T.);
#353=FACE_OUTER_BOUND('',#483,.T.);
#354=FACE_OUTER_BOUND('',#484,.T.);
#355=FACE_OUTER_BOUND('',#485,.T.);
#356=FACE_OUTER_BOUND('',#486,.T.);
#357=FACE_OUTER_BOUND('',#487,.T.);
#358=FACE_OUTER_BOUND('',#488,.T.);
#359=FACE_OUTER_BOUND('',#489,.T.);
#360=FACE_OUTER_BOUND('',#490,.T.);
#361=FACE_OUTER_BOUND('',#491,.T.);
#362=FACE_OUTER_BOUND('',#492,.T.);
#363=FACE_OUTER_BOUND('',#493,.T.);
#364=FACE_OUTER_BOUND('',#494,.T.);
#365=FACE_OUTER_BOUND('',#495,.T.);
#366=FACE_OUTER_BOUND('',#496,.T.);
#367=FACE_OUTER_BOUND('',#497,.T.);
#368=FACE_OUTER_BOUND('',#498,.T.);
#369=FACE_OUTER_BOUND('',#499,.T.);
#370=FACE_OUTER_BOUND('',#500,.T.);
#371=FACE_OUTER_BOUND('',#501,.T.);
#372=FACE_OUTER_BOUND('',#502,.T.);
#373=FACE_OUTER_BOUND('',#503,.T.);
#374=FACE_OUTER_BOUND('',#504,.T.);
#375=FACE_OUTER_BOUND('',#505,.T.);
#376=FACE_OUTER_BOUND('',#506,.T.);
#377=FACE_OUTER_BOUND('',#509,.T.);
#378=FACE_OUTER_BOUND('',#510,.T.);
#379=FACE_OUTER_BOUND('',#511,.T.);
#380=FACE_OUTER_BOUND('',#514,.T.);
#381=FACE_OUTER_BOUND('',#520,.T.);
#382=FACE_OUTER_BOUND('',#522,.T.);
#383=FACE_OUTER_BOUND('',#523,.T.);
#384=FACE_OUTER_BOUND('',#524,.T.);
#385=FACE_OUTER_BOUND('',#525,.T.);
#386=FACE_OUTER_BOUND('',#526,.T.);
#387=FACE_OUTER_BOUND('',#527,.T.);
#388=FACE_OUTER_BOUND('',#528,.T.);
#389=FACE_OUTER_BOUND('',#529,.T.);
#390=FACE_OUTER_BOUND('',#530,.T.);
#391=FACE_OUTER_BOUND('',#531,.T.);
#392=FACE_OUTER_BOUND('',#532,.T.);
#393=FACE_OUTER_BOUND('',#533,.T.);
#394=FACE_OUTER_BOUND('',#534,.T.);
#395=FACE_OUTER_BOUND('',#535,.T.);
#396=FACE_OUTER_BOUND('',#536,.T.);
#397=FACE_OUTER_BOUND('',#537,.T.);
#398=EDGE_LOOP('',(#1878,#1879,#1880,#1881));
#399=EDGE_LOOP('',(#1882,#1883,#1884,#1885,#1886,#1887,#1888,#1889,#1890,
#1891,#1892,#1893,#1894,#1895,#1896,#1897));
#400=EDGE_LOOP('',(#1898,#1899,#1900,#1901));
#401=EDGE_LOOP('',(#1902,#1903,#1904,#1905));
#402=EDGE_LOOP('',(#1906,#1907,#1908));
#403=EDGE_LOOP('',(#1909,#1910,#1911));
#404=EDGE_LOOP('',(#1912,#1913,#1914,#1915));
#405=EDGE_LOOP('',(#1916,#1917,#1918,#1919));
#406=EDGE_LOOP('',(#1920,#1921,#1922,#1923,#1924));
#407=EDGE_LOOP('',(#1925,#1926,#1927,#1928,#1929));
#408=EDGE_LOOP('',(#1930,#1931,#1932,#1933));
#409=EDGE_LOOP('',(#1934,#1935,#1936,#1937,#1938,#1939));
#410=EDGE_LOOP('',(#1940,#1941,#1942,#1943,#1944,#1945,#1946,#1947,#1948,
#1949,#1950,#1951,#1952,#1953,#1954,#1955));
#411=EDGE_LOOP('',(#1956,#1957,#1958,#1959));
#412=EDGE_LOOP('',(#1960,#1961,#1962,#1963));
#413=EDGE_LOOP('',(#1964,#1965,#1966,#1967));
#414=EDGE_LOOP('',(#1968,#1969,#1970,#1971));
#415=EDGE_LOOP('',(#1972,#1973,#1974,#1975));
#416=EDGE_LOOP('',(#1976,#1977,#1978,#1979,#1980));
#417=EDGE_LOOP('',(#1981,#1982,#1983,#1984));
#418=EDGE_LOOP('',(#1985,#1986,#1987,#1988));
#419=EDGE_LOOP('',(#1989,#1990,#1991,#1992));
#420=EDGE_LOOP('',(#1993,#1994,#1995,#1996,#1997));
#421=EDGE_LOOP('',(#1998,#1999,#2000,#2001));
#422=EDGE_LOOP('',(#2002,#2003,#2004,#2005,#2006,#2007));
#423=EDGE_LOOP('',(#2008,#2009,#2010,#2011));
#424=EDGE_LOOP('',(#2012,#2013,#2014,#2015));
#425=EDGE_LOOP('',(#2016,#2017,#2018,#2019));
#426=EDGE_LOOP('',(#2020,#2021,#2022,#2023,#2024,#2025));
#427=EDGE_LOOP('',(#2026,#2027,#2028,#2029,#2030,#2031));
#428=EDGE_LOOP('',(#2032,#2033,#2034,#2035));
#429=EDGE_LOOP('',(#2036,#2037,#2038,#2039));
#430=EDGE_LOOP('',(#2040,#2041,#2042,#2043,#2044,#2045));
#431=EDGE_LOOP('',(#2046,#2047,#2048,#2049,#2050,#2051,#2052,#2053));
#432=EDGE_LOOP('',(#2054,#2055,#2056,#2057,#2058,#2059));
#433=EDGE_LOOP('',(#2060,#2061,#2062,#2063));
#434=EDGE_LOOP('',(#2064,#2065,#2066,#2067,#2068,#2069));
#435=EDGE_LOOP('',(#2070,#2071,#2072,#2073));
#436=EDGE_LOOP('',(#2074,#2075,#2076,#2077));
#437=EDGE_LOOP('',(#2078,#2079,#2080,#2081));
#438=EDGE_LOOP('',(#2082,#2083,#2084,#2085,#2086,#2087));
#439=EDGE_LOOP('',(#2088,#2089,#2090,#2091,#2092));
#440=EDGE_LOOP('',(#2093,#2094,#2095,#2096,#2097,#2098));
#441=EDGE_LOOP('',(#2099,#2100,#2101,#2102,#2103,#2104));
#442=EDGE_LOOP('',(#2105,#2106,#2107,#2108,#2109,#2110,#2111,#2112,#2113,
#2114,#2115,#2116));
#443=EDGE_LOOP('',(#2117,#2118,#2119,#2120,#2121));
#444=EDGE_LOOP('',(#2122,#2123,#2124,#2125,#2126,#2127));
#445=EDGE_LOOP('',(#2128,#2129,#2130,#2131));
#446=EDGE_LOOP('',(#2132,#2133,#2134,#2135));
#447=EDGE_LOOP('',(#2136,#2137,#2138,#2139));
#448=EDGE_LOOP('',(#2140,#2141,#2142,#2143,#2144));
#449=EDGE_LOOP('',(#2145,#2146,#2147,#2148,#2149,#2150));
#450=EDGE_LOOP('',(#2151,#2152,#2153,#2154,#2155,#2156,#2157,#2158,#2159,
#2160,#2161,#2162));
#451=EDGE_LOOP('',(#2163,#2164,#2165,#2166,#2167));
#452=EDGE_LOOP('',(#2168,#2169,#2170,#2171));
#453=EDGE_LOOP('',(#2172,#2173,#2174,#2175));
#454=EDGE_LOOP('',(#2176,#2177,#2178,#2179));
#455=EDGE_LOOP('',(#2180,#2181,#2182,#2183));
#456=EDGE_LOOP('',(#2184,#2185,#2186,#2187));
#457=EDGE_LOOP('',(#2188,#2189,#2190,#2191,#2192,#2193,#2194,#2195));
#458=EDGE_LOOP('',(#2196,#2197,#2198,#2199,#2200,#2201));
#459=EDGE_LOOP('',(#2202,#2203,#2204,#2205));
#460=EDGE_LOOP('',(#2206,#2207,#2208,#2209,#2210,#2211));
#461=EDGE_LOOP('',(#2212,#2213,#2214,#2215));
#462=EDGE_LOOP('',(#2216,#2217,#2218,#2219,#2220,#2221));
#463=EDGE_LOOP('',(#2222,#2223,#2224,#2225));
#464=EDGE_LOOP('',(#2226,#2227,#2228,#2229,#2230,#2231));
#465=EDGE_LOOP('',(#2232,#2233,#2234,#2235));
#466=EDGE_LOOP('',(#2236,#2237,#2238,#2239,#2240));
#467=EDGE_LOOP('',(#2241,#2242,#2243));
#468=EDGE_LOOP('',(#2244,#2245,#2246,#2247));
#469=EDGE_LOOP('',(#2248,#2249,#2250,#2251));
#470=EDGE_LOOP('',(#2252,#2253,#2254,#2255));
#471=EDGE_LOOP('',(#2256,#2257,#2258,#2259));
#472=EDGE_LOOP('',(#2260,#2261,#2262,#2263,#2264,#2265,#2266,#2267,#2268,
#2269,#2270,#2271,#2272,#2273,#2274,#2275));
#473=EDGE_LOOP('',(#2276,#2277,#2278,#2279,#2280,#2281,#2282,#2283));
#474=EDGE_LOOP('',(#2284,#2285,#2286,#2287));
#475=EDGE_LOOP('',(#2288,#2289,#2290,#2291));
#476=EDGE_LOOP('',(#2292,#2293,#2294,#2295));
#477=EDGE_LOOP('',(#2296,#2297,#2298,#2299,#2300,#2301,#2302,#2303,#2304,
#2305,#2306,#2307,#2308,#2309,#2310,#2311));
#478=EDGE_LOOP('',(#2312,#2313,#2314,#2315));
#479=EDGE_LOOP('',(#2316,#2317,#2318,#2319));
#480=EDGE_LOOP('',(#2320,#2321,#2322,#2323));
#481=EDGE_LOOP('',(#2324,#2325,#2326,#2327));
#482=EDGE_LOOP('',(#2328,#2329,#2330,#2331));
#483=EDGE_LOOP('',(#2332,#2333,#2334,#2335));
#484=EDGE_LOOP('',(#2336,#2337,#2338,#2339,#2340));
#485=EDGE_LOOP('',(#2341,#2342,#2343,#2344,#2345));
#486=EDGE_LOOP('',(#2346,#2347,#2348,#2349));
#487=EDGE_LOOP('',(#2350,#2351,#2352,#2353));
#488=EDGE_LOOP('',(#2354,#2355,#2356,#2357));
#489=EDGE_LOOP('',(#2358,#2359,#2360,#2361));
#490=EDGE_LOOP('',(#2362,#2363,#2364));
#491=EDGE_LOOP('',(#2365,#2366,#2367,#2368,#2369));
#492=EDGE_LOOP('',(#2370,#2371,#2372,#2373));
#493=EDGE_LOOP('',(#2374,#2375,#2376,#2377,#2378,#2379));
#494=EDGE_LOOP('',(#2380,#2381,#2382,#2383,#2384,#2385));
#495=EDGE_LOOP('',(#2386,#2387,#2388,#2389,#2390,#2391));
#496=EDGE_LOOP('',(#2392,#2393,#2394,#2395,#2396,#2397));
#497=EDGE_LOOP('',(#2398,#2399,#2400,#2401));
#498=EDGE_LOOP('',(#2402,#2403,#2404,#2405,#2406,#2407));
#499=EDGE_LOOP('',(#2408,#2409,#2410,#2411));
#500=EDGE_LOOP('',(#2412,#2413,#2414,#2415,#2416,#2417));
#501=EDGE_LOOP('',(#2418,#2419,#2420,#2421));
#502=EDGE_LOOP('',(#2422,#2423,#2424,#2425,#2426,#2427));
#503=EDGE_LOOP('',(#2428,#2429,#2430,#2431));
#504=EDGE_LOOP('',(#2432,#2433,#2434,#2435,#2436,#2437));
#505=EDGE_LOOP('',(#2438,#2439,#2440,#2441));
#506=EDGE_LOOP('',(#2442,#2443,#2444,#2445,#2446,#2447,#2448,#2449,#2450,
#2451,#2452,#2453,#2454));
#507=EDGE_LOOP('',(#2455,#2456,#2457,#2458,#2459,#2460,#2461,#2462));
#508=EDGE_LOOP('',(#2463,#2464,#2465,#2466,#2467,#2468,#2469,#2470));
#509=EDGE_LOOP('',(#2471,#2472,#2473,#2474,#2475,#2476,#2477,#2478,#2479,
#2480,#2481,#2482,#2483,#2484,#2485,#2486,#2487,#2488,#2489,#2490,#2491,
#2492,#2493,#2494,#2495));
#510=EDGE_LOOP('',(#2496,#2497,#2498,#2499,#2500,#2501,#2502,#2503,#2504));
#511=EDGE_LOOP('',(#2505,#2506,#2507,#2508,#2509,#2510,#2511,#2512,#2513,
#2514,#2515,#2516,#2517,#2518,#2519,#2520,#2521,#2522,#2523,#2524,#2525,
#2526,#2527,#2528));
#512=EDGE_LOOP('',(#2529,#2530,#2531,#2532,#2533,#2534,#2535,#2536,#2537,
#2538,#2539,#2540,#2541,#2542,#2543,#2544,#2545,#2546,#2547,#2548));
#513=EDGE_LOOP('',(#2549,#2550,#2551,#2552,#2553,#2554,#2555,#2556,#2557,
#2558,#2559,#2560,#2561,#2562,#2563,#2564,#2565,#2566,#2567,#2568));
#514=EDGE_LOOP('',(#2569,#2570,#2571,#2572));
#515=EDGE_LOOP('',(#2573,#2574,#2575,#2576,#2577,#2578,#2579,#2580,#2581,
#2582,#2583,#2584,#2585));
#516=EDGE_LOOP('',(#2586,#2587,#2588,#2589,#2590,#2591,#2592,#2593,#2594,
#2595,#2596,#2597,#2598,#2599,#2600,#2601,#2602,#2603,#2604,#2605,#2606,
#2607,#2608,#2609,#2610));
#517=EDGE_LOOP('',(#2611,#2612,#2613,#2614,#2615,#2616,#2617,#2618,#2619));
#518=EDGE_LOOP('',(#2620,#2621,#2622,#2623,#2624,#2625,#2626,#2627,#2628,
#2629,#2630));
#519=EDGE_LOOP('',(#2631,#2632,#2633,#2634,#2635,#2636,#2637,#2638,#2639,
#2640,#2641,#2642,#2643,#2644,#2645,#2646,#2647,#2648,#2649,#2650,#2651,
#2652,#2653,#2654,#2655,#2656,#2657,#2658,#2659,#2660,#2661,#2662,#2663,
#2664,#2665,#2666,#2667,#2668,#2669,#2670));
#520=EDGE_LOOP('',(#2671,#2672,#2673,#2674,#2675,#2676,#2677,#2678,#2679,
#2680,#2681));
#521=EDGE_LOOP('',(#2682,#2683,#2684));
#522=EDGE_LOOP('',(#2685,#2686,#2687,#2688,#2689,#2690,#2691,#2692,#2693,
#2694,#2695,#2696));
#523=EDGE_LOOP('',(#2697,#2698,#2699,#2700,#2701,#2702,#2703,#2704));
#524=EDGE_LOOP('',(#2705,#2706,#2707,#2708,#2709,#2710,#2711,#2712));
#525=EDGE_LOOP('',(#2713,#2714,#2715));
#526=EDGE_LOOP('',(#2716,#2717,#2718,#2719));
#527=EDGE_LOOP('',(#2720,#2721,#2722,#2723,#2724,#2725));
#528=EDGE_LOOP('',(#2726,#2727,#2728,#2729));
#529=EDGE_LOOP('',(#2730,#2731,#2732,#2733,#2734,#2735));
#530=EDGE_LOOP('',(#2736,#2737,#2738,#2739,#2740,#2741));
#531=EDGE_LOOP('',(#2742,#2743,#2744,#2745));
#532=EDGE_LOOP('',(#2746,#2747,#2748,#2749,#2750,#2751,#2752,#2753,#2754,
#2755,#2756,#2757));
#533=EDGE_LOOP('',(#2758,#2759,#2760,#2761));
#534=EDGE_LOOP('',(#2762,#2763));
#535=EDGE_LOOP('',(#2764,#2765,#2766,#2767,#2768,#2769));
#536=EDGE_LOOP('',(#2770,#2771,#2772,#2773));
#537=EDGE_LOOP('',(#2774,#2775));
#538=LINE('',#3953,#792);
#539=LINE('',#3956,#793);
#540=LINE('',#3959,#794);
#541=LINE('',#3961,#795);
#542=LINE('',#3963,#796);
#543=LINE('',#3965,#797);
#544=LINE('',#3967,#798);
#545=LINE('',#3969,#799);
#546=LINE('',#3971,#800);
#547=LINE('',#3975,#801);
#548=LINE('',#3977,#802);
#549=LINE('',#3979,#803);
#550=LINE('',#3981,#804);
#551=LINE('',#3983,#805);
#552=LINE('',#3985,#806);
#553=LINE('',#3986,#807);
#554=LINE('',#3992,#808);
#555=LINE('',#3995,#809);
#556=LINE('',#3997,#810);
#557=LINE('',#3998,#811);
#558=LINE('',#4013,#812);
#559=LINE('',#4014,#813);
#560=LINE('',#4019,#814);
#561=LINE('',#4020,#815);
#562=LINE('',#4025,#816);
#563=LINE('',#4027,#817);
#564=LINE('',#4033,#818);
#565=LINE('',#4038,#819);
#566=LINE('',#4041,#820);
#567=LINE('',#4045,#821);
#568=LINE('',#4047,#822);
#569=LINE('',#4048,#823);
#570=LINE('',#4051,#824);
#571=LINE('',#4053,#825);
#572=LINE('',#4055,#826);
#573=LINE('',#4057,#827);
#574=LINE('',#4059,#828);
#575=LINE('',#4061,#829);
#576=LINE('',#4063,#830);
#577=LINE('',#4065,#831);
#578=LINE('',#4067,#832);
#579=LINE('',#4069,#833);
#580=LINE('',#4071,#834);
#581=LINE('',#4074,#835);
#582=LINE('',#4076,#836);
#583=LINE('',#4080,#837);
#584=LINE('',#4096,#838);
#585=LINE('',#4097,#839);
#586=LINE('',#4100,#840);
#587=LINE('',#4104,#841);
#588=LINE('',#4109,#842);
#589=LINE('',#4111,#843);
#590=LINE('',#4116,#844);
#591=LINE('',#4119,#845);
#592=LINE('',#4122,#846);
#593=LINE('',#4123,#847);
#594=LINE('',#4129,#848);
#595=LINE('',#4131,#849);
#596=LINE('',#4132,#850);
#597=LINE('',#4138,#851);
#598=LINE('',#4139,#852);
#599=LINE('',#4140,#853);
#600=LINE('',#4142,#854);
#601=LINE('',#4145,#855);
#602=LINE('',#4146,#856);
#603=LINE('',#4150,#857);
#604=LINE('',#4152,#858);
#605=LINE('',#4156,#859);
#606=LINE('',#4158,#860);
#607=LINE('',#4165,#861);
#608=LINE('',#4169,#862);
#609=LINE('',#4173,#863);
#610=LINE('',#4175,#864);
#611=LINE('',#4177,#865);
#612=LINE('',#4180,#866);
#613=LINE('',#4183,#867);
#614=LINE('',#4187,#868);
#615=LINE('',#4188,#869);
#616=LINE('',#4191,#870);
#617=LINE('',#4193,#871);
#618=LINE('',#4195,#872);
#619=LINE('',#4197,#873);
#620=LINE('',#4199,#874);
#621=LINE('',#4201,#875);
#622=LINE('',#4203,#876);
#623=LINE('',#4205,#877);
#624=LINE('',#4207,#878);
#625=LINE('',#4208,#879);
#626=LINE('',#4213,#880);
#627=LINE('',#4217,#881);
#628=LINE('',#4221,#882);
#629=LINE('',#4222,#883);
#630=LINE('',#4227,#884);
#631=LINE('',#4234,#885);
#632=LINE('',#4237,#886);
#633=LINE('',#4239,#887);
#634=LINE('',#4240,#888);
#635=LINE('',#4243,#889);
#636=LINE('',#4247,#890);
#637=LINE('',#4251,#891);
#638=LINE('',#4253,#892);
#639=LINE('',#4256,#893);
#640=LINE('',#4258,#894);
#641=LINE('',#4260,#895);
#642=LINE('',#4262,#896);
#643=LINE('',#4264,#897);
#644=LINE('',#4266,#898);
#645=LINE('',#4268,#899);
#646=LINE('',#4270,#900);
#647=LINE('',#4272,#901);
#648=LINE('',#4273,#902);
#649=LINE('',#4277,#903);
#650=LINE('',#4283,#904);
#651=LINE('',#4285,#905);
#652=LINE('',#4286,#906);
#653=LINE('',#4291,#907);
#654=LINE('',#4295,#908);
#655=LINE('',#4297,#909);
#656=LINE('',#4299,#910);
#657=LINE('',#4302,#911);
#658=LINE('',#4304,#912);
#659=LINE('',#4311,#913);
#660=LINE('',#4314,#914);
#661=LINE('',#4320,#915);
#662=LINE('',#4323,#916);
#663=LINE('',#4329,#917);
#664=LINE('',#4331,#918);
#665=LINE('',#4332,#919);
#666=LINE('',#4335,#920);
#667=LINE('',#4339,#921);
#668=LINE('',#4340,#922);
#669=LINE('',#4346,#923);
#670=LINE('',#4349,#924);
#671=LINE('',#4352,#925);
#672=LINE('',#4354,#926);
#673=LINE('',#4355,#927);
#674=LINE('',#4357,#928);
#675=LINE('',#4359,#929);
#676=LINE('',#4361,#930);
#677=LINE('',#4363,#931);
#678=LINE('',#4365,#932);
#679=LINE('',#4367,#933);
#680=LINE('',#4369,#934);
#681=LINE('',#4373,#935);
#682=LINE('',#4374,#936);
#683=LINE('',#4377,#937);
#684=LINE('',#4381,#938);
#685=LINE('',#4385,#939);
#686=LINE('',#4389,#940);
#687=LINE('',#4393,#941);
#688=LINE('',#4394,#942);
#689=LINE('',#4397,#943);
#690=LINE('',#4401,#944);
#691=LINE('',#4403,#945);
#692=LINE('',#4405,#946);
#693=LINE('',#4407,#947);
#694=LINE('',#4409,#948);
#695=LINE('',#4411,#949);
#696=LINE('',#4413,#950);
#697=LINE('',#4415,#951);
#698=LINE('',#4417,#952);
#699=LINE('',#4421,#953);
#700=LINE('',#4423,#954);
#701=LINE('',#4425,#955);
#702=LINE('',#4426,#956);
#703=LINE('',#4429,#957);
#704=LINE('',#4440,#958);
#705=LINE('',#4450,#959);
#706=LINE('',#4451,#960);
#707=LINE('',#4453,#961);
#708=LINE('',#4458,#962);
#709=LINE('',#4464,#963);
#710=LINE('',#4468,#964);
#711=LINE('',#4473,#965);
#712=LINE('',#4475,#966);
#713=LINE('',#4477,#967);
#714=LINE('',#4489,#968);
#715=LINE('',#4491,#969);
#716=LINE('',#4492,#970);
#717=LINE('',#4493,#971);
#718=LINE('',#4496,#972);
#719=LINE('',#4498,#973);
#720=LINE('',#4499,#974);
#721=LINE('',#4501,#975);
#722=LINE('',#4503,#976);
#723=LINE('',#4506,#977);
#724=LINE('',#4508,#978);
#725=LINE('',#4512,#979);
#726=LINE('',#4514,#980);
#727=LINE('',#4516,#981);
#728=LINE('',#4540,#982);
#729=LINE('',#4542,#983);
#730=LINE('',#4544,#984);
#731=LINE('',#4562,#985);
#732=LINE('',#4595,#986);
#733=LINE('',#4607,#987);
#734=LINE('',#4609,#988);
#735=LINE('',#4611,#989);
#736=LINE('',#4631,#990);
#737=LINE('',#4642,#991);
#738=LINE('',#4644,#992);
#739=LINE('',#4646,#993);
#740=LINE('',#4666,#994);
#741=LINE('',#4723,#995);
#742=LINE('',#4725,#996);
#743=LINE('',#4727,#997);
#744=LINE('',#4763,#998);
#745=LINE('',#4799,#999);
#746=LINE('',#4801,#1000);
#747=LINE('',#4803,#1001);
#748=LINE('',#4805,#1002);
#749=LINE('',#4842,#1003);
#750=LINE('',#4853,#1004);
#751=LINE('',#4855,#1005);
#752=LINE('',#4857,#1006);
#753=LINE('',#4859,#1007);
#754=LINE('',#4861,#1008);
#755=LINE('',#4876,#1009);
#756=LINE('',#5072,#1010);
#757=LINE('',#5169,#1011);
#758=LINE('',#5216,#1012);
#759=LINE('',#5244,#1013);
#760=LINE('',#5246,#1014);
#761=LINE('',#5248,#1015);
#762=LINE('',#5249,#1016);
#763=LINE('',#5252,#1017);
#764=LINE('',#5254,#1018);
#765=LINE('',#5256,#1019);
#766=LINE('',#5258,#1020);
#767=LINE('',#5260,#1021);
#768=LINE('',#5262,#1022);
#769=LINE('',#5264,#1023);
#770=LINE('',#5266,#1024);
#771=LINE('',#5268,#1025);
#772=LINE('',#5270,#1026);
#773=LINE('',#5271,#1027);
#774=LINE('',#5280,#1028);
#775=LINE('',#5285,#1029);
#776=LINE('',#5290,#1030);
#777=LINE('',#5298,#1031);
#778=LINE('',#5300,#1032);
#779=LINE('',#5301,#1033);
#780=LINE('',#5310,#1034);
#781=LINE('',#5315,#1035);
#782=LINE('',#5322,#1036);
#783=LINE('',#5328,#1037);
#784=LINE('',#5332,#1038);
#785=LINE('',#5334,#1039);
#786=LINE('',#5335,#1040);
#787=LINE('',#5338,#1041);
#788=LINE('',#5339,#1042);
#789=LINE('',#5343,#1043);
#790=LINE('',#5344,#1044);
#791=LINE('',#5348,#1045);
#792=VECTOR('',#3224,10.);
#793=VECTOR('',#3227,10.);
#794=VECTOR('',#3230,10.);
#795=VECTOR('',#3231,10.);
#796=VECTOR('',#3232,10.);
#797=VECTOR('',#3233,10.);
#798=VECTOR('',#3234,10.);
#799=VECTOR('',#3235,10.);
#800=VECTOR('',#3236,10.);
#801=VECTOR('',#3239,10.);
#802=VECTOR('',#3240,10.);
#803=VECTOR('',#3241,10.);
#804=VECTOR('',#3242,10.);
#805=VECTOR('',#3243,10.);
#806=VECTOR('',#3244,10.);
#807=VECTOR('',#3245,10.);
#808=VECTOR('',#3252,10.);
#809=VECTOR('',#3255,10.);
#810=VECTOR('',#3256,10.);
#811=VECTOR('',#3257,10.);
#812=VECTOR('',#3276,10.);
#813=VECTOR('',#3277,10.);
#814=VECTOR('',#3282,10.);
#815=VECTOR('',#3283,10.);
#816=VECTOR('',#3288,10.);
#817=VECTOR('',#3289,10.);
#818=VECTOR('',#3296,10.);
#819=VECTOR('',#3303,10.);
#820=VECTOR('',#3306,10.);
#821=VECTOR('',#3309,10.);
#822=VECTOR('',#3310,10.);
#823=VECTOR('',#3311,10.);
#824=VECTOR('',#3314,10.);
#825=VECTOR('',#3315,10.);
#826=VECTOR('',#3316,10.);
#827=VECTOR('',#3317,10.);
#828=VECTOR('',#3318,10.);
#829=VECTOR('',#3319,10.);
#830=VECTOR('',#3320,10.);
#831=VECTOR('',#3321,10.);
#832=VECTOR('',#3322,10.);
#833=VECTOR('',#3323,10.);
#834=VECTOR('',#3324,10.);
#835=VECTOR('',#3327,10.);
#836=VECTOR('',#3330,10.);
#837=VECTOR('',#3333,10.);
#838=VECTOR('',#3356,10.);
#839=VECTOR('',#3357,10.);
#840=VECTOR('',#3360,10.);
#841=VECTOR('',#3365,10.);
#842=VECTOR('',#3372,10.);
#843=VECTOR('',#3375,10.);
#844=VECTOR('',#3380,10.);
#845=VECTOR('',#3385,10.);
#846=VECTOR('',#3388,10.);
#847=VECTOR('',#3389,10.);
#848=VECTOR('',#3396,10.);
#849=VECTOR('',#3399,10.);
#850=VECTOR('',#3400,10.);
#851=VECTOR('',#3409,10.);
#852=VECTOR('',#3410,10.);
#853=VECTOR('',#3411,10.);
#854=VECTOR('',#3414,10.);
#855=VECTOR('',#3419,10.);
#856=VECTOR('',#3420,10.);
#857=VECTOR('',#3427,10.);
#858=VECTOR('',#3430,10.);
#859=VECTOR('',#3437,10.);
#860=VECTOR('',#3440,10.);
#861=VECTOR('',#3447,10.);
#862=VECTOR('',#3450,10.);
#863=VECTOR('',#3455,10.);
#864=VECTOR('',#3456,10.);
#865=VECTOR('',#3457,10.);
#866=VECTOR('',#3460,10.);
#867=VECTOR('',#3463,10.);
#868=VECTOR('',#3466,10.);
#869=VECTOR('',#3467,10.);
#870=VECTOR('',#3470,10.);
#871=VECTOR('',#3471,10.);
#872=VECTOR('',#3472,10.);
#873=VECTOR('',#3473,10.);
#874=VECTOR('',#3474,10.);
#875=VECTOR('',#3475,10.);
#876=VECTOR('',#3476,10.);
#877=VECTOR('',#3477,10.);
#878=VECTOR('',#3478,10.);
#879=VECTOR('',#3479,10.);
#880=VECTOR('',#3484,10.);
#881=VECTOR('',#3489,10.);
#882=VECTOR('',#3492,10.);
#883=VECTOR('',#3493,10.);
#884=VECTOR('',#3498,10.);
#885=VECTOR('',#3507,10.);
#886=VECTOR('',#3510,10.);
#887=VECTOR('',#3511,10.);
#888=VECTOR('',#3512,10.);
#889=VECTOR('',#3515,10.);
#890=VECTOR('',#3518,10.);
#891=VECTOR('',#3523,10.);
#892=VECTOR('',#3526,10.);
#893=VECTOR('',#3529,10.);
#894=VECTOR('',#3530,10.);
#895=VECTOR('',#3531,10.);
#896=VECTOR('',#3532,10.);
#897=VECTOR('',#3533,10.);
#898=VECTOR('',#3534,10.);
#899=VECTOR('',#3535,10.);
#900=VECTOR('',#3536,10.);
#901=VECTOR('',#3537,10.);
#902=VECTOR('',#3538,10.);
#903=VECTOR('',#3543,10.);
#904=VECTOR('',#3550,10.);
#905=VECTOR('',#3553,10.);
#906=VECTOR('',#3554,10.);
#907=VECTOR('',#3563,10.);
#908=VECTOR('',#3570,10.);
#909=VECTOR('',#3573,10.);
#910=VECTOR('',#3576,10.);
#911=VECTOR('',#3581,10.);
#912=VECTOR('',#3584,10.);
#913=VECTOR('',#3591,10.);
#914=VECTOR('',#3594,10.);
#915=VECTOR('',#3599,10.);
#916=VECTOR('',#3602,10.);
#917=VECTOR('',#3611,10.);
#918=VECTOR('',#3612,10.);
#919=VECTOR('',#3613,10.);
#920=VECTOR('',#3616,10.);
#921=VECTOR('',#3621,10.);
#922=VECTOR('',#3622,10.);
#923=VECTOR('',#3627,10.);
#924=VECTOR('',#3630,10.);
#925=VECTOR('',#3633,10.);
#926=VECTOR('',#3634,10.);
#927=VECTOR('',#3635,10.);
#928=VECTOR('',#3636,10.);
#929=VECTOR('',#3637,10.);
#930=VECTOR('',#3638,10.);
#931=VECTOR('',#3639,10.);
#932=VECTOR('',#3640,10.);
#933=VECTOR('',#3641,10.);
#934=VECTOR('',#3642,10.);
#935=VECTOR('',#3645,10.);
#936=VECTOR('',#3646,10.);
#937=VECTOR('',#3649,10.);
#938=VECTOR('',#3652,10.);
#939=VECTOR('',#3655,10.);
#940=VECTOR('',#3660,10.);
#941=VECTOR('',#3665,10.);
#942=VECTOR('',#3666,10.);
#943=VECTOR('',#3669,10.);
#944=VECTOR('',#3674,10.);
#945=VECTOR('',#3675,10.);
#946=VECTOR('',#3676,10.);
#947=VECTOR('',#3677,10.);
#948=VECTOR('',#3678,10.);
#949=VECTOR('',#3679,10.);
#950=VECTOR('',#3680,10.);
#951=VECTOR('',#3681,10.);
#952=VECTOR('',#3682,10.);
#953=VECTOR('',#3685,10.);
#954=VECTOR('',#3686,10.);
#955=VECTOR('',#3687,10.);
#956=VECTOR('',#3688,10.);
#957=VECTOR('',#3691,10.);
#958=VECTOR('',#3704,10.);
#959=VECTOR('',#3719,10.);
#960=VECTOR('',#3720,10.);
#961=VECTOR('',#3723,10.);
#962=VECTOR('',#3728,10.);
#963=VECTOR('',#3735,10.);
#964=VECTOR('',#3740,10.);
#965=VECTOR('',#3747,10.);
#966=VECTOR('',#3750,10.);
#967=VECTOR('',#3753,10.);
#968=VECTOR('',#3772,10.);
#969=VECTOR('',#3773,10.);
#970=VECTOR('',#3774,10.);
#971=VECTOR('',#3775,10.);
#972=VECTOR('',#3778,10.);
#973=VECTOR('',#3779,10.);
#974=VECTOR('',#3780,10.);
#975=VECTOR('',#3783,10.);
#976=VECTOR('',#3786,10.);
#977=VECTOR('',#3791,10.);
#978=VECTOR('',#3794,10.);
#979=VECTOR('',#3801,10.);
#980=VECTOR('',#3804,10.);
#981=VECTOR('',#3807,10.);
#982=VECTOR('',#3814,10.);
#983=VECTOR('',#3815,10.);
#984=VECTOR('',#3816,10.);
#985=VECTOR('',#3817,10.);
#986=VECTOR('',#3818,10.);
#987=VECTOR('',#3819,10.);
#988=VECTOR('',#3820,10.);
#989=VECTOR('',#3821,10.);
#990=VECTOR('',#3822,10.);
#991=VECTOR('',#3823,10.);
#992=VECTOR('',#3824,10.);
#993=VECTOR('',#3825,10.);
#994=VECTOR('',#3826,10.);
#995=VECTOR('',#3829,10.);
#996=VECTOR('',#3830,10.);
#997=VECTOR('',#3831,10.);
#998=VECTOR('',#3832,10.);
#999=VECTOR('',#3833,10.);
#1000=VECTOR('',#3834,10.);
#1001=VECTOR('',#3835,10.);
#1002=VECTOR('',#3836,10.);
#1003=VECTOR('',#3837,10.);
#1004=VECTOR('',#3840,10.);
#1005=VECTOR('',#3841,10.);
#1006=VECTOR('',#3842,10.);
#1007=VECTOR('',#3843,10.);
#1008=VECTOR('',#3844,10.);
#1009=VECTOR('',#3845,10.);
#1010=VECTOR('',#3848,10.);
#1011=VECTOR('',#3849,10.);
#1012=VECTOR('',#3850,10.);
#1013=VECTOR('',#3853,10.);
#1014=VECTOR('',#3854,10.);
#1015=VECTOR('',#3855,10.);
#1016=VECTOR('',#3856,10.);
#1017=VECTOR('',#3857,10.);
#1018=VECTOR('',#3858,10.);
#1019=VECTOR('',#3859,10.);
#1020=VECTOR('',#3860,10.);
#1021=VECTOR('',#3861,10.);
#1022=VECTOR('',#3862,10.);
#1023=VECTOR('',#3863,10.);
#1024=VECTOR('',#3864,10.);
#1025=VECTOR('',#3865,10.);
#1026=VECTOR('',#3866,10.);
#1027=VECTOR('',#3867,10.);
#1028=VECTOR('',#3868,10.);
#1029=VECTOR('',#3869,10.);
#1030=VECTOR('',#3870,10.);
#1031=VECTOR('',#3873,10.);
#1032=VECTOR('',#3874,10.);
#1033=VECTOR('',#3875,10.);
#1034=VECTOR('',#3888,10.);
#1035=VECTOR('',#3893,10.);
#1036=VECTOR('',#3902,10.);
#1037=VECTOR('',#3909,10.);
#1038=VECTOR('',#3914,10.);
#1039=VECTOR('',#3915,10.);
#1040=VECTOR('',#3916,10.);
#1041=VECTOR('',#3919,10.);
#1042=VECTOR('',#3920,10.);
#1043=VECTOR('',#3925,10.);
#1044=VECTOR('',#3926,10.);
#1045=VECTOR('',#3933,10.);
#1046=CIRCLE('',#2981,0.127);
#1047=CIRCLE('',#2982,0.127);
#1048=CIRCLE('',#2984,0.254);
#1049=CIRCLE('',#2986,0.127);
#1050=CIRCLE('',#2987,0.127);
#1051=CIRCLE('',#2990,0.127);
#1052=CIRCLE('',#2991,0.126999999999999);
#1053=CIRCLE('',#2992,0.127);
#1054=CIRCLE('',#2994,0.127);
#1055=CIRCLE('',#2995,0.127);
#1056=CIRCLE('',#2996,0.127);
#1057=CIRCLE('',#3011,0.253999999999999);
#1058=CIRCLE('',#3014,0.127);
#1059=CIRCLE('',#3017,0.127);
#1060=CIRCLE('',#3018,0.127);
#1061=CIRCLE('',#3019,0.127);
#1062=CIRCLE('',#3021,0.127);
#1063=CIRCLE('',#3022,0.127);
#1064=CIRCLE('',#3023,0.127);
#1065=CIRCLE('',#3030,0.127);
#1066=CIRCLE('',#3038,0.127);
#1067=CIRCLE('',#3039,0.127);
#1068=CIRCLE('',#3042,0.127);
#1069=CIRCLE('',#3043,0.127);
#1070=CIRCLE('',#3059,0.127);
#1071=CIRCLE('',#3067,0.127);
#1072=CIRCLE('',#3072,0.127);
#1073=CIRCLE('',#3073,0.127);
#1074=CIRCLE('',#3075,0.127);
#1075=CIRCLE('',#3076,0.127);
#1076=CIRCLE('',#3079,0.127);
#1077=CIRCLE('',#3085,0.127);
#1078=CIRCLE('',#3087,0.127);
#1079=CIRCLE('',#3088,0.127);
#1080=CIRCLE('',#3091,0.127);
#1081=CIRCLE('',#3092,0.127);
#1082=CIRCLE('',#3104,0.127);
#1083=CIRCLE('',#3108,0.127);
#1084=CIRCLE('',#3111,0.127);
#1085=CIRCLE('',#3114,0.127);
#1086=CIRCLE('',#3117,0.127);
#1087=CIRCLE('',#3118,0.127);
#1088=CIRCLE('',#3120,0.254);
#1089=CIRCLE('',#3122,0.127);
#1090=CIRCLE('',#3123,0.127);
#1091=CIRCLE('',#3124,0.127);
#1092=CIRCLE('',#3126,0.127);
#1093=CIRCLE('',#3129,0.127);
#1094=CIRCLE('',#3131,0.254);
#1095=CIRCLE('',#3133,0.127);
#1096=CIRCLE('',#3135,0.127);
#1097=CIRCLE('',#3136,0.127);
#1098=CIRCLE('',#3137,0.127);
#1099=CIRCLE('',#3139,0.127);
#1100=CIRCLE('',#3142,0.127);
#1101=CIRCLE('',#3143,0.127);
#1102=CIRCLE('',#3144,0.127);
#1103=CIRCLE('',#3156,0.127);
#1104=CIRCLE('',#3160,0.127);
#1105=CIRCLE('',#3161,0.127);
#1106=CIRCLE('',#3208,2.31646588773729);
#1107=CIRCLE('',#3211,2.31646588773729);
#1108=VERTEX_POINT('',#3949);
#1109=VERTEX_POINT('',#3950);
#1110=VERTEX_POINT('',#3952);
#1111=VERTEX_POINT('',#3954);
#1112=VERTEX_POINT('',#3958);
#1113=VERTEX_POINT('',#3960);
#1114=VERTEX_POINT('',#3962);
#1115=VERTEX_POINT('',#3964);
#1116=VERTEX_POINT('',#3966);
#1117=VERTEX_POINT('',#3968);
#1118=VERTEX_POINT('',#3970);
#1119=VERTEX_POINT('',#3972);
#1120=VERTEX_POINT('',#3974);
#1121=VERTEX_POINT('',#3976);
#1122=VERTEX_POINT('',#3978);
#1123=VERTEX_POINT('',#3980);
#1124=VERTEX_POINT('',#3982);
#1125=VERTEX_POINT('',#3984);
#1126=VERTEX_POINT('',#3988);
#1127=VERTEX_POINT('',#3990);
#1128=VERTEX_POINT('',#3994);
#1129=VERTEX_POINT('',#3996);
#1130=VERTEX_POINT('',#4000);
#1131=VERTEX_POINT('',#4002);
#1132=VERTEX_POINT('',#4006);
#1133=VERTEX_POINT('',#4007);
#1134=VERTEX_POINT('',#4009);
#1135=VERTEX_POINT('',#4016);
#1136=VERTEX_POINT('',#4017);
#1137=VERTEX_POINT('',#4022);
#1138=VERTEX_POINT('',#4023);
#1139=VERTEX_POINT('',#4026);
#1140=VERTEX_POINT('',#4030);
#1141=VERTEX_POINT('',#4032);
#1142=VERTEX_POINT('',#4036);
#1143=VERTEX_POINT('',#4040);
#1144=VERTEX_POINT('',#4042);
#1145=VERTEX_POINT('',#4044);
#1146=VERTEX_POINT('',#4046);
#1147=VERTEX_POINT('',#4050);
#1148=VERTEX_POINT('',#4052);
#1149=VERTEX_POINT('',#4054);
#1150=VERTEX_POINT('',#4056);
#1151=VERTEX_POINT('',#4058);
#1152=VERTEX_POINT('',#4060);
#1153=VERTEX_POINT('',#4062);
#1154=VERTEX_POINT('',#4064);
#1155=VERTEX_POINT('',#4066);
#1156=VERTEX_POINT('',#4068);
#1157=VERTEX_POINT('',#4070);
#1158=VERTEX_POINT('',#4072);
#1159=VERTEX_POINT('',#4078);
#1160=VERTEX_POINT('',#4079);
#1161=VERTEX_POINT('',#4084);
#1162=VERTEX_POINT('',#4086);
#1163=VERTEX_POINT('',#4090);
#1164=VERTEX_POINT('',#4092);
#1165=VERTEX_POINT('',#4099);
#1166=VERTEX_POINT('',#4103);
#1167=VERTEX_POINT('',#4107);
#1168=VERTEX_POINT('',#4113);
#1169=VERTEX_POINT('',#4114);
#1170=VERTEX_POINT('',#4121);
#1171=VERTEX_POINT('',#4125);
#1172=VERTEX_POINT('',#4127);
#1173=VERTEX_POINT('',#4137);
#1174=VERTEX_POINT('',#4161);
#1175=VERTEX_POINT('',#4162);
#1176=VERTEX_POINT('',#4164);
#1177=VERTEX_POINT('',#4166);
#1178=VERTEX_POINT('',#4168);
#1179=VERTEX_POINT('',#4172);
#1180=VERTEX_POINT('',#4174);
#1181=VERTEX_POINT('',#4176);
#1182=VERTEX_POINT('',#4178);
#1183=VERTEX_POINT('',#4182);
#1184=VERTEX_POINT('',#4184);
#1185=VERTEX_POINT('',#4186);
#1186=VERTEX_POINT('',#4190);
#1187=VERTEX_POINT('',#4192);
#1188=VERTEX_POINT('',#4194);
#1189=VERTEX_POINT('',#4196);
#1190=VERTEX_POINT('',#4198);
#1191=VERTEX_POINT('',#4200);
#1192=VERTEX_POINT('',#4202);
#1193=VERTEX_POINT('',#4204);
#1194=VERTEX_POINT('',#4206);
#1195=VERTEX_POINT('',#4210);
#1196=VERTEX_POINT('',#4212);
#1197=VERTEX_POINT('',#4216);
#1198=VERTEX_POINT('',#4218);
#1199=VERTEX_POINT('',#4220);
#1200=VERTEX_POINT('',#4224);
#1201=VERTEX_POINT('',#4226);
#1202=VERTEX_POINT('',#4230);
#1203=VERTEX_POINT('',#4232);
#1204=VERTEX_POINT('',#4236);
#1205=VERTEX_POINT('',#4238);
#1206=VERTEX_POINT('',#4242);
#1207=VERTEX_POINT('',#4244);
#1208=VERTEX_POINT('',#4246);
#1209=VERTEX_POINT('',#4250);
#1210=VERTEX_POINT('',#4255);
#1211=VERTEX_POINT('',#4257);
#1212=VERTEX_POINT('',#4259);
#1213=VERTEX_POINT('',#4261);
#1214=VERTEX_POINT('',#4263);
#1215=VERTEX_POINT('',#4265);
#1216=VERTEX_POINT('',#4267);
#1217=VERTEX_POINT('',#4269);
#1218=VERTEX_POINT('',#4271);
#1219=VERTEX_POINT('',#4275);
#1220=VERTEX_POINT('',#4279);
#1221=VERTEX_POINT('',#4281);
#1222=VERTEX_POINT('',#4307);
#1223=VERTEX_POINT('',#4308);
#1224=VERTEX_POINT('',#4310);
#1225=VERTEX_POINT('',#4312);
#1226=VERTEX_POINT('',#4316);
#1227=VERTEX_POINT('',#4317);
#1228=VERTEX_POINT('',#4319);
#1229=VERTEX_POINT('',#4322);
#1230=VERTEX_POINT('',#4328);
#1231=VERTEX_POINT('',#4330);
#1232=VERTEX_POINT('',#4334);
#1233=VERTEX_POINT('',#4338);
#1234=VERTEX_POINT('',#4342);
#1235=VERTEX_POINT('',#4343);
#1236=VERTEX_POINT('',#4345);
#1237=VERTEX_POINT('',#4347);
#1238=VERTEX_POINT('',#4351);
#1239=VERTEX_POINT('',#4353);
#1240=VERTEX_POINT('',#4356);
#1241=VERTEX_POINT('',#4358);
#1242=VERTEX_POINT('',#4360);
#1243=VERTEX_POINT('',#4362);
#1244=VERTEX_POINT('',#4364);
#1245=VERTEX_POINT('',#4366);
#1246=VERTEX_POINT('',#4368);
#1247=VERTEX_POINT('',#4370);
#1248=VERTEX_POINT('',#4372);
#1249=VERTEX_POINT('',#4376);
#1250=VERTEX_POINT('',#4378);
#1251=VERTEX_POINT('',#4380);
#1252=VERTEX_POINT('',#4382);
#1253=VERTEX_POINT('',#4384);
#1254=VERTEX_POINT('',#4388);
#1255=VERTEX_POINT('',#4392);
#1256=VERTEX_POINT('',#4396);
#1257=VERTEX_POINT('',#4400);
#1258=VERTEX_POINT('',#4402);
#1259=VERTEX_POINT('',#4404);
#1260=VERTEX_POINT('',#4406);
#1261=VERTEX_POINT('',#4408);
#1262=VERTEX_POINT('',#4410);
#1263=VERTEX_POINT('',#4412);
#1264=VERTEX_POINT('',#4414);
#1265=VERTEX_POINT('',#4416);
#1266=VERTEX_POINT('',#4418);
#1267=VERTEX_POINT('',#4420);
#1268=VERTEX_POINT('',#4422);
#1269=VERTEX_POINT('',#4424);
#1270=VERTEX_POINT('',#4428);
#1271=VERTEX_POINT('',#4432);
#1272=VERTEX_POINT('',#4434);
#1273=VERTEX_POINT('',#4438);
#1274=VERTEX_POINT('',#4439);
#1275=VERTEX_POINT('',#4444);
#1276=VERTEX_POINT('',#4446);
#1277=VERTEX_POINT('',#4455);
#1278=VERTEX_POINT('',#4456);
#1279=VERTEX_POINT('',#4461);
#1280=VERTEX_POINT('',#4463);
#1281=VERTEX_POINT('',#4467);
#1282=VERTEX_POINT('',#4471);
#1283=VERTEX_POINT('',#4482);
#1284=VERTEX_POINT('',#4488);
#1285=VERTEX_POINT('',#4490);
#1286=VERTEX_POINT('',#4495);
#1287=VERTEX_POINT('',#4497);
#1288=VERTEX_POINT('',#4520);
#1289=VERTEX_POINT('',#4521);
#1290=VERTEX_POINT('',#4530);
#1291=VERTEX_POINT('',#4539);
#1292=VERTEX_POINT('',#4541);
#1293=VERTEX_POINT('',#4543);
#1294=VERTEX_POINT('',#4545);
#1295=VERTEX_POINT('',#4552);
#1296=VERTEX_POINT('',#4561);
#1297=VERTEX_POINT('',#4563);
#1298=VERTEX_POINT('',#4572);
#1299=VERTEX_POINT('',#4579);
#1300=VERTEX_POINT('',#4586);
#1301=VERTEX_POINT('',#4596);
#1302=VERTEX_POINT('',#4597);
#1303=VERTEX_POINT('',#4606);
#1304=VERTEX_POINT('',#4608);
#1305=VERTEX_POINT('',#4610);
#1306=VERTEX_POINT('',#4612);
#1307=VERTEX_POINT('',#4621);
#1308=VERTEX_POINT('',#4630);
#1309=VERTEX_POINT('',#4640);
#1310=VERTEX_POINT('',#4641);
#1311=VERTEX_POINT('',#4643);
#1312=VERTEX_POINT('',#4645);
#1313=VERTEX_POINT('',#4647);
#1314=VERTEX_POINT('',#4656);
#1315=VERTEX_POINT('',#4665);
#1316=VERTEX_POINT('',#4667);
#1317=VERTEX_POINT('',#4685);
#1318=VERTEX_POINT('',#4686);
#1319=VERTEX_POINT('',#4695);
#1320=VERTEX_POINT('',#4704);
#1321=VERTEX_POINT('',#4713);
#1322=VERTEX_POINT('',#4722);
#1323=VERTEX_POINT('',#4724);
#1324=VERTEX_POINT('',#4726);
#1325=VERTEX_POINT('',#4728);
#1326=VERTEX_POINT('',#4735);
#1327=VERTEX_POINT('',#4744);
#1328=VERTEX_POINT('',#4753);
#1329=VERTEX_POINT('',#4762);
#1330=VERTEX_POINT('',#4764);
#1331=VERTEX_POINT('',#4771);
#1332=VERTEX_POINT('',#4780);
#1333=VERTEX_POINT('',#4789);
#1334=VERTEX_POINT('',#4798);
#1335=VERTEX_POINT('',#4800);
#1336=VERTEX_POINT('',#4802);
#1337=VERTEX_POINT('',#4804);
#1338=VERTEX_POINT('',#4806);
#1339=VERTEX_POINT('',#4815);
#1340=VERTEX_POINT('',#4824);
#1341=VERTEX_POINT('',#4833);
#1342=VERTEX_POINT('',#4844);
#1343=VERTEX_POINT('',#4845);
#1344=VERTEX_POINT('',#4852);
#1345=VERTEX_POINT('',#4854);
#1346=VERTEX_POINT('',#4856);
#1347=VERTEX_POINT('',#4858);
#1348=VERTEX_POINT('',#4860);
#1349=VERTEX_POINT('',#4862);
#1350=VERTEX_POINT('',#4869);
#1351=VERTEX_POINT('',#4878);
#1352=VERTEX_POINT('',#4879);
#1353=VERTEX_POINT('',#4886);
#1354=VERTEX_POINT('',#4895);
#1355=VERTEX_POINT('',#4904);
#1356=VERTEX_POINT('',#4913);
#1357=VERTEX_POINT('',#4918);
#1358=VERTEX_POINT('',#4923);
#1359=VERTEX_POINT('',#4932);
#1360=VERTEX_POINT('',#4939);
#1361=VERTEX_POINT('',#4946);
#1362=VERTEX_POINT('',#4955);
#1363=VERTEX_POINT('',#4960);
#1364=VERTEX_POINT('',#4965);
#1365=VERTEX_POINT('',#4972);
#1366=VERTEX_POINT('',#4981);
#1367=VERTEX_POINT('',#4990);
#1368=VERTEX_POINT('',#4999);
#1369=VERTEX_POINT('',#5004);
#1370=VERTEX_POINT('',#5009);
#1371=VERTEX_POINT('',#5018);
#1372=VERTEX_POINT('',#5025);
#1373=VERTEX_POINT('',#5032);
#1374=VERTEX_POINT('',#5041);
#1375=VERTEX_POINT('',#5050);
#1376=VERTEX_POINT('',#5051);
#1377=VERTEX_POINT('',#5060);
#1378=VERTEX_POINT('',#5067);
#1379=VERTEX_POINT('',#5073);
#1380=VERTEX_POINT('',#5082);
#1381=VERTEX_POINT('',#5089);
#1382=VERTEX_POINT('',#5098);
#1383=VERTEX_POINT('',#5107);
#1384=VERTEX_POINT('',#5114);
#1385=VERTEX_POINT('',#5123);
#1386=VERTEX_POINT('',#5132);
#1387=VERTEX_POINT('',#5147);
#1388=VERTEX_POINT('',#5148);
#1389=VERTEX_POINT('',#5157);
#1390=VERTEX_POINT('',#5164);
#1391=VERTEX_POINT('',#5170);
#1392=VERTEX_POINT('',#5179);
#1393=VERTEX_POINT('',#5186);
#1394=VERTEX_POINT('',#5195);
#1395=VERTEX_POINT('',#5204);
#1396=VERTEX_POINT('',#5211);
#1397=VERTEX_POINT('',#5217);
#1398=VERTEX_POINT('',#5226);
#1399=VERTEX_POINT('',#5242);
#1400=VERTEX_POINT('',#5243);
#1401=VERTEX_POINT('',#5245);
#1402=VERTEX_POINT('',#5247);
#1403=VERTEX_POINT('',#5250);
#1404=VERTEX_POINT('',#5251);
#1405=VERTEX_POINT('',#5253);
#1406=VERTEX_POINT('',#5255);
#1407=VERTEX_POINT('',#5257);
#1408=VERTEX_POINT('',#5259);
#1409=VERTEX_POINT('',#5261);
#1410=VERTEX_POINT('',#5263);
#1411=VERTEX_POINT('',#5265);
#1412=VERTEX_POINT('',#5267);
#1413=VERTEX_POINT('',#5269);
#1414=VERTEX_POINT('',#5296);
#1415=VERTEX_POINT('',#5297);
#1416=VERTEX_POINT('',#5299);
#1417=VERTEX_POINT('',#5307);
#1418=VERTEX_POINT('',#5309);
#1419=VERTEX_POINT('',#5313);
#1420=VERTEX_POINT('',#5314);
#1421=VERTEX_POINT('',#5316);
#1422=VERTEX_POINT('',#5321);
#1423=VERTEX_POINT('',#5325);
#1424=VERTEX_POINT('',#5327);
#1425=VERTEX_POINT('',#5331);
#1426=VERTEX_POINT('',#5333);
#1427=VERTEX_POINT('',#5337);
#1428=VERTEX_POINT('',#5342);
#1429=EDGE_CURVE('',#1108,#1109,#1046,.T.);
#1430=EDGE_CURVE('',#1109,#1110,#538,.T.);
#1431=EDGE_CURVE('',#1110,#1111,#1047,.F.);
#1432=EDGE_CURVE('',#1111,#1108,#539,.T.);
#1433=EDGE_CURVE('',#1111,#1112,#540,.T.);
#1434=EDGE_CURVE('',#1112,#1113,#541,.T.);
#1435=EDGE_CURVE('',#1113,#1114,#542,.T.);
#1436=EDGE_CURVE('',#1115,#1114,#543,.T.);
#1437=EDGE_CURVE('',#1116,#1115,#544,.T.);
#1438=EDGE_CURVE('',#1117,#1116,#545,.T.);
#1439=EDGE_CURVE('',#1118,#1117,#546,.T.);
#1440=EDGE_CURVE('',#1119,#1118,#1048,.T.);
#1441=EDGE_CURVE('',#1120,#1119,#547,.T.);
#1442=EDGE_CURVE('',#1121,#1120,#548,.T.);
#1443=EDGE_CURVE('',#1121,#1122,#549,.T.);
#1444=EDGE_CURVE('',#1122,#1123,#550,.T.);
#1445=EDGE_CURVE('',#1123,#1124,#551,.T.);
#1446=EDGE_CURVE('',#1125,#1124,#552,.T.);
#1447=EDGE_CURVE('',#1125,#1108,#553,.T.);
#1448=EDGE_CURVE('',#1126,#1125,#1049,.T.);
#1449=EDGE_CURVE('',#1124,#1127,#1050,.F.);
#1450=EDGE_CURVE('',#1127,#1126,#554,.T.);
#1451=EDGE_CURVE('',#1127,#1128,#555,.T.);
#1452=EDGE_CURVE('',#1129,#1128,#556,.T.);
#1453=EDGE_CURVE('',#1126,#1129,#557,.T.);
#1454=EDGE_CURVE('',#1130,#1115,#1051,.F.);
#1455=EDGE_CURVE('',#1131,#1130,#1052,.F.);
#1456=EDGE_CURVE('',#1115,#1131,#1053,.F.);
#1457=EDGE_CURVE('',#1132,#1133,#1054,.F.);
#1458=EDGE_CURVE('',#1134,#1132,#1055,.F.);
#1459=EDGE_CURVE('',#1133,#1134,#1056,.F.);
#1460=EDGE_CURVE('',#1132,#1131,#558,.T.);
#1461=EDGE_CURVE('',#1130,#1134,#559,.T.);
#1462=EDGE_CURVE('',#1135,#1136,#147,.F.);
#1463=EDGE_CURVE('',#1136,#1133,#560,.T.);
#1464=EDGE_CURVE('',#1134,#1135,#561,.T.);
#1465=EDGE_CURVE('',#1137,#1138,#148,.T.);
#1466=EDGE_CURVE('',#1138,#1132,#562,.T.);
#1467=EDGE_CURVE('',#1133,#1139,#563,.T.);
#1468=EDGE_CURVE('',#1139,#1137,#149,.T.);
#1469=EDGE_CURVE('',#1140,#1116,#150,.T.);
#1470=EDGE_CURVE('',#1131,#1141,#564,.T.);
#1471=EDGE_CURVE('',#1141,#1140,#151,.T.);
#1472=EDGE_CURVE('',#1114,#1142,#152,.F.);
#1473=EDGE_CURVE('',#1142,#1130,#565,.T.);
#1474=EDGE_CURVE('',#1139,#1143,#566,.T.);
#1475=EDGE_CURVE('',#1144,#1143,#153,.T.);
#1476=EDGE_CURVE('',#1145,#1144,#567,.T.);
#1477=EDGE_CURVE('',#1145,#1146,#568,.T.);
#1478=EDGE_CURVE('',#1137,#1146,#569,.T.);
#1479=EDGE_CURVE('',#1136,#1147,#570,.T.);
#1480=EDGE_CURVE('',#1147,#1148,#571,.T.);
#1481=EDGE_CURVE('',#1148,#1149,#572,.T.);
#1482=EDGE_CURVE('',#1150,#1149,#573,.T.);
#1483=EDGE_CURVE('',#1150,#1151,#574,.T.);
#1484=EDGE_CURVE('',#1152,#1151,#575,.T.);
#1485=EDGE_CURVE('',#1152,#1153,#576,.T.);
#1486=EDGE_CURVE('',#1153,#1154,#577,.T.);
#1487=EDGE_CURVE('',#1154,#1155,#578,.T.);
#1488=EDGE_CURVE('',#1156,#1155,#579,.T.);
#1489=EDGE_CURVE('',#1157,#1156,#580,.T.);
#1490=EDGE_CURVE('',#1158,#1157,#1057,.T.);
#1491=EDGE_CURVE('',#1143,#1158,#581,.T.);
#1492=EDGE_CURVE('',#1142,#1135,#582,.T.);
#1493=EDGE_CURVE('',#1159,#1160,#583,.T.);
#1494=EDGE_CURVE('',#1160,#1121,#1058,.F.);
#1495=EDGE_CURVE('',#1120,#1159,#154,.T.);
#1496=EDGE_CURVE('',#1161,#1118,#1059,.T.);
#1497=EDGE_CURVE('',#1162,#1161,#1060,.F.);
#1498=EDGE_CURVE('',#1119,#1162,#1061,.T.);
#1499=EDGE_CURVE('',#1163,#1157,#1062,.T.);
#1500=EDGE_CURVE('',#1164,#1163,#1063,.F.);
#1501=EDGE_CURVE('',#1158,#1164,#1064,.T.);
#1502=EDGE_CURVE('',#1163,#1162,#584,.T.);
#1503=EDGE_CURVE('',#1161,#1164,#585,.T.);
#1504=EDGE_CURVE('',#1164,#1165,#586,.T.);
#1505=EDGE_CURVE('',#1165,#1144,#155,.T.);
#1506=EDGE_CURVE('',#1166,#1163,#587,.T.);
#1507=EDGE_CURVE('',#1156,#1166,#156,.T.);
#1508=EDGE_CURVE('',#1155,#1167,#1065,.F.);
#1509=EDGE_CURVE('',#1167,#1166,#588,.T.);
#1510=EDGE_CURVE('',#1162,#1159,#589,.T.);
#1511=EDGE_CURVE('',#1168,#1169,#157,.T.);
#1512=EDGE_CURVE('',#1169,#1161,#590,.T.);
#1513=EDGE_CURVE('',#1117,#1168,#158,.T.);
#1514=EDGE_CURVE('',#1165,#1169,#591,.T.);
#1515=EDGE_CURVE('',#1168,#1170,#592,.T.);
#1516=EDGE_CURVE('',#1170,#1145,#593,.T.);
#1517=EDGE_CURVE('',#1171,#1150,#1066,.T.);
#1518=EDGE_CURVE('',#1149,#1172,#1067,.F.);
#1519=EDGE_CURVE('',#1172,#1171,#594,.T.);
#1520=EDGE_CURVE('',#1109,#1171,#595,.T.);
#1521=EDGE_CURVE('',#1110,#1172,#596,.T.);
#1522=EDGE_CURVE('',#1151,#1129,#1068,.T.);
#1523=EDGE_CURVE('',#1128,#1152,#1069,.F.);
#1524=EDGE_CURVE('',#1146,#1173,#597,.T.);
#1525=EDGE_CURVE('',#1173,#1140,#598,.T.);
#1526=EDGE_CURVE('',#1141,#1138,#599,.T.);
#1527=EDGE_CURVE('',#1173,#1170,#600,.T.);
#1528=EDGE_CURVE('',#1154,#1122,#601,.T.);
#1529=EDGE_CURVE('',#1123,#1153,#602,.T.);
#1530=EDGE_CURVE('',#1112,#1148,#603,.T.);
#1531=EDGE_CURVE('',#1113,#1147,#604,.T.);
#1532=EDGE_CURVE('',#1159,#1166,#605,.T.);
#1533=EDGE_CURVE('',#1160,#1167,#606,.T.);
#1534=EDGE_CURVE('',#1174,#1175,#159,.T.);
#1535=EDGE_CURVE('',#1175,#1176,#607,.T.);
#1536=EDGE_CURVE('',#1176,#1177,#1070,.F.);
#1537=EDGE_CURVE('',#1177,#1178,#608,.T.);
#1538=EDGE_CURVE('',#1178,#1174,#160,.T.);
#1539=EDGE_CURVE('',#1174,#1179,#609,.T.);
#1540=EDGE_CURVE('',#1179,#1180,#610,.T.);
#1541=EDGE_CURVE('',#1180,#1181,#611,.T.);
#1542=EDGE_CURVE('',#1182,#1181,#161,.T.);
#1543=EDGE_CURVE('',#1182,#1175,#612,.T.);
#1544=EDGE_CURVE('',#1178,#1183,#613,.T.);
#1545=EDGE_CURVE('',#1184,#1183,#162,.T.);
#1546=EDGE_CURVE('',#1185,#1184,#614,.T.);
#1547=EDGE_CURVE('',#1185,#1179,#615,.T.);
#1548=EDGE_CURVE('',#1177,#1186,#616,.T.);
#1549=EDGE_CURVE('',#1186,#1187,#617,.T.);
#1550=EDGE_CURVE('',#1187,#1188,#618,.T.);
#1551=EDGE_CURVE('',#1189,#1188,#619,.T.);
#1552=EDGE_CURVE('',#1189,#1190,#620,.T.);
#1553=EDGE_CURVE('',#1191,#1190,#621,.T.);
#1554=EDGE_CURVE('',#1191,#1192,#622,.T.);
#1555=EDGE_CURVE('',#1192,#1193,#623,.T.);
#1556=EDGE_CURVE('',#1193,#1194,#624,.T.);
#1557=EDGE_CURVE('',#1183,#1194,#625,.T.);
#1558=EDGE_CURVE('',#1194,#1195,#1071,.F.);
#1559=EDGE_CURVE('',#1195,#1196,#626,.T.);
#1560=EDGE_CURVE('',#1196,#1184,#163,.T.);
#1561=EDGE_CURVE('',#1196,#1197,#627,.T.);
#1562=EDGE_CURVE('',#1198,#1197,#164,.T.);
#1563=EDGE_CURVE('',#1198,#1199,#628,.T.);
#1564=EDGE_CURVE('',#1199,#1185,#629,.T.);
#1565=EDGE_CURVE('',#1190,#1200,#1072,.T.);
#1566=EDGE_CURVE('',#1200,#1201,#630,.T.);
#1567=EDGE_CURVE('',#1201,#1191,#1073,.F.);
#1568=EDGE_CURVE('',#1202,#1189,#1074,.T.);
#1569=EDGE_CURVE('',#1188,#1203,#1075,.F.);
#1570=EDGE_CURVE('',#1203,#1202,#631,.T.);
#1571=EDGE_CURVE('',#1204,#1203,#632,.T.);
#1572=EDGE_CURVE('',#1205,#1204,#633,.T.);
#1573=EDGE_CURVE('',#1202,#1205,#634,.T.);
#1574=EDGE_CURVE('',#1197,#1206,#635,.T.);
#1575=EDGE_CURVE('',#1206,#1207,#1076,.F.);
#1576=EDGE_CURVE('',#1207,#1208,#636,.T.);
#1577=EDGE_CURVE('',#1208,#1198,#165,.T.);
#1578=EDGE_CURVE('',#1208,#1209,#637,.T.);
#1579=EDGE_CURVE('',#1181,#1209,#166,.T.);
#1580=EDGE_CURVE('',#1180,#1199,#638,.T.);
#1581=EDGE_CURVE('',#1207,#1210,#639,.T.);
#1582=EDGE_CURVE('',#1210,#1211,#640,.T.);
#1583=EDGE_CURVE('',#1211,#1212,#641,.T.);
#1584=EDGE_CURVE('',#1213,#1212,#642,.T.);
#1585=EDGE_CURVE('',#1213,#1214,#643,.T.);
#1586=EDGE_CURVE('',#1215,#1214,#644,.T.);
#1587=EDGE_CURVE('',#1215,#1216,#645,.T.);
#1588=EDGE_CURVE('',#1216,#1217,#646,.T.);
#1589=EDGE_CURVE('',#1217,#1218,#647,.T.);
#1590=EDGE_CURVE('',#1209,#1218,#648,.T.);
#1591=EDGE_CURVE('',#1218,#1219,#1077,.F.);
#1592=EDGE_CURVE('',#1219,#1182,#649,.T.);
#1593=EDGE_CURVE('',#1220,#1213,#1078,.T.);
#1594=EDGE_CURVE('',#1212,#1221,#1079,.F.);
#1595=EDGE_CURVE('',#1221,#1220,#650,.T.);
#1596=EDGE_CURVE('',#1200,#1220,#651,.T.);
#1597=EDGE_CURVE('',#1201,#1221,#652,.T.);
#1598=EDGE_CURVE('',#1214,#1205,#1080,.T.);
#1599=EDGE_CURVE('',#1204,#1215,#1081,.F.);
#1600=EDGE_CURVE('',#1176,#1219,#653,.T.);
#1601=EDGE_CURVE('',#1192,#1211,#654,.T.);
#1602=EDGE_CURVE('',#1193,#1210,#655,.T.);
#1603=EDGE_CURVE('',#1195,#1206,#656,.T.);
#1604=EDGE_CURVE('',#1186,#1217,#657,.T.);
#1605=EDGE_CURVE('',#1187,#1216,#658,.T.);
#1606=EDGE_CURVE('',#1222,#1223,#1082,.T.);
#1607=EDGE_CURVE('',#1223,#1224,#659,.T.);
#1608=EDGE_CURVE('',#1224,#1225,#167,.F.);
#1609=EDGE_CURVE('',#1225,#1222,#660,.T.);
#1610=EDGE_CURVE('',#1226,#1227,#168,.T.);
#1611=EDGE_CURVE('',#1227,#1228,#661,.T.);
#1612=EDGE_CURVE('',#1228,#1222,#1083,.T.);
#1613=EDGE_CURVE('',#1222,#1229,#662,.T.);
#1614=EDGE_CURVE('',#1229,#1226,#169,.T.);
#1615=EDGE_CURVE('',#1228,#1223,#1084,.T.);
#1616=EDGE_CURVE('',#1230,#1223,#663,.T.);
#1617=EDGE_CURVE('',#1231,#1230,#664,.T.);
#1618=EDGE_CURVE('',#1224,#1231,#665,.T.);
#1619=EDGE_CURVE('',#1228,#1232,#666,.T.);
#1620=EDGE_CURVE('',#1232,#1230,#1085,.F.);
#1621=EDGE_CURVE('',#1233,#1227,#667,.T.);
#1622=EDGE_CURVE('',#1232,#1233,#668,.T.);
#1623=EDGE_CURVE('',#1234,#1235,#1086,.T.);
#1624=EDGE_CURVE('',#1235,#1236,#669,.T.);
#1625=EDGE_CURVE('',#1236,#1237,#1087,.F.);
#1626=EDGE_CURVE('',#1237,#1234,#670,.T.);
#1627=EDGE_CURVE('',#1225,#1238,#671,.T.);
#1628=EDGE_CURVE('',#1238,#1239,#672,.T.);
#1629=EDGE_CURVE('',#1239,#1236,#673,.T.);
#1630=EDGE_CURVE('',#1235,#1240,#674,.T.);
#1631=EDGE_CURVE('',#1241,#1240,#675,.T.);
#1632=EDGE_CURVE('',#1241,#1242,#676,.T.);
#1633=EDGE_CURVE('',#1242,#1243,#677,.T.);
#1634=EDGE_CURVE('',#1243,#1244,#678,.T.);
#1635=EDGE_CURVE('',#1245,#1244,#679,.T.);
#1636=EDGE_CURVE('',#1246,#1245,#680,.T.);
#1637=EDGE_CURVE('',#1247,#1246,#1088,.T.);
#1638=EDGE_CURVE('',#1248,#1247,#681,.T.);
#1639=EDGE_CURVE('',#1229,#1248,#682,.T.);
#1640=EDGE_CURVE('',#1234,#1249,#683,.T.);
#1641=EDGE_CURVE('',#1250,#1249,#1089,.T.);
#1642=EDGE_CURVE('',#1251,#1250,#684,.T.);
#1643=EDGE_CURVE('',#1252,#1251,#1090,.T.);
#1644=EDGE_CURVE('',#1253,#1252,#685,.T.);
#1645=EDGE_CURVE('',#1240,#1253,#1091,.T.);
#1646=EDGE_CURVE('',#1253,#1254,#686,.T.);
#1647=EDGE_CURVE('',#1254,#1241,#1092,.F.);
#1648=EDGE_CURVE('',#1255,#1252,#687,.T.);
#1649=EDGE_CURVE('',#1255,#1254,#688,.T.);
#1650=EDGE_CURVE('',#1251,#1256,#689,.T.);
#1651=EDGE_CURVE('',#1256,#1255,#1093,.F.);
#1652=EDGE_CURVE('',#1257,#1256,#690,.T.);
#1653=EDGE_CURVE('',#1258,#1250,#691,.T.);
#1654=EDGE_CURVE('',#1258,#1259,#692,.T.);
#1655=EDGE_CURVE('',#1259,#1260,#693,.T.);
#1656=EDGE_CURVE('',#1260,#1261,#694,.T.);
#1657=EDGE_CURVE('',#1262,#1261,#695,.T.);
#1658=EDGE_CURVE('',#1263,#1262,#696,.T.);
#1659=EDGE_CURVE('',#1264,#1263,#697,.T.);
#1660=EDGE_CURVE('',#1265,#1264,#698,.T.);
#1661=EDGE_CURVE('',#1266,#1265,#1094,.T.);
#1662=EDGE_CURVE('',#1267,#1266,#699,.T.);
#1663=EDGE_CURVE('',#1268,#1267,#700,.T.);
#1664=EDGE_CURVE('',#1268,#1269,#701,.T.);
#1665=EDGE_CURVE('',#1269,#1257,#702,.T.);
#1666=EDGE_CURVE('',#1249,#1270,#703,.T.);
#1667=EDGE_CURVE('',#1270,#1258,#1095,.F.);
#1668=EDGE_CURVE('',#1271,#1246,#1096,.T.);
#1669=EDGE_CURVE('',#1272,#1271,#1097,.F.);
#1670=EDGE_CURVE('',#1247,#1272,#1098,.T.);
#1671=EDGE_CURVE('',#1273,#1274,#704,.T.);
#1672=EDGE_CURVE('',#1274,#1268,#1099,.F.);
#1673=EDGE_CURVE('',#1267,#1273,#170,.T.);
#1674=EDGE_CURVE('',#1275,#1265,#1100,.T.);
#1675=EDGE_CURVE('',#1276,#1275,#1101,.F.);
#1676=EDGE_CURVE('',#1266,#1276,#1102,.T.);
#1677=EDGE_CURVE('',#1275,#1272,#705,.T.);
#1678=EDGE_CURVE('',#1271,#1276,#706,.T.);
#1679=EDGE_CURVE('',#1276,#1273,#707,.T.);
#1680=EDGE_CURVE('',#1277,#1278,#171,.T.);
#1681=EDGE_CURVE('',#1278,#1275,#708,.T.);
#1682=EDGE_CURVE('',#1264,#1277,#172,.T.);
#1683=EDGE_CURVE('',#1279,#1248,#173,.T.);
#1684=EDGE_CURVE('',#1272,#1280,#709,.T.);
#1685=EDGE_CURVE('',#1280,#1279,#174,.T.);
#1686=EDGE_CURVE('',#1281,#1271,#710,.T.);
#1687=EDGE_CURVE('',#1245,#1281,#175,.T.);
#1688=EDGE_CURVE('',#1244,#1282,#1103,.F.);
#1689=EDGE_CURVE('',#1282,#1281,#711,.T.);
#1690=EDGE_CURVE('',#1281,#1273,#712,.T.);
#1691=EDGE_CURVE('',#1282,#1274,#713,.T.);
#1692=EDGE_CURVE('',#1230,#1262,#1104,.F.);
#1693=EDGE_CURVE('',#1262,#1232,#1105,.F.);
#1694=EDGE_CURVE('',#1283,#1263,#176,.T.);
#1695=EDGE_CURVE('',#1233,#1283,#177,.T.);
#1696=EDGE_CURVE('',#1261,#1231,#178,.F.);
#1697=EDGE_CURVE('',#1277,#1284,#714,.T.);
#1698=EDGE_CURVE('',#1284,#1285,#715,.T.);
#1699=EDGE_CURVE('',#1285,#1279,#716,.T.);
#1700=EDGE_CURVE('',#1280,#1278,#717,.T.);
#1701=EDGE_CURVE('',#1226,#1286,#718,.T.);
#1702=EDGE_CURVE('',#1286,#1287,#719,.T.);
#1703=EDGE_CURVE('',#1287,#1283,#720,.T.);
#1704=EDGE_CURVE('',#1285,#1286,#721,.T.);
#1705=EDGE_CURVE('',#1287,#1284,#722,.T.);
#1706=EDGE_CURVE('',#1242,#1257,#723,.T.);
#1707=EDGE_CURVE('',#1243,#1269,#724,.T.);
#1708=EDGE_CURVE('',#1238,#1260,#725,.T.);
#1709=EDGE_CURVE('',#1239,#1259,#726,.T.);
#1710=EDGE_CURVE('',#1237,#1270,#727,.T.);
#1711=EDGE_CURVE('',#1288,#1289,#32,.T.);
#1712=EDGE_CURVE('',#1290,#1288,#33,.T.);
#1713=EDGE_CURVE('',#1291,#1290,#728,.T.);
#1714=EDGE_CURVE('',#1292,#1291,#729,.T.);
#1715=EDGE_CURVE('',#1293,#1292,#730,.T.);
#1716=EDGE_CURVE('',#1294,#1293,#34,.T.);
#1717=EDGE_CURVE('',#1295,#1294,#35,.T.);
#1718=EDGE_CURVE('',#1296,#1295,#731,.T.);
#1719=EDGE_CURVE('',#1297,#1296,#36,.T.);
#1720=EDGE_CURVE('',#1298,#1297,#37,.T.);
#1721=EDGE_CURVE('',#1299,#1298,#38,.T.);
#1722=EDGE_CURVE('',#1300,#1299,#39,.T.);
#1723=EDGE_CURVE('',#1289,#1300,#732,.T.);
#1724=EDGE_CURVE('',#1301,#1302,#40,.T.);
#1725=EDGE_CURVE('',#1302,#1303,#733,.T.);
#1726=EDGE_CURVE('',#1303,#1304,#734,.T.);
#1727=EDGE_CURVE('',#1304,#1305,#735,.T.);
#1728=EDGE_CURVE('',#1305,#1306,#41,.T.);
#1729=EDGE_CURVE('',#1306,#1307,#42,.T.);
#1730=EDGE_CURVE('',#1307,#1308,#736,.T.);
#1731=EDGE_CURVE('',#1308,#1301,#43,.T.);
#1732=EDGE_CURVE('',#1309,#1310,#737,.T.);
#1733=EDGE_CURVE('',#1310,#1311,#738,.T.);
#1734=EDGE_CURVE('',#1311,#1312,#739,.T.);
#1735=EDGE_CURVE('',#1312,#1313,#44,.T.);
#1736=EDGE_CURVE('',#1313,#1314,#45,.T.);
#1737=EDGE_CURVE('',#1314,#1315,#740,.T.);
#1738=EDGE_CURVE('',#1315,#1316,#46,.T.);
#1739=EDGE_CURVE('',#1316,#1309,#47,.T.);
#1740=EDGE_CURVE('',#1317,#1318,#48,.T.);
#1741=EDGE_CURVE('',#1319,#1317,#49,.T.);
#1742=EDGE_CURVE('',#1320,#1319,#50,.T.);
#1743=EDGE_CURVE('',#1321,#1320,#51,.T.);
#1744=EDGE_CURVE('',#1322,#1321,#741,.T.);
#1745=EDGE_CURVE('',#1323,#1322,#742,.T.);
#1746=EDGE_CURVE('',#1324,#1323,#743,.T.);
#1747=EDGE_CURVE('',#1325,#1324,#52,.T.);
#1748=EDGE_CURVE('',#1326,#1325,#53,.T.);
#1749=EDGE_CURVE('',#1327,#1326,#54,.T.);
#1750=EDGE_CURVE('',#1328,#1327,#55,.T.);
#1751=EDGE_CURVE('',#1329,#1328,#744,.T.);
#1752=EDGE_CURVE('',#1330,#1329,#56,.T.);
#1753=EDGE_CURVE('',#1331,#1330,#57,.T.);
#1754=EDGE_CURVE('',#1332,#1331,#58,.T.);
#1755=EDGE_CURVE('',#1333,#1332,#59,.T.);
#1756=EDGE_CURVE('',#1334,#1333,#745,.T.);
#1757=EDGE_CURVE('',#1335,#1334,#746,.T.);
#1758=EDGE_CURVE('',#1336,#1335,#747,.T.);
#1759=EDGE_CURVE('',#1337,#1336,#748,.T.);
#1760=EDGE_CURVE('',#1338,#1337,#60,.T.);
#1761=EDGE_CURVE('',#1339,#1338,#61,.T.);
#1762=EDGE_CURVE('',#1340,#1339,#62,.T.);
#1763=EDGE_CURVE('',#1341,#1340,#63,.T.);
#1764=EDGE_CURVE('',#1318,#1341,#749,.T.);
#1765=EDGE_CURVE('',#1342,#1343,#64,.T.);
#1766=EDGE_CURVE('',#1344,#1342,#750,.T.);
#1767=EDGE_CURVE('',#1345,#1344,#751,.T.);
#1768=EDGE_CURVE('',#1346,#1345,#752,.T.);
#1769=EDGE_CURVE('',#1347,#1346,#753,.T.);
#1770=EDGE_CURVE('',#1348,#1347,#754,.T.);
#1771=EDGE_CURVE('',#1349,#1348,#65,.T.);
#1772=EDGE_CURVE('',#1350,#1349,#66,.T.);
#1773=EDGE_CURVE('',#1343,#1350,#755,.T.);
#1774=EDGE_CURVE('',#1351,#1352,#67,.T.);
#1775=EDGE_CURVE('',#1353,#1351,#68,.T.);
#1776=EDGE_CURVE('',#1354,#1353,#69,.T.);
#1777=EDGE_CURVE('',#1355,#1354,#70,.T.);
#1778=EDGE_CURVE('',#1356,#1355,#71,.T.);
#1779=EDGE_CURVE('',#1357,#1356,#72,.T.);
#1780=EDGE_CURVE('',#1358,#1357,#73,.T.);
#1781=EDGE_CURVE('',#1359,#1358,#74,.T.);
#1782=EDGE_CURVE('',#1360,#1359,#75,.T.);
#1783=EDGE_CURVE('',#1361,#1360,#76,.T.);
#1784=EDGE_CURVE('',#1362,#1361,#77,.T.);
#1785=EDGE_CURVE('',#1363,#1362,#78,.T.);
#1786=EDGE_CURVE('',#1364,#1363,#79,.T.);
#1787=EDGE_CURVE('',#1365,#1364,#80,.T.);
#1788=EDGE_CURVE('',#1366,#1365,#81,.T.);
#1789=EDGE_CURVE('',#1367,#1366,#82,.T.);
#1790=EDGE_CURVE('',#1368,#1367,#83,.T.);
#1791=EDGE_CURVE('',#1369,#1368,#84,.T.);
#1792=EDGE_CURVE('',#1370,#1369,#85,.T.);
#1793=EDGE_CURVE('',#1371,#1370,#86,.T.);
#1794=EDGE_CURVE('',#1372,#1371,#87,.T.);
#1795=EDGE_CURVE('',#1373,#1372,#88,.T.);
#1796=EDGE_CURVE('',#1374,#1373,#89,.T.);
#1797=EDGE_CURVE('',#1352,#1374,#90,.T.);
#1798=EDGE_CURVE('',#1375,#1376,#91,.T.);
#1799=EDGE_CURVE('',#1376,#1377,#92,.T.);
#1800=EDGE_CURVE('',#1377,#1378,#93,.T.);
#1801=EDGE_CURVE('',#1378,#1377,#756,.T.);
#1802=EDGE_CURVE('',#1378,#1379,#94,.T.);
#1803=EDGE_CURVE('',#1378,#1379,#95,.T.);
#1804=EDGE_CURVE('',#1379,#1380,#96,.T.);
#1805=EDGE_CURVE('',#1380,#1381,#97,.T.);
#1806=EDGE_CURVE('',#1381,#1382,#98,.T.);
#1807=EDGE_CURVE('',#1382,#1383,#99,.T.);
#1808=EDGE_CURVE('',#1383,#1384,#100,.T.);
#1809=EDGE_CURVE('',#1383,#1384,#101,.T.);
#1810=EDGE_CURVE('',#1384,#1385,#102,.T.);
#1811=EDGE_CURVE('',#1384,#1385,#103,.T.);
#1812=EDGE_CURVE('',#1385,#1386,#104,.T.);
#1813=EDGE_CURVE('',#1386,#1375,#105,.T.);
#1814=EDGE_CURVE('',#1387,#1388,#106,.T.);
#1815=EDGE_CURVE('',#1388,#1389,#107,.T.);
#1816=EDGE_CURVE('',#1389,#1390,#108,.T.);
#1817=EDGE_CURVE('',#1390,#1389,#757,.T.);
#1818=EDGE_CURVE('',#1390,#1391,#109,.T.);
#1819=EDGE_CURVE('',#1390,#1391,#110,.T.);
#1820=EDGE_CURVE('',#1391,#1392,#111,.T.);
#1821=EDGE_CURVE('',#1392,#1393,#112,.T.);
#1822=EDGE_CURVE('',#1393,#1394,#113,.T.);
#1823=EDGE_CURVE('',#1394,#1395,#114,.T.);
#1824=EDGE_CURVE('',#1395,#1396,#115,.T.);
#1825=EDGE_CURVE('',#1396,#1395,#758,.T.);
#1826=EDGE_CURVE('',#1396,#1397,#116,.T.);
#1827=EDGE_CURVE('',#1396,#1397,#117,.T.);
#1828=EDGE_CURVE('',#1397,#1398,#118,.T.);
#1829=EDGE_CURVE('',#1398,#1387,#119,.T.);
#1830=EDGE_CURVE('',#1399,#1400,#759,.T.);
#1831=EDGE_CURVE('',#1401,#1399,#760,.T.);
#1832=EDGE_CURVE('',#1402,#1401,#761,.T.);
#1833=EDGE_CURVE('',#1400,#1402,#762,.T.);
#1834=EDGE_CURVE('',#1403,#1404,#763,.T.);
#1835=EDGE_CURVE('',#1404,#1405,#764,.T.);
#1836=EDGE_CURVE('',#1405,#1406,#765,.T.);
#1837=EDGE_CURVE('',#1406,#1407,#766,.T.);
#1838=EDGE_CURVE('',#1407,#1408,#767,.T.);
#1839=EDGE_CURVE('',#1408,#1409,#768,.T.);
#1840=EDGE_CURVE('',#1409,#1410,#769,.T.);
#1841=EDGE_CURVE('',#1410,#1411,#770,.T.);
#1842=EDGE_CURVE('',#1411,#1412,#771,.T.);
#1843=EDGE_CURVE('',#1412,#1413,#772,.T.);
#1844=EDGE_CURVE('',#1413,#1403,#773,.T.);
#1845=EDGE_CURVE('',#1352,#1374,#120,.T.);
#1846=EDGE_CURVE('',#1374,#1373,#121,.T.);
#1847=EDGE_CURVE('',#1369,#1368,#774,.T.);
#1848=EDGE_CURVE('',#1368,#1367,#122,.T.);
#1849=EDGE_CURVE('',#1363,#1362,#775,.T.);
#1850=EDGE_CURVE('',#1362,#1361,#123,.T.);
#1851=EDGE_CURVE('',#1357,#1356,#776,.T.);
#1852=EDGE_CURVE('',#1356,#1355,#124,.T.);
#1853=EDGE_CURVE('',#1414,#1415,#777,.T.);
#1854=EDGE_CURVE('',#1415,#1416,#778,.T.);
#1855=EDGE_CURVE('',#1416,#1414,#779,.T.);
#1856=EDGE_CURVE('',#1400,#1417,#179,.T.);
#1857=EDGE_CURVE('',#1417,#1418,#780,.T.);
#1858=EDGE_CURVE('',#1399,#1418,#180,.T.);
#1859=EDGE_CURVE('',#1419,#1420,#781,.T.);
#1860=EDGE_CURVE('',#1420,#1421,#181,.T.);
#1861=EDGE_CURVE('',#1421,#1401,#182,.T.);
#1862=EDGE_CURVE('',#1418,#1419,#183,.T.);
#1863=EDGE_CURVE('',#1421,#1422,#782,.T.);
#1864=EDGE_CURVE('',#1422,#1402,#184,.T.);
#1865=EDGE_CURVE('',#1422,#1423,#185,.T.);
#1866=EDGE_CURVE('',#1423,#1424,#783,.T.);
#1867=EDGE_CURVE('',#1424,#1417,#186,.T.);
#1868=EDGE_CURVE('',#1424,#1425,#784,.T.);
#1869=EDGE_CURVE('',#1425,#1426,#785,.T.);
#1870=EDGE_CURVE('',#1426,#1419,#786,.T.);
#1871=EDGE_CURVE('',#1427,#1423,#787,.T.);
#1872=EDGE_CURVE('',#1425,#1427,#788,.T.);
#1873=EDGE_CURVE('',#1428,#1426,#789,.T.);
#1874=EDGE_CURVE('',#1420,#1428,#790,.T.);
#1875=EDGE_CURVE('',#1426,#1428,#1106,.T.);
#1876=EDGE_CURVE('',#1427,#1428,#791,.T.);
#1877=EDGE_CURVE('',#1425,#1427,#1107,.T.);
#1878=ORIENTED_EDGE('',*,*,#1429,.T.);
#1879=ORIENTED_EDGE('',*,*,#1430,.T.);
#1880=ORIENTED_EDGE('',*,*,#1431,.T.);
#1881=ORIENTED_EDGE('',*,*,#1432,.T.);
#1882=ORIENTED_EDGE('',*,*,#1432,.F.);
#1883=ORIENTED_EDGE('',*,*,#1433,.T.);
#1884=ORIENTED_EDGE('',*,*,#1434,.T.);
#1885=ORIENTED_EDGE('',*,*,#1435,.T.);
#1886=ORIENTED_EDGE('',*,*,#1436,.F.);
#1887=ORIENTED_EDGE('',*,*,#1437,.F.);
#1888=ORIENTED_EDGE('',*,*,#1438,.F.);
#1889=ORIENTED_EDGE('',*,*,#1439,.F.);
#1890=ORIENTED_EDGE('',*,*,#1440,.F.);
#1891=ORIENTED_EDGE('',*,*,#1441,.F.);
#1892=ORIENTED_EDGE('',*,*,#1442,.F.);
#1893=ORIENTED_EDGE('',*,*,#1443,.T.);
#1894=ORIENTED_EDGE('',*,*,#1444,.T.);
#1895=ORIENTED_EDGE('',*,*,#1445,.T.);
#1896=ORIENTED_EDGE('',*,*,#1446,.F.);
#1897=ORIENTED_EDGE('',*,*,#1447,.T.);
#1898=ORIENTED_EDGE('',*,*,#1448,.T.);
#1899=ORIENTED_EDGE('',*,*,#1446,.T.);
#1900=ORIENTED_EDGE('',*,*,#1449,.T.);
#1901=ORIENTED_EDGE('',*,*,#1450,.T.);
#1902=ORIENTED_EDGE('',*,*,#1450,.F.);
#1903=ORIENTED_EDGE('',*,*,#1451,.T.);
#1904=ORIENTED_EDGE('',*,*,#1452,.F.);
#1905=ORIENTED_EDGE('',*,*,#1453,.F.);
#1906=ORIENTED_EDGE('',*,*,#1454,.F.);
#1907=ORIENTED_EDGE('',*,*,#1455,.F.);
#1908=ORIENTED_EDGE('',*,*,#1456,.F.);
#1909=ORIENTED_EDGE('',*,*,#1457,.F.);
#1910=ORIENTED_EDGE('',*,*,#1458,.F.);
#1911=ORIENTED_EDGE('',*,*,#1459,.F.);
#1912=ORIENTED_EDGE('',*,*,#1458,.T.);
#1913=ORIENTED_EDGE('',*,*,#1460,.T.);
#1914=ORIENTED_EDGE('',*,*,#1455,.T.);
#1915=ORIENTED_EDGE('',*,*,#1461,.T.);
#1916=ORIENTED_EDGE('',*,*,#1462,.T.);
#1917=ORIENTED_EDGE('',*,*,#1463,.T.);
#1918=ORIENTED_EDGE('',*,*,#1459,.T.);
#1919=ORIENTED_EDGE('',*,*,#1464,.T.);
#1920=ORIENTED_EDGE('',*,*,#1465,.T.);
#1921=ORIENTED_EDGE('',*,*,#1466,.T.);
#1922=ORIENTED_EDGE('',*,*,#1457,.T.);
#1923=ORIENTED_EDGE('',*,*,#1467,.T.);
#1924=ORIENTED_EDGE('',*,*,#1468,.T.);
#1925=ORIENTED_EDGE('',*,*,#1469,.T.);
#1926=ORIENTED_EDGE('',*,*,#1437,.T.);
#1927=ORIENTED_EDGE('',*,*,#1456,.T.);
#1928=ORIENTED_EDGE('',*,*,#1470,.T.);
#1929=ORIENTED_EDGE('',*,*,#1471,.T.);
#1930=ORIENTED_EDGE('',*,*,#1472,.T.);
#1931=ORIENTED_EDGE('',*,*,#1473,.T.);
#1932=ORIENTED_EDGE('',*,*,#1454,.T.);
#1933=ORIENTED_EDGE('',*,*,#1436,.T.);
#1934=ORIENTED_EDGE('',*,*,#1468,.F.);
#1935=ORIENTED_EDGE('',*,*,#1474,.T.);
#1936=ORIENTED_EDGE('',*,*,#1475,.F.);
#1937=ORIENTED_EDGE('',*,*,#1476,.F.);
#1938=ORIENTED_EDGE('',*,*,#1477,.T.);
#1939=ORIENTED_EDGE('',*,*,#1478,.F.);
#1940=ORIENTED_EDGE('',*,*,#1467,.F.);
#1941=ORIENTED_EDGE('',*,*,#1463,.F.);
#1942=ORIENTED_EDGE('',*,*,#1479,.T.);
#1943=ORIENTED_EDGE('',*,*,#1480,.T.);
#1944=ORIENTED_EDGE('',*,*,#1481,.T.);
#1945=ORIENTED_EDGE('',*,*,#1482,.F.);
#1946=ORIENTED_EDGE('',*,*,#1483,.T.);
#1947=ORIENTED_EDGE('',*,*,#1484,.F.);
#1948=ORIENTED_EDGE('',*,*,#1485,.T.);
#1949=ORIENTED_EDGE('',*,*,#1486,.T.);
#1950=ORIENTED_EDGE('',*,*,#1487,.T.);
#1951=ORIENTED_EDGE('',*,*,#1488,.F.);
#1952=ORIENTED_EDGE('',*,*,#1489,.F.);
#1953=ORIENTED_EDGE('',*,*,#1490,.F.);
#1954=ORIENTED_EDGE('',*,*,#1491,.F.);
#1955=ORIENTED_EDGE('',*,*,#1474,.F.);
#1956=ORIENTED_EDGE('',*,*,#1464,.F.);
#1957=ORIENTED_EDGE('',*,*,#1461,.F.);
#1958=ORIENTED_EDGE('',*,*,#1473,.F.);
#1959=ORIENTED_EDGE('',*,*,#1492,.T.);
#1960=ORIENTED_EDGE('',*,*,#1493,.T.);
#1961=ORIENTED_EDGE('',*,*,#1494,.T.);
#1962=ORIENTED_EDGE('',*,*,#1442,.T.);
#1963=ORIENTED_EDGE('',*,*,#1495,.T.);
#1964=ORIENTED_EDGE('',*,*,#1496,.F.);
#1965=ORIENTED_EDGE('',*,*,#1497,.F.);
#1966=ORIENTED_EDGE('',*,*,#1498,.F.);
#1967=ORIENTED_EDGE('',*,*,#1440,.T.);
#1968=ORIENTED_EDGE('',*,*,#1499,.F.);
#1969=ORIENTED_EDGE('',*,*,#1500,.F.);
#1970=ORIENTED_EDGE('',*,*,#1501,.F.);
#1971=ORIENTED_EDGE('',*,*,#1490,.T.);
#1972=ORIENTED_EDGE('',*,*,#1500,.T.);
#1973=ORIENTED_EDGE('',*,*,#1502,.T.);
#1974=ORIENTED_EDGE('',*,*,#1497,.T.);
#1975=ORIENTED_EDGE('',*,*,#1503,.T.);
#1976=ORIENTED_EDGE('',*,*,#1475,.T.);
#1977=ORIENTED_EDGE('',*,*,#1491,.T.);
#1978=ORIENTED_EDGE('',*,*,#1501,.T.);
#1979=ORIENTED_EDGE('',*,*,#1504,.T.);
#1980=ORIENTED_EDGE('',*,*,#1505,.T.);
#1981=ORIENTED_EDGE('',*,*,#1506,.T.);
#1982=ORIENTED_EDGE('',*,*,#1499,.T.);
#1983=ORIENTED_EDGE('',*,*,#1489,.T.);
#1984=ORIENTED_EDGE('',*,*,#1507,.T.);
#1985=ORIENTED_EDGE('',*,*,#1488,.T.);
#1986=ORIENTED_EDGE('',*,*,#1508,.T.);
#1987=ORIENTED_EDGE('',*,*,#1509,.T.);
#1988=ORIENTED_EDGE('',*,*,#1507,.F.);
#1989=ORIENTED_EDGE('',*,*,#1441,.T.);
#1990=ORIENTED_EDGE('',*,*,#1498,.T.);
#1991=ORIENTED_EDGE('',*,*,#1510,.T.);
#1992=ORIENTED_EDGE('',*,*,#1495,.F.);
#1993=ORIENTED_EDGE('',*,*,#1511,.T.);
#1994=ORIENTED_EDGE('',*,*,#1512,.T.);
#1995=ORIENTED_EDGE('',*,*,#1496,.T.);
#1996=ORIENTED_EDGE('',*,*,#1439,.T.);
#1997=ORIENTED_EDGE('',*,*,#1513,.T.);
#1998=ORIENTED_EDGE('',*,*,#1504,.F.);
#1999=ORIENTED_EDGE('',*,*,#1503,.F.);
#2000=ORIENTED_EDGE('',*,*,#1512,.F.);
#2001=ORIENTED_EDGE('',*,*,#1514,.F.);
#2002=ORIENTED_EDGE('',*,*,#1505,.F.);
#2003=ORIENTED_EDGE('',*,*,#1514,.T.);
#2004=ORIENTED_EDGE('',*,*,#1511,.F.);
#2005=ORIENTED_EDGE('',*,*,#1515,.T.);
#2006=ORIENTED_EDGE('',*,*,#1516,.T.);
#2007=ORIENTED_EDGE('',*,*,#1476,.T.);
#2008=ORIENTED_EDGE('',*,*,#1517,.T.);
#2009=ORIENTED_EDGE('',*,*,#1482,.T.);
#2010=ORIENTED_EDGE('',*,*,#1518,.T.);
#2011=ORIENTED_EDGE('',*,*,#1519,.T.);
#2012=ORIENTED_EDGE('',*,*,#1430,.F.);
#2013=ORIENTED_EDGE('',*,*,#1520,.T.);
#2014=ORIENTED_EDGE('',*,*,#1519,.F.);
#2015=ORIENTED_EDGE('',*,*,#1521,.F.);
#2016=ORIENTED_EDGE('',*,*,#1522,.T.);
#2017=ORIENTED_EDGE('',*,*,#1452,.T.);
#2018=ORIENTED_EDGE('',*,*,#1523,.T.);
#2019=ORIENTED_EDGE('',*,*,#1484,.T.);
#2020=ORIENTED_EDGE('',*,*,#1465,.F.);
#2021=ORIENTED_EDGE('',*,*,#1478,.T.);
#2022=ORIENTED_EDGE('',*,*,#1524,.T.);
#2023=ORIENTED_EDGE('',*,*,#1525,.T.);
#2024=ORIENTED_EDGE('',*,*,#1471,.F.);
#2025=ORIENTED_EDGE('',*,*,#1526,.T.);
#2026=ORIENTED_EDGE('',*,*,#1469,.F.);
#2027=ORIENTED_EDGE('',*,*,#1525,.F.);
#2028=ORIENTED_EDGE('',*,*,#1527,.T.);
#2029=ORIENTED_EDGE('',*,*,#1515,.F.);
#2030=ORIENTED_EDGE('',*,*,#1513,.F.);
#2031=ORIENTED_EDGE('',*,*,#1438,.T.);
#2032=ORIENTED_EDGE('',*,*,#1516,.F.);
#2033=ORIENTED_EDGE('',*,*,#1527,.F.);
#2034=ORIENTED_EDGE('',*,*,#1524,.F.);
#2035=ORIENTED_EDGE('',*,*,#1477,.F.);
#2036=ORIENTED_EDGE('',*,*,#1528,.F.);
#2037=ORIENTED_EDGE('',*,*,#1486,.F.);
#2038=ORIENTED_EDGE('',*,*,#1529,.F.);
#2039=ORIENTED_EDGE('',*,*,#1444,.F.);
#2040=ORIENTED_EDGE('',*,*,#1529,.T.);
#2041=ORIENTED_EDGE('',*,*,#1485,.F.);
#2042=ORIENTED_EDGE('',*,*,#1523,.F.);
#2043=ORIENTED_EDGE('',*,*,#1451,.F.);
#2044=ORIENTED_EDGE('',*,*,#1449,.F.);
#2045=ORIENTED_EDGE('',*,*,#1445,.F.);
#2046=ORIENTED_EDGE('',*,*,#1429,.F.);
#2047=ORIENTED_EDGE('',*,*,#1447,.F.);
#2048=ORIENTED_EDGE('',*,*,#1448,.F.);
#2049=ORIENTED_EDGE('',*,*,#1453,.T.);
#2050=ORIENTED_EDGE('',*,*,#1522,.F.);
#2051=ORIENTED_EDGE('',*,*,#1483,.F.);
#2052=ORIENTED_EDGE('',*,*,#1517,.F.);
#2053=ORIENTED_EDGE('',*,*,#1520,.F.);
#2054=ORIENTED_EDGE('',*,*,#1521,.T.);
#2055=ORIENTED_EDGE('',*,*,#1518,.F.);
#2056=ORIENTED_EDGE('',*,*,#1481,.F.);
#2057=ORIENTED_EDGE('',*,*,#1530,.F.);
#2058=ORIENTED_EDGE('',*,*,#1433,.F.);
#2059=ORIENTED_EDGE('',*,*,#1431,.F.);
#2060=ORIENTED_EDGE('',*,*,#1530,.T.);
#2061=ORIENTED_EDGE('',*,*,#1480,.F.);
#2062=ORIENTED_EDGE('',*,*,#1531,.F.);
#2063=ORIENTED_EDGE('',*,*,#1434,.F.);
#2064=ORIENTED_EDGE('',*,*,#1531,.T.);
#2065=ORIENTED_EDGE('',*,*,#1479,.F.);
#2066=ORIENTED_EDGE('',*,*,#1462,.F.);
#2067=ORIENTED_EDGE('',*,*,#1492,.F.);
#2068=ORIENTED_EDGE('',*,*,#1472,.F.);
#2069=ORIENTED_EDGE('',*,*,#1435,.F.);
#2070=ORIENTED_EDGE('',*,*,#1466,.F.);
#2071=ORIENTED_EDGE('',*,*,#1526,.F.);
#2072=ORIENTED_EDGE('',*,*,#1470,.F.);
#2073=ORIENTED_EDGE('',*,*,#1460,.F.);
#2074=ORIENTED_EDGE('',*,*,#1506,.F.);
#2075=ORIENTED_EDGE('',*,*,#1532,.F.);
#2076=ORIENTED_EDGE('',*,*,#1510,.F.);
#2077=ORIENTED_EDGE('',*,*,#1502,.F.);
#2078=ORIENTED_EDGE('',*,*,#1509,.F.);
#2079=ORIENTED_EDGE('',*,*,#1533,.F.);
#2080=ORIENTED_EDGE('',*,*,#1493,.F.);
#2081=ORIENTED_EDGE('',*,*,#1532,.T.);
#2082=ORIENTED_EDGE('',*,*,#1533,.T.);
#2083=ORIENTED_EDGE('',*,*,#1508,.F.);
#2084=ORIENTED_EDGE('',*,*,#1487,.F.);
#2085=ORIENTED_EDGE('',*,*,#1528,.T.);
#2086=ORIENTED_EDGE('',*,*,#1443,.F.);
#2087=ORIENTED_EDGE('',*,*,#1494,.F.);
#2088=ORIENTED_EDGE('',*,*,#1534,.T.);
#2089=ORIENTED_EDGE('',*,*,#1535,.T.);
#2090=ORIENTED_EDGE('',*,*,#1536,.T.);
#2091=ORIENTED_EDGE('',*,*,#1537,.T.);
#2092=ORIENTED_EDGE('',*,*,#1538,.T.);
#2093=ORIENTED_EDGE('',*,*,#1534,.F.);
#2094=ORIENTED_EDGE('',*,*,#1539,.T.);
#2095=ORIENTED_EDGE('',*,*,#1540,.T.);
#2096=ORIENTED_EDGE('',*,*,#1541,.T.);
#2097=ORIENTED_EDGE('',*,*,#1542,.F.);
#2098=ORIENTED_EDGE('',*,*,#1543,.T.);
#2099=ORIENTED_EDGE('',*,*,#1538,.F.);
#2100=ORIENTED_EDGE('',*,*,#1544,.T.);
#2101=ORIENTED_EDGE('',*,*,#1545,.F.);
#2102=ORIENTED_EDGE('',*,*,#1546,.F.);
#2103=ORIENTED_EDGE('',*,*,#1547,.T.);
#2104=ORIENTED_EDGE('',*,*,#1539,.F.);
#2105=ORIENTED_EDGE('',*,*,#1537,.F.);
#2106=ORIENTED_EDGE('',*,*,#1548,.T.);
#2107=ORIENTED_EDGE('',*,*,#1549,.T.);
#2108=ORIENTED_EDGE('',*,*,#1550,.T.);
#2109=ORIENTED_EDGE('',*,*,#1551,.F.);
#2110=ORIENTED_EDGE('',*,*,#1552,.T.);
#2111=ORIENTED_EDGE('',*,*,#1553,.F.);
#2112=ORIENTED_EDGE('',*,*,#1554,.T.);
#2113=ORIENTED_EDGE('',*,*,#1555,.T.);
#2114=ORIENTED_EDGE('',*,*,#1556,.T.);
#2115=ORIENTED_EDGE('',*,*,#1557,.F.);
#2116=ORIENTED_EDGE('',*,*,#1544,.F.);
#2117=ORIENTED_EDGE('',*,*,#1545,.T.);
#2118=ORIENTED_EDGE('',*,*,#1557,.T.);
#2119=ORIENTED_EDGE('',*,*,#1558,.T.);
#2120=ORIENTED_EDGE('',*,*,#1559,.T.);
#2121=ORIENTED_EDGE('',*,*,#1560,.T.);
#2122=ORIENTED_EDGE('',*,*,#1560,.F.);
#2123=ORIENTED_EDGE('',*,*,#1561,.T.);
#2124=ORIENTED_EDGE('',*,*,#1562,.F.);
#2125=ORIENTED_EDGE('',*,*,#1563,.T.);
#2126=ORIENTED_EDGE('',*,*,#1564,.T.);
#2127=ORIENTED_EDGE('',*,*,#1546,.T.);
#2128=ORIENTED_EDGE('',*,*,#1565,.T.);
#2129=ORIENTED_EDGE('',*,*,#1566,.T.);
#2130=ORIENTED_EDGE('',*,*,#1567,.T.);
#2131=ORIENTED_EDGE('',*,*,#1553,.T.);
#2132=ORIENTED_EDGE('',*,*,#1568,.T.);
#2133=ORIENTED_EDGE('',*,*,#1551,.T.);
#2134=ORIENTED_EDGE('',*,*,#1569,.T.);
#2135=ORIENTED_EDGE('',*,*,#1570,.T.);
#2136=ORIENTED_EDGE('',*,*,#1570,.F.);
#2137=ORIENTED_EDGE('',*,*,#1571,.F.);
#2138=ORIENTED_EDGE('',*,*,#1572,.F.);
#2139=ORIENTED_EDGE('',*,*,#1573,.F.);
#2140=ORIENTED_EDGE('',*,*,#1562,.T.);
#2141=ORIENTED_EDGE('',*,*,#1574,.T.);
#2142=ORIENTED_EDGE('',*,*,#1575,.T.);
#2143=ORIENTED_EDGE('',*,*,#1576,.T.);
#2144=ORIENTED_EDGE('',*,*,#1577,.T.);
#2145=ORIENTED_EDGE('',*,*,#1577,.F.);
#2146=ORIENTED_EDGE('',*,*,#1578,.T.);
#2147=ORIENTED_EDGE('',*,*,#1579,.F.);
#2148=ORIENTED_EDGE('',*,*,#1541,.F.);
#2149=ORIENTED_EDGE('',*,*,#1580,.T.);
#2150=ORIENTED_EDGE('',*,*,#1563,.F.);
#2151=ORIENTED_EDGE('',*,*,#1576,.F.);
#2152=ORIENTED_EDGE('',*,*,#1581,.T.);
#2153=ORIENTED_EDGE('',*,*,#1582,.T.);
#2154=ORIENTED_EDGE('',*,*,#1583,.T.);
#2155=ORIENTED_EDGE('',*,*,#1584,.F.);
#2156=ORIENTED_EDGE('',*,*,#1585,.T.);
#2157=ORIENTED_EDGE('',*,*,#1586,.F.);
#2158=ORIENTED_EDGE('',*,*,#1587,.T.);
#2159=ORIENTED_EDGE('',*,*,#1588,.T.);
#2160=ORIENTED_EDGE('',*,*,#1589,.T.);
#2161=ORIENTED_EDGE('',*,*,#1590,.F.);
#2162=ORIENTED_EDGE('',*,*,#1578,.F.);
#2163=ORIENTED_EDGE('',*,*,#1579,.T.);
#2164=ORIENTED_EDGE('',*,*,#1590,.T.);
#2165=ORIENTED_EDGE('',*,*,#1591,.T.);
#2166=ORIENTED_EDGE('',*,*,#1592,.T.);
#2167=ORIENTED_EDGE('',*,*,#1542,.T.);
#2168=ORIENTED_EDGE('',*,*,#1593,.T.);
#2169=ORIENTED_EDGE('',*,*,#1584,.T.);
#2170=ORIENTED_EDGE('',*,*,#1594,.T.);
#2171=ORIENTED_EDGE('',*,*,#1595,.T.);
#2172=ORIENTED_EDGE('',*,*,#1566,.F.);
#2173=ORIENTED_EDGE('',*,*,#1596,.T.);
#2174=ORIENTED_EDGE('',*,*,#1595,.F.);
#2175=ORIENTED_EDGE('',*,*,#1597,.F.);
#2176=ORIENTED_EDGE('',*,*,#1598,.T.);
#2177=ORIENTED_EDGE('',*,*,#1572,.T.);
#2178=ORIENTED_EDGE('',*,*,#1599,.T.);
#2179=ORIENTED_EDGE('',*,*,#1586,.T.);
#2180=ORIENTED_EDGE('',*,*,#1535,.F.);
#2181=ORIENTED_EDGE('',*,*,#1543,.F.);
#2182=ORIENTED_EDGE('',*,*,#1592,.F.);
#2183=ORIENTED_EDGE('',*,*,#1600,.F.);
#2184=ORIENTED_EDGE('',*,*,#1540,.F.);
#2185=ORIENTED_EDGE('',*,*,#1547,.F.);
#2186=ORIENTED_EDGE('',*,*,#1564,.F.);
#2187=ORIENTED_EDGE('',*,*,#1580,.F.);
#2188=ORIENTED_EDGE('',*,*,#1565,.F.);
#2189=ORIENTED_EDGE('',*,*,#1552,.F.);
#2190=ORIENTED_EDGE('',*,*,#1568,.F.);
#2191=ORIENTED_EDGE('',*,*,#1573,.T.);
#2192=ORIENTED_EDGE('',*,*,#1598,.F.);
#2193=ORIENTED_EDGE('',*,*,#1585,.F.);
#2194=ORIENTED_EDGE('',*,*,#1593,.F.);
#2195=ORIENTED_EDGE('',*,*,#1596,.F.);
#2196=ORIENTED_EDGE('',*,*,#1597,.T.);
#2197=ORIENTED_EDGE('',*,*,#1594,.F.);
#2198=ORIENTED_EDGE('',*,*,#1583,.F.);
#2199=ORIENTED_EDGE('',*,*,#1601,.F.);
#2200=ORIENTED_EDGE('',*,*,#1554,.F.);
#2201=ORIENTED_EDGE('',*,*,#1567,.F.);
#2202=ORIENTED_EDGE('',*,*,#1601,.T.);
#2203=ORIENTED_EDGE('',*,*,#1582,.F.);
#2204=ORIENTED_EDGE('',*,*,#1602,.F.);
#2205=ORIENTED_EDGE('',*,*,#1555,.F.);
#2206=ORIENTED_EDGE('',*,*,#1602,.T.);
#2207=ORIENTED_EDGE('',*,*,#1581,.F.);
#2208=ORIENTED_EDGE('',*,*,#1575,.F.);
#2209=ORIENTED_EDGE('',*,*,#1603,.F.);
#2210=ORIENTED_EDGE('',*,*,#1558,.F.);
#2211=ORIENTED_EDGE('',*,*,#1556,.F.);
#2212=ORIENTED_EDGE('',*,*,#1559,.F.);
#2213=ORIENTED_EDGE('',*,*,#1603,.T.);
#2214=ORIENTED_EDGE('',*,*,#1574,.F.);
#2215=ORIENTED_EDGE('',*,*,#1561,.F.);
#2216=ORIENTED_EDGE('',*,*,#1600,.T.);
#2217=ORIENTED_EDGE('',*,*,#1591,.F.);
#2218=ORIENTED_EDGE('',*,*,#1589,.F.);
#2219=ORIENTED_EDGE('',*,*,#1604,.F.);
#2220=ORIENTED_EDGE('',*,*,#1548,.F.);
#2221=ORIENTED_EDGE('',*,*,#1536,.F.);
#2222=ORIENTED_EDGE('',*,*,#1604,.T.);
#2223=ORIENTED_EDGE('',*,*,#1588,.F.);
#2224=ORIENTED_EDGE('',*,*,#1605,.F.);
#2225=ORIENTED_EDGE('',*,*,#1549,.F.);
#2226=ORIENTED_EDGE('',*,*,#1605,.T.);
#2227=ORIENTED_EDGE('',*,*,#1587,.F.);
#2228=ORIENTED_EDGE('',*,*,#1599,.F.);
#2229=ORIENTED_EDGE('',*,*,#1571,.T.);
#2230=ORIENTED_EDGE('',*,*,#1569,.F.);
#2231=ORIENTED_EDGE('',*,*,#1550,.F.);
#2232=ORIENTED_EDGE('',*,*,#1606,.T.);
#2233=ORIENTED_EDGE('',*,*,#1607,.T.);
#2234=ORIENTED_EDGE('',*,*,#1608,.T.);
#2235=ORIENTED_EDGE('',*,*,#1609,.T.);
#2236=ORIENTED_EDGE('',*,*,#1610,.T.);
#2237=ORIENTED_EDGE('',*,*,#1611,.T.);
#2238=ORIENTED_EDGE('',*,*,#1612,.T.);
#2239=ORIENTED_EDGE('',*,*,#1613,.T.);
#2240=ORIENTED_EDGE('',*,*,#1614,.T.);
#2241=ORIENTED_EDGE('',*,*,#1612,.F.);
#2242=ORIENTED_EDGE('',*,*,#1615,.T.);
#2243=ORIENTED_EDGE('',*,*,#1606,.F.);
#2244=ORIENTED_EDGE('',*,*,#1607,.F.);
#2245=ORIENTED_EDGE('',*,*,#1616,.F.);
#2246=ORIENTED_EDGE('',*,*,#1617,.F.);
#2247=ORIENTED_EDGE('',*,*,#1618,.F.);
#2248=ORIENTED_EDGE('',*,*,#1615,.F.);
#2249=ORIENTED_EDGE('',*,*,#1619,.T.);
#2250=ORIENTED_EDGE('',*,*,#1620,.T.);
#2251=ORIENTED_EDGE('',*,*,#1616,.T.);
#2252=ORIENTED_EDGE('',*,*,#1611,.F.);
#2253=ORIENTED_EDGE('',*,*,#1621,.F.);
#2254=ORIENTED_EDGE('',*,*,#1622,.F.);
#2255=ORIENTED_EDGE('',*,*,#1619,.F.);
#2256=ORIENTED_EDGE('',*,*,#1623,.T.);
#2257=ORIENTED_EDGE('',*,*,#1624,.T.);
#2258=ORIENTED_EDGE('',*,*,#1625,.T.);
#2259=ORIENTED_EDGE('',*,*,#1626,.T.);
#2260=ORIENTED_EDGE('',*,*,#1627,.T.);
#2261=ORIENTED_EDGE('',*,*,#1628,.T.);
#2262=ORIENTED_EDGE('',*,*,#1629,.T.);
#2263=ORIENTED_EDGE('',*,*,#1624,.F.);
#2264=ORIENTED_EDGE('',*,*,#1630,.T.);
#2265=ORIENTED_EDGE('',*,*,#1631,.F.);
#2266=ORIENTED_EDGE('',*,*,#1632,.T.);
#2267=ORIENTED_EDGE('',*,*,#1633,.T.);
#2268=ORIENTED_EDGE('',*,*,#1634,.T.);
#2269=ORIENTED_EDGE('',*,*,#1635,.F.);
#2270=ORIENTED_EDGE('',*,*,#1636,.F.);
#2271=ORIENTED_EDGE('',*,*,#1637,.F.);
#2272=ORIENTED_EDGE('',*,*,#1638,.F.);
#2273=ORIENTED_EDGE('',*,*,#1639,.F.);
#2274=ORIENTED_EDGE('',*,*,#1613,.F.);
#2275=ORIENTED_EDGE('',*,*,#1609,.F.);
#2276=ORIENTED_EDGE('',*,*,#1623,.F.);
#2277=ORIENTED_EDGE('',*,*,#1640,.T.);
#2278=ORIENTED_EDGE('',*,*,#1641,.F.);
#2279=ORIENTED_EDGE('',*,*,#1642,.F.);
#2280=ORIENTED_EDGE('',*,*,#1643,.F.);
#2281=ORIENTED_EDGE('',*,*,#1644,.F.);
#2282=ORIENTED_EDGE('',*,*,#1645,.F.);
#2283=ORIENTED_EDGE('',*,*,#1630,.F.);
#2284=ORIENTED_EDGE('',*,*,#1645,.T.);
#2285=ORIENTED_EDGE('',*,*,#1646,.T.);
#2286=ORIENTED_EDGE('',*,*,#1647,.T.);
#2287=ORIENTED_EDGE('',*,*,#1631,.T.);
#2288=ORIENTED_EDGE('',*,*,#1646,.F.);
#2289=ORIENTED_EDGE('',*,*,#1644,.T.);
#2290=ORIENTED_EDGE('',*,*,#1648,.F.);
#2291=ORIENTED_EDGE('',*,*,#1649,.T.);
#2292=ORIENTED_EDGE('',*,*,#1643,.T.);
#2293=ORIENTED_EDGE('',*,*,#1650,.T.);
#2294=ORIENTED_EDGE('',*,*,#1651,.T.);
#2295=ORIENTED_EDGE('',*,*,#1648,.T.);
#2296=ORIENTED_EDGE('',*,*,#1652,.T.);
#2297=ORIENTED_EDGE('',*,*,#1650,.F.);
#2298=ORIENTED_EDGE('',*,*,#1642,.T.);
#2299=ORIENTED_EDGE('',*,*,#1653,.F.);
#2300=ORIENTED_EDGE('',*,*,#1654,.T.);
#2301=ORIENTED_EDGE('',*,*,#1655,.T.);
#2302=ORIENTED_EDGE('',*,*,#1656,.T.);
#2303=ORIENTED_EDGE('',*,*,#1657,.F.);
#2304=ORIENTED_EDGE('',*,*,#1658,.F.);
#2305=ORIENTED_EDGE('',*,*,#1659,.F.);
#2306=ORIENTED_EDGE('',*,*,#1660,.F.);
#2307=ORIENTED_EDGE('',*,*,#1661,.F.);
#2308=ORIENTED_EDGE('',*,*,#1662,.F.);
#2309=ORIENTED_EDGE('',*,*,#1663,.F.);
#2310=ORIENTED_EDGE('',*,*,#1664,.T.);
#2311=ORIENTED_EDGE('',*,*,#1665,.T.);
#2312=ORIENTED_EDGE('',*,*,#1641,.T.);
#2313=ORIENTED_EDGE('',*,*,#1666,.T.);
#2314=ORIENTED_EDGE('',*,*,#1667,.T.);
#2315=ORIENTED_EDGE('',*,*,#1653,.T.);
#2316=ORIENTED_EDGE('',*,*,#1668,.F.);
#2317=ORIENTED_EDGE('',*,*,#1669,.F.);
#2318=ORIENTED_EDGE('',*,*,#1670,.F.);
#2319=ORIENTED_EDGE('',*,*,#1637,.T.);
#2320=ORIENTED_EDGE('',*,*,#1671,.T.);
#2321=ORIENTED_EDGE('',*,*,#1672,.T.);
#2322=ORIENTED_EDGE('',*,*,#1663,.T.);
#2323=ORIENTED_EDGE('',*,*,#1673,.T.);
#2324=ORIENTED_EDGE('',*,*,#1674,.F.);
#2325=ORIENTED_EDGE('',*,*,#1675,.F.);
#2326=ORIENTED_EDGE('',*,*,#1676,.F.);
#2327=ORIENTED_EDGE('',*,*,#1661,.T.);
#2328=ORIENTED_EDGE('',*,*,#1675,.T.);
#2329=ORIENTED_EDGE('',*,*,#1677,.T.);
#2330=ORIENTED_EDGE('',*,*,#1669,.T.);
#2331=ORIENTED_EDGE('',*,*,#1678,.T.);
#2332=ORIENTED_EDGE('',*,*,#1662,.T.);
#2333=ORIENTED_EDGE('',*,*,#1676,.T.);
#2334=ORIENTED_EDGE('',*,*,#1679,.T.);
#2335=ORIENTED_EDGE('',*,*,#1673,.F.);
#2336=ORIENTED_EDGE('',*,*,#1680,.T.);
#2337=ORIENTED_EDGE('',*,*,#1681,.T.);
#2338=ORIENTED_EDGE('',*,*,#1674,.T.);
#2339=ORIENTED_EDGE('',*,*,#1660,.T.);
#2340=ORIENTED_EDGE('',*,*,#1682,.T.);
#2341=ORIENTED_EDGE('',*,*,#1683,.T.);
#2342=ORIENTED_EDGE('',*,*,#1638,.T.);
#2343=ORIENTED_EDGE('',*,*,#1670,.T.);
#2344=ORIENTED_EDGE('',*,*,#1684,.T.);
#2345=ORIENTED_EDGE('',*,*,#1685,.T.);
#2346=ORIENTED_EDGE('',*,*,#1686,.T.);
#2347=ORIENTED_EDGE('',*,*,#1668,.T.);
#2348=ORIENTED_EDGE('',*,*,#1636,.T.);
#2349=ORIENTED_EDGE('',*,*,#1687,.T.);
#2350=ORIENTED_EDGE('',*,*,#1635,.T.);
#2351=ORIENTED_EDGE('',*,*,#1688,.T.);
#2352=ORIENTED_EDGE('',*,*,#1689,.T.);
#2353=ORIENTED_EDGE('',*,*,#1687,.F.);
#2354=ORIENTED_EDGE('',*,*,#1679,.F.);
#2355=ORIENTED_EDGE('',*,*,#1678,.F.);
#2356=ORIENTED_EDGE('',*,*,#1686,.F.);
#2357=ORIENTED_EDGE('',*,*,#1690,.T.);
#2358=ORIENTED_EDGE('',*,*,#1671,.F.);
#2359=ORIENTED_EDGE('',*,*,#1690,.F.);
#2360=ORIENTED_EDGE('',*,*,#1689,.F.);
#2361=ORIENTED_EDGE('',*,*,#1691,.T.);
#2362=ORIENTED_EDGE('',*,*,#1692,.F.);
#2363=ORIENTED_EDGE('',*,*,#1620,.F.);
#2364=ORIENTED_EDGE('',*,*,#1693,.F.);
#2365=ORIENTED_EDGE('',*,*,#1694,.T.);
#2366=ORIENTED_EDGE('',*,*,#1658,.T.);
#2367=ORIENTED_EDGE('',*,*,#1693,.T.);
#2368=ORIENTED_EDGE('',*,*,#1622,.T.);
#2369=ORIENTED_EDGE('',*,*,#1695,.T.);
#2370=ORIENTED_EDGE('',*,*,#1696,.T.);
#2371=ORIENTED_EDGE('',*,*,#1617,.T.);
#2372=ORIENTED_EDGE('',*,*,#1692,.T.);
#2373=ORIENTED_EDGE('',*,*,#1657,.T.);
#2374=ORIENTED_EDGE('',*,*,#1680,.F.);
#2375=ORIENTED_EDGE('',*,*,#1697,.T.);
#2376=ORIENTED_EDGE('',*,*,#1698,.T.);
#2377=ORIENTED_EDGE('',*,*,#1699,.T.);
#2378=ORIENTED_EDGE('',*,*,#1685,.F.);
#2379=ORIENTED_EDGE('',*,*,#1700,.T.);
#2380=ORIENTED_EDGE('',*,*,#1610,.F.);
#2381=ORIENTED_EDGE('',*,*,#1701,.T.);
#2382=ORIENTED_EDGE('',*,*,#1702,.T.);
#2383=ORIENTED_EDGE('',*,*,#1703,.T.);
#2384=ORIENTED_EDGE('',*,*,#1695,.F.);
#2385=ORIENTED_EDGE('',*,*,#1621,.T.);
#2386=ORIENTED_EDGE('',*,*,#1614,.F.);
#2387=ORIENTED_EDGE('',*,*,#1639,.T.);
#2388=ORIENTED_EDGE('',*,*,#1683,.F.);
#2389=ORIENTED_EDGE('',*,*,#1699,.F.);
#2390=ORIENTED_EDGE('',*,*,#1704,.T.);
#2391=ORIENTED_EDGE('',*,*,#1701,.F.);
#2392=ORIENTED_EDGE('',*,*,#1682,.F.);
#2393=ORIENTED_EDGE('',*,*,#1659,.T.);
#2394=ORIENTED_EDGE('',*,*,#1694,.F.);
#2395=ORIENTED_EDGE('',*,*,#1703,.F.);
#2396=ORIENTED_EDGE('',*,*,#1705,.T.);
#2397=ORIENTED_EDGE('',*,*,#1697,.F.);
#2398=ORIENTED_EDGE('',*,*,#1702,.F.);
#2399=ORIENTED_EDGE('',*,*,#1704,.F.);
#2400=ORIENTED_EDGE('',*,*,#1698,.F.);
#2401=ORIENTED_EDGE('',*,*,#1705,.F.);
#2402=ORIENTED_EDGE('',*,*,#1652,.F.);
#2403=ORIENTED_EDGE('',*,*,#1706,.F.);
#2404=ORIENTED_EDGE('',*,*,#1632,.F.);
#2405=ORIENTED_EDGE('',*,*,#1647,.F.);
#2406=ORIENTED_EDGE('',*,*,#1649,.F.);
#2407=ORIENTED_EDGE('',*,*,#1651,.F.);
#2408=ORIENTED_EDGE('',*,*,#1706,.T.);
#2409=ORIENTED_EDGE('',*,*,#1665,.F.);
#2410=ORIENTED_EDGE('',*,*,#1707,.F.);
#2411=ORIENTED_EDGE('',*,*,#1633,.F.);
#2412=ORIENTED_EDGE('',*,*,#1707,.T.);
#2413=ORIENTED_EDGE('',*,*,#1664,.F.);
#2414=ORIENTED_EDGE('',*,*,#1672,.F.);
#2415=ORIENTED_EDGE('',*,*,#1691,.F.);
#2416=ORIENTED_EDGE('',*,*,#1688,.F.);
#2417=ORIENTED_EDGE('',*,*,#1634,.F.);
#2418=ORIENTED_EDGE('',*,*,#1681,.F.);
#2419=ORIENTED_EDGE('',*,*,#1700,.F.);
#2420=ORIENTED_EDGE('',*,*,#1684,.F.);
#2421=ORIENTED_EDGE('',*,*,#1677,.F.);
#2422=ORIENTED_EDGE('',*,*,#1618,.T.);
#2423=ORIENTED_EDGE('',*,*,#1696,.F.);
#2424=ORIENTED_EDGE('',*,*,#1656,.F.);
#2425=ORIENTED_EDGE('',*,*,#1708,.F.);
#2426=ORIENTED_EDGE('',*,*,#1627,.F.);
#2427=ORIENTED_EDGE('',*,*,#1608,.F.);
#2428=ORIENTED_EDGE('',*,*,#1708,.T.);
#2429=ORIENTED_EDGE('',*,*,#1655,.F.);
#2430=ORIENTED_EDGE('',*,*,#1709,.F.);
#2431=ORIENTED_EDGE('',*,*,#1628,.F.);
#2432=ORIENTED_EDGE('',*,*,#1709,.T.);
#2433=ORIENTED_EDGE('',*,*,#1654,.F.);
#2434=ORIENTED_EDGE('',*,*,#1667,.F.);
#2435=ORIENTED_EDGE('',*,*,#1710,.F.);
#2436=ORIENTED_EDGE('',*,*,#1625,.F.);
#2437=ORIENTED_EDGE('',*,*,#1629,.F.);
#2438=ORIENTED_EDGE('',*,*,#1626,.F.);
#2439=ORIENTED_EDGE('',*,*,#1710,.T.);
#2440=ORIENTED_EDGE('',*,*,#1666,.F.);
#2441=ORIENTED_EDGE('',*,*,#1640,.F.);
#2442=ORIENTED_EDGE('',*,*,#1711,.F.);
#2443=ORIENTED_EDGE('',*,*,#1712,.F.);
#2444=ORIENTED_EDGE('',*,*,#1713,.F.);
#2445=ORIENTED_EDGE('',*,*,#1714,.F.);
#2446=ORIENTED_EDGE('',*,*,#1715,.F.);
#2447=ORIENTED_EDGE('',*,*,#1716,.F.);
#2448=ORIENTED_EDGE('',*,*,#1717,.F.);
#2449=ORIENTED_EDGE('',*,*,#1718,.F.);
#2450=ORIENTED_EDGE('',*,*,#1719,.F.);
#2451=ORIENTED_EDGE('',*,*,#1720,.F.);
#2452=ORIENTED_EDGE('',*,*,#1721,.F.);
#2453=ORIENTED_EDGE('',*,*,#1722,.F.);
#2454=ORIENTED_EDGE('',*,*,#1723,.F.);
#2455=ORIENTED_EDGE('',*,*,#1724,.T.);
#2456=ORIENTED_EDGE('',*,*,#1725,.T.);
#2457=ORIENTED_EDGE('',*,*,#1726,.T.);
#2458=ORIENTED_EDGE('',*,*,#1727,.T.);
#2459=ORIENTED_EDGE('',*,*,#1728,.T.);
#2460=ORIENTED_EDGE('',*,*,#1729,.T.);
#2461=ORIENTED_EDGE('',*,*,#1730,.T.);
#2462=ORIENTED_EDGE('',*,*,#1731,.T.);
#2463=ORIENTED_EDGE('',*,*,#1732,.T.);
#2464=ORIENTED_EDGE('',*,*,#1733,.T.);
#2465=ORIENTED_EDGE('',*,*,#1734,.T.);
#2466=ORIENTED_EDGE('',*,*,#1735,.T.);
#2467=ORIENTED_EDGE('',*,*,#1736,.T.);
#2468=ORIENTED_EDGE('',*,*,#1737,.T.);
#2469=ORIENTED_EDGE('',*,*,#1738,.T.);
#2470=ORIENTED_EDGE('',*,*,#1739,.T.);
#2471=ORIENTED_EDGE('',*,*,#1740,.F.);
#2472=ORIENTED_EDGE('',*,*,#1741,.F.);
#2473=ORIENTED_EDGE('',*,*,#1742,.F.);
#2474=ORIENTED_EDGE('',*,*,#1743,.F.);
#2475=ORIENTED_EDGE('',*,*,#1744,.F.);
#2476=ORIENTED_EDGE('',*,*,#1745,.F.);
#2477=ORIENTED_EDGE('',*,*,#1746,.F.);
#2478=ORIENTED_EDGE('',*,*,#1747,.F.);
#2479=ORIENTED_EDGE('',*,*,#1748,.F.);
#2480=ORIENTED_EDGE('',*,*,#1749,.F.);
#2481=ORIENTED_EDGE('',*,*,#1750,.F.);
#2482=ORIENTED_EDGE('',*,*,#1751,.F.);
#2483=ORIENTED_EDGE('',*,*,#1752,.F.);
#2484=ORIENTED_EDGE('',*,*,#1753,.F.);
#2485=ORIENTED_EDGE('',*,*,#1754,.F.);
#2486=ORIENTED_EDGE('',*,*,#1755,.F.);
#2487=ORIENTED_EDGE('',*,*,#1756,.F.);
#2488=ORIENTED_EDGE('',*,*,#1757,.F.);
#2489=ORIENTED_EDGE('',*,*,#1758,.F.);
#2490=ORIENTED_EDGE('',*,*,#1759,.F.);
#2491=ORIENTED_EDGE('',*,*,#1760,.F.);
#2492=ORIENTED_EDGE('',*,*,#1761,.F.);
#2493=ORIENTED_EDGE('',*,*,#1762,.F.);
#2494=ORIENTED_EDGE('',*,*,#1763,.F.);
#2495=ORIENTED_EDGE('',*,*,#1764,.F.);
#2496=ORIENTED_EDGE('',*,*,#1765,.F.);
#2497=ORIENTED_EDGE('',*,*,#1766,.F.);
#2498=ORIENTED_EDGE('',*,*,#1767,.F.);
#2499=ORIENTED_EDGE('',*,*,#1768,.F.);
#2500=ORIENTED_EDGE('',*,*,#1769,.F.);
#2501=ORIENTED_EDGE('',*,*,#1770,.F.);
#2502=ORIENTED_EDGE('',*,*,#1771,.F.);
#2503=ORIENTED_EDGE('',*,*,#1772,.F.);
#2504=ORIENTED_EDGE('',*,*,#1773,.F.);
#2505=ORIENTED_EDGE('',*,*,#1774,.F.);
#2506=ORIENTED_EDGE('',*,*,#1775,.F.);
#2507=ORIENTED_EDGE('',*,*,#1776,.F.);
#2508=ORIENTED_EDGE('',*,*,#1777,.F.);
#2509=ORIENTED_EDGE('',*,*,#1778,.F.);
#2510=ORIENTED_EDGE('',*,*,#1779,.F.);
#2511=ORIENTED_EDGE('',*,*,#1780,.F.);
#2512=ORIENTED_EDGE('',*,*,#1781,.F.);
#2513=ORIENTED_EDGE('',*,*,#1782,.F.);
#2514=ORIENTED_EDGE('',*,*,#1783,.F.);
#2515=ORIENTED_EDGE('',*,*,#1784,.F.);
#2516=ORIENTED_EDGE('',*,*,#1785,.F.);
#2517=ORIENTED_EDGE('',*,*,#1786,.F.);
#2518=ORIENTED_EDGE('',*,*,#1787,.F.);
#2519=ORIENTED_EDGE('',*,*,#1788,.F.);
#2520=ORIENTED_EDGE('',*,*,#1789,.F.);
#2521=ORIENTED_EDGE('',*,*,#1790,.F.);
#2522=ORIENTED_EDGE('',*,*,#1791,.F.);
#2523=ORIENTED_EDGE('',*,*,#1792,.F.);
#2524=ORIENTED_EDGE('',*,*,#1793,.F.);
#2525=ORIENTED_EDGE('',*,*,#1794,.F.);
#2526=ORIENTED_EDGE('',*,*,#1795,.F.);
#2527=ORIENTED_EDGE('',*,*,#1796,.F.);
#2528=ORIENTED_EDGE('',*,*,#1797,.F.);
#2529=ORIENTED_EDGE('',*,*,#1798,.T.);
#2530=ORIENTED_EDGE('',*,*,#1799,.T.);
#2531=ORIENTED_EDGE('',*,*,#1800,.T.);
#2532=ORIENTED_EDGE('',*,*,#1801,.T.);
#2533=ORIENTED_EDGE('',*,*,#1801,.F.);
#2534=ORIENTED_EDGE('',*,*,#1802,.T.);
#2535=ORIENTED_EDGE('',*,*,#1802,.F.);
#2536=ORIENTED_EDGE('',*,*,#1803,.T.);
#2537=ORIENTED_EDGE('',*,*,#1804,.T.);
#2538=ORIENTED_EDGE('',*,*,#1805,.T.);
#2539=ORIENTED_EDGE('',*,*,#1806,.T.);
#2540=ORIENTED_EDGE('',*,*,#1807,.T.);
#2541=ORIENTED_EDGE('',*,*,#1808,.T.);
#2542=ORIENTED_EDGE('',*,*,#1809,.F.);
#2543=ORIENTED_EDGE('',*,*,#1809,.T.);
#2544=ORIENTED_EDGE('',*,*,#1810,.T.);
#2545=ORIENTED_EDGE('',*,*,#1810,.F.);
#2546=ORIENTED_EDGE('',*,*,#1811,.T.);
#2547=ORIENTED_EDGE('',*,*,#1812,.T.);
#2548=ORIENTED_EDGE('',*,*,#1813,.T.);
#2549=ORIENTED_EDGE('',*,*,#1814,.T.);
#2550=ORIENTED_EDGE('',*,*,#1815,.T.);
#2551=ORIENTED_EDGE('',*,*,#1816,.T.);
#2552=ORIENTED_EDGE('',*,*,#1817,.T.);
#2553=ORIENTED_EDGE('',*,*,#1817,.F.);
#2554=ORIENTED_EDGE('',*,*,#1818,.T.);
#2555=ORIENTED_EDGE('',*,*,#1818,.F.);
#2556=ORIENTED_EDGE('',*,*,#1819,.T.);
#2557=ORIENTED_EDGE('',*,*,#1820,.T.);
#2558=ORIENTED_EDGE('',*,*,#1821,.T.);
#2559=ORIENTED_EDGE('',*,*,#1822,.T.);
#2560=ORIENTED_EDGE('',*,*,#1823,.T.);
#2561=ORIENTED_EDGE('',*,*,#1824,.T.);
#2562=ORIENTED_EDGE('',*,*,#1825,.T.);
#2563=ORIENTED_EDGE('',*,*,#1825,.F.);
#2564=ORIENTED_EDGE('',*,*,#1826,.T.);
#2565=ORIENTED_EDGE('',*,*,#1826,.F.);
#2566=ORIENTED_EDGE('',*,*,#1827,.T.);
#2567=ORIENTED_EDGE('',*,*,#1828,.T.);
#2568=ORIENTED_EDGE('',*,*,#1829,.T.);
#2569=ORIENTED_EDGE('',*,*,#1830,.F.);
#2570=ORIENTED_EDGE('',*,*,#1831,.F.);
#2571=ORIENTED_EDGE('',*,*,#1832,.F.);
#2572=ORIENTED_EDGE('',*,*,#1833,.F.);
#2573=ORIENTED_EDGE('',*,*,#1711,.T.);
#2574=ORIENTED_EDGE('',*,*,#1723,.T.);
#2575=ORIENTED_EDGE('',*,*,#1722,.T.);
#2576=ORIENTED_EDGE('',*,*,#1721,.T.);
#2577=ORIENTED_EDGE('',*,*,#1720,.T.);
#2578=ORIENTED_EDGE('',*,*,#1719,.T.);
#2579=ORIENTED_EDGE('',*,*,#1718,.T.);
#2580=ORIENTED_EDGE('',*,*,#1717,.T.);
#2581=ORIENTED_EDGE('',*,*,#1716,.T.);
#2582=ORIENTED_EDGE('',*,*,#1715,.T.);
#2583=ORIENTED_EDGE('',*,*,#1714,.T.);
#2584=ORIENTED_EDGE('',*,*,#1713,.T.);
#2585=ORIENTED_EDGE('',*,*,#1712,.T.);
#2586=ORIENTED_EDGE('',*,*,#1740,.T.);
#2587=ORIENTED_EDGE('',*,*,#1764,.T.);
#2588=ORIENTED_EDGE('',*,*,#1763,.T.);
#2589=ORIENTED_EDGE('',*,*,#1762,.T.);
#2590=ORIENTED_EDGE('',*,*,#1761,.T.);
#2591=ORIENTED_EDGE('',*,*,#1760,.T.);
#2592=ORIENTED_EDGE('',*,*,#1759,.T.);
#2593=ORIENTED_EDGE('',*,*,#1758,.T.);
#2594=ORIENTED_EDGE('',*,*,#1757,.T.);
#2595=ORIENTED_EDGE('',*,*,#1756,.T.);
#2596=ORIENTED_EDGE('',*,*,#1755,.T.);
#2597=ORIENTED_EDGE('',*,*,#1754,.T.);
#2598=ORIENTED_EDGE('',*,*,#1753,.T.);
#2599=ORIENTED_EDGE('',*,*,#1752,.T.);
#2600=ORIENTED_EDGE('',*,*,#1751,.T.);
#2601=ORIENTED_EDGE('',*,*,#1750,.T.);
#2602=ORIENTED_EDGE('',*,*,#1749,.T.);
#2603=ORIENTED_EDGE('',*,*,#1748,.T.);
#2604=ORIENTED_EDGE('',*,*,#1747,.T.);
#2605=ORIENTED_EDGE('',*,*,#1746,.T.);
#2606=ORIENTED_EDGE('',*,*,#1745,.T.);
#2607=ORIENTED_EDGE('',*,*,#1744,.T.);
#2608=ORIENTED_EDGE('',*,*,#1743,.T.);
#2609=ORIENTED_EDGE('',*,*,#1742,.T.);
#2610=ORIENTED_EDGE('',*,*,#1741,.T.);
#2611=ORIENTED_EDGE('',*,*,#1765,.T.);
#2612=ORIENTED_EDGE('',*,*,#1773,.T.);
#2613=ORIENTED_EDGE('',*,*,#1772,.T.);
#2614=ORIENTED_EDGE('',*,*,#1771,.T.);
#2615=ORIENTED_EDGE('',*,*,#1770,.T.);
#2616=ORIENTED_EDGE('',*,*,#1769,.T.);
#2617=ORIENTED_EDGE('',*,*,#1768,.T.);
#2618=ORIENTED_EDGE('',*,*,#1767,.T.);
#2619=ORIENTED_EDGE('',*,*,#1766,.T.);
#2620=ORIENTED_EDGE('',*,*,#1834,.T.);
#2621=ORIENTED_EDGE('',*,*,#1835,.T.);
#2622=ORIENTED_EDGE('',*,*,#1836,.T.);
#2623=ORIENTED_EDGE('',*,*,#1837,.T.);
#2624=ORIENTED_EDGE('',*,*,#1838,.T.);
#2625=ORIENTED_EDGE('',*,*,#1839,.T.);
#2626=ORIENTED_EDGE('',*,*,#1840,.T.);
#2627=ORIENTED_EDGE('',*,*,#1841,.T.);
#2628=ORIENTED_EDGE('',*,*,#1842,.T.);
#2629=ORIENTED_EDGE('',*,*,#1843,.T.);
#2630=ORIENTED_EDGE('',*,*,#1844,.T.);
#2631=ORIENTED_EDGE('',*,*,#1845,.T.);
#2632=ORIENTED_EDGE('',*,*,#1846,.T.);
#2633=ORIENTED_EDGE('',*,*,#1846,.F.);
#2634=ORIENTED_EDGE('',*,*,#1796,.T.);
#2635=ORIENTED_EDGE('',*,*,#1795,.T.);
#2636=ORIENTED_EDGE('',*,*,#1794,.T.);
#2637=ORIENTED_EDGE('',*,*,#1793,.T.);
#2638=ORIENTED_EDGE('',*,*,#1792,.T.);
#2639=ORIENTED_EDGE('',*,*,#1791,.T.);
#2640=ORIENTED_EDGE('',*,*,#1847,.F.);
#2641=ORIENTED_EDGE('',*,*,#1847,.T.);
#2642=ORIENTED_EDGE('',*,*,#1848,.T.);
#2643=ORIENTED_EDGE('',*,*,#1848,.F.);
#2644=ORIENTED_EDGE('',*,*,#1790,.T.);
#2645=ORIENTED_EDGE('',*,*,#1789,.T.);
#2646=ORIENTED_EDGE('',*,*,#1788,.T.);
#2647=ORIENTED_EDGE('',*,*,#1787,.T.);
#2648=ORIENTED_EDGE('',*,*,#1786,.T.);
#2649=ORIENTED_EDGE('',*,*,#1785,.T.);
#2650=ORIENTED_EDGE('',*,*,#1849,.F.);
#2651=ORIENTED_EDGE('',*,*,#1849,.T.);
#2652=ORIENTED_EDGE('',*,*,#1850,.T.);
#2653=ORIENTED_EDGE('',*,*,#1850,.F.);
#2654=ORIENTED_EDGE('',*,*,#1784,.T.);
#2655=ORIENTED_EDGE('',*,*,#1783,.T.);
#2656=ORIENTED_EDGE('',*,*,#1782,.T.);
#2657=ORIENTED_EDGE('',*,*,#1781,.T.);
#2658=ORIENTED_EDGE('',*,*,#1780,.T.);
#2659=ORIENTED_EDGE('',*,*,#1779,.T.);
#2660=ORIENTED_EDGE('',*,*,#1851,.F.);
#2661=ORIENTED_EDGE('',*,*,#1851,.T.);
#2662=ORIENTED_EDGE('',*,*,#1852,.T.);
#2663=ORIENTED_EDGE('',*,*,#1852,.F.);
#2664=ORIENTED_EDGE('',*,*,#1778,.T.);
#2665=ORIENTED_EDGE('',*,*,#1777,.T.);
#2666=ORIENTED_EDGE('',*,*,#1776,.T.);
#2667=ORIENTED_EDGE('',*,*,#1775,.T.);
#2668=ORIENTED_EDGE('',*,*,#1774,.T.);
#2669=ORIENTED_EDGE('',*,*,#1797,.T.);
#2670=ORIENTED_EDGE('',*,*,#1845,.F.);
#2671=ORIENTED_EDGE('',*,*,#1834,.F.);
#2672=ORIENTED_EDGE('',*,*,#1844,.F.);
#2673=ORIENTED_EDGE('',*,*,#1843,.F.);
#2674=ORIENTED_EDGE('',*,*,#1842,.F.);
#2675=ORIENTED_EDGE('',*,*,#1841,.F.);
#2676=ORIENTED_EDGE('',*,*,#1840,.F.);
#2677=ORIENTED_EDGE('',*,*,#1839,.F.);
#2678=ORIENTED_EDGE('',*,*,#1838,.F.);
#2679=ORIENTED_EDGE('',*,*,#1837,.F.);
#2680=ORIENTED_EDGE('',*,*,#1836,.F.);
#2681=ORIENTED_EDGE('',*,*,#1835,.F.);
#2682=ORIENTED_EDGE('',*,*,#1853,.T.);
#2683=ORIENTED_EDGE('',*,*,#1854,.T.);
#2684=ORIENTED_EDGE('',*,*,#1855,.T.);
#2685=ORIENTED_EDGE('',*,*,#1813,.F.);
#2686=ORIENTED_EDGE('',*,*,#1812,.F.);
#2687=ORIENTED_EDGE('',*,*,#1811,.F.);
#2688=ORIENTED_EDGE('',*,*,#1808,.F.);
#2689=ORIENTED_EDGE('',*,*,#1807,.F.);
#2690=ORIENTED_EDGE('',*,*,#1806,.F.);
#2691=ORIENTED_EDGE('',*,*,#1805,.F.);
#2692=ORIENTED_EDGE('',*,*,#1804,.F.);
#2693=ORIENTED_EDGE('',*,*,#1803,.F.);
#2694=ORIENTED_EDGE('',*,*,#1800,.F.);
#2695=ORIENTED_EDGE('',*,*,#1799,.F.);
#2696=ORIENTED_EDGE('',*,*,#1798,.F.);
#2697=ORIENTED_EDGE('',*,*,#1724,.F.);
#2698=ORIENTED_EDGE('',*,*,#1731,.F.);
#2699=ORIENTED_EDGE('',*,*,#1730,.F.);
#2700=ORIENTED_EDGE('',*,*,#1729,.F.);
#2701=ORIENTED_EDGE('',*,*,#1728,.F.);
#2702=ORIENTED_EDGE('',*,*,#1727,.F.);
#2703=ORIENTED_EDGE('',*,*,#1726,.F.);
#2704=ORIENTED_EDGE('',*,*,#1725,.F.);
#2705=ORIENTED_EDGE('',*,*,#1732,.F.);
#2706=ORIENTED_EDGE('',*,*,#1739,.F.);
#2707=ORIENTED_EDGE('',*,*,#1738,.F.);
#2708=ORIENTED_EDGE('',*,*,#1737,.F.);
#2709=ORIENTED_EDGE('',*,*,#1736,.F.);
#2710=ORIENTED_EDGE('',*,*,#1735,.F.);
#2711=ORIENTED_EDGE('',*,*,#1734,.F.);
#2712=ORIENTED_EDGE('',*,*,#1733,.F.);
#2713=ORIENTED_EDGE('',*,*,#1853,.F.);
#2714=ORIENTED_EDGE('',*,*,#1855,.F.);
#2715=ORIENTED_EDGE('',*,*,#1854,.F.);
#2716=ORIENTED_EDGE('',*,*,#1830,.T.);
#2717=ORIENTED_EDGE('',*,*,#1856,.T.);
#2718=ORIENTED_EDGE('',*,*,#1857,.T.);
#2719=ORIENTED_EDGE('',*,*,#1858,.F.);
#2720=ORIENTED_EDGE('',*,*,#1859,.T.);
#2721=ORIENTED_EDGE('',*,*,#1860,.T.);
#2722=ORIENTED_EDGE('',*,*,#1861,.T.);
#2723=ORIENTED_EDGE('',*,*,#1831,.T.);
#2724=ORIENTED_EDGE('',*,*,#1858,.T.);
#2725=ORIENTED_EDGE('',*,*,#1862,.T.);
#2726=ORIENTED_EDGE('',*,*,#1863,.T.);
#2727=ORIENTED_EDGE('',*,*,#1864,.T.);
#2728=ORIENTED_EDGE('',*,*,#1832,.T.);
#2729=ORIENTED_EDGE('',*,*,#1861,.F.);
#2730=ORIENTED_EDGE('',*,*,#1833,.T.);
#2731=ORIENTED_EDGE('',*,*,#1864,.F.);
#2732=ORIENTED_EDGE('',*,*,#1865,.T.);
#2733=ORIENTED_EDGE('',*,*,#1866,.T.);
#2734=ORIENTED_EDGE('',*,*,#1867,.T.);
#2735=ORIENTED_EDGE('',*,*,#1856,.F.);
#2736=ORIENTED_EDGE('',*,*,#1862,.F.);
#2737=ORIENTED_EDGE('',*,*,#1857,.F.);
#2738=ORIENTED_EDGE('',*,*,#1867,.F.);
#2739=ORIENTED_EDGE('',*,*,#1868,.T.);
#2740=ORIENTED_EDGE('',*,*,#1869,.T.);
#2741=ORIENTED_EDGE('',*,*,#1870,.T.);
#2742=ORIENTED_EDGE('',*,*,#1866,.F.);
#2743=ORIENTED_EDGE('',*,*,#1871,.F.);
#2744=ORIENTED_EDGE('',*,*,#1872,.F.);
#2745=ORIENTED_EDGE('',*,*,#1868,.F.);
#2746=ORIENTED_EDGE('',*,*,#1829,.F.);
#2747=ORIENTED_EDGE('',*,*,#1828,.F.);
#2748=ORIENTED_EDGE('',*,*,#1827,.F.);
#2749=ORIENTED_EDGE('',*,*,#1824,.F.);
#2750=ORIENTED_EDGE('',*,*,#1823,.F.);
#2751=ORIENTED_EDGE('',*,*,#1822,.F.);
#2752=ORIENTED_EDGE('',*,*,#1821,.F.);
#2753=ORIENTED_EDGE('',*,*,#1820,.F.);
#2754=ORIENTED_EDGE('',*,*,#1819,.F.);
#2755=ORIENTED_EDGE('',*,*,#1816,.F.);
#2756=ORIENTED_EDGE('',*,*,#1815,.F.);
#2757=ORIENTED_EDGE('',*,*,#1814,.F.);
#2758=ORIENTED_EDGE('',*,*,#1859,.F.);
#2759=ORIENTED_EDGE('',*,*,#1870,.F.);
#2760=ORIENTED_EDGE('',*,*,#1873,.F.);
#2761=ORIENTED_EDGE('',*,*,#1874,.F.);
#2762=ORIENTED_EDGE('',*,*,#1873,.T.);
#2763=ORIENTED_EDGE('',*,*,#1875,.T.);
#2764=ORIENTED_EDGE('',*,*,#1860,.F.);
#2765=ORIENTED_EDGE('',*,*,#1874,.T.);
#2766=ORIENTED_EDGE('',*,*,#1876,.F.);
#2767=ORIENTED_EDGE('',*,*,#1871,.T.);
#2768=ORIENTED_EDGE('',*,*,#1865,.F.);
#2769=ORIENTED_EDGE('',*,*,#1863,.F.);
#2770=ORIENTED_EDGE('',*,*,#1877,.T.);
#2771=ORIENTED_EDGE('',*,*,#1876,.T.);
#2772=ORIENTED_EDGE('',*,*,#1875,.F.);
#2773=ORIENTED_EDGE('',*,*,#1869,.F.);
#2774=ORIENTED_EDGE('',*,*,#1872,.T.);
#2775=ORIENTED_EDGE('',*,*,#1877,.F.);
#2776=CYLINDRICAL_SURFACE('',#2980,0.127);
#2777=CYLINDRICAL_SURFACE('',#2985,0.127);
#2778=CYLINDRICAL_SURFACE('',#2997,0.127);
#2779=CYLINDRICAL_SURFACE('',#2998,0.127);
#2780=CYLINDRICAL_SURFACE('',#3000,0.127);
#2781=CYLINDRICAL_SURFACE('',#3003,0.127);
#2782=CYLINDRICAL_SURFACE('',#3006,0.127);
#2783=CYLINDRICAL_SURFACE('',#3013,0.127);
#2784=CYLINDRICAL_SURFACE('',#3024,0.127);
#2785=CYLINDRICAL_SURFACE('',#3025,0.127);
#2786=CYLINDRICAL_SURFACE('',#3027,0.127);
#2787=CYLINDRICAL_SURFACE('',#3029,0.127);
#2788=CYLINDRICAL_SURFACE('',#3031,0.127);
#2789=CYLINDRICAL_SURFACE('',#3032,0.127);
#2790=CYLINDRICAL_SURFACE('',#3037,0.127);
#2791=CYLINDRICAL_SURFACE('',#3041,0.127);
#2792=CYLINDRICAL_SURFACE('',#3057,0.127);
#2793=CYLINDRICAL_SURFACE('',#3066,0.127);
#2794=CYLINDRICAL_SURFACE('',#3071,0.127);
#2795=CYLINDRICAL_SURFACE('',#3074,0.127);
#2796=CYLINDRICAL_SURFACE('',#3078,0.127);
#2797=CYLINDRICAL_SURFACE('',#3084,0.127);
#2798=CYLINDRICAL_SURFACE('',#3086,0.127);
#2799=CYLINDRICAL_SURFACE('',#3090,0.127);
#2800=CYLINDRICAL_SURFACE('',#3103,0.127);
#2801=CYLINDRICAL_SURFACE('',#3106,0.127);
#2802=CYLINDRICAL_SURFACE('',#3113,0.127);
#2803=CYLINDRICAL_SURFACE('',#3116,0.127);
#2804=CYLINDRICAL_SURFACE('',#3125,0.127);
#2805=CYLINDRICAL_SURFACE('',#3128,0.127);
#2806=CYLINDRICAL_SURFACE('',#3132,0.127);
#2807=CYLINDRICAL_SURFACE('',#3138,0.127);
#2808=CYLINDRICAL_SURFACE('',#3145,0.127);
#2809=CYLINDRICAL_SURFACE('',#3146,0.127);
#2810=CYLINDRICAL_SURFACE('',#3147,0.127);
#2811=CYLINDRICAL_SURFACE('',#3150,0.127);
#2812=CYLINDRICAL_SURFACE('',#3153,0.127);
#2813=CYLINDRICAL_SURFACE('',#3155,0.127);
#2814=CYLINDRICAL_SURFACE('',#3162,0.127);
#2815=CYLINDRICAL_SURFACE('',#3165,0.127);
#2816=CYLINDRICAL_SURFACE('',#3191,0.0254);
#2817=CYLINDRICAL_SURFACE('',#3194,0.0254);
#2818=CYLINDRICAL_SURFACE('',#3198,0.0254);
#2819=CYLINDRICAL_SURFACE('',#3200,0.0254);
#2820=CYLINDRICAL_SURFACE('',#3210,2.31646588773729);
#2821=ADVANCED_FACE('',(#268),#2776,.T.);
#2822=ADVANCED_FACE('',(#269),#191,.T.);
#2823=ADVANCED_FACE('',(#270),#2777,.T.);
#2824=ADVANCED_FACE('',(#271),#192,.T.);
#2825=ADVANCED_FACE('',(#272),#187,.T.);
#2826=ADVANCED_FACE('',(#273),#188,.T.);
#2827=ADVANCED_FACE('',(#274),#2778,.T.);
#2828=ADVANCED_FACE('',(#275),#2779,.T.);
#2829=ADVANCED_FACE('',(#276),#2780,.T.);
#2830=ADVANCED_FACE('',(#277),#2781,.T.);
#2831=ADVANCED_FACE('',(#278),#2782,.T.);
#2832=ADVANCED_FACE('',(#279),#193,.T.);
#2833=ADVANCED_FACE('',(#280),#194,.T.);
#2834=ADVANCED_FACE('',(#281),#195,.T.);
#2835=ADVANCED_FACE('',(#282),#2783,.T.);
#2836=ADVANCED_FACE('',(#283),#143,.T.);
#2837=ADVANCED_FACE('',(#284),#144,.T.);
#2838=ADVANCED_FACE('',(#285),#2784,.F.);
#2839=ADVANCED_FACE('',(#286),#2785,.T.);
#2840=ADVANCED_FACE('',(#287),#2786,.T.);
#2841=ADVANCED_FACE('',(#288),#2787,.T.);
#2842=ADVANCED_FACE('',(#289),#2788,.T.);
#2843=ADVANCED_FACE('',(#290),#2789,.T.);
#2844=ADVANCED_FACE('',(#291),#196,.T.);
#2845=ADVANCED_FACE('',(#292),#197,.T.);
#2846=ADVANCED_FACE('',(#293),#2790,.T.);
#2847=ADVANCED_FACE('',(#294),#198,.T.);
#2848=ADVANCED_FACE('',(#295),#2791,.T.);
#2849=ADVANCED_FACE('',(#296),#199,.T.);
#2850=ADVANCED_FACE('',(#297),#200,.T.);
#2851=ADVANCED_FACE('',(#298),#201,.T.);
#2852=ADVANCED_FACE('',(#299),#202,.T.);
#2853=ADVANCED_FACE('',(#300),#203,.T.);
#2854=ADVANCED_FACE('',(#301),#204,.T.);
#2855=ADVANCED_FACE('',(#302),#205,.T.);
#2856=ADVANCED_FACE('',(#303),#206,.T.);
#2857=ADVANCED_FACE('',(#304),#207,.T.);
#2858=ADVANCED_FACE('',(#305),#208,.T.);
#2859=ADVANCED_FACE('',(#306),#209,.T.);
#2860=ADVANCED_FACE('',(#307),#210,.T.);
#2861=ADVANCED_FACE('',(#308),#211,.T.);
#2862=ADVANCED_FACE('',(#309),#2792,.T.);
#2863=ADVANCED_FACE('',(#310),#212,.T.);
#2864=ADVANCED_FACE('',(#311),#213,.T.);
#2865=ADVANCED_FACE('',(#312),#214,.T.);
#2866=ADVANCED_FACE('',(#313),#2793,.T.);
#2867=ADVANCED_FACE('',(#314),#215,.T.);
#2868=ADVANCED_FACE('',(#315),#2794,.T.);
#2869=ADVANCED_FACE('',(#316),#2795,.T.);
#2870=ADVANCED_FACE('',(#317),#216,.T.);
#2871=ADVANCED_FACE('',(#318),#2796,.T.);
#2872=ADVANCED_FACE('',(#319),#217,.T.);
#2873=ADVANCED_FACE('',(#320),#218,.T.);
#2874=ADVANCED_FACE('',(#321),#2797,.T.);
#2875=ADVANCED_FACE('',(#322),#2798,.T.);
#2876=ADVANCED_FACE('',(#323),#219,.T.);
#2877=ADVANCED_FACE('',(#324),#2799,.T.);
#2878=ADVANCED_FACE('',(#325),#220,.T.);
#2879=ADVANCED_FACE('',(#326),#221,.T.);
#2880=ADVANCED_FACE('',(#327),#222,.T.);
#2881=ADVANCED_FACE('',(#328),#223,.T.);
#2882=ADVANCED_FACE('',(#329),#224,.T.);
#2883=ADVANCED_FACE('',(#330),#225,.T.);
#2884=ADVANCED_FACE('',(#331),#226,.T.);
#2885=ADVANCED_FACE('',(#332),#227,.T.);
#2886=ADVANCED_FACE('',(#333),#228,.T.);
#2887=ADVANCED_FACE('',(#334),#229,.T.);
#2888=ADVANCED_FACE('',(#335),#2800,.T.);
#2889=ADVANCED_FACE('',(#336),#2801,.T.);
#2890=ADVANCED_FACE('',(#337),#189,.T.);
#2891=ADVANCED_FACE('',(#338),#230,.T.);
#2892=ADVANCED_FACE('',(#339),#2802,.T.);
#2893=ADVANCED_FACE('',(#340),#231,.T.);
#2894=ADVANCED_FACE('',(#341),#2803,.T.);
#2895=ADVANCED_FACE('',(#342),#232,.T.);
#2896=ADVANCED_FACE('',(#343),#233,.T.);
#2897=ADVANCED_FACE('',(#344),#2804,.T.);
#2898=ADVANCED_FACE('',(#345),#234,.T.);
#2899=ADVANCED_FACE('',(#346),#2805,.T.);
#2900=ADVANCED_FACE('',(#347),#235,.T.);
#2901=ADVANCED_FACE('',(#348),#2806,.T.);
#2902=ADVANCED_FACE('',(#349),#145,.T.);
#2903=ADVANCED_FACE('',(#350),#2807,.T.);
#2904=ADVANCED_FACE('',(#351),#146,.T.);
#2905=ADVANCED_FACE('',(#352),#2808,.F.);
#2906=ADVANCED_FACE('',(#353),#2809,.T.);
#2907=ADVANCED_FACE('',(#354),#2810,.T.);
#2908=ADVANCED_FACE('',(#355),#2811,.T.);
#2909=ADVANCED_FACE('',(#356),#2812,.T.);
#2910=ADVANCED_FACE('',(#357),#2813,.T.);
#2911=ADVANCED_FACE('',(#358),#236,.T.);
#2912=ADVANCED_FACE('',(#359),#237,.T.);
#2913=ADVANCED_FACE('',(#360),#190,.T.);
#2914=ADVANCED_FACE('',(#361),#2814,.T.);
#2915=ADVANCED_FACE('',(#362),#2815,.T.);
#2916=ADVANCED_FACE('',(#363),#238,.T.);
#2917=ADVANCED_FACE('',(#364),#239,.T.);
#2918=ADVANCED_FACE('',(#365),#240,.T.);
#2919=ADVANCED_FACE('',(#366),#241,.T.);
#2920=ADVANCED_FACE('',(#367),#242,.T.);
#2921=ADVANCED_FACE('',(#368),#243,.T.);
#2922=ADVANCED_FACE('',(#369),#244,.T.);
#2923=ADVANCED_FACE('',(#370),#245,.T.);
#2924=ADVANCED_FACE('',(#371),#246,.T.);
#2925=ADVANCED_FACE('',(#372),#247,.T.);
#2926=ADVANCED_FACE('',(#373),#248,.T.);
#2927=ADVANCED_FACE('',(#374),#249,.T.);
#2928=ADVANCED_FACE('',(#375),#250,.T.);
#2929=ADVANCED_FACE('',(#376,#22,#23),#251,.T.);
#2930=ADVANCED_FACE('',(#377),#252,.T.);
#2931=ADVANCED_FACE('',(#378),#253,.T.);
#2932=ADVANCED_FACE('',(#379,#24,#25),#254,.T.);
#2933=ADVANCED_FACE('',(#380,#26,#27,#28,#29,#30),#255,.T.);
#2934=ADVANCED_FACE('',(#381,#31),#256,.T.);
#2935=ADVANCED_FACE('',(#382),#257,.T.);
#2936=ADVANCED_FACE('',(#383),#258,.T.);
#2937=ADVANCED_FACE('',(#384),#259,.T.);
#2938=ADVANCED_FACE('',(#385),#260,.T.);
#2939=ADVANCED_FACE('',(#386),#2816,.T.);
#2940=ADVANCED_FACE('',(#387),#2817,.T.);
#2941=ADVANCED_FACE('',(#388),#2818,.T.);
#2942=ADVANCED_FACE('',(#389),#2819,.T.);
#2943=ADVANCED_FACE('',(#390),#261,.T.);
#2944=ADVANCED_FACE('',(#391),#262,.F.);
#2945=ADVANCED_FACE('',(#392),#263,.T.);
#2946=ADVANCED_FACE('',(#393),#264,.F.);
#2947=ADVANCED_FACE('',(#394),#265,.T.);
#2948=ADVANCED_FACE('',(#395),#266,.T.);
#2949=ADVANCED_FACE('',(#396),#2820,.T.);
#2950=ADVANCED_FACE('',(#397),#267,.F.);
#2951=CLOSED_SHELL('',(#2821,#2822,#2823,#2824,#2825,#2826,#2827,#2828,
#2829,#2830,#2831,#2832,#2833,#2834,#2835,#2836,#2837,#2838,#2839,#2840,
#2841,#2842,#2843,#2844,#2845,#2846,#2847,#2848,#2849,#2850,#2851,#2852,
#2853,#2854,#2855,#2856,#2857,#2858,#2859,#2860,#2861));
#2952=CLOSED_SHELL('',(#2862,#2863,#2864,#2865,#2866,#2867,#2868,#2869,
#2870,#2871,#2872,#2873,#2874,#2875,#2876,#2877,#2878,#2879,#2880,#2881,
#2882,#2883,#2884,#2885,#2886,#2887));
#2953=CLOSED_SHELL('',(#2888,#2889,#2890,#2891,#2892,#2893,#2894,#2895,
#2896,#2897,#2898,#2899,#2900,#2901,#2902,#2903,#2904,#2905,#2906,#2907,
#2908,#2909,#2910,#2911,#2912,#2913,#2914,#2915,#2916,#2917,#2918,#2919,
#2920,#2921,#2922,#2923,#2924,#2925,#2926,#2927,#2928));
#2954=CLOSED_SHELL('',(#2929,#2930,#2931,#2932,#2933,#2934,#2935,#2936,
#2937,#2938,#2939,#2940,#2941,#2942,#2943,#2944,#2945,#2946,#2947,#2948,
#2949,#2950));
#2955=DERIVED_UNIT_ELEMENT(#2959,1.);
#2956=DERIVED_UNIT_ELEMENT(#5364,-3.);
#2957=DERIVED_UNIT_ELEMENT(#2959,1.);
#2958=DERIVED_UNIT_ELEMENT(#5364,-3.);
#2959=(
MASS_UNIT()
NAMED_UNIT(*)
SI_UNIT(.KILO.,.GRAM.)
);
#2960=DERIVED_UNIT((#2955,#2956));
#2961=DERIVED_UNIT((#2957,#2958));
#2962=MEASURE_REPRESENTATION_ITEM('density measure',
POSITIVE_RATIO_MEASURE(7850.),#2960);
#2963=MEASURE_REPRESENTATION_ITEM('density measure',
POSITIVE_RATIO_MEASURE(7850.),#2961);
#2964=PROPERTY_DEFINITION_REPRESENTATION(#2974,#2968);
#2965=PROPERTY_DEFINITION_REPRESENTATION(#2975,#2969);
#2966=PROPERTY_DEFINITION_REPRESENTATION(#2976,#2970);
#2967=PROPERTY_DEFINITION_REPRESENTATION(#2977,#2971);
#2968=REPRESENTATION('material name',(#2972),#5360);
#2969=REPRESENTATION('density',(#2962),#5360);
#2970=REPRESENTATION('material name',(#2973),#5361);
#2971=REPRESENTATION('density',(#2963),#5361);
#2972=DESCRIPTIVE_REPRESENTATION_ITEM('Steel','Steel');
#2973=DESCRIPTIVE_REPRESENTATION_ITEM('Steel','Steel');
#2974=PROPERTY_DEFINITION('material property','material name',#5380);
#2975=PROPERTY_DEFINITION('material property','density of part',#5380);
#2976=PROPERTY_DEFINITION('material property','material name',#5381);
#2977=PROPERTY_DEFINITION('material property','density of part',#5381);
#2978=AXIS2_PLACEMENT_3D('',#3946,#3216,#3217);
#2979=AXIS2_PLACEMENT_3D('',#3947,#3218,#3219);
#2980=AXIS2_PLACEMENT_3D('',#3948,#3220,#3221);
#2981=AXIS2_PLACEMENT_3D('',#3951,#3222,#3223);
#2982=AXIS2_PLACEMENT_3D('',#3955,#3225,#3226);
#2983=AXIS2_PLACEMENT_3D('',#3957,#3228,#3229);
#2984=AXIS2_PLACEMENT_3D('',#3973,#3237,#3238);
#2985=AXIS2_PLACEMENT_3D('',#3987,#3246,#3247);
#2986=AXIS2_PLACEMENT_3D('',#3989,#3248,#3249);
#2987=AXIS2_PLACEMENT_3D('',#3991,#3250,#3251);
#2988=AXIS2_PLACEMENT_3D('',#3993,#3253,#3254);
#2989=AXIS2_PLACEMENT_3D('',#3999,#3258,#3259);
#2990=AXIS2_PLACEMENT_3D('',#4001,#3260,#3261);
#2991=AXIS2_PLACEMENT_3D('',#4003,#3262,#3263);
#2992=AXIS2_PLACEMENT_3D('',#4004,#3264,#3265);
#2993=AXIS2_PLACEMENT_3D('',#4005,#3266,#3267);
#2994=AXIS2_PLACEMENT_3D('',#4008,#3268,#3269);
#2995=AXIS2_PLACEMENT_3D('',#4010,#3270,#3271);
#2996=AXIS2_PLACEMENT_3D('',#4011,#3272,#3273);
#2997=AXIS2_PLACEMENT_3D('',#4012,#3274,#3275);
#2998=AXIS2_PLACEMENT_3D('',#4015,#3278,#3279);
#2999=AXIS2_PLACEMENT_3D('',#4018,#3280,#3281);
#3000=AXIS2_PLACEMENT_3D('',#4021,#3284,#3285);
#3001=AXIS2_PLACEMENT_3D('',#4024,#3286,#3287);
#3002=AXIS2_PLACEMENT_3D('',#4028,#3290,#3291);
#3003=AXIS2_PLACEMENT_3D('',#4029,#3292,#3293);
#3004=AXIS2_PLACEMENT_3D('',#4031,#3294,#3295);
#3005=AXIS2_PLACEMENT_3D('',#4034,#3297,#3298);
#3006=AXIS2_PLACEMENT_3D('',#4035,#3299,#3300);
#3007=AXIS2_PLACEMENT_3D('',#4037,#3301,#3302);
#3008=AXIS2_PLACEMENT_3D('',#4039,#3304,#3305);
#3009=AXIS2_PLACEMENT_3D('',#4043,#3307,#3308);
#3010=AXIS2_PLACEMENT_3D('',#4049,#3312,#3313);
#3011=AXIS2_PLACEMENT_3D('',#4073,#3325,#3326);
#3012=AXIS2_PLACEMENT_3D('',#4075,#3328,#3329);
#3013=AXIS2_PLACEMENT_3D('',#4077,#3331,#3332);
#3014=AXIS2_PLACEMENT_3D('',#4081,#3334,#3335);
#3015=AXIS2_PLACEMENT_3D('',#4082,#3336,#3337);
#3016=AXIS2_PLACEMENT_3D('',#4083,#3338,#3339);
#3017=AXIS2_PLACEMENT_3D('',#4085,#3340,#3341);
#3018=AXIS2_PLACEMENT_3D('',#4087,#3342,#3343);
#3019=AXIS2_PLACEMENT_3D('',#4088,#3344,#3345);
#3020=AXIS2_PLACEMENT_3D('',#4089,#3346,#3347);
#3021=AXIS2_PLACEMENT_3D('',#4091,#3348,#3349);
#3022=AXIS2_PLACEMENT_3D('',#4093,#3350,#3351);
#3023=AXIS2_PLACEMENT_3D('',#4094,#3352,#3353);
#3024=AXIS2_PLACEMENT_3D('',#4095,#3354,#3355);
#3025=AXIS2_PLACEMENT_3D('',#4098,#3358,#3359);
#3026=AXIS2_PLACEMENT_3D('',#4101,#3361,#3362);
#3027=AXIS2_PLACEMENT_3D('',#4102,#3363,#3364);
#3028=AXIS2_PLACEMENT_3D('',#4105,#3366,#3367);
#3029=AXIS2_PLACEMENT_3D('',#4106,#3368,#3369);
#3030=AXIS2_PLACEMENT_3D('',#4108,#3370,#3371);
#3031=AXIS2_PLACEMENT_3D('',#4110,#3373,#3374);
#3032=AXIS2_PLACEMENT_3D('',#4112,#3376,#3377);
#3033=AXIS2_PLACEMENT_3D('',#4115,#3378,#3379);
#3034=AXIS2_PLACEMENT_3D('',#4117,#3381,#3382);
#3035=AXIS2_PLACEMENT_3D('',#4118,#3383,#3384);
#3036=AXIS2_PLACEMENT_3D('',#4120,#3386,#3387);
#3037=AXIS2_PLACEMENT_3D('',#4124,#3390,#3391);
#3038=AXIS2_PLACEMENT_3D('',#4126,#3392,#3393);
#3039=AXIS2_PLACEMENT_3D('',#4128,#3394,#3395);
#3040=AXIS2_PLACEMENT_3D('',#4130,#3397,#3398);
#3041=AXIS2_PLACEMENT_3D('',#4133,#3401,#3402);
#3042=AXIS2_PLACEMENT_3D('',#4134,#3403,#3404);
#3043=AXIS2_PLACEMENT_3D('',#4135,#3405,#3406);
#3044=AXIS2_PLACEMENT_3D('',#4136,#3407,#3408);
#3045=AXIS2_PLACEMENT_3D('',#4141,#3412,#3413);
#3046=AXIS2_PLACEMENT_3D('',#4143,#3415,#3416);
#3047=AXIS2_PLACEMENT_3D('',#4144,#3417,#3418);
#3048=AXIS2_PLACEMENT_3D('',#4147,#3421,#3422);
#3049=AXIS2_PLACEMENT_3D('',#4148,#3423,#3424);
#3050=AXIS2_PLACEMENT_3D('',#4149,#3425,#3426);
#3051=AXIS2_PLACEMENT_3D('',#4151,#3428,#3429);
#3052=AXIS2_PLACEMENT_3D('',#4153,#3431,#3432);
#3053=AXIS2_PLACEMENT_3D('',#4154,#3433,#3434);
#3054=AXIS2_PLACEMENT_3D('',#4155,#3435,#3436);
#3055=AXIS2_PLACEMENT_3D('',#4157,#3438,#3439);
#3056=AXIS2_PLACEMENT_3D('',#4159,#3441,#3442);
#3057=AXIS2_PLACEMENT_3D('',#4160,#3443,#3444);
#3058=AXIS2_PLACEMENT_3D('',#4163,#3445,#3446);
#3059=AXIS2_PLACEMENT_3D('',#4167,#3448,#3449);
#3060=AXIS2_PLACEMENT_3D('',#4170,#3451,#3452);
#3061=AXIS2_PLACEMENT_3D('',#4171,#3453,#3454);
#3062=AXIS2_PLACEMENT_3D('',#4179,#3458,#3459);
#3063=AXIS2_PLACEMENT_3D('',#4181,#3461,#3462);
#3064=AXIS2_PLACEMENT_3D('',#4185,#3464,#3465);
#3065=AXIS2_PLACEMENT_3D('',#4189,#3468,#3469);
#3066=AXIS2_PLACEMENT_3D('',#4209,#3480,#3481);
#3067=AXIS2_PLACEMENT_3D('',#4211,#3482,#3483);
#3068=AXIS2_PLACEMENT_3D('',#4214,#3485,#3486);
#3069=AXIS2_PLACEMENT_3D('',#4215,#3487,#3488);
#3070=AXIS2_PLACEMENT_3D('',#4219,#3490,#3491);
#3071=AXIS2_PLACEMENT_3D('',#4223,#3494,#3495);
#3072=AXIS2_PLACEMENT_3D('',#4225,#3496,#3497);
#3073=AXIS2_PLACEMENT_3D('',#4228,#3499,#3500);
#3074=AXIS2_PLACEMENT_3D('',#4229,#3501,#3502);
#3075=AXIS2_PLACEMENT_3D('',#4231,#3503,#3504);
#3076=AXIS2_PLACEMENT_3D('',#4233,#3505,#3506);
#3077=AXIS2_PLACEMENT_3D('',#4235,#3508,#3509);
#3078=AXIS2_PLACEMENT_3D('',#4241,#3513,#3514);
#3079=AXIS2_PLACEMENT_3D('',#4245,#3516,#3517);
#3080=AXIS2_PLACEMENT_3D('',#4248,#3519,#3520);
#3081=AXIS2_PLACEMENT_3D('',#4249,#3521,#3522);
#3082=AXIS2_PLACEMENT_3D('',#4252,#3524,#3525);
#3083=AXIS2_PLACEMENT_3D('',#4254,#3527,#3528);
#3084=AXIS2_PLACEMENT_3D('',#4274,#3539,#3540);
#3085=AXIS2_PLACEMENT_3D('',#4276,#3541,#3542);
#3086=AXIS2_PLACEMENT_3D('',#4278,#3544,#3545);
#3087=AXIS2_PLACEMENT_3D('',#4280,#3546,#3547);
#3088=AXIS2_PLACEMENT_3D('',#4282,#3548,#3549);
#3089=AXIS2_PLACEMENT_3D('',#4284,#3551,#3552);
#3090=AXIS2_PLACEMENT_3D('',#4287,#3555,#3556);
#3091=AXIS2_PLACEMENT_3D('',#4288,#3557,#3558);
#3092=AXIS2_PLACEMENT_3D('',#4289,#3559,#3560);
#3093=AXIS2_PLACEMENT_3D('',#4290,#3561,#3562);
#3094=AXIS2_PLACEMENT_3D('',#4292,#3564,#3565);
#3095=AXIS2_PLACEMENT_3D('',#4293,#3566,#3567);
#3096=AXIS2_PLACEMENT_3D('',#4294,#3568,#3569);
#3097=AXIS2_PLACEMENT_3D('',#4296,#3571,#3572);
#3098=AXIS2_PLACEMENT_3D('',#4298,#3574,#3575);
#3099=AXIS2_PLACEMENT_3D('',#4300,#3577,#3578);
#3100=AXIS2_PLACEMENT_3D('',#4301,#3579,#3580);
#3101=AXIS2_PLACEMENT_3D('',#4303,#3582,#3583);
#3102=AXIS2_PLACEMENT_3D('',#4305,#3585,#3586);
#3103=AXIS2_PLACEMENT_3D('',#4306,#3587,#3588);
#3104=AXIS2_PLACEMENT_3D('',#4309,#3589,#3590);
#3105=AXIS2_PLACEMENT_3D('',#4313,#3592,#3593);
#3106=AXIS2_PLACEMENT_3D('',#4315,#3595,#3596);
#3107=AXIS2_PLACEMENT_3D('',#4318,#3597,#3598);
#3108=AXIS2_PLACEMENT_3D('',#4321,#3600,#3601);
#3109=AXIS2_PLACEMENT_3D('',#4324,#3603,#3604);
#3110=AXIS2_PLACEMENT_3D('',#4325,#3605,#3606);
#3111=AXIS2_PLACEMENT_3D('',#4326,#3607,#3608);
#3112=AXIS2_PLACEMENT_3D('',#4327,#3609,#3610);
#3113=AXIS2_PLACEMENT_3D('',#4333,#3614,#3615);
#3114=AXIS2_PLACEMENT_3D('',#4336,#3617,#3618);
#3115=AXIS2_PLACEMENT_3D('',#4337,#3619,#3620);
#3116=AXIS2_PLACEMENT_3D('',#4341,#3623,#3624);
#3117=AXIS2_PLACEMENT_3D('',#4344,#3625,#3626);
#3118=AXIS2_PLACEMENT_3D('',#4348,#3628,#3629);
#3119=AXIS2_PLACEMENT_3D('',#4350,#3631,#3632);
#3120=AXIS2_PLACEMENT_3D('',#4371,#3643,#3644);
#3121=AXIS2_PLACEMENT_3D('',#4375,#3647,#3648);
#3122=AXIS2_PLACEMENT_3D('',#4379,#3650,#3651);
#3123=AXIS2_PLACEMENT_3D('',#4383,#3653,#3654);
#3124=AXIS2_PLACEMENT_3D('',#4386,#3656,#3657);
#3125=AXIS2_PLACEMENT_3D('',#4387,#3658,#3659);
#3126=AXIS2_PLACEMENT_3D('',#4390,#3661,#3662);
#3127=AXIS2_PLACEMENT_3D('',#4391,#3663,#3664);
#3128=AXIS2_PLACEMENT_3D('',#4395,#3667,#3668);
#3129=AXIS2_PLACEMENT_3D('',#4398,#3670,#3671);
#3130=AXIS2_PLACEMENT_3D('',#4399,#3672,#3673);
#3131=AXIS2_PLACEMENT_3D('',#4419,#3683,#3684);
#3132=AXIS2_PLACEMENT_3D('',#4427,#3689,#3690);
#3133=AXIS2_PLACEMENT_3D('',#4430,#3692,#3693);
#3134=AXIS2_PLACEMENT_3D('',#4431,#3694,#3695);
#3135=AXIS2_PLACEMENT_3D('',#4433,#3696,#3697);
#3136=AXIS2_PLACEMENT_3D('',#4435,#3698,#3699);
#3137=AXIS2_PLACEMENT_3D('',#4436,#3700,#3701);
#3138=AXIS2_PLACEMENT_3D('',#4437,#3702,#3703);
#3139=AXIS2_PLACEMENT_3D('',#4441,#3705,#3706);
#3140=AXIS2_PLACEMENT_3D('',#4442,#3707,#3708);
#3141=AXIS2_PLACEMENT_3D('',#4443,#3709,#3710);
#3142=AXIS2_PLACEMENT_3D('',#4445,#3711,#3712);
#3143=AXIS2_PLACEMENT_3D('',#4447,#3713,#3714);
#3144=AXIS2_PLACEMENT_3D('',#4448,#3715,#3716);
#3145=AXIS2_PLACEMENT_3D('',#4449,#3717,#3718);
#3146=AXIS2_PLACEMENT_3D('',#4452,#3721,#3722);
#3147=AXIS2_PLACEMENT_3D('',#4454,#3724,#3725);
#3148=AXIS2_PLACEMENT_3D('',#4457,#3726,#3727);
#3149=AXIS2_PLACEMENT_3D('',#4459,#3729,#3730);
#3150=AXIS2_PLACEMENT_3D('',#4460,#3731,#3732);
#3151=AXIS2_PLACEMENT_3D('',#4462,#3733,#3734);
#3152=AXIS2_PLACEMENT_3D('',#4465,#3736,#3737);
#3153=AXIS2_PLACEMENT_3D('',#4466,#3738,#3739);
#3154=AXIS2_PLACEMENT_3D('',#4469,#3741,#3742);
#3155=AXIS2_PLACEMENT_3D('',#4470,#3743,#3744);
#3156=AXIS2_PLACEMENT_3D('',#4472,#3745,#3746);
#3157=AXIS2_PLACEMENT_3D('',#4474,#3748,#3749);
#3158=AXIS2_PLACEMENT_3D('',#4476,#3751,#3752);
#3159=AXIS2_PLACEMENT_3D('',#4478,#3754,#3755);
#3160=AXIS2_PLACEMENT_3D('',#4479,#3756,#3757);
#3161=AXIS2_PLACEMENT_3D('',#4480,#3758,#3759);
#3162=AXIS2_PLACEMENT_3D('',#4481,#3760,#3761);
#3163=AXIS2_PLACEMENT_3D('',#4483,#3762,#3763);
#3164=AXIS2_PLACEMENT_3D('',#4484,#3764,#3765);
#3165=AXIS2_PLACEMENT_3D('',#4485,#3766,#3767);
#3166=AXIS2_PLACEMENT_3D('',#4486,#3768,#3769);
#3167=AXIS2_PLACEMENT_3D('',#4487,#3770,#3771);
#3168=AXIS2_PLACEMENT_3D('',#4494,#3776,#3777);
#3169=AXIS2_PLACEMENT_3D('',#4500,#3781,#3782);
#3170=AXIS2_PLACEMENT_3D('',#4502,#3784,#3785);
#3171=AXIS2_PLACEMENT_3D('',#4504,#3787,#3788);
#3172=AXIS2_PLACEMENT_3D('',#4505,#3789,#3790);
#3173=AXIS2_PLACEMENT_3D('',#4507,#3792,#3793);
#3174=AXIS2_PLACEMENT_3D('',#4509,#3795,#3796);
#3175=AXIS2_PLACEMENT_3D('',#4510,#3797,#3798);
#3176=AXIS2_PLACEMENT_3D('',#4511,#3799,#3800);
#3177=AXIS2_PLACEMENT_3D('',#4513,#3802,#3803);
#3178=AXIS2_PLACEMENT_3D('',#4515,#3805,#3806);
#3179=AXIS2_PLACEMENT_3D('',#4517,#3808,#3809);
#3180=AXIS2_PLACEMENT_3D('',#4518,#3810,#3811);
#3181=AXIS2_PLACEMENT_3D('',#4519,#3812,#3813);
#3182=AXIS2_PLACEMENT_3D('',#4684,#3827,#3828);
#3183=AXIS2_PLACEMENT_3D('',#4843,#3838,#3839);
#3184=AXIS2_PLACEMENT_3D('',#4877,#3846,#3847);
#3185=AXIS2_PLACEMENT_3D('',#5241,#3851,#3852);
#3186=AXIS2_PLACEMENT_3D('',#5295,#3871,#3872);
#3187=AXIS2_PLACEMENT_3D('',#5302,#3876,#3877);
#3188=AXIS2_PLACEMENT_3D('',#5303,#3878,#3879);
#3189=AXIS2_PLACEMENT_3D('',#5304,#3880,#3881);
#3190=AXIS2_PLACEMENT_3D('',#5305,#3882,#3883);
#3191=AXIS2_PLACEMENT_3D('',#5306,#3884,#3885);
#3192=AXIS2_PLACEMENT_3D('',#5308,#3886,#3887);
#3193=AXIS2_PLACEMENT_3D('',#5311,#3889,#3890);
#3194=AXIS2_PLACEMENT_3D('',#5312,#3891,#3892);
#3195=AXIS2_PLACEMENT_3D('',#5317,#3894,#3895);
#3196=AXIS2_PLACEMENT_3D('',#5318,#3896,#3897);
#3197=AXIS2_PLACEMENT_3D('',#5319,#3898,#3899);
#3198=AXIS2_PLACEMENT_3D('',#5320,#3900,#3901);
#3199=AXIS2_PLACEMENT_3D('',#5323,#3903,#3904);
#3200=AXIS2_PLACEMENT_3D('',#5324,#3905,#3906);
#3201=AXIS2_PLACEMENT_3D('',#5326,#3907,#3908);
#3202=AXIS2_PLACEMENT_3D('',#5329,#3910,#3911);
#3203=AXIS2_PLACEMENT_3D('',#5330,#3912,#3913);
#3204=AXIS2_PLACEMENT_3D('',#5336,#3917,#3918);
#3205=AXIS2_PLACEMENT_3D('',#5340,#3921,#3922);
#3206=AXIS2_PLACEMENT_3D('',#5341,#3923,#3924);
#3207=AXIS2_PLACEMENT_3D('',#5345,#3927,#3928);
#3208=AXIS2_PLACEMENT_3D('',#5346,#3929,#3930);
#3209=AXIS2_PLACEMENT_3D('',#5347,#3931,#3932);
#3210=AXIS2_PLACEMENT_3D('',#5349,#3934,#3935);
#3211=AXIS2_PLACEMENT_3D('',#5350,#3936,#3937);
#3212=AXIS2_PLACEMENT_3D('',#5351,#3938,#3939);
#3213=AXIS2_PLACEMENT_3D('',#5352,#3940,#3941);
#3214=AXIS2_PLACEMENT_3D('',#5353,#3942,#3943);
#3215=AXIS2_PLACEMENT_3D('',#5354,#3944,#3945);
#3216=DIRECTION('axis',(0.,0.,1.));
#3217=DIRECTION('refdir',(1.,0.,0.));
#3218=DIRECTION('axis',(0.,0.,1.));
#3219=DIRECTION('refdir',(1.,0.,0.));
#3220=DIRECTION('center_axis',(-7.8543361665842E-12,0.,-1.));
#3221=DIRECTION('ref_axis',(-0.707106781186547,-0.707106781186548,5.55404753593454E-12));
#3222=DIRECTION('center_axis',(-2.46716227696326E-15,0.,-1.));
#3223=DIRECTION('ref_axis',(-0.707106781186547,-0.707106781186548,5.55404753593454E-12));
#3224=DIRECTION('',(-7.8543361665842E-12,0.,-1.));
#3225=DIRECTION('center_axis',(3.24740234690457E-12,0.,-1.));
#3226=DIRECTION('ref_axis',(-0.707106781186547,-0.707106781186548,5.55404753593454E-12));
#3227=DIRECTION('',(7.8543361665842E-12,0.,1.));
#3228=DIRECTION('center_axis',(0.,-1.,0.));
#3229=DIRECTION('ref_axis',(0.,0.,-1.));
#3230=DIRECTION('',(-1.,0.,-3.24740234690457E-12));
#3231=DIRECTION('',(-3.36767650802964E-13,0.,-1.));
#3232=DIRECTION('',(1.,0.,-1.05748743094454E-12));
#3233=DIRECTION('',(0.6865088931814,0.,0.727121406357183));
#3234=DIRECTION('',(1.10151073774582E-12,0.,1.));
#3235=DIRECTION('',(-1.,0.,-4.93432455388958E-15));
#3236=DIRECTION('',(-7.93016446160826E-17,0.,-1.));
#3237=DIRECTION('center_axis',(0.,-1.,0.));
#3238=DIRECTION('ref_axis',(-0.929279668979307,0.,0.36937690347626));
#3239=DIRECTION('',(-0.686508893182039,0.,-0.727121406356581));
#3240=DIRECTION('',(-3.16146195420907E-12,0.,-1.));
#3241=DIRECTION('',(1.,0.,-8.32667268470268E-15));
#3242=DIRECTION('',(3.25572901971251E-12,0.,1.));
#3243=DIRECTION('',(-1.,0.,8.32667268469733E-15));
#3244=DIRECTION('',(-3.16146195420907E-12,0.,-1.));
#3245=DIRECTION('',(-1.,0.,2.46716227696326E-15));
#3246=DIRECTION('center_axis',(3.16146195420907E-12,0.,1.));
#3247=DIRECTION('ref_axis',(0.707106781186548,-0.707106781186547,-2.23460009375663E-12));
#3248=DIRECTION('center_axis',(-2.46716227696326E-15,0.,-1.));
#3249=DIRECTION('ref_axis',(0.707106781186548,-0.707106781186547,-2.23460009375663E-12));
#3250=DIRECTION('center_axis',(-8.32667268469733E-15,0.,-1.));
#3251=DIRECTION('ref_axis',(0.707106781186548,-0.707106781186547,-2.23460009375663E-12));
#3252=DIRECTION('',(3.16146195420907E-12,0.,1.));
#3253=DIRECTION('center_axis',(1.,0.,-3.16146195420907E-12));
#3254=DIRECTION('ref_axis',(-3.16146195420907E-12,0.,-1.));
#3255=DIRECTION('',(0.,1.,0.));
#3256=DIRECTION('',(-3.16146195420907E-12,0.,-1.));
#3257=DIRECTION('',(0.,1.,0.));
#3258=DIRECTION('center_axis',(0.,0.,1.));
#3259=DIRECTION('ref_axis',(1.,0.,0.));
#3260=DIRECTION('center_axis',(-0.686508893181401,-4.3911703165275E-15,
-0.727121406357183));
#3261=DIRECTION('ref_axis',(-0.727121406357183,0.,0.686508893181401));
#3262=DIRECTION('center_axis',(0.,-1.,0.));
#3263=DIRECTION('ref_axis',(-1.,0.,1.10148111104544E-12));
#3264=DIRECTION('center_axis',(1.10366658944036E-12,0.,1.));
#3265=DIRECTION('ref_axis',(0.,-1.,0.));
#3266=DIRECTION('center_axis',(0.,0.,1.));
#3267=DIRECTION('ref_axis',(1.,0.,0.));
#3268=DIRECTION('center_axis',(1.10148111104543E-12,0.,1.));
#3269=DIRECTION('ref_axis',(-1.,0.,1.10148111104543E-12));
#3270=DIRECTION('center_axis',(0.,1.,0.));
#3271=DIRECTION('ref_axis',(-0.727121406357184,0.,0.6865088931814));
#3272=DIRECTION('center_axis',(-0.686508893181397,0.,-0.727121406357187));
#3273=DIRECTION('ref_axis',(0.,1.,0.));
#3274=DIRECTION('center_axis',(0.,1.,0.));
#3275=DIRECTION('ref_axis',(-0.929279668979265,0.,0.369376903476365));
#3276=DIRECTION('',(0.,-1.,0.));
#3277=DIRECTION('',(0.,1.,0.));
#3278=DIRECTION('center_axis',(0.686508893181401,0.,0.727121406357184));
#3279=DIRECTION('ref_axis',(-0.514152477181062,0.707106781186548,0.485435093713441));
#3280=DIRECTION('center_axis',(1.05748743094454E-12,0.,1.));
#3281=DIRECTION('ref_axis',(-1.,-1.98638515510919E-16,1.05751311051786E-12));
#3282=DIRECTION('',(-0.6865088931814,0.,-0.727121406357183));
#3283=DIRECTION('',(0.6865088931814,0.,0.727121406357183));
#3284=DIRECTION('center_axis',(1.10151073774582E-12,0.,1.));
#3285=DIRECTION('ref_axis',(-0.707106781186549,0.707106781186546,7.78864762969115E-13));
#3286=DIRECTION('center_axis',(0.894427191000309,0.,0.447213595499172));
#3287=DIRECTION('ref_axis',(-0.447213595499172,0.,0.894427191000309));
#3288=DIRECTION('',(1.10151073774582E-12,0.,1.));
#3289=DIRECTION('',(-1.10151073774582E-12,0.,-1.));
#3290=DIRECTION('center_axis',(-2.20669702510868E-15,-0.894427190999916,
0.447213595499958));
#3291=DIRECTION('ref_axis',(1.23253178174385E-12,0.447213595499958,0.894427190999916));
#3292=DIRECTION('center_axis',(-1.10151073774582E-12,0.,-1.));
#3293=DIRECTION('ref_axis',(-0.707106781186549,-0.707106781186546,7.78864762969115E-13));
#3294=DIRECTION('center_axis',(-2.20669702510868E-15,0.894427190999916,
0.447213595499958));
#3295=DIRECTION('ref_axis',(1.23253178174385E-12,-0.447213595499958,0.894427190999916));
#3296=DIRECTION('',(-1.10151073774582E-12,0.,-1.));
#3297=DIRECTION('center_axis',(0.894427191000309,0.,0.447213595499172));
#3298=DIRECTION('ref_axis',(-0.447213595499172,0.,0.894427191000309));
#3299=DIRECTION('center_axis',(-0.686508893181401,0.,-0.727121406357184));
#3300=DIRECTION('ref_axis',(-0.514152477181062,-0.707106781186548,0.485435093713441));
#3301=DIRECTION('center_axis',(1.05748743094454E-12,0.,1.));
#3302=DIRECTION('ref_axis',(-1.,1.98638515510919E-16,1.05751311051786E-12));
#3303=DIRECTION('',(-0.6865088931814,0.,-0.727121406357183));
#3304=DIRECTION('center_axis',(2.20669702510868E-15,0.894427190999916,-0.447213595499958));
#3305=DIRECTION('ref_axis',(0.,0.447213595499958,0.894427190999916));
#3306=DIRECTION('',(1.,0.,4.93432455388958E-15));
#3307=DIRECTION('center_axis',(-2.20669702510868E-15,-0.894427190999916,
0.447213595499958));
#3308=DIRECTION('ref_axis',(1.13009059633549E-15,0.447213595499958,0.894427190999916));
#3309=DIRECTION('',(0.408248290463862,0.408248290463862,0.816496580927727));
#3310=DIRECTION('',(-1.,0.,-4.93432455388958E-15));
#3311=DIRECTION('',(0.408248290463115,-0.408248290464014,-0.816496580928024));
#3312=DIRECTION('center_axis',(0.,1.,0.));
#3313=DIRECTION('ref_axis',(0.,0.,1.));
#3314=DIRECTION('',(-1.,0.,1.05748743094454E-12));
#3315=DIRECTION('',(3.36767650802964E-13,0.,1.));
#3316=DIRECTION('',(1.,0.,3.24740234690457E-12));
#3317=DIRECTION('',(-7.8543361665842E-12,0.,-1.));
#3318=DIRECTION('',(1.,0.,-2.46716227696326E-15));
#3319=DIRECTION('',(3.16146195420907E-12,0.,1.));
#3320=DIRECTION('',(1.,0.,-8.32667268469733E-15));
#3321=DIRECTION('',(-3.25572901971251E-12,0.,-1.));
#3322=DIRECTION('',(-1.,0.,8.32667268470268E-15));
#3323=DIRECTION('',(3.16146195420907E-12,0.,1.));
#3324=DIRECTION('',(0.686508893182039,0.,0.727121406356581));
#3325=DIRECTION('center_axis',(0.,1.,0.));
#3326=DIRECTION('ref_axis',(-0.929279668979307,0.,0.36937690347626));
#3327=DIRECTION('',(7.93016446160826E-17,0.,1.));
#3328=DIRECTION('center_axis',(-0.727121406357184,0.,0.686508893181401));
#3329=DIRECTION('ref_axis',(0.6865088931814,0.,0.727121406357183));
#3330=DIRECTION('',(0.,1.,0.));
#3331=DIRECTION('center_axis',(3.16146195420907E-12,0.,1.));
#3332=DIRECTION('ref_axis',(0.707106781186548,-0.707106781186547,-2.23537277705323E-12));
#3333=DIRECTION('',(3.16146195420907E-12,0.,1.));
#3334=DIRECTION('center_axis',(8.32667268470268E-15,0.,1.));
#3335=DIRECTION('ref_axis',(0.707106781186548,-0.707106781186547,-2.23537277705323E-12));
#3336=DIRECTION('center_axis',(0.369376903477728,2.03092063940201E-15,0.929279668978723));
#3337=DIRECTION('ref_axis',(0.929279668978723,5.10939704608991E-15,-0.369376903477728));
#3338=DIRECTION('center_axis',(0.,1.,0.));
#3339=DIRECTION('ref_axis',(0.,0.,1.));
#3340=DIRECTION('center_axis',(0.,0.,-1.));
#3341=DIRECTION('ref_axis',(1.,0.,0.));
#3342=DIRECTION('center_axis',(0.,1.,0.));
#3343=DIRECTION('ref_axis',(-0.727121406356581,0.,0.686508893182039));
#3344=DIRECTION('center_axis',(0.686508893182036,0.,0.727121406356584));
#3345=DIRECTION('ref_axis',(0.,-1.,0.));
#3346=DIRECTION('center_axis',(6.68572377957911E-15,-1.,0.));
#3347=DIRECTION('ref_axis',(0.,0.,-1.));
#3348=DIRECTION('center_axis',(0.686508893182039,4.58980883203969E-15,0.727121406356581));
#3349=DIRECTION('ref_axis',(0.72712140635658,0.,-0.686508893182039));
#3350=DIRECTION('center_axis',(0.,-1.,0.));
#3351=DIRECTION('ref_axis',(-1.,0.,6.82961998416068E-17));
#3352=DIRECTION('center_axis',(0.,0.,-1.));
#3353=DIRECTION('ref_axis',(0.,1.,0.));
#3354=DIRECTION('center_axis',(0.,1.,0.));
#3355=DIRECTION('ref_axis',(-0.929279668979307,0.,0.369376903476259));
#3356=DIRECTION('',(0.,-1.,0.));
#3357=DIRECTION('',(0.,1.,0.));
#3358=DIRECTION('center_axis',(-7.93016446160826E-17,0.,-1.));
#3359=DIRECTION('ref_axis',(0.707106781186547,0.707106781186548,0.));
#3360=DIRECTION('',(-7.93016446160826E-17,0.,-1.));
#3361=DIRECTION('center_axis',(-0.894427190999916,0.,0.447213595499957));
#3362=DIRECTION('ref_axis',(0.447213595499957,-9.16289672704454E-17,0.894427190999916));
#3363=DIRECTION('center_axis',(-0.686508893182039,0.,-0.727121406356581));
#3364=DIRECTION('ref_axis',(0.514152477180638,0.707106781186547,-0.485435093713891));
#3365=DIRECTION('',(-0.686508893182039,0.,-0.727121406356581));
#3366=DIRECTION('center_axis',(-0.369376903477728,4.03632621068619E-16,
-0.929279668978723));
#3367=DIRECTION('ref_axis',(0.929279668978723,1.01546031971036E-15,-0.369376903477728));
#3368=DIRECTION('center_axis',(-3.16146195420907E-12,0.,-1.));
#3369=DIRECTION('ref_axis',(0.707106781186548,0.707106781186547,-2.23537277705323E-12));
#3370=DIRECTION('center_axis',(8.32667268470268E-15,0.,1.));
#3371=DIRECTION('ref_axis',(0.707106781186548,0.707106781186547,-2.23537277705323E-12));
#3372=DIRECTION('',(-3.16146195420907E-12,0.,-1.));
#3373=DIRECTION('center_axis',(0.686508893182039,0.,0.727121406356581));
#3374=DIRECTION('ref_axis',(0.514152477180638,-0.707106781186547,-0.485435093713891));
#3375=DIRECTION('',(0.686508893182039,0.,0.727121406356581));
#3376=DIRECTION('center_axis',(7.93016446160826E-17,0.,1.));
#3377=DIRECTION('ref_axis',(0.707106781186547,-0.707106781186548,0.));
#3378=DIRECTION('center_axis',(-0.894427190999916,0.,0.447213595499957));
#3379=DIRECTION('ref_axis',(0.447213595499957,9.16289672704454E-17,0.894427190999916));
#3380=DIRECTION('',(7.93016446160826E-17,0.,1.));
#3381=DIRECTION('center_axis',(-2.20669702510868E-15,0.894427190999916,
0.447213595499958));
#3382=DIRECTION('ref_axis',(1.13009059633549E-15,-0.447213595499958,0.894427190999916));
#3383=DIRECTION('center_axis',(1.,0.,-7.93016446160826E-17));
#3384=DIRECTION('ref_axis',(-7.93016446160826E-17,0.,-1.));
#3385=DIRECTION('',(0.,-1.,0.));
#3386=DIRECTION('center_axis',(0.894427190999916,0.,-0.447213595499957));
#3387=DIRECTION('ref_axis',(-0.447213595499957,0.,-0.894427190999916));
#3388=DIRECTION('',(-0.408248290463862,0.408248290463862,-0.816496580927727));
#3389=DIRECTION('',(0.,1.,0.));
#3390=DIRECTION('center_axis',(7.8543361665842E-12,0.,1.));
#3391=DIRECTION('ref_axis',(-0.707106781186547,0.707106781186548,5.55404753593454E-12));
#3392=DIRECTION('center_axis',(-2.46716227696326E-15,0.,-1.));
#3393=DIRECTION('ref_axis',(-0.707106781186547,0.707106781186548,5.55404753593454E-12));
#3394=DIRECTION('center_axis',(3.24740234690457E-12,0.,-1.));
#3395=DIRECTION('ref_axis',(-0.707106781186547,0.707106781186548,5.55404753593454E-12));
#3396=DIRECTION('',(7.8543361665842E-12,0.,1.));
#3397=DIRECTION('center_axis',(-1.,0.,7.8543361665842E-12));
#3398=DIRECTION('ref_axis',(7.8543361665842E-12,0.,1.));
#3399=DIRECTION('',(0.,1.,0.));
#3400=DIRECTION('',(0.,1.,0.));
#3401=DIRECTION('center_axis',(-3.16146195420907E-12,0.,-1.));
#3402=DIRECTION('ref_axis',(0.707106781186548,0.707106781186547,-2.23460009375663E-12));
#3403=DIRECTION('center_axis',(-2.46716227696326E-15,0.,-1.));
#3404=DIRECTION('ref_axis',(0.707106781186548,0.707106781186547,-2.23460009375663E-12));
#3405=DIRECTION('center_axis',(-8.32667268469733E-15,0.,-1.));
#3406=DIRECTION('ref_axis',(0.707106781186548,0.707106781186547,-2.23460009375663E-12));
#3407=DIRECTION('center_axis',(-0.894427191000309,0.,-0.447213595499172));
#3408=DIRECTION('ref_axis',(-0.447213595499172,0.,0.894427191000309));
#3409=DIRECTION('',(0.,-1.,0.));
#3410=DIRECTION('',(-0.408248290463115,-0.408248290464014,0.816496580928025));
#3411=DIRECTION('',(0.,1.,0.));
#3412=DIRECTION('center_axis',(2.20669702510868E-15,-0.894427190999916,
-0.447213595499958));
#3413=DIRECTION('ref_axis',(0.,0.447213595499958,-0.894427190999916));
#3414=DIRECTION('',(1.,0.,4.93432455388958E-15));
#3415=DIRECTION('center_axis',(4.93432455388958E-15,0.,-1.));
#3416=DIRECTION('ref_axis',(-1.,0.,-4.93432455388958E-15));
#3417=DIRECTION('center_axis',(1.,0.,-3.25572901971251E-12));
#3418=DIRECTION('ref_axis',(-3.25572901971251E-12,0.,-1.));
#3419=DIRECTION('',(0.,-1.,0.));
#3420=DIRECTION('',(0.,1.,0.));
#3421=DIRECTION('center_axis',(8.32667268469733E-15,0.,1.));
#3422=DIRECTION('ref_axis',(1.,0.,-8.32667268469733E-15));
#3423=DIRECTION('center_axis',(2.46716227696326E-15,0.,1.));
#3424=DIRECTION('ref_axis',(1.,0.,-2.46716227696326E-15));
#3425=DIRECTION('center_axis',(-3.24740234690457E-12,0.,1.));
#3426=DIRECTION('ref_axis',(1.,0.,3.24740234690457E-12));
#3427=DIRECTION('',(0.,1.,0.));
#3428=DIRECTION('center_axis',(-1.,0.,3.36767650802964E-13));
#3429=DIRECTION('ref_axis',(3.36767650802964E-13,0.,1.));
#3430=DIRECTION('',(0.,1.,0.));
#3431=DIRECTION('center_axis',(-1.05748743094454E-12,0.,-1.));
#3432=DIRECTION('ref_axis',(-1.,0.,1.05748743094454E-12));
#3433=DIRECTION('center_axis',(-1.,0.,1.10151073774582E-12));
#3434=DIRECTION('ref_axis',(1.10151073774582E-12,0.,1.));
#3435=DIRECTION('center_axis',(0.727121406356581,0.,-0.686508893182039));
#3436=DIRECTION('ref_axis',(-0.686508893182039,0.,-0.727121406356581));
#3437=DIRECTION('',(0.,1.,0.));
#3438=DIRECTION('center_axis',(1.,0.,-3.16146195420907E-12));
#3439=DIRECTION('ref_axis',(-3.16146195420907E-12,0.,-1.));
#3440=DIRECTION('',(0.,1.,0.));
#3441=DIRECTION('center_axis',(-8.32667268470268E-15,0.,-1.));
#3442=DIRECTION('ref_axis',(-1.,0.,8.32667268470268E-15));
#3443=DIRECTION('center_axis',(1.38329004567247E-13,0.,1.));
#3444=DIRECTION('ref_axis',(0.707106781186548,-0.707106781186548,-9.73580953711396E-14));
#3445=DIRECTION('center_axis',(-0.894427190999867,0.,0.447213595500057));
#3446=DIRECTION('ref_axis',(0.447213595500057,0.,0.894427190999866));
#3447=DIRECTION('',(1.38329004567247E-13,0.,1.));
#3448=DIRECTION('center_axis',(3.27515792261901E-13,0.,1.));
#3449=DIRECTION('ref_axis',(0.707106781186548,-0.707106781186548,-9.73580953711396E-14));
#3450=DIRECTION('',(-1.38329004567247E-13,0.,-1.));
#3451=DIRECTION('center_axis',(0.,0.894427190999916,0.447213595499958));
#3452=DIRECTION('ref_axis',(1.54700239741602E-13,-0.447213595499958,0.894427190999916));
#3453=DIRECTION('center_axis',(0.894427190999867,0.,-0.447213595500057));
#3454=DIRECTION('ref_axis',(-0.447213595500057,0.,-0.894427190999867));
#3455=DIRECTION('',(-0.408248290463957,0.408248290463844,-0.816496580927689));
#3456=DIRECTION('',(0.,1.,0.));
#3457=DIRECTION('',(0.408248290463957,0.408248290463844,0.816496580927689));
#3458=DIRECTION('center_axis',(-0.894427190999867,0.,0.447213595500057));
#3459=DIRECTION('ref_axis',(0.447213595500057,0.,0.894427190999866));
#3460=DIRECTION('',(0.,-1.,0.));
#3461=DIRECTION('center_axis',(0.,-0.894427190999916,-0.447213595499958));
#3462=DIRECTION('ref_axis',(0.,0.447213595499958,-0.894427190999916));
#3463=DIRECTION('',(-1.,0.,0.));
#3464=DIRECTION('center_axis',(0.,0.894427190999916,0.447213595499958));
#3465=DIRECTION('ref_axis',(-6.34988743184187E-13,-0.447213595499957,0.894427190999916));
#3466=DIRECTION('',(-0.408248290464249,-0.408248290463786,0.816496580927572));
#3467=DIRECTION('',(1.,0.,0.));
#3468=DIRECTION('center_axis',(0.,-1.,0.));
#3469=DIRECTION('ref_axis',(0.,0.,-1.));
#3470=DIRECTION('',(1.,0.,-3.27515792261901E-13));
#3471=DIRECTION('',(-4.44089209850062E-14,0.,1.));
#3472=DIRECTION('',(-1.,0.,5.55111512313727E-15));
#3473=DIRECTION('',(-8.31901047852004E-12,0.,-1.));
#3474=DIRECTION('',(-1.,0.,0.));
#3475=DIRECTION('',(8.47170292299559E-12,0.,1.));
#3476=DIRECTION('',(-1.,0.,0.));
#3477=DIRECTION('',(-1.51113689462928E-14,0.,-1.));
#3478=DIRECTION('',(1.,0.,-1.11022302463186E-14));
#3479=DIRECTION('',(-5.67894048753793E-13,0.,1.));
#3480=DIRECTION('center_axis',(5.67894048753793E-13,0.,-1.));
#3481=DIRECTION('ref_axis',(-0.707106781186547,-0.707106781186547,-4.017953142301E-13));
#3482=DIRECTION('center_axis',(1.11022302463186E-14,0.,1.));
#3483=DIRECTION('ref_axis',(-0.707106781186547,-0.707106781186547,-4.017953142301E-13));
#3484=DIRECTION('',(5.67894048753793E-13,0.,-1.));
#3485=DIRECTION('center_axis',(0.894427190999713,0.,0.447213595500364));
#3486=DIRECTION('ref_axis',(-0.447213595500364,0.,0.894427190999713));
#3487=DIRECTION('center_axis',(-0.894427190999713,0.,-0.447213595500364));
#3488=DIRECTION('ref_axis',(-0.447213595500364,0.,0.894427190999713));
#3489=DIRECTION('',(0.,1.,0.));
#3490=DIRECTION('center_axis',(0.894427190999713,0.,0.447213595500364));
#3491=DIRECTION('ref_axis',(-0.447213595500364,0.,0.894427190999713));
#3492=DIRECTION('',(0.408248290464249,-0.408248290463786,-0.816496580927572));
#3493=DIRECTION('',(0.,-1.,0.));
#3494=DIRECTION('center_axis',(-8.47170292299559E-12,0.,-1.));
#3495=DIRECTION('ref_axis',(-0.707106781186548,-0.707106781186548,5.99138628180807E-12));
#3496=DIRECTION('center_axis',(0.,0.,-1.));
#3497=DIRECTION('ref_axis',(-0.707106781186548,-0.707106781186548,5.99138628180807E-12));
#3498=DIRECTION('',(-8.47170292299559E-12,0.,-1.));
#3499=DIRECTION('center_axis',(0.,0.,-1.));
#3500=DIRECTION('ref_axis',(-0.707106781186548,-0.707106781186548,5.99138628180807E-12));
#3501=DIRECTION('center_axis',(8.31901047852004E-12,0.,1.));
#3502=DIRECTION('ref_axis',(0.707106781186547,-0.707106781186547,-5.88321062028458E-12));
#3503=DIRECTION('center_axis',(0.,0.,-1.));
#3504=DIRECTION('ref_axis',(0.707106781186547,-0.707106781186547,-5.88321062028458E-12));
#3505=DIRECTION('center_axis',(-5.55111512313727E-15,0.,-1.));
#3506=DIRECTION('ref_axis',(0.707106781186547,-0.707106781186547,-5.88321062028458E-12));
#3507=DIRECTION('',(8.31901047852004E-12,0.,1.));
#3508=DIRECTION('center_axis',(1.,0.,-8.31901047852004E-12));
#3509=DIRECTION('ref_axis',(-8.31901047852004E-12,0.,-1.));
#3510=DIRECTION('',(0.,-1.,0.));
#3511=DIRECTION('',(-8.31901047852004E-12,0.,-1.));
#3512=DIRECTION('',(0.,1.,0.));
#3513=DIRECTION('center_axis',(-5.67894048753793E-13,0.,1.));
#3514=DIRECTION('ref_axis',(-0.707106781186547,0.707106781186547,-4.017953142301E-13));
#3515=DIRECTION('',(-5.67894048753793E-13,0.,1.));
#3516=DIRECTION('center_axis',(1.11022302463186E-14,0.,1.));
#3517=DIRECTION('ref_axis',(-0.707106781186547,0.707106781186547,-4.017953142301E-13));
#3518=DIRECTION('',(5.67894048753793E-13,0.,-1.));
#3519=DIRECTION('center_axis',(0.,-0.894427190999916,0.447213595499958));
#3520=DIRECTION('ref_axis',(-6.34988743184187E-13,0.447213595499957,0.894427190999916));
#3521=DIRECTION('center_axis',(0.,0.894427190999916,-0.447213595499958));
#3522=DIRECTION('ref_axis',(0.,0.447213595499958,0.894427190999916));
#3523=DIRECTION('',(1.,0.,0.));
#3524=DIRECTION('center_axis',(0.,-0.894427190999916,0.447213595499958));
#3525=DIRECTION('ref_axis',(1.54700239741602E-13,0.447213595499958,0.894427190999916));
#3526=DIRECTION('',(-1.,0.,0.));
#3527=DIRECTION('center_axis',(0.,1.,0.));
#3528=DIRECTION('ref_axis',(0.,0.,1.));
#3529=DIRECTION('',(-1.,0.,1.11022302463186E-14));
#3530=DIRECTION('',(1.51113689462928E-14,0.,1.));
#3531=DIRECTION('',(1.,0.,0.));
#3532=DIRECTION('',(-8.47170292299559E-12,0.,-1.));
#3533=DIRECTION('',(1.,0.,0.));
#3534=DIRECTION('',(8.31901047852004E-12,0.,1.));
#3535=DIRECTION('',(1.,0.,-5.55111512313727E-15));
#3536=DIRECTION('',(4.44089209850062E-14,0.,-1.));
#3537=DIRECTION('',(-1.,0.,3.27515792261901E-13));
#3538=DIRECTION('',(1.38329004567247E-13,0.,1.));
#3539=DIRECTION('center_axis',(-1.38329004567247E-13,0.,-1.));
#3540=DIRECTION('ref_axis',(0.707106781186548,0.707106781186548,-9.73580953711396E-14));
#3541=DIRECTION('center_axis',(3.27515792261901E-13,0.,1.));
#3542=DIRECTION('ref_axis',(0.707106781186548,0.707106781186548,-9.73580953711396E-14));
#3543=DIRECTION('',(-1.38329004567247E-13,0.,-1.));
#3544=DIRECTION('center_axis',(8.47170292299559E-12,0.,1.));
#3545=DIRECTION('ref_axis',(-0.707106781186548,0.707106781186548,5.99138628180807E-12));
#3546=DIRECTION('center_axis',(0.,0.,-1.));
#3547=DIRECTION('ref_axis',(-0.707106781186548,0.707106781186548,5.99138628180807E-12));
#3548=DIRECTION('center_axis',(0.,0.,-1.));
#3549=DIRECTION('ref_axis',(-0.707106781186548,0.707106781186548,5.99138628180807E-12));
#3550=DIRECTION('',(8.47170292299559E-12,0.,1.));
#3551=DIRECTION('center_axis',(-1.,0.,8.47170292299559E-12));
#3552=DIRECTION('ref_axis',(8.47170292299559E-12,0.,1.));
#3553=DIRECTION('',(0.,1.,0.));
#3554=DIRECTION('',(0.,1.,0.));
#3555=DIRECTION('center_axis',(-8.31901047852004E-12,0.,-1.));
#3556=DIRECTION('ref_axis',(0.707106781186547,0.707106781186547,-5.88321062028458E-12));
#3557=DIRECTION('center_axis',(0.,0.,-1.));
#3558=DIRECTION('ref_axis',(0.707106781186547,0.707106781186547,-5.88321062028458E-12));
#3559=DIRECTION('center_axis',(-5.55111512313727E-15,0.,-1.));
#3560=DIRECTION('ref_axis',(0.707106781186547,0.707106781186547,-5.88321062028458E-12));
#3561=DIRECTION('center_axis',(1.,0.,-1.38329004567247E-13));
#3562=DIRECTION('ref_axis',(-1.38329004567247E-13,0.,-1.));
#3563=DIRECTION('',(0.,1.,0.));
#3564=DIRECTION('center_axis',(0.,0.,-1.));
#3565=DIRECTION('ref_axis',(-1.,0.,0.));
#3566=DIRECTION('center_axis',(0.,0.,1.));
#3567=DIRECTION('ref_axis',(1.,0.,0.));
#3568=DIRECTION('center_axis',(0.,0.,1.));
#3569=DIRECTION('ref_axis',(1.,0.,0.));
#3570=DIRECTION('',(0.,1.,0.));
#3571=DIRECTION('center_axis',(-1.,0.,1.51113689462928E-14));
#3572=DIRECTION('ref_axis',(1.51113689462928E-14,0.,1.));
#3573=DIRECTION('',(0.,1.,0.));
#3574=DIRECTION('center_axis',(-1.11022302463186E-14,0.,-1.));
#3575=DIRECTION('ref_axis',(-1.,0.,1.11022302463186E-14));
#3576=DIRECTION('',(0.,1.,0.));
#3577=DIRECTION('center_axis',(-1.,0.,-5.67894048753793E-13));
#3578=DIRECTION('ref_axis',(-5.67894048753793E-13,0.,1.));
#3579=DIRECTION('center_axis',(-3.27515792261901E-13,0.,-1.));
#3580=DIRECTION('ref_axis',(-1.,0.,3.27515792261901E-13));
#3581=DIRECTION('',(0.,1.,0.));
#3582=DIRECTION('center_axis',(1.,0.,4.44089209850062E-14));
#3583=DIRECTION('ref_axis',(4.44089209850062E-14,0.,-1.));
#3584=DIRECTION('',(0.,1.,0.));
#3585=DIRECTION('center_axis',(5.55111512313727E-15,0.,1.));
#3586=DIRECTION('ref_axis',(1.,0.,-5.55111512313727E-15));
#3587=DIRECTION('center_axis',(-0.6865088932081,0.,0.727121406331975));
#3588=DIRECTION('ref_axis',(0.51415247716324,-0.707106781186547,0.485435093732319));
#3589=DIRECTION('center_axis',(-0.6865088932081,0.,0.727121406331975));
#3590=DIRECTION('ref_axis',(0.,-1.,0.));
#3591=DIRECTION('',(-0.6865088932081,0.,0.727121406331975));
#3592=DIRECTION('center_axis',(8.32667268472317E-15,0.,1.));
#3593=DIRECTION('ref_axis',(1.,-4.96596288759582E-17,-8.35728915839657E-15));
#3594=DIRECTION('',(0.6865088932081,0.,-0.727121406331975));
#3595=DIRECTION('center_axis',(1.08883581966909E-12,0.,1.));
#3596=DIRECTION('ref_axis',(0.707106781186549,-0.707106781186546,-7.69785734234108E-13));
#3597=DIRECTION('center_axis',(-0.894427190999527,0.,0.447213595500735));
#3598=DIRECTION('ref_axis',(0.447213595500736,0.,0.894427190999527));
#3599=DIRECTION('',(1.08883581966909E-12,0.,1.));
#3600=DIRECTION('center_axis',(-1.08864142547521E-12,0.,-1.));
#3601=DIRECTION('ref_axis',(1.,0.,-1.08864142547521E-12));
#3602=DIRECTION('',(-1.08883581966909E-12,0.,-1.));
#3603=DIRECTION('center_axis',(1.10334851255434E-15,0.894427190999916,0.447213595499958));
#3604=DIRECTION('ref_axis',(1.21680214236243E-12,-0.447213595499958,0.894427190999916));
#3605=DIRECTION('center_axis',(0.,0.,1.));
#3606=DIRECTION('ref_axis',(1.,0.,0.));
#3607=DIRECTION('center_axis',(0.,-1.,0.));
#3608=DIRECTION('ref_axis',(0.929279668972888,0.,0.369376903492407));
#3609=DIRECTION('center_axis',(0.727121406331975,0.,0.6865088932081));
#3610=DIRECTION('ref_axis',(0.6865088932081,0.,-0.727121406331975));
#3611=DIRECTION('',(0.,-1.,0.));
#3612=DIRECTION('',(0.6865088932081,0.,-0.727121406331975));
#3613=DIRECTION('',(0.,1.,0.));
#3614=DIRECTION('center_axis',(0.,1.,0.));
#3615=DIRECTION('ref_axis',(0.929279668972888,0.,0.369376903492407));
#3616=DIRECTION('',(0.,1.,0.));
#3617=DIRECTION('center_axis',(0.,1.,0.));
#3618=DIRECTION('ref_axis',(1.,0.,-1.08877801787489E-12));
#3619=DIRECTION('center_axis',(1.,0.,-1.08883581966909E-12));
#3620=DIRECTION('ref_axis',(-1.08883581966909E-12,0.,-1.));
#3621=DIRECTION('',(0.,-1.,0.));
#3622=DIRECTION('',(-1.08883581966909E-12,0.,-1.));
#3623=DIRECTION('center_axis',(7.88411330971374E-12,0.,1.));
#3624=DIRECTION('ref_axis',(0.707106781186547,-0.707106781186548,-5.57413730164604E-12));
#3625=DIRECTION('center_axis',(-1.2335811384724E-15,0.,-1.));
#3626=DIRECTION('ref_axis',(0.707106781186547,-0.707106781186548,-5.57413730164604E-12));
#3627=DIRECTION('',(-7.88411330971374E-12,0.,-1.));
#3628=DIRECTION('center_axis',(5.55111512334265E-15,0.,-1.));
#3629=DIRECTION('ref_axis',(0.707106781186547,-0.707106781186548,-5.57413730164604E-12));
#3630=DIRECTION('',(7.88411330971374E-12,0.,1.));
#3631=DIRECTION('center_axis',(0.,-1.,0.));
#3632=DIRECTION('ref_axis',(0.,0.,-1.));
#3633=DIRECTION('',(1.,0.,-8.32667268472317E-15));
#3634=DIRECTION('',(1.22741323278003E-13,0.,1.));
#3635=DIRECTION('',(-1.,0.,-5.55111512334265E-15));
#3636=DIRECTION('',(-1.,0.,1.2335811384724E-15));
#3637=DIRECTION('',(7.11967736191643E-12,0.,1.));
#3638=DIRECTION('',(-1.,0.,5.55111512310281E-15));
#3639=DIRECTION('',(6.44546144851827E-14,0.,-1.));
#3640=DIRECTION('',(1.,0.,7.49400541621981E-14));
#3641=DIRECTION('',(7.11967736191643E-12,0.,1.));
#3642=DIRECTION('',(-0.686508893210348,0.,0.727121406329853));
#3643=DIRECTION('center_axis',(0.,-1.,0.));
#3644=DIRECTION('ref_axis',(0.929279668972116,0.,0.36937690349435));
#3645=DIRECTION('',(-6.3441315692866E-16,0.,1.));
#3646=DIRECTION('',(-1.,0.,2.46716227694479E-15));
#3647=DIRECTION('center_axis',(1.2335811384724E-15,0.,1.));
#3648=DIRECTION('ref_axis',(1.,0.,-1.2335811384724E-15));
#3649=DIRECTION('',(0.,1.,0.));
#3650=DIRECTION('center_axis',(-1.2335811384724E-15,0.,-1.));
#3651=DIRECTION('ref_axis',(0.707106781186547,0.707106781186548,-5.57413730164604E-12));
#3652=DIRECTION('',(1.,0.,-1.2335811384724E-15));
#3653=DIRECTION('center_axis',(-1.2335811384724E-15,0.,-1.));
#3654=DIRECTION('ref_axis',(-0.707106781186547,0.707106781186548,5.03480436062179E-12));
#3655=DIRECTION('',(0.,1.,0.));
#3656=DIRECTION('center_axis',(-1.2335811384724E-15,0.,-1.));
#3657=DIRECTION('ref_axis',(-0.707106781186547,-0.707106781186548,5.03480436062179E-12));
#3658=DIRECTION('center_axis',(-7.11967736191643E-12,0.,-1.));
#3659=DIRECTION('ref_axis',(-0.707106781186547,-0.707106781186548,5.03480436062179E-12));
#3660=DIRECTION('',(-7.11967736191643E-12,0.,-1.));
#3661=DIRECTION('center_axis',(-5.55111512310281E-15,0.,-1.));
#3662=DIRECTION('ref_axis',(-0.707106781186547,-0.707106781186548,5.03480436062179E-12));
#3663=DIRECTION('center_axis',(-1.,0.,7.11967736191643E-12));
#3664=DIRECTION('ref_axis',(7.11967736191643E-12,0.,1.));
#3665=DIRECTION('',(7.11967736191643E-12,0.,1.));
#3666=DIRECTION('',(0.,-1.,0.));
#3667=DIRECTION('center_axis',(7.11967736191643E-12,0.,1.));
#3668=DIRECTION('ref_axis',(-0.707106781186547,0.707106781186548,5.03480436062179E-12));
#3669=DIRECTION('',(-7.11967736191643E-12,0.,-1.));
#3670=DIRECTION('center_axis',(-5.55111512310281E-15,0.,-1.));
#3671=DIRECTION('ref_axis',(-0.707106781186547,0.707106781186548,5.03480436062179E-12));
#3672=DIRECTION('center_axis',(0.,1.,0.));
#3673=DIRECTION('ref_axis',(0.,0.,1.));
#3674=DIRECTION('',(1.,0.,-5.55111512310281E-15));
#3675=DIRECTION('',(7.88411330971374E-12,0.,1.));
#3676=DIRECTION('',(1.,0.,5.55111512334265E-15));
#3677=DIRECTION('',(-1.22741323278003E-13,0.,-1.));
#3678=DIRECTION('',(-1.,0.,8.32667268472317E-15));
#3679=DIRECTION('',(-0.6865088932081,0.,0.727121406331975));
#3680=DIRECTION('',(1.08883581966909E-12,0.,1.));
#3681=DIRECTION('',(1.,0.,-2.46716227694479E-15));
#3682=DIRECTION('',(6.3441315692866E-16,0.,-1.));
#3683=DIRECTION('center_axis',(0.,1.,0.));
#3684=DIRECTION('ref_axis',(0.929279668972116,0.,0.36937690349435));
#3685=DIRECTION('',(0.686508893210348,0.,-0.727121406329853));
#3686=DIRECTION('',(-7.11967736191643E-12,0.,-1.));
#3687=DIRECTION('',(-1.,0.,-7.49400541621981E-14));
#3688=DIRECTION('',(-6.44546144851827E-14,0.,1.));
#3689=DIRECTION('center_axis',(-7.88411330971374E-12,0.,-1.));
#3690=DIRECTION('ref_axis',(0.707106781186547,0.707106781186548,-5.57413730164604E-12));
#3691=DIRECTION('',(-7.88411330971374E-12,0.,-1.));
#3692=DIRECTION('center_axis',(5.55111512334265E-15,0.,-1.));
#3693=DIRECTION('ref_axis',(0.707106781186547,0.707106781186548,-5.57413730164604E-12));
#3694=DIRECTION('center_axis',(1.44672936845984E-16,1.,0.));
#3695=DIRECTION('ref_axis',(0.,0.,1.));
#3696=DIRECTION('center_axis',(-0.686508893210348,9.93192577516273E-17,
0.727121406329853));
#3697=DIRECTION('ref_axis',(-0.727121406329853,0.,-0.686508893210348));
#3698=DIRECTION('center_axis',(0.,1.,0.));
#3699=DIRECTION('ref_axis',(1.,0.,6.1466579857446E-16));
#3700=DIRECTION('center_axis',(0.,0.,-1.));
#3701=DIRECTION('ref_axis',(0.,-1.,0.));
#3702=DIRECTION('center_axis',(7.11967736191643E-12,0.,1.));
#3703=DIRECTION('ref_axis',(-0.707106781186548,0.707106781186547,5.03480436062179E-12));
#3704=DIRECTION('',(7.11967736191643E-12,0.,1.));
#3705=DIRECTION('center_axis',(-7.49400541621981E-14,0.,1.));
#3706=DIRECTION('ref_axis',(-0.707106781186548,0.707106781186547,5.03480436062179E-12));
#3707=DIRECTION('center_axis',(-0.369376903491041,0.,0.929279668973432));
#3708=DIRECTION('ref_axis',(-0.929279668973432,0.,-0.369376903491041));
#3709=DIRECTION('center_axis',(0.,-1.,0.));
#3710=DIRECTION('ref_axis',(0.,0.,-1.));
#3711=DIRECTION('center_axis',(0.,0.,-1.));
#3712=DIRECTION('ref_axis',(-1.,0.,0.));
#3713=DIRECTION('center_axis',(0.,-1.,0.));
#3714=DIRECTION('ref_axis',(0.727121406329852,0.,0.686508893210349));
#3715=DIRECTION('center_axis',(-0.686508893210348,0.,0.727121406329853));
#3716=DIRECTION('ref_axis',(0.,1.,0.));
#3717=DIRECTION('center_axis',(0.,1.,0.));
#3718=DIRECTION('ref_axis',(0.929279668972116,0.,0.36937690349435));
#3719=DIRECTION('',(0.,-1.,0.));
#3720=DIRECTION('',(0.,1.,0.));
#3721=DIRECTION('center_axis',(-0.686508893210348,0.,0.727121406329853));
#3722=DIRECTION('ref_axis',(-0.514152477161738,0.707106781186547,-0.485435093733909));
#3723=DIRECTION('',(-0.686508893210348,0.,0.727121406329853));
#3724=DIRECTION('center_axis',(-6.3441315692866E-16,0.,1.));
#3725=DIRECTION('ref_axis',(-0.707106781186546,0.707106781186549,0.));
#3726=DIRECTION('center_axis',(0.894427190999916,0.,0.447213595499958));
#3727=DIRECTION('ref_axis',(-0.447213595499958,3.05429890901485E-17,0.894427190999916));
#3728=DIRECTION('',(-6.3441315692866E-16,0.,1.));
#3729=DIRECTION('center_axis',(1.10334851255434E-15,-0.894427190999916,
0.447213595499958));
#3730=DIRECTION('ref_axis',(-1.22171956360594E-15,0.447213595499958,0.894427190999916));
#3731=DIRECTION('center_axis',(6.3441315692866E-16,0.,-1.));
#3732=DIRECTION('ref_axis',(-0.707106781186546,-0.707106781186549,0.));
#3733=DIRECTION('center_axis',(1.10334851255434E-15,0.894427190999916,0.447213595499958));
#3734=DIRECTION('ref_axis',(-1.22171956360594E-15,-0.447213595499958,0.894427190999916));
#3735=DIRECTION('',(6.3441315692866E-16,0.,-1.));
#3736=DIRECTION('center_axis',(0.894427190999916,0.,0.447213595499958));
#3737=DIRECTION('ref_axis',(-0.447213595499958,-3.05429890901485E-17,0.894427190999916));
#3738=DIRECTION('center_axis',(0.686508893210348,0.,-0.727121406329853));
#3739=DIRECTION('ref_axis',(-0.514152477161738,-0.707106781186547,-0.485435093733909));
#3740=DIRECTION('',(0.686508893210348,0.,-0.727121406329853));
#3741=DIRECTION('center_axis',(0.369376903491041,0.,-0.929279668973432));
#3742=DIRECTION('ref_axis',(-0.929279668973432,0.,-0.369376903491041));
#3743=DIRECTION('center_axis',(-7.11967736191643E-12,0.,-1.));
#3744=DIRECTION('ref_axis',(-0.707106781186548,-0.707106781186547,5.03480436062179E-12));
#3745=DIRECTION('center_axis',(-7.49400541621981E-14,0.,1.));
#3746=DIRECTION('ref_axis',(-0.707106781186548,-0.707106781186547,5.03480436062179E-12));
#3747=DIRECTION('',(-7.11967736191643E-12,0.,-1.));
#3748=DIRECTION('center_axis',(-0.727121406329853,0.,-0.686508893210348));
#3749=DIRECTION('ref_axis',(-0.686508893210348,0.,0.727121406329853));
#3750=DIRECTION('',(0.,1.,0.));
#3751=DIRECTION('center_axis',(-1.,0.,7.11967736191643E-12));
#3752=DIRECTION('ref_axis',(7.11967736191643E-12,0.,1.));
#3753=DIRECTION('',(0.,1.,0.));
#3754=DIRECTION('center_axis',(0.,0.,1.));
#3755=DIRECTION('ref_axis',(1.,0.,0.));
#3756=DIRECTION('center_axis',(0.686508893208101,-7.94554062015337E-16,
-0.727121406331974));
#3757=DIRECTION('ref_axis',(0.727121406331974,0.,0.686508893208101));
#3758=DIRECTION('center_axis',(1.08850483307553E-12,0.,1.));
#3759=DIRECTION('ref_axis',(0.,1.,0.));
#3760=DIRECTION('center_axis',(-1.08883581966909E-12,0.,-1.));
#3761=DIRECTION('ref_axis',(0.707106781186549,0.707106781186546,-7.69785734234108E-13));
#3762=DIRECTION('center_axis',(1.10334851255434E-15,-0.894427190999916,
0.447213595499958));
#3763=DIRECTION('ref_axis',(1.21680214236243E-12,0.447213595499958,0.894427190999916));
#3764=DIRECTION('center_axis',(-0.894427190999527,0.,0.447213595500735));
#3765=DIRECTION('ref_axis',(0.447213595500736,0.,0.894427190999527));
#3766=DIRECTION('center_axis',(0.6865088932081,0.,-0.727121406331975));
#3767=DIRECTION('ref_axis',(0.51415247716324,0.707106781186547,0.485435093732319));
#3768=DIRECTION('center_axis',(8.32667268472317E-15,0.,1.));
#3769=DIRECTION('ref_axis',(1.,4.96596288759582E-17,-8.35728915839657E-15));
#3770=DIRECTION('center_axis',(-0.894427190999916,0.,-0.447213595499958));
#3771=DIRECTION('ref_axis',(-0.447213595499958,0.,0.894427190999916));
#3772=DIRECTION('',(0.408248290463863,-0.408248290463863,-0.816496580927726));
#3773=DIRECTION('',(0.,-1.,0.));
#3774=DIRECTION('',(-0.408248290463863,-0.408248290463863,0.816496580927726));
#3775=DIRECTION('',(0.,1.,0.));
#3776=DIRECTION('center_axis',(0.894427190999527,0.,-0.447213595500735));
#3777=DIRECTION('ref_axis',(-0.447213595500735,0.,-0.894427190999527));
#3778=DIRECTION('',(-0.408248290464603,0.408248290463715,-0.81649658092743));
#3779=DIRECTION('',(0.,1.,0.));
#3780=DIRECTION('',(0.408248290464603,0.408248290463715,0.81649658092743));
#3781=DIRECTION('center_axis',(-1.10334851255434E-15,-0.894427190999916,
-0.447213595499958));
#3782=DIRECTION('ref_axis',(0.,0.447213595499958,-0.894427190999916));
#3783=DIRECTION('',(1.,0.,-2.46716227694479E-15));
#3784=DIRECTION('center_axis',(-1.10334851255434E-15,0.894427190999916,
-0.447213595499958));
#3785=DIRECTION('ref_axis',(0.,0.447213595499958,0.894427190999916));
#3786=DIRECTION('',(-1.,0.,2.46716227694479E-15));
#3787=DIRECTION('center_axis',(-2.46716227694479E-15,0.,-1.));
#3788=DIRECTION('ref_axis',(-1.,0.,2.46716227694479E-15));
#3789=DIRECTION('center_axis',(5.55111512310281E-15,0.,1.));
#3790=DIRECTION('ref_axis',(1.,0.,-5.55111512310281E-15));
#3791=DIRECTION('',(0.,1.,0.));
#3792=DIRECTION('center_axis',(-1.,0.,-6.44546144851827E-14));
#3793=DIRECTION('ref_axis',(-6.44546144851827E-14,0.,1.));
#3794=DIRECTION('',(0.,1.,0.));
#3795=DIRECTION('center_axis',(7.49400541621981E-14,0.,-1.));
#3796=DIRECTION('ref_axis',(-1.,0.,-7.49400541621981E-14));
#3797=DIRECTION('center_axis',(-1.,0.,-6.3441315692866E-16));
#3798=DIRECTION('ref_axis',(-6.3441315692866E-16,0.,1.));
#3799=DIRECTION('center_axis',(-8.32667268472317E-15,0.,-1.));
#3800=DIRECTION('ref_axis',(-1.,0.,8.32667268472317E-15));
#3801=DIRECTION('',(0.,1.,0.));
#3802=DIRECTION('center_axis',(1.,0.,-1.22741323278003E-13));
#3803=DIRECTION('ref_axis',(-1.22741323278003E-13,0.,-1.));
#3804=DIRECTION('',(0.,1.,0.));
#3805=DIRECTION('center_axis',(-5.55111512334265E-15,0.,1.));
#3806=DIRECTION('ref_axis',(1.,0.,5.55111512334265E-15));
#3807=DIRECTION('',(0.,1.,0.));
#3808=DIRECTION('center_axis',(1.,0.,-7.88411330971374E-12));
#3809=DIRECTION('ref_axis',(-7.88411330971374E-12,0.,-1.));
#3810=DIRECTION('axis',(0.,0.,1.));
#3811=DIRECTION('refdir',(1.,0.,0.));
#3812=DIRECTION('center_axis',(0.,1.,0.));
#3813=DIRECTION('ref_axis',(-1.,0.,0.));
#3814=DIRECTION('',(-1.,0.,3.88460054137852E-13));
#3815=DIRECTION('',(0.,0.,1.));
#3816=DIRECTION('',(1.,0.,-3.87551759907882E-13));
#3817=DIRECTION('',(0.,0.,-1.));
#3818=DIRECTION('',(0.,0.,-1.));
#3819=DIRECTION('',(1.,0.,-3.83117438040023E-13));
#3820=DIRECTION('',(0.,0.,1.));
#3821=DIRECTION('',(-1.,0.,3.8207921933318E-13));
#3822=DIRECTION('',(0.,0.,-1.));
#3823=DIRECTION('',(1.,0.,-3.8207921933318E-13));
#3824=DIRECTION('',(0.,0.,1.));
#3825=DIRECTION('',(-1.,0.,3.78576794132457E-13));
#3826=DIRECTION('',(0.,0.,-1.));
#3827=DIRECTION('center_axis',(0.,1.,0.));
#3828=DIRECTION('ref_axis',(-1.,0.,0.));
#3829=DIRECTION('',(0.,0.,-1.));
#3830=DIRECTION('',(-1.,0.,3.85544190029612E-13));
#3831=DIRECTION('',(0.,0.,1.));
#3832=DIRECTION('',(0.,0.,-1.));
#3833=DIRECTION('',(0.,0.,1.));
#3834=DIRECTION('',(1.,0.,-3.85544190029612E-13));
#3835=DIRECTION('',(0.,0.,-1.));
#3836=DIRECTION('',(0.0212723759701358,0.,-0.999773717408387));
#3837=DIRECTION('',(0.,0.,1.));
#3838=DIRECTION('center_axis',(0.,1.,0.));
#3839=DIRECTION('ref_axis',(-1.,0.,0.));
#3840=DIRECTION('',(0.799999999999854,0.,-0.600000000000195));
#3841=DIRECTION('',(0.,0.,1.));
#3842=DIRECTION('',(1.,0.,-3.83116890809136E-13));
#3843=DIRECTION('',(-2.16840439343862E-17,0.,-1.));
#3844=DIRECTION('',(-1.,0.,3.88948700414554E-13));
#3845=DIRECTION('',(0.,0.,1.));
#3846=DIRECTION('center_axis',(0.,1.,0.));
#3847=DIRECTION('ref_axis',(-1.,0.,0.));
#3848=DIRECTION('',(0.,0.,1.));
#3849=DIRECTION('',(0.,0.,1.));
#3850=DIRECTION('',(0.,0.,-1.));
#3851=DIRECTION('center_axis',(0.,1.,0.));
#3852=DIRECTION('ref_axis',(-1.,0.,0.));
#3853=DIRECTION('',(0.,0.,-1.));
#3854=DIRECTION('',(-1.,0.,0.));
#3855=DIRECTION('',(0.,0.,1.));
#3856=DIRECTION('',(1.,0.,0.));
#3857=DIRECTION('',(0.,0.,-1.));
#3858=DIRECTION('',(1.,0.,-3.8679574931223E-13));
#3859=DIRECTION('',(0.,0.,-1.));
#3860=DIRECTION('',(1.,0.,-3.85211033079693E-13));
#3861=DIRECTION('',(0.,0.,1.));
#3862=DIRECTION('',(1.,0.,-3.8855359566173E-13));
#3863=DIRECTION('',(0.,0.,1.));
#3864=DIRECTION('',(-0.430238437163691,0.,0.902715285783366));
#3865=DIRECTION('',(-1.,0.,3.85463648019121E-13));
#3866=DIRECTION('',(0.,0.,-1.));
#3867=DIRECTION('',(-1.,0.,3.8679574931223E-13));
#3868=DIRECTION('',(0.,0.,-1.));
#3869=DIRECTION('',(0.,0.,1.));
#3870=DIRECTION('',(0.,0.,1.));
#3871=DIRECTION('center_axis',(0.,1.,0.));
#3872=DIRECTION('ref_axis',(-1.,0.,0.));
#3873=DIRECTION('',(0.,0.,-1.));
#3874=DIRECTION('',(1.,0.,-3.89602070128019E-13));
#3875=DIRECTION('',(-0.425814535326964,0.,0.904810467172149));
#3876=DIRECTION('center_axis',(0.,1.,0.));
#3877=DIRECTION('ref_axis',(-1.,0.,0.));
#3878=DIRECTION('center_axis',(0.,1.,0.));
#3879=DIRECTION('ref_axis',(-1.,0.,0.));
#3880=DIRECTION('center_axis',(0.,1.,0.));
#3881=DIRECTION('ref_axis',(-1.,0.,0.));
#3882=DIRECTION('center_axis',(0.,1.,0.));
#3883=DIRECTION('ref_axis',(-1.,0.,0.));
#3884=DIRECTION('center_axis',(0.,0.,1.));
#3885=DIRECTION('ref_axis',(-0.610057664896261,0.792357018963877,0.));
#3886=DIRECTION('center_axis',(-0.707106781186548,0.,0.707106781186548));
#3887=DIRECTION('ref_axis',(-0.707106781186547,0.,-0.707106781186547));
#3888=DIRECTION('',(0.,0.,1.));
#3889=DIRECTION('center_axis',(0.707106781186556,0.,0.70710678118654));
#3890=DIRECTION('ref_axis',(-0.707106781186539,0.,0.707106781186556));
#3891=DIRECTION('center_axis',(1.,0.,0.));
#3892=DIRECTION('ref_axis',(0.,0.739334559875283,0.673338257173927));
#3893=DIRECTION('',(1.,0.,0.));
#3894=DIRECTION('center_axis',(-0.97335988064348,-0.229282669981206,0.));
#3895=DIRECTION('ref_axis',(-0.229282669981206,0.97335988064348,-2.4928792847336E-16));
#3896=DIRECTION('center_axis',(-0.707106781186544,0.,0.707106781186552));
#3897=DIRECTION('ref_axis',(-0.707106781186552,0.,-0.707106781186544));
#3898=DIRECTION('center_axis',(0.96676694550653,-0.255659291002642,0.));
#3899=DIRECTION('ref_axis',(0.255659291002642,0.96676694550653,8.2533135638217E-17));
#3900=DIRECTION('center_axis',(0.,0.,1.));
#3901=DIRECTION('ref_axis',(0.620772635519158,0.783990647259646,0.));
#3902=DIRECTION('',(0.,0.,-1.));
#3903=DIRECTION('center_axis',(0.707106781186544,0.,0.707106781186552));
#3904=DIRECTION('ref_axis',(0.707106781186551,0.,-0.707106781186544));
#3905=DIRECTION('center_axis',(-1.,0.,0.));
#3906=DIRECTION('ref_axis',(0.,0.739334559875283,-0.673338257173927));
#3907=DIRECTION('center_axis',(-0.97335988064348,-0.229282669981206,0.));
#3908=DIRECTION('ref_axis',(-0.229282669981206,0.97335988064348,2.4928792847336E-16));
#3909=DIRECTION('',(-1.,0.,0.));
#3910=DIRECTION('center_axis',(0.96676694550653,-0.255659291002642,0.));
#3911=DIRECTION('ref_axis',(0.255659291002642,0.96676694550653,-8.2533135638217E-17));
#3912=DIRECTION('center_axis',(-0.96676694550653,0.255659291002642,0.));
#3913=DIRECTION('ref_axis',(-0.255659291002642,-0.96676694550653,0.));
#3914=DIRECTION('',(-0.254618101905226,-0.962829724216992,-0.0901584402394554));
#3915=DIRECTION('',(0.,0.,1.));
#3916=DIRECTION('',(0.254618101905226,0.962829724216992,-0.0901584402394555));
#3917=DIRECTION('center_axis',(0.,-0.0932311828519568,0.995644488029751));
#3918=DIRECTION('ref_axis',(0.,-0.995644488029751,-0.0932311828519568));
#3919=DIRECTION('',(-0.228336201181677,0.969341893772438,0.0907682334717648));
#3920=DIRECTION('',(1.,0.,0.));
#3921=DIRECTION('center_axis',(0.,1.,0.));
#3922=DIRECTION('ref_axis',(-1.,0.,0.));
#3923=DIRECTION('center_axis',(0.,-0.0932311828519569,-0.995644488029751));
#3924=DIRECTION('ref_axis',(0.,0.995644488029751,-0.0932311828519569));
#3925=DIRECTION('',(-1.,0.,0.));
#3926=DIRECTION('',(0.228336201181677,-0.969341893772438,0.0907682334717649));
#3927=DIRECTION('center_axis',(0.,0.,1.));
#3928=DIRECTION('ref_axis',(-1.,0.,0.));
#3929=DIRECTION('center_axis',(0.,0.,1.));
#3930=DIRECTION('ref_axis',(-0.999367187859295,-0.0355699849621077,0.));
#3931=DIRECTION('center_axis',(0.97335988064348,0.229282669981206,0.));
#3932=DIRECTION('ref_axis',(-0.229282669981206,0.97335988064348,0.));
#3933=DIRECTION('',(0.,0.,1.));
#3934=DIRECTION('center_axis',(0.,0.,1.));
#3935=DIRECTION('ref_axis',(-0.999367187859295,-0.0355699849621077,0.));
#3936=DIRECTION('center_axis',(0.,0.,1.));
#3937=DIRECTION('ref_axis',(-0.999367187859295,-0.0355699849621077,0.));
#3938=DIRECTION('center_axis',(0.,0.,1.));
#3939=DIRECTION('ref_axis',(-1.,0.,0.));
#3940=DIRECTION('',(0.,0.,1.));
#3941=DIRECTION('',(1.,0.,0.));
#3942=DIRECTION('',(0.,0.,1.));
#3943=DIRECTION('',(1.,0.,0.));
#3944=DIRECTION('center_axis',(0.,0.,1.));
#3945=DIRECTION('ref_axis',(1.,0.,0.));
#3946=CARTESIAN_POINT('',(0.,0.,0.));
#3947=CARTESIAN_POINT('',(0.,0.,0.));
#3948=CARTESIAN_POINT('Origin',(-1.36800000001163,-0.093,0.74699999999781));
#3949=CARTESIAN_POINT('',(-1.36799999999754,-0.22,2.54));
#3950=CARTESIAN_POINT('',(-1.49499999999754,-0.093,2.54));
#3951=CARTESIAN_POINT('Origin',(-1.36799999999754,-0.093,2.539999999999));
#3952=CARTESIAN_POINT('',(-1.49500000000259,-0.093,1.97400000000044));
#3953=CARTESIAN_POINT('',(-1.49500000001163,-0.093,0.746999999998807));
#3954=CARTESIAN_POINT('',(-1.36800000000199,-0.22,1.97400000000085));
#3955=CARTESIAN_POINT('Origin',(-1.36800000000199,-0.093,1.97399999999833));
#3956=CARTESIAN_POINT('',(-1.36800000001163,-0.22,0.74699999999781));
#3957=CARTESIAN_POINT('Origin',(-1.85500000000141,-0.22,-0.48));
#3958=CARTESIAN_POINT('',(-1.5950000000064,-0.22,1.97400000000012));
#3959=CARTESIAN_POINT('',(-1.5950000000064,-0.22,1.97400000000012));
#3960=CARTESIAN_POINT('',(-1.59500000000656,-0.22,1.52400000000012));
#3961=CARTESIAN_POINT('',(-1.59500000000656,-0.22,1.52400000000012));
#3962=CARTESIAN_POINT('',(-1.32033865887388,-0.22,1.52399999999983));
#3963=CARTESIAN_POINT('',(-1.49500000000552,-0.22,1.52400000000001));
#3964=CARTESIAN_POINT('',(-2.63799999999601,-0.22,0.128388410732252));
#3965=CARTESIAN_POINT('',(-2.62266224677804,-0.22,0.144633515203551));
#3966=CARTESIAN_POINT('',(-2.63799999999979,-0.22,-3.3));
#3967=CARTESIAN_POINT('',(-2.63799999999834,-0.22,-1.98999999999964));
#3968=CARTESIAN_POINT('',(-2.44200000000001,-0.22,-3.3));
#3969=CARTESIAN_POINT('',(-2.0850000000007,-0.22,-3.3));
#3970=CARTESIAN_POINT('',(-2.44200000000001,-0.22,-0.0504808921441385));
#3971=CARTESIAN_POINT('',(-2.44200000000001,-0.22,-0.24));
#3972=CARTESIAN_POINT('',(-2.37268883721458,-0.22,0.123892366724099));
#3973=CARTESIAN_POINT('Origin',(-2.18800000000001,-0.22,-0.0504808921441385));
#3974=CARTESIAN_POINT('',(-1.17200000000453,-0.22,1.39561158927074));
#3975=CARTESIAN_POINT('',(-1.78374876756666,-0.22,0.747672970231283));
#3976=CARTESIAN_POINT('',(-1.17200000000412,-0.22,1.52400000000001));
#3977=CARTESIAN_POINT('',(-1.17200000000729,-0.22,0.521999999999126));
#3978=CARTESIAN_POINT('',(-0.945000000004271,-0.22,1.52400000000001));
#3979=CARTESIAN_POINT('',(-0.945000000004271,-0.22,1.52400000000001));
#3980=CARTESIAN_POINT('',(-0.945000000002806,-0.22,1.97400000000011));
#3981=CARTESIAN_POINT('',(-0.945000000002806,-0.22,1.97400000000011));
#3982=CARTESIAN_POINT('',(-1.1720000000027,-0.22,1.97400000000012));
#3983=CARTESIAN_POINT('',(-1.0450000000027,-0.22,1.97400000000011));
#3984=CARTESIAN_POINT('',(-1.17200000000091,-0.22,2.54));
#3985=CARTESIAN_POINT('',(-1.17200000000569,-0.22,1.02999999999912));
#3986=CARTESIAN_POINT('',(-1.49499999999754,-0.22,2.54));
#3987=CARTESIAN_POINT('Origin',(-1.17200000000569,-0.093,1.02999999999912));
#3988=CARTESIAN_POINT('',(-1.04500000000091,-0.093,2.54));
#3989=CARTESIAN_POINT('Origin',(-1.17200000000091,-0.093,2.53999999999898));
#3990=CARTESIAN_POINT('',(-1.0450000000027,-0.093,1.97400000000011));
#3991=CARTESIAN_POINT('Origin',(-1.1720000000027,-0.093,1.97400000000052));
#3992=CARTESIAN_POINT('',(-1.04500000000569,-0.093,1.02999999999872));
#3993=CARTESIAN_POINT('Origin',(-1.04500000000091,0.,2.54));
#3994=CARTESIAN_POINT('',(-1.0450000000027,0.093,1.97400000000011));
#3995=CARTESIAN_POINT('',(-1.0450000000027,0.,1.97400000000011));
#3996=CARTESIAN_POINT('',(-1.04500000000091,0.093,2.54));
#3997=CARTESIAN_POINT('',(-1.04500000000569,0.093,1.02999999999872));
#3998=CARTESIAN_POINT('',(-1.04500000000091,0.,2.54));
#3999=CARTESIAN_POINT('Origin',(-2.63799999999601,-0.093,0.128388410732252));
#4000=CARTESIAN_POINT('',(-2.73034441860337,-0.093,0.21557504016629));
#4001=CARTESIAN_POINT('Origin',(-2.63799999999601,-0.093,0.128388410732252));
#4002=CARTESIAN_POINT('',(-2.76499999999601,-0.093,0.128388410732392));
#4003=CARTESIAN_POINT('Origin',(-2.63799999999601,-0.093,0.128388410732252));
#4004=CARTESIAN_POINT('Origin',(-2.63799999999601,-0.093,0.128388410732252));
#4005=CARTESIAN_POINT('Origin',(-2.63799999999601,0.093,0.128388410732252));
#4006=CARTESIAN_POINT('',(-2.76499999999601,0.093,0.128388410732392));
#4007=CARTESIAN_POINT('',(-2.63799999999601,0.22,0.128388410732252));
#4008=CARTESIAN_POINT('Origin',(-2.63799999999601,0.093,0.128388410732252));
#4009=CARTESIAN_POINT('',(-2.73034441860337,0.093,0.21557504016629));
#4010=CARTESIAN_POINT('Origin',(-2.63799999999601,0.093,0.128388410732252));
#4011=CARTESIAN_POINT('Origin',(-2.63799999999601,0.093,0.128388410732252));
#4012=CARTESIAN_POINT('Origin',(-2.63799999999601,0.,0.128388410732252));
#4013=CARTESIAN_POINT('',(-2.76499999999601,0.,0.128388410732392));
#4014=CARTESIAN_POINT('',(-2.73034441860337,0.,0.21557504016629));
#4015=CARTESIAN_POINT('Origin',(-2.62266224677804,0.093,0.144633515203551));
#4016=CARTESIAN_POINT('',(-1.49500000000552,0.093,1.52400000000001));
#4017=CARTESIAN_POINT('',(-1.32033865887388,0.22,1.52399999999983));
#4018=CARTESIAN_POINT('Origin',(-1.32033865887388,0.093,1.52399999999983));
#4019=CARTESIAN_POINT('',(-2.62266224677804,0.22,0.144633515203551));
#4020=CARTESIAN_POINT('',(-2.71500666538541,0.093,0.231820144637589));
#4021=CARTESIAN_POINT('Origin',(-2.63799999999834,0.093,-1.98999999999964));
#4022=CARTESIAN_POINT('',(-2.72780256121056,0.182802561210692,-3.37439487757862));
#4023=CARTESIAN_POINT('',(-2.76499999999979,0.093,-3.3));
#4024=CARTESIAN_POINT('Origin',(-2.63800000000007,0.093,-3.554));
#4025=CARTESIAN_POINT('',(-2.76499999999834,0.093,-1.9899999999995));
#4026=CARTESIAN_POINT('',(-2.63799999999979,0.22,-3.3));
#4027=CARTESIAN_POINT('',(-2.63799999999834,0.22,-1.98999999999964));
#4028=CARTESIAN_POINT('Origin',(-2.63800000000007,0.093,-3.554));
#4029=CARTESIAN_POINT('Origin',(-2.63799999999834,-0.093,-1.98999999999964));
#4030=CARTESIAN_POINT('',(-2.72780256121056,-0.182802561210692,-3.37439487757862));
#4031=CARTESIAN_POINT('Origin',(-2.63800000000007,-0.093,-3.554));
#4032=CARTESIAN_POINT('',(-2.76499999999979,-0.093,-3.3));
#4033=CARTESIAN_POINT('',(-2.76499999999834,-0.093,-1.9899999999995));
#4034=CARTESIAN_POINT('Origin',(-2.63800000000007,-0.093,-3.554));
#4035=CARTESIAN_POINT('Origin',(-2.62266224677804,-0.093,0.144633515203551));
#4036=CARTESIAN_POINT('',(-1.49500000000552,-0.093,1.52400000000001));
#4037=CARTESIAN_POINT('Origin',(-1.32033865887388,-0.093,1.52399999999983));
#4038=CARTESIAN_POINT('',(-2.71500666538541,-0.093,0.231820144637589));
#4039=CARTESIAN_POINT('Origin',(-2.0850000000007,0.17,-3.4));
#4040=CARTESIAN_POINT('',(-2.44200000000001,0.22,-3.3));
#4041=CARTESIAN_POINT('',(-2.0850000000007,0.22,-3.3));
#4042=CARTESIAN_POINT('',(-2.35219743878932,0.182802561210692,-3.37439487757862));
#4043=CARTESIAN_POINT('Origin',(-2.44200000000001,0.093,-3.554));
#4044=CARTESIAN_POINT('',(-2.41500000000001,0.12,-3.5));
#4045=CARTESIAN_POINT('',(-2.41500000000001,0.12,-3.5));
#4046=CARTESIAN_POINT('',(-2.66500000000001,0.12,-3.5));
#4047=CARTESIAN_POINT('',(-2.0850000000007,0.12,-3.5));
#4048=CARTESIAN_POINT('',(-2.76499999999979,0.22,-3.3));
#4049=CARTESIAN_POINT('Origin',(-1.85500000000141,0.22,-0.48));
#4050=CARTESIAN_POINT('',(-1.59500000000656,0.22,1.52400000000012));
#4051=CARTESIAN_POINT('',(-1.49500000000552,0.22,1.52400000000001));
#4052=CARTESIAN_POINT('',(-1.5950000000064,0.22,1.97400000000012));
#4053=CARTESIAN_POINT('',(-1.59500000000656,0.22,1.52400000000012));
#4054=CARTESIAN_POINT('',(-1.36800000000199,0.22,1.97400000000085));
#4055=CARTESIAN_POINT('',(-1.5950000000064,0.22,1.97400000000012));
#4056=CARTESIAN_POINT('',(-1.36799999999754,0.22,2.54));
#4057=CARTESIAN_POINT('',(-1.36800000001163,0.22,0.74699999999781));
#4058=CARTESIAN_POINT('',(-1.17200000000091,0.22,2.54));
#4059=CARTESIAN_POINT('',(-1.49499999999754,0.22,2.54));
#4060=CARTESIAN_POINT('',(-1.1720000000027,0.22,1.97400000000012));
#4061=CARTESIAN_POINT('',(-1.17200000000569,0.22,1.02999999999912));
#4062=CARTESIAN_POINT('',(-0.945000000002806,0.22,1.97400000000011));
#4063=CARTESIAN_POINT('',(-1.0450000000027,0.22,1.97400000000011));
#4064=CARTESIAN_POINT('',(-0.945000000004271,0.22,1.52400000000001));
#4065=CARTESIAN_POINT('',(-0.945000000002806,0.22,1.97400000000011));
#4066=CARTESIAN_POINT('',(-1.17200000000412,0.22,1.52400000000001));
#4067=CARTESIAN_POINT('',(-0.945000000004271,0.22,1.52400000000001));
#4068=CARTESIAN_POINT('',(-1.17200000000453,0.22,1.39561158927074));
#4069=CARTESIAN_POINT('',(-1.17200000000729,0.22,0.521999999999126));
#4070=CARTESIAN_POINT('',(-2.37268883721458,0.22,0.123892366724099));
#4071=CARTESIAN_POINT('',(-1.78374876756666,0.22,0.747672970231283));
#4072=CARTESIAN_POINT('',(-2.44200000000001,0.22,-0.0504808921441385));
#4073=CARTESIAN_POINT('Origin',(-2.18800000000001,0.22,-0.0504808921441386));
#4074=CARTESIAN_POINT('',(-2.44200000000001,0.22,-0.24));
#4075=CARTESIAN_POINT('Origin',(-2.76499999999595,0.,0.178869302876385));
#4076=CARTESIAN_POINT('',(-1.49500000000552,0.,1.52400000000001));
#4077=CARTESIAN_POINT('Origin',(-1.17200000000729,-0.093,0.521999999999126));
#4078=CARTESIAN_POINT('',(-1.04500000000469,-0.093,1.34513069712643));
#4079=CARTESIAN_POINT('',(-1.0450000000041,-0.093,1.52400000000001));
#4080=CARTESIAN_POINT('',(-1.04500000000729,-0.093,0.521999999998724));
#4081=CARTESIAN_POINT('Origin',(-1.17200000000412,-0.093,1.52400000000073));
#4082=CARTESIAN_POINT('Origin',(-1.17200000000453,-0.093,1.39561158927074));
#4083=CARTESIAN_POINT('Origin',(-2.18800000000001,-0.093,-0.0504808921441385));
#4084=CARTESIAN_POINT('',(-2.31500000000001,-0.093,-0.0504808921441385));
#4085=CARTESIAN_POINT('Origin',(-2.44200000000001,-0.093,-0.0504808921441385));
#4086=CARTESIAN_POINT('',(-2.28034441860729,-0.093,0.0367057372899803));
#4087=CARTESIAN_POINT('Origin',(-2.18800000000001,-0.093,-0.0504808921441385));
#4088=CARTESIAN_POINT('Origin',(-2.37268883721458,-0.093,0.123892366724099));
#4089=CARTESIAN_POINT('Origin',(-2.18800000000001,0.0930000000000012,-0.0504808921441385));
#4090=CARTESIAN_POINT('',(-2.28034441860729,0.093,0.0367057372899804));
#4091=CARTESIAN_POINT('Origin',(-2.37268883721458,0.093,0.123892366724099));
#4092=CARTESIAN_POINT('',(-2.31500000000001,0.093,-0.0504808921441385));
#4093=CARTESIAN_POINT('Origin',(-2.18800000000001,0.093,-0.0504808921441385));
#4094=CARTESIAN_POINT('Origin',(-2.44200000000001,0.093,-0.0504808921441385));
#4095=CARTESIAN_POINT('Origin',(-2.18800000000001,0.,-0.0504808921441385));
#4096=CARTESIAN_POINT('',(-2.28034441860729,0.,0.0367057372899804));
#4097=CARTESIAN_POINT('',(-2.31500000000001,0.,-0.0504808921441385));
#4098=CARTESIAN_POINT('Origin',(-2.44200000000001,0.093,-0.24));
#4099=CARTESIAN_POINT('',(-2.31500000000001,0.093,-3.3));
#4100=CARTESIAN_POINT('',(-2.31500000000001,0.093,-0.24));
#4101=CARTESIAN_POINT('Origin',(-2.44200000000001,0.093,-3.554));
#4102=CARTESIAN_POINT('Origin',(-1.78374876756666,0.093,0.747672970231283));
#4103=CARTESIAN_POINT('',(-1.04500000000469,0.093,1.34513069712643));
#4104=CARTESIAN_POINT('',(-1.69140434895937,0.093,0.660486340797164));
#4105=CARTESIAN_POINT('Origin',(-1.17200000000453,0.093,1.39561158927074));
#4106=CARTESIAN_POINT('Origin',(-1.17200000000729,0.093,0.521999999999126));
#4107=CARTESIAN_POINT('',(-1.0450000000041,0.093,1.52400000000001));
#4108=CARTESIAN_POINT('Origin',(-1.17200000000412,0.093,1.52400000000073));
#4109=CARTESIAN_POINT('',(-1.04500000000729,0.093,0.521999999998724));
#4110=CARTESIAN_POINT('Origin',(-1.78374876756666,-0.093,0.747672970231283));
#4111=CARTESIAN_POINT('',(-1.69140434895937,-0.093,0.660486340797164));
#4112=CARTESIAN_POINT('Origin',(-2.44200000000001,-0.093,-0.24));
#4113=CARTESIAN_POINT('',(-2.35219743878932,-0.182802561210692,-3.37439487757862));
#4114=CARTESIAN_POINT('',(-2.31500000000001,-0.093,-3.3));
#4115=CARTESIAN_POINT('Origin',(-2.44200000000001,-0.093,-3.554));
#4116=CARTESIAN_POINT('',(-2.31500000000001,-0.093,-0.24));
#4117=CARTESIAN_POINT('Origin',(-2.44200000000001,-0.093,-3.554));
#4118=CARTESIAN_POINT('Origin',(-2.31500000000001,0.,-2.20106279358541E-32));
#4119=CARTESIAN_POINT('',(-2.31500000000001,0.,-3.3));
#4120=CARTESIAN_POINT('Origin',(-2.36500000000001,0.,-3.4));
#4121=CARTESIAN_POINT('',(-2.41500000000001,-0.12,-3.5));
#4122=CARTESIAN_POINT('',(-2.31500000000001,-0.22,-3.3));
#4123=CARTESIAN_POINT('',(-2.41500000000001,0.,-3.5));
#4124=CARTESIAN_POINT('Origin',(-1.36800000001163,0.093,0.74699999999781));
#4125=CARTESIAN_POINT('',(-1.49499999999754,0.093,2.54));
#4126=CARTESIAN_POINT('Origin',(-1.36799999999754,0.093,2.539999999999));
#4127=CARTESIAN_POINT('',(-1.49500000000259,0.093,1.97400000000044));
#4128=CARTESIAN_POINT('Origin',(-1.36800000000199,0.093,1.97399999999833));
#4129=CARTESIAN_POINT('',(-1.49500000001163,0.093,0.746999999998807));
#4130=CARTESIAN_POINT('Origin',(-1.49500000000199,0.,1.97400000000044));
#4131=CARTESIAN_POINT('',(-1.49499999999754,0.,2.54));
#4132=CARTESIAN_POINT('',(-1.49500000000259,0.,1.97400000000044));
#4133=CARTESIAN_POINT('Origin',(-1.17200000000569,0.093,1.02999999999912));
#4134=CARTESIAN_POINT('Origin',(-1.17200000000091,0.093,2.53999999999898));
#4135=CARTESIAN_POINT('Origin',(-1.1720000000027,0.093,1.97400000000052));
#4136=CARTESIAN_POINT('Origin',(-2.7149999999999,0.,-3.4));
#4137=CARTESIAN_POINT('',(-2.66500000000001,-0.12,-3.5));
#4138=CARTESIAN_POINT('',(-2.66500000000001,0.,-3.5));
#4139=CARTESIAN_POINT('',(-2.66500000000001,-0.12,-3.5));
#4140=CARTESIAN_POINT('',(-2.76499999999979,0.,-3.3));
#4141=CARTESIAN_POINT('Origin',(-2.0850000000007,-0.17,-3.4));
#4142=CARTESIAN_POINT('',(-2.0850000000007,-0.12,-3.5));
#4143=CARTESIAN_POINT('Origin',(-2.31500000000001,0.,-3.5));
#4144=CARTESIAN_POINT('Origin',(-0.945000000002806,0.,1.97400000000011));
#4145=CARTESIAN_POINT('',(-0.945000000004271,0.,1.52400000000001));
#4146=CARTESIAN_POINT('',(-0.945000000002806,0.,1.97400000000011));
#4147=CARTESIAN_POINT('Origin',(-1.0450000000027,0.,1.97400000000011));
#4148=CARTESIAN_POINT('Origin',(-1.49499999999754,0.,2.54));
#4149=CARTESIAN_POINT('Origin',(-1.5950000000064,0.,1.97400000000012));
#4150=CARTESIAN_POINT('',(-1.5950000000064,0.,1.97400000000012));
#4151=CARTESIAN_POINT('Origin',(-1.59500000000656,0.,1.52400000000012));
#4152=CARTESIAN_POINT('',(-1.59500000000656,0.,1.52400000000012));
#4153=CARTESIAN_POINT('Origin',(-1.49500000000552,0.,1.52400000000001));
#4154=CARTESIAN_POINT('Origin',(-2.76500000000001,0.,-3.5));
#4155=CARTESIAN_POINT('Origin',(-1.04500000000469,0.,1.34513069712643));
#4156=CARTESIAN_POINT('',(-1.04500000000469,0.,1.34513069712643));
#4157=CARTESIAN_POINT('Origin',(-1.04500000000412,0.,1.52400000000001));
#4158=CARTESIAN_POINT('',(-1.0450000000041,0.,1.52400000000001));
#4159=CARTESIAN_POINT('Origin',(-0.945000000004271,0.,1.52400000000001));
#4160=CARTESIAN_POINT('Origin',(0.0980000000004977,-0.093,0.521999999999927));
#4161=CARTESIAN_POINT('',(0.18780256121065,-0.182802561210692,-3.37439487757862));
#4162=CARTESIAN_POINT('',(0.224999999999969,-0.093,-3.3));
#4163=CARTESIAN_POINT('Origin',(0.0979999999999339,-0.093,-3.554));
#4164=CARTESIAN_POINT('',(0.225000000000636,-0.093,1.52399999999985));
#4165=CARTESIAN_POINT('',(0.225000000000498,-0.093,0.52199999999991));
#4166=CARTESIAN_POINT('',(0.0980000000006363,-0.22,1.52399999999989));
#4167=CARTESIAN_POINT('Origin',(0.0980000000006363,-0.093,1.52399999999985));
#4168=CARTESIAN_POINT('',(0.097999999999969,-0.22,-3.3));
#4169=CARTESIAN_POINT('',(0.0980000000004977,-0.22,0.521999999999927));
#4170=CARTESIAN_POINT('Origin',(0.0979999999999339,-0.093,-3.554));
#4171=CARTESIAN_POINT('Origin',(0.174999999999955,0.,-3.4));
#4172=CARTESIAN_POINT('',(0.124999999999941,-0.12,-3.5));
#4173=CARTESIAN_POINT('',(0.224999999999969,-0.22,-3.3));
#4174=CARTESIAN_POINT('',(0.124999999999941,0.12,-3.5));
#4175=CARTESIAN_POINT('',(0.124999999999941,0.,-3.5));
#4176=CARTESIAN_POINT('',(0.18780256121065,0.182802561210692,-3.37439487757862));
#4177=CARTESIAN_POINT('',(0.124999999999941,0.12,-3.5));
#4178=CARTESIAN_POINT('',(0.224999999999969,0.093,-3.3));
#4179=CARTESIAN_POINT('Origin',(0.0979999999999339,0.093,-3.554));
#4180=CARTESIAN_POINT('',(0.224999999999969,0.,-3.3));
#4181=CARTESIAN_POINT('Origin',(0.112499999999745,-0.17,-3.4));
#4182=CARTESIAN_POINT('',(-0.0980000000001723,-0.22,-3.3));
#4183=CARTESIAN_POINT('',(0.112499999999745,-0.22,-3.3));
#4184=CARTESIAN_POINT('',(-0.187802561210822,-0.182802561210692,-3.37439487757862));
#4185=CARTESIAN_POINT('Origin',(-0.098000000000028,-0.093,-3.554));
#4186=CARTESIAN_POINT('',(-0.125000000000059,-0.12,-3.5));
#4187=CARTESIAN_POINT('',(-0.125000000000059,-0.12,-3.5));
#4188=CARTESIAN_POINT('',(0.112499999999745,-0.12,-3.5));
#4189=CARTESIAN_POINT('Origin',(-4.50889325875892E-13,-0.22,-0.48));
#4190=CARTESIAN_POINT('',(0.325000000001406,-0.22,1.52399999999982));
#4191=CARTESIAN_POINT('',(0.225000000000636,-0.22,1.52399999999985));
#4192=CARTESIAN_POINT('',(0.325000000001386,-0.22,1.97399999999982));
#4193=CARTESIAN_POINT('',(0.325000000001406,-0.22,1.52399999999982));
#4194=CARTESIAN_POINT('',(0.0980000000015927,-0.22,1.97399999999982));
#4195=CARTESIAN_POINT('',(0.325000000001386,-0.22,1.97399999999982));
#4196=CARTESIAN_POINT('',(0.0980000000063013,-0.22,2.54));
#4197=CARTESIAN_POINT('',(0.0979999999937396,-0.22,1.03000000000012));
#4198=CARTESIAN_POINT('',(-0.0979999999968851,-0.22,2.54));
#4199=CARTESIAN_POINT('',(0.225000000006301,-0.22,2.54));
#4200=CARTESIAN_POINT('',(-0.0980000000016801,-0.22,1.97399999999982));
#4201=CARTESIAN_POINT('',(-0.0980000000120748,-0.22,0.746999999999788));
#4202=CARTESIAN_POINT('',(-0.325000000002301,-0.22,1.97399999999982));
#4203=CARTESIAN_POINT('',(-0.22500000000168,-0.22,1.97399999999982));
#4204=CARTESIAN_POINT('',(-0.325000000002308,-0.22,1.524));
#4205=CARTESIAN_POINT('',(-0.325000000002301,-0.22,1.97399999999982));
#4206=CARTESIAN_POINT('',(-0.0980000000029118,-0.22,1.524));
#4207=CARTESIAN_POINT('',(-0.325000000002308,-0.22,1.524));
#4208=CARTESIAN_POINT('',(-0.0980000000009162,-0.22,-1.98999999999999));
#4209=CARTESIAN_POINT('Origin',(-0.0980000000009162,-0.093,-1.98999999999999));
#4210=CARTESIAN_POINT('',(-0.225000000002912,-0.093,1.524));
#4211=CARTESIAN_POINT('Origin',(-0.0980000000029118,-0.093,1.52400000000007));
#4212=CARTESIAN_POINT('',(-0.225000000000172,-0.093,-3.3));
#4213=CARTESIAN_POINT('',(-0.225000000000916,-0.093,-1.99000000000006));
#4214=CARTESIAN_POINT('Origin',(-0.098000000000028,-0.093,-3.554));
#4215=CARTESIAN_POINT('Origin',(-0.175000000000115,0.,-3.4));
#4216=CARTESIAN_POINT('',(-0.225000000000172,0.093,-3.3));
#4217=CARTESIAN_POINT('',(-0.225000000000172,0.,-3.3));
#4218=CARTESIAN_POINT('',(-0.187802561210822,0.182802561210692,-3.37439487757862));
#4219=CARTESIAN_POINT('Origin',(-0.098000000000028,0.093,-3.554));
#4220=CARTESIAN_POINT('',(-0.125000000000059,0.12,-3.5));
#4221=CARTESIAN_POINT('',(-0.225000000000172,0.22,-3.3));
#4222=CARTESIAN_POINT('',(-0.125000000000059,0.,-3.5));
#4223=CARTESIAN_POINT('Origin',(-0.0980000000120748,-0.093,0.746999999999788));
#4224=CARTESIAN_POINT('',(-0.224999999996885,-0.093,2.54));
#4225=CARTESIAN_POINT('Origin',(-0.0979999999968851,-0.093,2.53999999999892));
#4226=CARTESIAN_POINT('',(-0.22500000000168,-0.093,1.97399999999982));
#4227=CARTESIAN_POINT('',(-0.225000000012075,-0.093,0.747000000000864));
#4228=CARTESIAN_POINT('Origin',(-0.0980000000016801,-0.093,1.9739999999979));
#4229=CARTESIAN_POINT('Origin',(0.0979999999937396,-0.093,1.03000000000012));
#4230=CARTESIAN_POINT('',(0.225000000006301,-0.093,2.54));
#4231=CARTESIAN_POINT('Origin',(0.0980000000063013,-0.093,2.53999999999731));
#4232=CARTESIAN_POINT('',(0.225000000001593,-0.093,1.97399999999982));
#4233=CARTESIAN_POINT('Origin',(0.0980000000015927,-0.093,1.97400000000088));
#4234=CARTESIAN_POINT('',(0.22499999999374,-0.093,1.02999999999906));
#4235=CARTESIAN_POINT('Origin',(0.225000000006301,0.,2.54));
#4236=CARTESIAN_POINT('',(0.225000000001593,0.093,1.97399999999982));
#4237=CARTESIAN_POINT('',(0.225000000001593,0.,1.97399999999982));
#4238=CARTESIAN_POINT('',(0.225000000006301,0.093,2.54));
#4239=CARTESIAN_POINT('',(0.22499999999374,0.093,1.02999999999906));
#4240=CARTESIAN_POINT('',(0.225000000006301,0.,2.54));
#4241=CARTESIAN_POINT('Origin',(-0.0980000000009162,0.093,-1.98999999999999));
#4242=CARTESIAN_POINT('',(-0.225000000002912,0.093,1.524));
#4243=CARTESIAN_POINT('',(-0.225000000000916,0.093,-1.99000000000006));
#4244=CARTESIAN_POINT('',(-0.0980000000029118,0.22,1.524));
#4245=CARTESIAN_POINT('Origin',(-0.0980000000029118,0.093,1.52400000000007));
#4246=CARTESIAN_POINT('',(-0.0980000000001723,0.22,-3.3));
#4247=CARTESIAN_POINT('',(-0.0980000000009162,0.22,-1.98999999999999));
#4248=CARTESIAN_POINT('Origin',(-0.098000000000028,0.093,-3.554));
#4249=CARTESIAN_POINT('Origin',(0.112499999999745,0.17,-3.4));
#4250=CARTESIAN_POINT('',(0.097999999999969,0.22,-3.3));
#4251=CARTESIAN_POINT('',(0.112499999999745,0.22,-3.3));
#4252=CARTESIAN_POINT('Origin',(0.0979999999999339,0.093,-3.554));
#4253=CARTESIAN_POINT('',(0.112499999999745,0.12,-3.5));
#4254=CARTESIAN_POINT('Origin',(-4.50889325875892E-13,0.22,-0.48));
#4255=CARTESIAN_POINT('',(-0.325000000002308,0.22,1.524));
#4256=CARTESIAN_POINT('',(-0.325000000002308,0.22,1.524));
#4257=CARTESIAN_POINT('',(-0.325000000002301,0.22,1.97399999999982));
#4258=CARTESIAN_POINT('',(-0.325000000002301,0.22,1.97399999999982));
#4259=CARTESIAN_POINT('',(-0.0980000000016801,0.22,1.97399999999982));
#4260=CARTESIAN_POINT('',(-0.22500000000168,0.22,1.97399999999982));
#4261=CARTESIAN_POINT('',(-0.0979999999968851,0.22,2.54));
#4262=CARTESIAN_POINT('',(-0.0980000000120748,0.22,0.746999999999788));
#4263=CARTESIAN_POINT('',(0.0980000000063013,0.22,2.54));
#4264=CARTESIAN_POINT('',(0.225000000006301,0.22,2.54));
#4265=CARTESIAN_POINT('',(0.0980000000015927,0.22,1.97399999999982));
#4266=CARTESIAN_POINT('',(0.0979999999937396,0.22,1.03000000000012));
#4267=CARTESIAN_POINT('',(0.325000000001386,0.22,1.97399999999982));
#4268=CARTESIAN_POINT('',(0.325000000001386,0.22,1.97399999999982));
#4269=CARTESIAN_POINT('',(0.325000000001406,0.22,1.52399999999982));
#4270=CARTESIAN_POINT('',(0.325000000001406,0.22,1.52399999999982));
#4271=CARTESIAN_POINT('',(0.0980000000006363,0.22,1.52399999999989));
#4272=CARTESIAN_POINT('',(0.225000000000636,0.22,1.52399999999985));
#4273=CARTESIAN_POINT('',(0.0980000000004977,0.22,0.521999999999927));
#4274=CARTESIAN_POINT('Origin',(0.0980000000004977,0.093,0.521999999999927));
#4275=CARTESIAN_POINT('',(0.225000000000636,0.093,1.52399999999985));
#4276=CARTESIAN_POINT('Origin',(0.0980000000006363,0.093,1.52399999999985));
#4277=CARTESIAN_POINT('',(0.225000000000498,0.093,0.52199999999991));
#4278=CARTESIAN_POINT('Origin',(-0.0980000000120748,0.093,0.746999999999788));
#4279=CARTESIAN_POINT('',(-0.224999999996885,0.093,2.54));
#4280=CARTESIAN_POINT('Origin',(-0.0979999999968851,0.093,2.53999999999892));
#4281=CARTESIAN_POINT('',(-0.22500000000168,0.093,1.97399999999982));
#4282=CARTESIAN_POINT('Origin',(-0.0980000000016801,0.093,1.9739999999979));
#4283=CARTESIAN_POINT('',(-0.225000000012075,0.093,0.747000000000864));
#4284=CARTESIAN_POINT('Origin',(-0.22500000000168,0.,1.97399999999982));
#4285=CARTESIAN_POINT('',(-0.224999999996885,0.,2.54));
#4286=CARTESIAN_POINT('',(-0.22500000000168,0.,1.97399999999982));
#4287=CARTESIAN_POINT('Origin',(0.0979999999937396,0.093,1.03000000000012));
#4288=CARTESIAN_POINT('Origin',(0.0980000000063013,0.093,2.53999999999731));
#4289=CARTESIAN_POINT('Origin',(0.0980000000015927,0.093,1.97400000000088));
#4290=CARTESIAN_POINT('Origin',(0.225000000000636,0.,1.52399999999985));
#4291=CARTESIAN_POINT('',(0.225000000000636,0.,1.52399999999985));
#4292=CARTESIAN_POINT('Origin',(0.224999999999941,0.,-3.5));
#4293=CARTESIAN_POINT('Origin',(-0.224999999996885,0.,2.54));
#4294=CARTESIAN_POINT('Origin',(-0.325000000002301,0.,1.97399999999982));
#4295=CARTESIAN_POINT('',(-0.325000000002301,0.,1.97399999999982));
#4296=CARTESIAN_POINT('Origin',(-0.325000000002308,0.,1.524));
#4297=CARTESIAN_POINT('',(-0.325000000002308,0.,1.524));
#4298=CARTESIAN_POINT('Origin',(-0.225000000002912,0.,1.524));
#4299=CARTESIAN_POINT('',(-0.225000000002912,0.,1.524));
#4300=CARTESIAN_POINT('Origin',(-0.225000000000059,0.,-3.5));
#4301=CARTESIAN_POINT('Origin',(0.325000000001406,0.,1.52399999999982));
#4302=CARTESIAN_POINT('',(0.325000000001406,0.,1.52399999999982));
#4303=CARTESIAN_POINT('Origin',(0.325000000001386,0.,1.97399999999982));
#4304=CARTESIAN_POINT('',(0.325000000001386,0.,1.97399999999982));
#4305=CARTESIAN_POINT('Origin',(0.225000000001593,0.,1.97399999999982));
#4306=CARTESIAN_POINT('Origin',(1.98766224671728,-0.093,0.817198863785082));
#4307=CARTESIAN_POINT('',(2.63800000000395,-0.22,0.128388410724807));
#4308=CARTESIAN_POINT('',(2.73034441860811,-0.093,0.215575040162235));
#4309=CARTESIAN_POINT('Origin',(2.63800000000395,-0.093,0.128388410724807));
#4310=CARTESIAN_POINT('',(1.49499999991738,-0.093,1.52399999999983));
#4311=CARTESIAN_POINT('',(2.08000666532144,-0.093,0.90438549322251));
#4312=CARTESIAN_POINT('',(1.32033865877785,-0.22,1.52399999999983));
#4313=CARTESIAN_POINT('Origin',(1.32033865877785,-0.093,1.52399999999983));
#4314=CARTESIAN_POINT('',(1.98766224671728,-0.22,0.817198863785082));
#4315=CARTESIAN_POINT('Origin',(2.63800000000364,-0.093,-0.150565348564598));
#4316=CARTESIAN_POINT('',(2.72780256121082,-0.182802561210692,-3.37439487757862));
#4317=CARTESIAN_POINT('',(2.76500000000021,-0.093,-3.30000000000001));
#4318=CARTESIAN_POINT('Origin',(2.63799999999994,-0.093,-3.55400000000001));
#4319=CARTESIAN_POINT('',(2.76500000000395,-0.093,0.128388410724668));
#4320=CARTESIAN_POINT('',(2.76500000000364,-0.093,-0.150565348564737));
#4321=CARTESIAN_POINT('Origin',(2.63800000000395,-0.093,0.128388410724806));
#4322=CARTESIAN_POINT('',(2.63800000000021,-0.22,-3.30000000000001));
#4323=CARTESIAN_POINT('',(2.63800000000364,-0.22,-0.150565348564598));
#4324=CARTESIAN_POINT('Origin',(2.63799999999994,-0.093,-3.55400000000001));
#4325=CARTESIAN_POINT('Origin',(2.63800000000395,-0.093,0.128388410724806));
#4326=CARTESIAN_POINT('Origin',(2.63800000000395,-0.093,0.128388410724806));
#4327=CARTESIAN_POINT('Origin',(1.49499999991651,0.,1.523999999999));
#4328=CARTESIAN_POINT('',(2.73034441860811,0.093,0.215575040162235));
#4329=CARTESIAN_POINT('',(2.73034441860811,0.,0.215575040162235));
#4330=CARTESIAN_POINT('',(1.49499999991738,0.093,1.52399999999983));
#4331=CARTESIAN_POINT('',(2.08000666532144,0.093,0.90438549322251));
#4332=CARTESIAN_POINT('',(1.49499999991738,0.,1.52399999999983));
#4333=CARTESIAN_POINT('Origin',(2.63800000000395,0.,0.128388410724806));
#4334=CARTESIAN_POINT('',(2.76500000000395,0.093,0.128388410724668));
#4335=CARTESIAN_POINT('',(2.76500000000395,0.,0.128388410724668));
#4336=CARTESIAN_POINT('Origin',(2.63800000000395,0.093,0.128388410724806));
#4337=CARTESIAN_POINT('Origin',(2.765000000004,0.,0.178869302871522));
#4338=CARTESIAN_POINT('',(2.76500000000021,0.093,-3.30000000000001));
#4339=CARTESIAN_POINT('',(2.76500000000021,0.,-3.30000000000001));
#4340=CARTESIAN_POINT('',(2.76500000000364,0.093,-0.150565348564737));
#4341=CARTESIAN_POINT('Origin',(1.36799999991184,-0.093,1.03000000000242));
#4342=CARTESIAN_POINT('',(1.49499999992374,-0.093,2.54));
#4343=CARTESIAN_POINT('',(1.36799999992374,-0.22,2.54));
#4344=CARTESIAN_POINT('Origin',(1.36799999992374,-0.093,2.53999999999745));
#4345=CARTESIAN_POINT('',(1.36799999991928,-0.22,1.97399999999983));
#4346=CARTESIAN_POINT('',(1.36799999991184,-0.22,1.03000000000242));
#4347=CARTESIAN_POINT('',(1.49499999992093,-0.093,1.97399999999983));
#4348=CARTESIAN_POINT('Origin',(1.36799999991928,-0.093,1.97400000000083));
#4349=CARTESIAN_POINT('',(1.49499999991184,-0.093,1.03000000000142));
#4350=CARTESIAN_POINT('Origin',(1.85499999996248,-0.22,-0.480000000000004));
#4351=CARTESIAN_POINT('',(1.59499999991697,-0.22,1.52399999999983));
#4352=CARTESIAN_POINT('',(1.59499999991697,-0.22,1.52399999999983));
#4353=CARTESIAN_POINT('',(1.59499999991703,-0.22,1.97399999999983));
#4354=CARTESIAN_POINT('',(1.59499999991703,-0.22,1.97399999999983));
#4355=CARTESIAN_POINT('',(1.49499999992093,-0.22,1.97399999999983));
#4356=CARTESIAN_POINT('',(1.17199999992374,-0.22,2.54));
#4357=CARTESIAN_POINT('',(1.04499999992374,-0.22,2.54));
#4358=CARTESIAN_POINT('',(1.17199999991971,-0.22,1.97399999999981));
#4359=CARTESIAN_POINT('',(1.17199999991097,-0.22,0.747000000001883));
#4360=CARTESIAN_POINT('',(0.944999999920951,-0.22,1.97399999999981));
#4361=CARTESIAN_POINT('',(1.04499999992137,-0.22,1.97399999999981));
#4362=CARTESIAN_POINT('',(0.94499999992098,-0.22,1.52399999999981));
#4363=CARTESIAN_POINT('',(0.944999999920951,-0.22,1.97399999999981));
#4364=CARTESIAN_POINT('',(1.17199999991651,-0.22,1.52399999999983));
#4365=CARTESIAN_POINT('',(0.94499999992098,-0.22,1.52399999999981));
#4366=CARTESIAN_POINT('',(1.17199999991559,-0.22,1.39561158926287));
#4367=CARTESIAN_POINT('',(1.17199999990874,-0.22,0.432565348560104));
#4368=CARTESIAN_POINT('',(2.37268883720778,-0.22,0.123892366728427));
#4369=CARTESIAN_POINT('',(2.41874876754333,-0.22,0.0751076216912158));
#4370=CARTESIAN_POINT('',(2.44199999999999,-0.22,-0.0504808921470015));
#4371=CARTESIAN_POINT('Origin',(2.18799999999999,-0.22,-0.0504808921470017));
#4372=CARTESIAN_POINT('',(2.44199999999999,-0.22,-3.30000000000001));
#4373=CARTESIAN_POINT('',(2.44199999999999,-0.22,-1.99));
#4374=CARTESIAN_POINT('',(2.30999999998123,-0.22,-3.30000000000001));
#4375=CARTESIAN_POINT('Origin',(1.04499999992374,0.,2.54));
#4376=CARTESIAN_POINT('',(1.49499999992374,0.093,2.54));
#4377=CARTESIAN_POINT('',(1.49499999992374,0.,2.54));
#4378=CARTESIAN_POINT('',(1.36799999992374,0.22,2.54));
#4379=CARTESIAN_POINT('Origin',(1.36799999992374,0.093,2.53999999999745));
#4380=CARTESIAN_POINT('',(1.17199999992374,0.22,2.54));
#4381=CARTESIAN_POINT('',(1.04499999992374,0.22,2.54));
#4382=CARTESIAN_POINT('',(1.04499999992374,0.093,2.54));
#4383=CARTESIAN_POINT('Origin',(1.17199999992374,0.093,2.53999999999909));
#4384=CARTESIAN_POINT('',(1.04499999992374,-0.093,2.54));
#4385=CARTESIAN_POINT('',(1.04499999992374,0.,2.54));
#4386=CARTESIAN_POINT('Origin',(1.17199999992374,-0.093,2.53999999999909));
#4387=CARTESIAN_POINT('Origin',(1.17199999991097,-0.093,0.747000000001883));
#4388=CARTESIAN_POINT('',(1.04499999992137,-0.093,1.97399999999981));
#4389=CARTESIAN_POINT('',(1.04499999991097,-0.093,0.747000000002788));
#4390=CARTESIAN_POINT('Origin',(1.17199999991971,-0.093,1.9739999999982));
#4391=CARTESIAN_POINT('Origin',(1.04499999991971,0.,1.97399999999981));
#4392=CARTESIAN_POINT('',(1.04499999992137,0.093,1.97399999999981));
#4393=CARTESIAN_POINT('',(1.04499999991097,0.093,0.747000000002788));
#4394=CARTESIAN_POINT('',(1.04499999992137,0.,1.97399999999981));
#4395=CARTESIAN_POINT('Origin',(1.17199999991097,0.093,0.747000000001883));
#4396=CARTESIAN_POINT('',(1.17199999991971,0.22,1.97399999999981));
#4397=CARTESIAN_POINT('',(1.17199999991097,0.22,0.747000000001883));
#4398=CARTESIAN_POINT('Origin',(1.17199999991971,0.093,1.9739999999982));
#4399=CARTESIAN_POINT('Origin',(1.85499999996248,0.22,-0.480000000000004));
#4400=CARTESIAN_POINT('',(0.944999999920951,0.22,1.97399999999981));
#4401=CARTESIAN_POINT('',(1.04499999992137,0.22,1.97399999999981));
#4402=CARTESIAN_POINT('',(1.36799999991928,0.22,1.97399999999983));
#4403=CARTESIAN_POINT('',(1.36799999991184,0.22,1.03000000000242));
#4404=CARTESIAN_POINT('',(1.59499999991703,0.22,1.97399999999983));
#4405=CARTESIAN_POINT('',(1.49499999992093,0.22,1.97399999999983));
#4406=CARTESIAN_POINT('',(1.59499999991697,0.22,1.52399999999983));
#4407=CARTESIAN_POINT('',(1.59499999991703,0.22,1.97399999999983));
#4408=CARTESIAN_POINT('',(1.32033865877785,0.22,1.52399999999983));
#4409=CARTESIAN_POINT('',(1.59499999991697,0.22,1.52399999999983));
#4410=CARTESIAN_POINT('',(2.63800000000395,0.22,0.128388410724806));
#4411=CARTESIAN_POINT('',(1.98766224671728,0.22,0.817198863785082));
#4412=CARTESIAN_POINT('',(2.63800000000021,0.22,-3.30000000000001));
#4413=CARTESIAN_POINT('',(2.63800000000364,0.22,-0.150565348564598));
#4414=CARTESIAN_POINT('',(2.44199999999999,0.22,-3.30000000000001));
#4415=CARTESIAN_POINT('',(2.30999999998123,0.22,-3.30000000000001));
#4416=CARTESIAN_POINT('',(2.44199999999999,0.22,-0.0504808921470015));
#4417=CARTESIAN_POINT('',(2.44199999999999,0.22,-1.99));
#4418=CARTESIAN_POINT('',(2.37268883720778,0.22,0.123892366728427));
#4419=CARTESIAN_POINT('Origin',(2.18799999999999,0.22,-0.0504808921470017));
#4420=CARTESIAN_POINT('',(1.17199999991559,0.22,1.39561158926287));
#4421=CARTESIAN_POINT('',(2.41874876754333,0.22,0.0751076216912158));
#4422=CARTESIAN_POINT('',(1.17199999991651,0.22,1.52399999999983));
#4423=CARTESIAN_POINT('',(1.17199999990874,0.22,0.432565348560104));
#4424=CARTESIAN_POINT('',(0.94499999992098,0.22,1.52399999999981));
#4425=CARTESIAN_POINT('',(0.94499999992098,0.22,1.52399999999981));
#4426=CARTESIAN_POINT('',(0.944999999920951,0.22,1.97399999999981));
#4427=CARTESIAN_POINT('Origin',(1.36799999991184,0.093,1.03000000000242));
#4428=CARTESIAN_POINT('',(1.49499999992093,0.093,1.97399999999983));
#4429=CARTESIAN_POINT('',(1.49499999991184,0.093,1.03000000000142));
#4430=CARTESIAN_POINT('Origin',(1.36799999991928,0.093,1.97400000000083));
#4431=CARTESIAN_POINT('Origin',(2.18799999999999,-0.093,-0.0504808921470015));
#4432=CARTESIAN_POINT('',(2.28034441860388,-0.093,0.0367057372907128));
#4433=CARTESIAN_POINT('Origin',(2.37268883720778,-0.093,0.123892366728427));
#4434=CARTESIAN_POINT('',(2.31499999999999,-0.093,-0.0504808921470015));
#4435=CARTESIAN_POINT('Origin',(2.18799999999999,-0.093,-0.0504808921470015));
#4436=CARTESIAN_POINT('Origin',(2.44199999999999,-0.093,-0.0504808921470015));
#4437=CARTESIAN_POINT('Origin',(1.17199999990874,0.093,0.432565348560104));
#4438=CARTESIAN_POINT('',(1.04499999991523,0.093,1.34513069711625));
#4439=CARTESIAN_POINT('',(1.04499999992098,0.093,1.52399999999982));
#4440=CARTESIAN_POINT('',(1.04499999990874,0.093,0.432565348561008));
#4441=CARTESIAN_POINT('Origin',(1.17199999991651,0.093,1.52399999999892));
#4442=CARTESIAN_POINT('Origin',(1.17199999991559,0.093,1.39561158926287));
#4443=CARTESIAN_POINT('Origin',(2.18799999999999,0.093,-0.0504808921470015));
#4444=CARTESIAN_POINT('',(2.31499999999999,0.093,-0.0504808921470014));
#4445=CARTESIAN_POINT('Origin',(2.44199999999999,0.093,-0.0504808921470015));
#4446=CARTESIAN_POINT('',(2.28034441860388,0.093,0.0367057372907129));
#4447=CARTESIAN_POINT('Origin',(2.18799999999999,0.093,-0.0504808921470015));
#4448=CARTESIAN_POINT('Origin',(2.37268883720778,0.093,0.123892366728427));
#4449=CARTESIAN_POINT('Origin',(2.18799999999999,0.,-0.0504808921470015));
#4450=CARTESIAN_POINT('',(2.31499999999999,0.,-0.0504808921470014));
#4451=CARTESIAN_POINT('',(2.28034441860388,0.,0.0367057372907128));
#4452=CARTESIAN_POINT('Origin',(2.41874876754333,0.093,0.0751076216912158));
#4453=CARTESIAN_POINT('',(2.32640434893944,0.093,-0.0120790077464984));
#4454=CARTESIAN_POINT('Origin',(2.44199999999999,0.093,-1.99));
#4455=CARTESIAN_POINT('',(2.3521974387893,0.182802561210692,-3.37439487757862));
#4456=CARTESIAN_POINT('',(2.315,0.093,-3.30000000000001));
#4457=CARTESIAN_POINT('Origin',(2.442,0.093,-3.554));
#4458=CARTESIAN_POINT('',(2.31499999999999,0.093,-1.99));
#4459=CARTESIAN_POINT('Origin',(2.442,0.093,-3.55400000000001));
#4460=CARTESIAN_POINT('Origin',(2.44199999999999,-0.093,-1.99));
#4461=CARTESIAN_POINT('',(2.3521974387893,-0.182802561210692,-3.37439487757862));
#4462=CARTESIAN_POINT('Origin',(2.442,-0.093,-3.55400000000001));
#4463=CARTESIAN_POINT('',(2.315,-0.093,-3.30000000000001));
#4464=CARTESIAN_POINT('',(2.31499999999999,-0.093,-1.99));
#4465=CARTESIAN_POINT('Origin',(2.442,-0.093,-3.554));
#4466=CARTESIAN_POINT('Origin',(2.41874876754333,-0.093,0.0751076216912158));
#4467=CARTESIAN_POINT('',(1.04499999991523,-0.093,1.34513069711625));
#4468=CARTESIAN_POINT('',(2.32640434893944,-0.093,-0.0120790077464984));
#4469=CARTESIAN_POINT('Origin',(1.17199999991559,-0.093,1.39561158926287));
#4470=CARTESIAN_POINT('Origin',(1.17199999990874,-0.093,0.432565348560104));
#4471=CARTESIAN_POINT('',(1.04499999992098,-0.093,1.52399999999982));
#4472=CARTESIAN_POINT('Origin',(1.17199999991651,-0.093,1.52399999999892));
#4473=CARTESIAN_POINT('',(1.04499999990874,-0.093,0.432565348561008));
#4474=CARTESIAN_POINT('Origin',(2.31499999999999,0.,0.));
#4475=CARTESIAN_POINT('',(1.04499999991523,0.,1.34513069711625));
#4476=CARTESIAN_POINT('Origin',(1.04499999991523,0.,1.34513069711625));
#4477=CARTESIAN_POINT('',(1.04499999992098,0.,1.52399999999982));
#4478=CARTESIAN_POINT('Origin',(2.63800000000395,0.093,0.128388410724806));
#4479=CARTESIAN_POINT('Origin',(2.63800000000395,0.093,0.128388410724807));
#4480=CARTESIAN_POINT('Origin',(2.63800000000395,0.093,0.128388410724806));
#4481=CARTESIAN_POINT('Origin',(2.63800000000364,0.093,-0.150565348564598));
#4482=CARTESIAN_POINT('',(2.72780256121082,0.182802561210692,-3.37439487757862));
#4483=CARTESIAN_POINT('Origin',(2.63799999999994,0.093,-3.55400000000001));
#4484=CARTESIAN_POINT('Origin',(2.63799999999994,0.093,-3.55400000000001));
#4485=CARTESIAN_POINT('Origin',(1.98766224671728,0.093,0.817198863785082));
#4486=CARTESIAN_POINT('Origin',(1.32033865877785,0.093,1.52399999999983));
#4487=CARTESIAN_POINT('Origin',(2.365,0.,-3.40000000000001));
#4488=CARTESIAN_POINT('',(2.415,0.12,-3.50000000000001));
#4489=CARTESIAN_POINT('',(2.315,0.22,-3.30000000000001));
#4490=CARTESIAN_POINT('',(2.415,-0.12,-3.50000000000001));
#4491=CARTESIAN_POINT('',(2.415,0.,-3.50000000000001));
#4492=CARTESIAN_POINT('',(2.415,-0.12,-3.50000000000001));
#4493=CARTESIAN_POINT('',(2.315,0.,-3.30000000000001));
#4494=CARTESIAN_POINT('Origin',(2.7150000000001,0.,-3.40000000000001));
#4495=CARTESIAN_POINT('',(2.665,-0.12,-3.50000000000001));
#4496=CARTESIAN_POINT('',(2.76500000000021,-0.22,-3.30000000000001));
#4497=CARTESIAN_POINT('',(2.665,0.12,-3.50000000000001));
#4498=CARTESIAN_POINT('',(2.665,0.,-3.50000000000001));
#4499=CARTESIAN_POINT('',(2.665,0.12,-3.50000000000001));
#4500=CARTESIAN_POINT('Origin',(2.30999999998123,-0.17,-3.40000000000001));
#4501=CARTESIAN_POINT('',(2.30999999998123,-0.12,-3.50000000000001));
#4502=CARTESIAN_POINT('Origin',(2.30999999998123,0.17,-3.40000000000001));
#4503=CARTESIAN_POINT('',(2.30999999998123,0.12,-3.50000000000001));
#4504=CARTESIAN_POINT('Origin',(2.765,0.,-3.50000000000001));
#4505=CARTESIAN_POINT('Origin',(0.944999999920951,0.,1.97399999999981));
#4506=CARTESIAN_POINT('',(0.944999999920951,0.,1.97399999999981));
#4507=CARTESIAN_POINT('Origin',(0.94499999992098,0.,1.52399999999981));
#4508=CARTESIAN_POINT('',(0.94499999992098,0.,1.52399999999981));
#4509=CARTESIAN_POINT('Origin',(1.04499999992098,0.,1.52399999999982));
#4510=CARTESIAN_POINT('Origin',(2.315,0.,-3.50000000000001));
#4511=CARTESIAN_POINT('Origin',(1.59499999991697,0.,1.52399999999983));
#4512=CARTESIAN_POINT('',(1.59499999991697,0.,1.52399999999983));
#4513=CARTESIAN_POINT('Origin',(1.59499999991703,0.,1.97399999999983));
#4514=CARTESIAN_POINT('',(1.59499999991703,0.,1.97399999999983));
#4515=CARTESIAN_POINT('Origin',(1.49499999992093,0.,1.97399999999983));
#4516=CARTESIAN_POINT('',(1.49499999992093,0.,1.97399999999983));
#4517=CARTESIAN_POINT('Origin',(1.49499999992374,0.,2.54));
#4518=CARTESIAN_POINT('',(0.,0.,0.));
#4519=CARTESIAN_POINT('Origin',(2.06344040426026,1.28793076905476,2.54));
#4520=CARTESIAN_POINT('',(0.970215537503862,1.28793076905476,5.66407689634612));
#4521=CARTESIAN_POINT('',(0.912100710824633,1.28793076905476,5.51241138759904));
#4522=CARTESIAN_POINT('Ctrl Pts',(0.970215537503862,1.28793076905476,5.66407689634612));
#4523=CARTESIAN_POINT('Ctrl Pts',(0.955387802113485,1.28793076905476,5.65156373957063));
#4524=CARTESIAN_POINT('Ctrl Pts',(0.94359520221713,1.28793076905476,5.63660145468205));
#4525=CARTESIAN_POINT('Ctrl Pts',(0.92667878998691,1.28793076905476,5.60420441377493));
#4526=CARTESIAN_POINT('Ctrl Pts',(0.92125934314333,1.28793076905476,5.5878721446733));
#4527=CARTESIAN_POINT('Ctrl Pts',(0.913691178847118,1.28793076905476,5.55190670431565));
#4528=CARTESIAN_POINT('Ctrl Pts',(0.912100710824633,1.28793076905476,5.53201472650982));
#4529=CARTESIAN_POINT('Ctrl Pts',(0.912100710824633,1.28793076905476,5.51241138759904));
#4530=CARTESIAN_POINT('',(1.14909578199735,1.28793076905476,5.71312011960788));
#4531=CARTESIAN_POINT('Ctrl Pts',(1.14909578199735,1.28793076905476,5.71312011960788));
#4532=CARTESIAN_POINT('Ctrl Pts',(1.11431844650377,1.28793076905476,5.71312011960789));
#4533=CARTESIAN_POINT('Ctrl Pts',(1.07758727749803,1.28793076905476,5.71006978345291));
#4534=CARTESIAN_POINT('Ctrl Pts',(1.02997660281225,1.28793076905476,5.69701646415055));
#4535=CARTESIAN_POINT('Ctrl Pts',(1.01619730237861,1.28793076905476,5.69201890465974));
#4536=CARTESIAN_POINT('Ctrl Pts',(0.991393740000676,1.28793076905476,5.67965286757075));
#4537=CARTESIAN_POINT('Ctrl Pts',(0.980288223929497,1.28793076905476,5.67257725739761));
#4538=CARTESIAN_POINT('Ctrl Pts',(0.970215537503862,1.28793076905476,5.66407689634612));
#4539=CARTESIAN_POINT('',(1.34356778200021,1.28793076905476,5.7131201196078));
#4540=CARTESIAN_POINT('',(1.60626809312942,1.28793076905476,5.7131201196077));
#4541=CARTESIAN_POINT('',(1.34356778200021,1.28793076905476,4.9131201374892));
#4542=CARTESIAN_POINT('',(1.34356778200021,1.28793076905476,4.1265600598039));
#4543=CARTESIAN_POINT('',(1.12981867130151,1.28793076905476,4.91312013748928));
#4544=CARTESIAN_POINT('',(1.70350409313069,1.28793076905476,4.91312013748906));
#4545=CARTESIAN_POINT('',(0.946402662352228,1.28793076905476,4.96131287697605));
#4546=CARTESIAN_POINT('Ctrl Pts',(0.946402662352228,1.28793076905476,4.96131287697605));
#4547=CARTESIAN_POINT('Ctrl Pts',(0.959535068415071,1.28793076905476,4.94974547952874));
#4548=CARTESIAN_POINT('Ctrl Pts',(0.974948599203385,1.28793076905476,4.94106943027021));
#4549=CARTESIAN_POINT('Ctrl Pts',(1.02947925012978,1.28793076905476,4.91902043543456));
#4550=CARTESIAN_POINT('Ctrl Pts',(1.07773480264391,1.28793076905476,4.9131201374893));
#4551=CARTESIAN_POINT('Ctrl Pts',(1.12981867130151,1.28793076905476,4.91312013748928));
#4552=CARTESIAN_POINT('',(0.891689696267748,1.28793076905476,5.12233348373228));
#4553=CARTESIAN_POINT('Ctrl Pts',(0.891689696267748,1.28793076905476,5.12233348373228));
#4554=CARTESIAN_POINT('Ctrl Pts',(0.891689696267748,1.28793076905476,5.09021699532359));
#4555=CARTESIAN_POINT('Ctrl Pts',(0.895014567821449,1.28793076905476,5.05613443199339));
#4556=CARTESIAN_POINT('Ctrl Pts',(0.909677750987825,1.28793076905476,5.01298059078541));
#4557=CARTESIAN_POINT('Ctrl Pts',(0.91526246607442,1.28793076905476,5.00074526797397));
#4558=CARTESIAN_POINT('Ctrl Pts',(0.929147661795404,1.28793076905476,4.97897021088415));
#4559=CARTESIAN_POINT('Ctrl Pts',(0.937076645294092,1.28793076905476,4.96952749853097));
#4560=CARTESIAN_POINT('Ctrl Pts',(0.946402662352228,1.28793076905476,4.96131287697605));
#4561=CARTESIAN_POINT('',(0.891689696267748,1.28793076905476,5.12630225900465));
#4562=CARTESIAN_POINT('',(0.891689696267748,1.28793076905476,3.83116674186614));
#4563=CARTESIAN_POINT('',(0.946686156943941,1.28793076905476,5.28448791984371));
#4564=CARTESIAN_POINT('Ctrl Pts',(0.946686156943941,1.28793076905476,5.28448791984371));
#4565=CARTESIAN_POINT('Ctrl Pts',(0.935268128720637,1.28793076905476,5.27554184097793));
#4566=CARTESIAN_POINT('Ctrl Pts',(0.926027794615246,1.28793076905476,5.26458104011533));
#4567=CARTESIAN_POINT('Ctrl Pts',(0.90880280269977,1.28793076905476,5.23561347532464));
#4568=CARTESIAN_POINT('Ctrl Pts',(0.902493765019981,1.28793076905476,5.21697594633911));
#4569=CARTESIAN_POINT('Ctrl Pts',(0.893455563813987,1.28793076905476,5.17491375003288));
#4570=CARTESIAN_POINT('Ctrl Pts',(0.891689696267748,1.28793076905476,5.15011668206018));
#4571=CARTESIAN_POINT('Ctrl Pts',(0.891689696267748,1.28793076905476,5.12630225900465));
#4572=CARTESIAN_POINT('',(1.05497811074605,1.28793076905476,5.32247515205191));
#4573=CARTESIAN_POINT('Ctrl Pts',(1.05497811074605,1.28793076905476,5.32247515205191));
#4574=CARTESIAN_POINT('Ctrl Pts',(1.03375114575689,1.28793076905476,5.31967780963117));
#4575=CARTESIAN_POINT('Ctrl Pts',(1.0115671789192,1.28793076905476,5.31525612287371));
#4576=CARTESIAN_POINT('Ctrl Pts',(0.975508877008125,1.28793076905476,5.30260739838738));
#4577=CARTESIAN_POINT('Ctrl Pts',(0.959757487471148,1.28793076905476,5.29502932883572));
#4578=CARTESIAN_POINT('Ctrl Pts',(0.946686156943941,1.28793076905476,5.28448791984371));
#4579=CARTESIAN_POINT('',(0.964262374595308,1.28793076905476,5.36102937344363));
#4580=CARTESIAN_POINT('Ctrl Pts',(0.964262374595308,1.28793076905476,5.36102937344363));
#4581=CARTESIAN_POINT('Ctrl Pts',(0.975802014226094,1.28793076905476,5.35110932395629));
#4582=CARTESIAN_POINT('Ctrl Pts',(0.989098793442979,1.28793076905476,5.34345049625571));
#4583=CARTESIAN_POINT('Ctrl Pts',(1.01959125640313,1.28793076905476,5.33049118822793));
#4584=CARTESIAN_POINT('Ctrl Pts',(1.03736672320598,1.28793076905476,5.32572385591673));
#4585=CARTESIAN_POINT('Ctrl Pts',(1.05497811074605,1.28793076905476,5.32247515205191));
#4586=CARTESIAN_POINT('',(0.912100710824633,1.28793076905476,5.50844253782086));
#4587=CARTESIAN_POINT('Ctrl Pts',(0.912100710824633,1.28793076905476,5.50844253782086));
#4588=CARTESIAN_POINT('Ctrl Pts',(0.912100710824633,1.28793076905476,5.47909641925432));
#4589=CARTESIAN_POINT('Ctrl Pts',(0.91533548206132,1.28793076905476,5.44827319658746));
#4590=CARTESIAN_POINT('Ctrl Pts',(0.929283328587745,1.28793076905476,5.40885543181393));
#4591=CARTESIAN_POINT('Ctrl Pts',(0.934621756476149,1.28793076905476,5.39763000607376));
#4592=CARTESIAN_POINT('Ctrl Pts',(0.947863391014892,1.28793076905476,5.37747971676726));
#4593=CARTESIAN_POINT('Ctrl Pts',(0.955438470383879,1.28793076905476,5.36870232924357));
#4594=CARTESIAN_POINT('Ctrl Pts',(0.964262374595308,1.28793076905476,5.36102937344363));
#4595=CARTESIAN_POINT('',(0.912100710824633,1.28793076905476,4.02422126891043));
#4596=CARTESIAN_POINT('',(1.03144873018613,1.28793076905476,5.03558652285385));
#4597=CARTESIAN_POINT('',(1.12981867130151,1.28793076905476,5.00326903346821));
#4598=CARTESIAN_POINT('Ctrl Pts',(1.03144873018613,1.28793076905476,5.03558652285385));
#4599=CARTESIAN_POINT('Ctrl Pts',(1.03878284536446,1.28793076905476,5.02777261079874));
#4600=CARTESIAN_POINT('Ctrl Pts',(1.04747854674318,1.28793076905476,5.02168652271624));
#4601=CARTESIAN_POINT('Ctrl Pts',(1.06730838542382,1.28793076905476,5.01206932003499));
#4602=CARTESIAN_POINT('Ctrl Pts',(1.07833995422487,1.28793076905476,5.008806567726));
#4603=CARTESIAN_POINT('Ctrl Pts',(1.10265067821998,1.28793076905476,5.00421139630598));
#4604=CARTESIAN_POINT('Ctrl Pts',(1.11640326695918,1.28793076905476,5.00326903346821));
#4605=CARTESIAN_POINT('Ctrl Pts',(1.12981867130151,1.28793076905476,5.00326903346821));
#4606=CARTESIAN_POINT('',(1.23414184983125,1.28793076905476,5.00326903346817));
#4607=CARTESIAN_POINT('',(1.64879112704622,1.28793076905476,5.00326903346801));
#4608=CARTESIAN_POINT('',(1.23414184983125,1.28793076905476,5.27711728397648));
#4609=CARTESIAN_POINT('',(1.23414184983125,1.28793076905476,3.90855864198824));
#4610=CARTESIAN_POINT('',(1.1411581569468,1.28793076905476,5.27711728397651));
#4611=CARTESIAN_POINT('',(1.60229928060405,1.28793076905476,5.27711728397633));
#4612=CARTESIAN_POINT('',(1.03258270855298,1.28793076905476,5.24735117141056));
#4613=CARTESIAN_POINT('Ctrl Pts',(1.1411581569468,1.28793076905476,5.27711728397651));
#4614=CARTESIAN_POINT('Ctrl Pts',(1.11964508310088,1.28793076905476,5.27711728397652));
#4615=CARTESIAN_POINT('Ctrl Pts',(1.09626532651336,1.28793076905476,5.27537954535293));
#4616=CARTESIAN_POINT('Ctrl Pts',(1.06711354427121,1.28793076905476,5.26738754306738));
#4617=CARTESIAN_POINT('Ctrl Pts',(1.05884755212783,1.28793076905476,5.26437187408554));
#4618=CARTESIAN_POINT('Ctrl Pts',(1.04442008583912,1.28793076905476,5.25686005077464));
#4619=CARTESIAN_POINT('Ctrl Pts',(1.03811082348483,1.28793076905476,5.25258047391796));
#4620=CARTESIAN_POINT('Ctrl Pts',(1.03258270855298,1.28793076905476,5.24735117141056));
#4621=CARTESIAN_POINT('',(1.00111562843671,1.28793076905476,5.14501245502282));
#4622=CARTESIAN_POINT('Ctrl Pts',(1.03258270855298,1.28793076905476,5.24735117141056));
#4623=CARTESIAN_POINT('Ctrl Pts',(1.02550113931911,1.28793076905476,5.2406523996726));
#4624=CARTESIAN_POINT('Ctrl Pts',(1.01997412018704,1.28793076905476,5.23266706045837));
#4625=CARTESIAN_POINT('Ctrl Pts',(1.01035316889894,1.28793076905476,5.21312734153239));
#4626=CARTESIAN_POINT('Ctrl Pts',(1.00693482055952,1.28793076905476,5.20124260233284));
#4627=CARTESIAN_POINT('Ctrl Pts',(1.00208467404553,1.28793076905476,5.17494380874327));
#4628=CARTESIAN_POINT('Ctrl Pts',(1.00111562843671,1.28793076905476,5.15971816374777));
#4629=CARTESIAN_POINT('Ctrl Pts',(1.00111562843671,1.28793076905476,5.14501245502282));
#4630=CARTESIAN_POINT('',(1.00111562843671,1.28793076905476,5.14104353073884));
#4631=CARTESIAN_POINT('',(1.00111562843671,1.28793076905476,3.84052176536942));
#4632=CARTESIAN_POINT('Ctrl Pts',(1.00111562843671,1.28793076905476,5.14104353073884));
#4633=CARTESIAN_POINT('Ctrl Pts',(1.00111562843671,1.28793076905476,5.12028422151344));
#4634=CARTESIAN_POINT('Ctrl Pts',(1.00294836349552,1.28793076905476,5.09810202760536));
#4635=CARTESIAN_POINT('Ctrl Pts',(1.01106106980095,1.28793076905476,5.06989713976079));
#4636=CARTESIAN_POINT('Ctrl Pts',(1.01414610755531,1.28793076905476,5.06183288085611));
#4637=CARTESIAN_POINT('Ctrl Pts',(1.02180796998169,1.28793076905476,5.04751165721562));
#4638=CARTESIAN_POINT('Ctrl Pts',(1.02618225403636,1.28793076905476,5.04119753119964));
#4639=CARTESIAN_POINT('Ctrl Pts',(1.03144873018613,1.28793076905476,5.03558652285385));
#4640=CARTESIAN_POINT('',(1.1411581569468,1.28793076905476,5.36726610544963));
#4641=CARTESIAN_POINT('',(1.23414184983125,1.28793076905476,5.3672661054496));
#4642=CARTESIAN_POINT('',(1.64879112704629,1.28793076905476,5.36726610544944));
#4643=CARTESIAN_POINT('',(1.23414184983125,1.28793076905476,5.62297129813472));
#4644=CARTESIAN_POINT('',(1.23414184983125,1.28793076905476,4.08148564906736));
#4645=CARTESIAN_POINT('',(1.14909578199735,1.28793076905476,5.62297129813476));
#4646=CARTESIAN_POINT('',(1.60626809312939,1.28793076905476,5.62297129813458));
#4647=CARTESIAN_POINT('',(1.05271022851815,1.28793076905476,5.59143336299705));
#4648=CARTESIAN_POINT('Ctrl Pts',(1.14909578199735,1.28793076905476,5.62297129813476));
#4649=CARTESIAN_POINT('Ctrl Pts',(1.13017428696061,1.28793076905476,5.62297129813476));
#4650=CARTESIAN_POINT('Ctrl Pts',(1.11040696548488,1.28793076905476,5.62097932256694));
#4651=CARTESIAN_POINT('Ctrl Pts',(1.08474418985686,1.28793076905476,5.61258230741274));
#4652=CARTESIAN_POINT('Ctrl Pts',(1.07734676544791,1.28793076905476,5.60935456956929));
#4653=CARTESIAN_POINT('Ctrl Pts',(1.06394936021739,1.28793076905476,5.60136995390182));
#4654=CARTESIAN_POINT('Ctrl Pts',(1.05801316441312,1.28793076905476,5.59679655794342));
#4655=CARTESIAN_POINT('Ctrl Pts',(1.05271022851815,1.28793076905476,5.59143336299705));
#4656=CARTESIAN_POINT('',(1.02152664299359,1.28793076905476,5.49455167535591));
#4657=CARTESIAN_POINT('Ctrl Pts',(1.05271022851815,1.28793076905476,5.59143336299705));
#4658=CARTESIAN_POINT('Ctrl Pts',(1.04456264537809,1.28793076905476,5.58319319611828));
#4659=CARTESIAN_POINT('Ctrl Pts',(1.0383368011583,1.28793076905476,5.57355077973215));
#4660=CARTESIAN_POINT('Ctrl Pts',(1.02934357854606,1.28793076905476,5.55310365765331));
#4661=CARTESIAN_POINT('Ctrl Pts',(1.02644199535614,1.28793076905476,5.5426212357896));
#4662=CARTESIAN_POINT('Ctrl Pts',(1.02237988664152,1.28793076905476,5.51974620459246));
#4663=CARTESIAN_POINT('Ctrl Pts',(1.02152664299359,1.28793076905476,5.50703260533322));
#4664=CARTESIAN_POINT('Ctrl Pts',(1.02152664299359,1.28793076905476,5.49455167535591));
#4665=CARTESIAN_POINT('',(1.02152664299359,1.28793076905476,5.49057403389263));
#4666=CARTESIAN_POINT('',(1.02152664299359,1.28793076905476,4.01528701694632));
#4667=CARTESIAN_POINT('',(1.04959186251512,1.28793076905476,5.39624826792525));
#4668=CARTESIAN_POINT('Ctrl Pts',(1.02152664299359,1.28793076905476,5.49057403389263));
#4669=CARTESIAN_POINT('Ctrl Pts',(1.02152664299359,1.28793076905476,5.47198311825872));
#4670=CARTESIAN_POINT('Ctrl Pts',(1.02323046069031,1.28793076905476,5.45217571359198));
#4671=CARTESIAN_POINT('Ctrl Pts',(1.03073552058627,1.28793076905476,5.42695159151537));
#4672=CARTESIAN_POINT('Ctrl Pts',(1.03359273713818,1.28793076905476,5.41974154340158));
#4673=CARTESIAN_POINT('Ctrl Pts',(1.04068797900762,1.28793076905476,5.40690794920847));
#4674=CARTESIAN_POINT('Ctrl Pts',(1.04473970966643,1.28793076905476,5.40125892387548));
#4675=CARTESIAN_POINT('Ctrl Pts',(1.04959186251512,1.28793076905476,5.39624826792525));
#4676=CARTESIAN_POINT('Ctrl Pts',(1.04959186251512,1.28793076905476,5.39624826792525));
#4677=CARTESIAN_POINT('Ctrl Pts',(1.05634921953448,1.28793076905476,5.38927013547592));
#4678=CARTESIAN_POINT('Ctrl Pts',(1.06434183241517,1.28793076905476,5.38386786719258));
#4679=CARTESIAN_POINT('Ctrl Pts',(1.08265395631187,1.28793076905476,5.37522738087671));
#4680=CARTESIAN_POINT('Ctrl Pts',(1.09297570249812,1.28793076905476,5.37227707184518));
#4681=CARTESIAN_POINT('Ctrl Pts',(1.11569721229025,1.28793076905476,5.3681166572412));
#4682=CARTESIAN_POINT('Ctrl Pts',(1.12859683248745,1.28793076905476,5.36726610544964));
#4683=CARTESIAN_POINT('Ctrl Pts',(1.1411581569468,1.28793076905476,5.36726610544963));
#4684=CARTESIAN_POINT('Origin',(2.06344040426026,1.28793076905476,2.54));
#4685=CARTESIAN_POINT('',(0.711108484223986,1.28793076905476,4.95706053260625));
#4686=CARTESIAN_POINT('',(0.765254535630846,1.28793076905476,5.12233348373233));
#4687=CARTESIAN_POINT('Ctrl Pts',(0.711108484223986,1.28793076905476,4.95706053260625));
#4688=CARTESIAN_POINT('Ctrl Pts',(0.725133933943525,1.28793076905476,4.97093911513829));
#4689=CARTESIAN_POINT('Ctrl Pts',(0.735907097484036,1.28793076905476,4.98722051978639));
#4690=CARTESIAN_POINT('Ctrl Pts',(0.751579145072738,1.28793076905476,5.0220121522879));
#4691=CARTESIAN_POINT('Ctrl Pts',(0.756655523994893,1.28793076905476,5.03994379838075));
#4692=CARTESIAN_POINT('Ctrl Pts',(0.763763989659106,1.28793076905476,5.07913460095109));
#4693=CARTESIAN_POINT('Ctrl Pts',(0.765254535630846,1.28793076905476,5.10093475011148));
#4694=CARTESIAN_POINT('Ctrl Pts',(0.765254535630846,1.28793076905476,5.12233348373233));
#4695=CARTESIAN_POINT('',(0.544134714559221,1.28793076905476,4.90348161939449));
#4696=CARTESIAN_POINT('Ctrl Pts',(0.544134714559221,1.28793076905476,4.90348161939449));
#4697=CARTESIAN_POINT('Ctrl Pts',(0.576862306222407,1.28793076905476,4.90348161939448));
#4698=CARTESIAN_POINT('Ctrl Pts',(0.611085353976015,1.28793076905476,4.90686266089438));
#4699=CARTESIAN_POINT('Ctrl Pts',(0.655534034781899,1.28793076905476,4.92112545208642));
#4700=CARTESIAN_POINT('Ctrl Pts',(0.668357551236377,1.28793076905476,4.92660650932904));
#4701=CARTESIAN_POINT('Ctrl Pts',(0.691577104489958,1.28793076905476,4.94016518005332));
#4702=CARTESIAN_POINT('Ctrl Pts',(0.701881756104471,1.28793076905476,4.94793042223269));
#4703=CARTESIAN_POINT('Ctrl Pts',(0.711108484223986,1.28793076905476,4.95706053260625));
#4704=CARTESIAN_POINT('',(0.380279310897493,1.28793076905476,4.96131287697626));
#4705=CARTESIAN_POINT('Ctrl Pts',(0.380279310897493,1.28793076905476,4.96131287697626));
#4706=CARTESIAN_POINT('Ctrl Pts',(0.391804546743779,1.28793076905476,4.94780054710879));
#4707=CARTESIAN_POINT('Ctrl Pts',(0.405650710209168,1.28793076905476,4.93706513313784));
#4708=CARTESIAN_POINT('Ctrl Pts',(0.438264901016433,1.28793076905476,4.91964065790967));
#4709=CARTESIAN_POINT('Ctrl Pts',(0.456799376330761,1.28793076905476,4.91364869170147));
#4710=CARTESIAN_POINT('Ctrl Pts',(0.497956176484921,1.28793076905476,4.90519924104241));
#4711=CARTESIAN_POINT('Ctrl Pts',(0.521343572930675,1.28793076905476,4.9034816193945));
#4712=CARTESIAN_POINT('Ctrl Pts',(0.544134714559221,1.28793076905476,4.90348161939449));
#4713=CARTESIAN_POINT('',(0.334921517327929,1.28793076905476,5.14954821947888));
#4714=CARTESIAN_POINT('Ctrl Pts',(0.334921517327929,1.28793076905476,5.14954821947888));
#4715=CARTESIAN_POINT('Ctrl Pts',(0.33380266082794,1.28793076905476,5.11278679979015));
#4716=CARTESIAN_POINT('Ctrl Pts',(0.335640492689729,1.28793076905476,5.0731269561306));
#4717=CARTESIAN_POINT('Ctrl Pts',(0.347785149970307,1.28793076905476,5.02272649475718));
#4718=CARTESIAN_POINT('Ctrl Pts',(0.352531420795216,1.28793076905476,5.0083026221749));
#4719=CARTESIAN_POINT('Ctrl Pts',(0.364641189155582,1.28793076905476,4.98274811306458));
#4720=CARTESIAN_POINT('Ctrl Pts',(0.371649365870552,1.28793076905476,4.97143075794319));
#4721=CARTESIAN_POINT('Ctrl Pts',(0.380279310897493,1.28793076905476,4.96131287697626));
#4722=CARTESIAN_POINT('',(0.334921517327929,1.28793076905476,5.17336109463051));
#4723=CARTESIAN_POINT('',(0.334921517327929,1.28793076905476,3.84477410973944));
#4724=CARTESIAN_POINT('',(0.444347300485277,1.28793076905476,5.17336109463047));
#4725=CARTESIAN_POINT('',(1.1991809607946,1.28793076905476,5.17336109463018));
#4726=CARTESIAN_POINT('',(0.444347300485277,1.28793076905476,5.14954821947883));
#4727=CARTESIAN_POINT('',(0.444347300485277,1.28793076905476,3.85668054731523));
#4728=CARTESIAN_POINT('',(0.467309840873384,1.28793076905476,5.03020020011733));
#4729=CARTESIAN_POINT('Ctrl Pts',(0.467309840873384,1.28793076905476,5.03020020011733));
#4730=CARTESIAN_POINT('Ctrl Pts',(0.460741459196157,1.28793076905476,5.04016869863131));
#4731=CARTESIAN_POINT('Ctrl Pts',(0.45621278666669,1.28793076905476,5.05175729520483));
#4732=CARTESIAN_POINT('Ctrl Pts',(0.445942923804337,1.28793076905476,5.08879216952537));
#4733=CARTESIAN_POINT('Ctrl Pts',(0.443934586523302,1.28793076905476,5.11941695432091));
#4734=CARTESIAN_POINT('Ctrl Pts',(0.444347300485277,1.28793076905476,5.14954821947883));
#4735=CARTESIAN_POINT('',(0.547536649659777,1.28793076905476,4.9936303663618));
#4736=CARTESIAN_POINT('Ctrl Pts',(0.547536649659777,1.28793076905476,4.9936303663618));
#4737=CARTESIAN_POINT('Ctrl Pts',(0.532251289315238,1.28793076905476,4.99363036636181));
#4738=CARTESIAN_POINT('Ctrl Pts',(0.516589320732575,1.28793076905476,4.99566430915581));
#4739=CARTESIAN_POINT('Ctrl Pts',(0.495242445135279,1.28793076905476,5.0044149211019));
#4740=CARTESIAN_POINT('Ctrl Pts',(0.488574059182844,1.28793076905476,5.00827778695096));
#4741=CARTESIAN_POINT('Ctrl Pts',(0.476602207120029,1.28793076905476,5.01807174759066));
#4742=CARTESIAN_POINT('Ctrl Pts',(0.471545495253574,1.28793076905476,5.02377196307668));
#4743=CARTESIAN_POINT('Ctrl Pts',(0.467309840873384,1.28793076905476,5.03020020011733));
#4744=CARTESIAN_POINT('',(0.632582642987871,1.28793076905476,5.02538101557556));
#4745=CARTESIAN_POINT('Ctrl Pts',(0.632582642987871,1.28793076905476,5.02538101557556));
#4746=CARTESIAN_POINT('Ctrl Pts',(0.627699177463702,1.28793076905476,5.01871085905914));
#4747=CARTESIAN_POINT('Ctrl Pts',(0.621658976146333,1.28793076905476,5.01325479797009));
#4748=CARTESIAN_POINT('Ctrl Pts',(0.605997732421777,1.28793076905476,5.00343991727295));
#4749=CARTESIAN_POINT('Ctrl Pts',(0.596239859351597,1.28793076905476,4.99987772926683));
#4750=CARTESIAN_POINT('Ctrl Pts',(0.573752908431248,1.28793076905476,4.99466162367866));
#4751=CARTESIAN_POINT('Ctrl Pts',(0.560397400900892,1.28793076905476,4.9936303663618));
#4752=CARTESIAN_POINT('Ctrl Pts',(0.547536649659777,1.28793076905476,4.9936303663618));
#4753=CARTESIAN_POINT('',(0.655828603461885,1.28793076905476,5.14104353073897));
#4754=CARTESIAN_POINT('Ctrl Pts',(0.655828603461885,1.28793076905476,5.14104353073897));
#4755=CARTESIAN_POINT('Ctrl Pts',(0.655828603461885,1.28793076905476,5.11819832199234));
#4756=CARTESIAN_POINT('Ctrl Pts',(0.654536341025969,1.28793076905476,5.0926577470503));
#4757=CARTESIAN_POINT('Ctrl Pts',(0.648283121710916,1.28793076905476,5.06154425209895));
#4758=CARTESIAN_POINT('Ctrl Pts',(0.645947271715034,1.28793076905476,5.05272340083825));
#4759=CARTESIAN_POINT('Ctrl Pts',(0.640144529679254,1.28793076905476,5.03781558256411));
#4760=CARTESIAN_POINT('Ctrl Pts',(0.63683335913858,1.28793076905476,5.03118685716053));
#4761=CARTESIAN_POINT('Ctrl Pts',(0.632582642987871,1.28793076905476,5.02538101557556));
#4762=CARTESIAN_POINT('',(0.655828603461885,1.28793076905476,5.49710305217567));
#4763=CARTESIAN_POINT('',(0.655828603461885,1.28793076905476,3.84052176536949));
#4764=CARTESIAN_POINT('',(0.628330447629595,1.28793076905476,5.6008593160278));
#4765=CARTESIAN_POINT('Ctrl Pts',(0.628330447629595,1.28793076905476,5.6008593160278));
#4766=CARTESIAN_POINT('Ctrl Pts',(0.635178194683736,1.28793076905476,5.59295262601));
#4767=CARTESIAN_POINT('Ctrl Pts',(0.640279777040522,1.28793076905476,5.58371168176637));
#4768=CARTESIAN_POINT('Ctrl Pts',(0.652900125913374,1.28793076905476,5.5515802048177));
#4769=CARTESIAN_POINT('Ctrl Pts',(0.655828603461885,1.28793076905476,5.52431934312404));
#4770=CARTESIAN_POINT('Ctrl Pts',(0.655828603461885,1.28793076905476,5.49710305217567));
#4771=CARTESIAN_POINT('',(0.538465120748186,1.28793076905476,5.63260989073582));
#4772=CARTESIAN_POINT('Ctrl Pts',(0.538465120748186,1.28793076905476,5.63260989073582));
#4773=CARTESIAN_POINT('Ctrl Pts',(0.556370016828328,1.28793076905476,5.63260989073581));
#4774=CARTESIAN_POINT('Ctrl Pts',(0.575203669539445,1.28793076905476,5.63064722451155));
#4775=CARTESIAN_POINT('Ctrl Pts',(0.599244515328174,1.28793076905476,5.62215328478253));
#4776=CARTESIAN_POINT('Ctrl Pts',(0.606083496876189,1.28793076905476,5.61890482664158));
#4777=CARTESIAN_POINT('Ctrl Pts',(0.618342770223516,1.28793076905476,5.61084393120903));
#4778=CARTESIAN_POINT('Ctrl Pts',(0.623675723520011,1.28793076905476,5.60623383516362));
#4779=CARTESIAN_POINT('Ctrl Pts',(0.628330447629595,1.28793076905476,5.6008593160278));
#4780=CARTESIAN_POINT('',(0.462207087234163,1.28793076905476,5.60511166039775));
#4781=CARTESIAN_POINT('Ctrl Pts',(0.462207087234163,1.28793076905476,5.60511166039775));
#4782=CARTESIAN_POINT('Ctrl Pts',(0.466262558853142,1.28793076905476,5.61065226876424));
#4783=CARTESIAN_POINT('Ctrl Pts',(0.471292207808953,1.28793076905476,5.61518875616728));
#4784=CARTESIAN_POINT('Ctrl Pts',(0.484523418592422,1.28793076905476,5.62357442497149));
#4785=CARTESIAN_POINT('Ctrl Pts',(0.492946737731906,1.28793076905476,5.62669635584656));
#4786=CARTESIAN_POINT('Ctrl Pts',(0.513400046174154,1.28793076905476,5.63163071834674));
#4787=CARTESIAN_POINT('Ctrl Pts',(0.526234565690108,1.28793076905476,5.63260989073582));
#4788=CARTESIAN_POINT('Ctrl Pts',(0.538465120748186,1.28793076905476,5.63260989073582));
#4789=CARTESIAN_POINT('',(0.444347300485277,1.28793076905476,5.5050407517321));
#4790=CARTESIAN_POINT('Ctrl Pts',(0.444347300485277,1.28793076905476,5.5050407517321));
#4791=CARTESIAN_POINT('Ctrl Pts',(0.443731604194217,1.28793076905476,5.52474380170555));
#4792=CARTESIAN_POINT('Ctrl Pts',(0.444200717108733,1.28793076905476,5.54685918707471));
#4793=CARTESIAN_POINT('Ctrl Pts',(0.449010295451438,1.28793076905476,5.57380793410178));
#4794=CARTESIAN_POINT('Ctrl Pts',(0.450880509111556,1.28793076905476,5.58144109833993));
#4795=CARTESIAN_POINT('Ctrl Pts',(0.455723342164603,1.28793076905476,5.59436316141869));
#4796=CARTESIAN_POINT('Ctrl Pts',(0.458535083209733,1.28793076905476,5.60009498477803));
#4797=CARTESIAN_POINT('Ctrl Pts',(0.462207087234163,1.28793076905476,5.60511166039775));
#4798=CARTESIAN_POINT('',(0.444347300485277,1.28793076905476,5.48122780207466));
#4799=CARTESIAN_POINT('',(0.444347300485277,1.28793076905476,4.02252037586605));
#4800=CARTESIAN_POINT('',(0.334921517327929,1.28793076905476,5.4812278020747));
#4801=CARTESIAN_POINT('',(1.25389385237333,1.28793076905476,5.48122780207435));
#4802=CARTESIAN_POINT('',(0.334921517327929,1.28793076905476,5.50504075173214));
#4803=CARTESIAN_POINT('',(0.334921517327929,1.28793076905476,4.01061390103735));
#4804=CARTESIAN_POINT('',(0.334354528144503,1.28793076905476,5.5316884982951));
#4805=CARTESIAN_POINT('',(0.366842201413567,1.28793076905476,4.00481054541568));
#4806=CARTESIAN_POINT('',(0.377444513991976,1.28793076905476,5.67059712294413));
#4807=CARTESIAN_POINT('Ctrl Pts',(0.377444513991976,1.28793076905476,5.67059712294413));
#4808=CARTESIAN_POINT('Ctrl Pts',(0.366021396088319,1.28793076905476,5.65872893634611));
#4809=CARTESIAN_POINT('Ctrl Pts',(0.357351088184641,1.28793076905476,5.64488649723689));
#4810=CARTESIAN_POINT('Ctrl Pts',(0.344866001496291,1.28793076905476,5.61559767945266));
#4811=CARTESIAN_POINT('Ctrl Pts',(0.340867194999617,1.28793076905476,5.60055932273603));
#4812=CARTESIAN_POINT('Ctrl Pts',(0.335338265814917,1.28793076905476,5.56778015540537));
#4813=CARTESIAN_POINT('Ctrl Pts',(0.334246211961488,1.28793076905476,5.54956018455693));
#4814=CARTESIAN_POINT('Ctrl Pts',(0.334354528144503,1.28793076905476,5.5316884982951));
#4815=CARTESIAN_POINT('',(0.539598950103426,1.28793076905476,5.72275871220894));
#4816=CARTESIAN_POINT('Ctrl Pts',(0.539598950103426,1.28793076905476,5.72275871220894));
#4817=CARTESIAN_POINT('Ctrl Pts',(0.507389261651541,1.28793076905476,5.72275871220895));
#4818=CARTESIAN_POINT('Ctrl Pts',(0.473089143684249,1.28793076905476,5.71960225753763));
#4819=CARTESIAN_POINT('Ctrl Pts',(0.429649127368507,1.28793076905476,5.7056285399937));
#4820=CARTESIAN_POINT('Ctrl Pts',(0.417304662027799,1.28793076905476,5.70031215492391));
#4821=CARTESIAN_POINT('Ctrl Pts',(0.395369650505045,1.28793076905476,5.68709367100517));
#4822=CARTESIAN_POINT('Ctrl Pts',(0.385811815631421,1.28793076905476,5.67954819308491));
#4823=CARTESIAN_POINT('Ctrl Pts',(0.377444513991976,1.28793076905476,5.67059712294413));
#4824=CARTESIAN_POINT('',(0.712242462590837,1.28793076905476,5.66521087471307));
#4825=CARTESIAN_POINT('Ctrl Pts',(0.712242462590837,1.28793076905476,5.66521087471307));
#4826=CARTESIAN_POINT('Ctrl Pts',(0.699511734284397,1.28793076905476,5.67903085649777));
#4827=CARTESIAN_POINT('Ctrl Pts',(0.684381419035384,1.28793076905476,5.68983820785551));
#4828=CARTESIAN_POINT('Ctrl Pts',(0.649659960349639,1.28793076905476,5.70700676295567));
#4829=CARTESIAN_POINT('Ctrl Pts',(0.630265568585629,1.28793076905476,5.71284707530728));
#4830=CARTESIAN_POINT('Ctrl Pts',(0.587464618900593,1.28793076905476,5.72107421718977));
#4831=CARTESIAN_POINT('Ctrl Pts',(0.563232831837403,1.28793076905476,5.72275871220893));
#4832=CARTESIAN_POINT('Ctrl Pts',(0.539598950103426,1.28793076905476,5.72275871220894));
#4833=CARTESIAN_POINT('',(0.765254535630846,1.28793076905476,5.47839300516902));
#4834=CARTESIAN_POINT('Ctrl Pts',(0.765254535630846,1.28793076905476,5.47839300516902));
#4835=CARTESIAN_POINT('Ctrl Pts',(0.765254535630846,1.28793076905476,5.51511310225016));
#4836=CARTESIAN_POINT('Ctrl Pts',(0.762046435022927,1.28793076905476,5.55433356890114));
#4837=CARTESIAN_POINT('Ctrl Pts',(0.747874199799236,1.28793076905476,5.60427741450719));
#4838=CARTESIAN_POINT('Ctrl Pts',(0.74248297357326,1.28793076905476,5.61857494608557));
#4839=CARTESIAN_POINT('Ctrl Pts',(0.729098256628796,1.28793076905476,5.64398442423885));
#4840=CARTESIAN_POINT('Ctrl Pts',(0.721455403330591,1.28793076905476,5.6552096658158));
#4841=CARTESIAN_POINT('Ctrl Pts',(0.712242462590837,1.28793076905476,5.66521087471307));
#4842=CARTESIAN_POINT('',(0.765254535630846,1.28793076905476,4.00919650258451));
#4843=CARTESIAN_POINT('Origin',(2.06344040426026,1.28793076905476,2.54));
#4844=CARTESIAN_POINT('',(0.0338583075558185,1.28793076905476,5.57307759109822));
#4845=CARTESIAN_POINT('',(0.133645721629763,1.28793076905476,5.51354536596619));
#4846=CARTESIAN_POINT('Ctrl Pts',(0.0338583075558185,1.28793076905476,5.57307759109822));
#4847=CARTESIAN_POINT('Ctrl Pts',(0.0480698567585899,1.28793076905476,5.56277936311567));
#4848=CARTESIAN_POINT('Ctrl Pts',(0.0633020345095275,1.28793076905476,5.55300705735942));
#4849=CARTESIAN_POINT('Ctrl Pts',(0.096301596982304,1.28793076905476,5.53331983126363));
#4850=CARTESIAN_POINT('Ctrl Pts',(0.115077556296282,1.28793076905476,5.52308973424508));
#4851=CARTESIAN_POINT('Ctrl Pts',(0.133645721629763,1.28793076905476,5.51354536596619));
#4852=CARTESIAN_POINT('',(0.0134472929989338,1.28793076905476,5.58838585201589));
#4853=CARTESIAN_POINT('',(1.41126320036468,1.28793076905476,4.54002392149105));
#4854=CARTESIAN_POINT('',(0.0134472929989338,1.28793076905476,4.91312013748971));
#4855=CARTESIAN_POINT('',(0.0134472929989338,1.28793076905476,4.06419292600794));
#4856=CARTESIAN_POINT('',(-0.0903088963473797,1.28793076905476,4.91312013748975));
#4857=CARTESIAN_POINT('',(1.03844384863005,1.28793076905476,4.91312013748932));
#4858=CARTESIAN_POINT('',(-0.0903088963473797,1.28793076905476,5.71312011960836));
#4859=CARTESIAN_POINT('',(-0.0903088963473797,1.28793076905476,3.72656006874488));
#4860=CARTESIAN_POINT('',(-0.0075307107413769,1.28793076905476,5.71312011960833));
#4861=CARTESIAN_POINT('',(0.986565753957056,1.28793076905476,5.71312011960794));
#4862=CARTESIAN_POINT('',(0.0588052355801105,1.28793076905476,5.65472179833736));
#4863=CARTESIAN_POINT('Ctrl Pts',(0.0588052355801105,1.28793076905476,5.65472179833736));
#4864=CARTESIAN_POINT('Ctrl Pts',(0.0479610840349362,1.28793076905476,5.66270143977314));
#4865=CARTESIAN_POINT('Ctrl Pts',(0.0372977091513335,1.28793076905476,5.67148476995257));
#4866=CARTESIAN_POINT('Ctrl Pts',(0.0153309378758729,1.28793076905476,5.69082304184535));
#4867=CARTESIAN_POINT('Ctrl Pts',(0.00364409280407509,1.28793076905476,
5.70194529311789));
#4868=CARTESIAN_POINT('Ctrl Pts',(-0.0075307107413769,1.28793076905476,
5.71312011960833));
#4869=CARTESIAN_POINT('',(0.133645721629763,1.28793076905476,5.60936393026196));
#4870=CARTESIAN_POINT('Ctrl Pts',(0.133645721629763,1.28793076905476,5.60936393026196));
#4871=CARTESIAN_POINT('Ctrl Pts',(0.119740947541187,1.28793076905476,5.61666392295432));
#4872=CARTESIAN_POINT('Ctrl Pts',(0.105691791885042,1.28793076905476,5.62446731219631));
#4873=CARTESIAN_POINT('Ctrl Pts',(0.0809357471530057,1.28793076905476,5.63947097492345));
#4874=CARTESIAN_POINT('Ctrl Pts',(0.0694988521931625,1.28793076905476,5.64690721156319));
#4875=CARTESIAN_POINT('Ctrl Pts',(0.0588052355801105,1.28793076905476,5.65472179833736));
#4876=CARTESIAN_POINT('',(0.133645721629763,1.28793076905476,4.07468196513098));
#4877=CARTESIAN_POINT('Origin',(2.06344040426026,1.28793076905476,2.54));
#4878=CARTESIAN_POINT('',(-0.691584608599043,1.28793076905476,5.66861266080255));
#4879=CARTESIAN_POINT('',(-0.739493629976606,1.28793076905476,5.51808120492813));
#4880=CARTESIAN_POINT('Ctrl Pts',(-0.691584608599043,1.28793076905476,5.66861266080255));
#4881=CARTESIAN_POINT('Ctrl Pts',(-0.703795757740641,1.28793076905476,5.65524536978929));
#4882=CARTESIAN_POINT('Ctrl Pts',(-0.712979317547775,1.28793076905476,5.63963839512357));
#4883=CARTESIAN_POINT('Ctrl Pts',(-0.732634591486821,1.28793076905476,5.59183582439941));
#4884=CARTESIAN_POINT('Ctrl Pts',(-0.738092889528045,1.28793076905476,5.55543931949242));
#4885=CARTESIAN_POINT('Ctrl Pts',(-0.739252266274279,1.28793076905476,5.51807371591585));
#4886=CARTESIAN_POINT('',(-0.539351961656904,1.28793076905476,5.72105774465908));
#4887=CARTESIAN_POINT('Ctrl Pts',(-0.539351961656904,1.28793076905476,5.72105774465908));
#4888=CARTESIAN_POINT('Ctrl Pts',(-0.569484283139868,1.28793076905476,5.72105774465909));
#4889=CARTESIAN_POINT('Ctrl Pts',(-0.601038671209872,1.28793076905476,5.71777625642546));
#4890=CARTESIAN_POINT('Ctrl Pts',(-0.641667984587563,1.28793076905476,5.70377920789529));
#4891=CARTESIAN_POINT('Ctrl Pts',(-0.653299190727916,1.28793076905476,5.69841067445467));
#4892=CARTESIAN_POINT('Ctrl Pts',(-0.674266927152986,1.28793076905476,5.68511118218121));
#4893=CARTESIAN_POINT('Ctrl Pts',(-0.683467493005564,1.28793076905476,5.67749820050966));
#4894=CARTESIAN_POINT('Ctrl Pts',(-0.691584608599043,1.28793076905476,5.66861266080255));
#4895=CARTESIAN_POINT('',(-0.391655228182173,1.28793076905476,5.66407689634664));
#4896=CARTESIAN_POINT('Ctrl Pts',(-0.391655228182173,1.28793076905476,5.66407689634664));
#4897=CARTESIAN_POINT('Ctrl Pts',(-0.406370131416305,1.28793076905476,5.68023916434045));
#4898=CARTESIAN_POINT('Ctrl Pts',(-0.423669787264691,1.28793076905476,5.69288999465109));
#4899=CARTESIAN_POINT('Ctrl Pts',(-0.457602963072962,1.28793076905476,5.70870279366325));
#4900=CARTESIAN_POINT('Ctrl Pts',(-0.472483229513106,1.28793076905476,5.71330530378966));
#4901=CARTESIAN_POINT('Ctrl Pts',(-0.504708123695268,1.28793076905476,5.71967007647643));
#4902=CARTESIAN_POINT('Ctrl Pts',(-0.522085723564842,1.28793076905476,5.72105774465907));
#4903=CARTESIAN_POINT('Ctrl Pts',(-0.539351961656904,1.28793076905476,5.72105774465908));
#4904=CARTESIAN_POINT('',(-0.339777282520628,1.28793076905476,5.51808120492797));
#4905=CARTESIAN_POINT('Ctrl Pts',(-0.340084634126623,1.28793076905476,5.51806907792534));
#4906=CARTESIAN_POINT('Ctrl Pts',(-0.34111345357864,1.28793076905476,5.54414388969371));
#4907=CARTESIAN_POINT('Ctrl Pts',(-0.344828255965686,1.28793076905476,5.57041118269289));
#4908=CARTESIAN_POINT('Ctrl Pts',(-0.356915456073682,1.28793076905476,5.608125984944));
#4909=CARTESIAN_POINT('Ctrl Pts',(-0.362246311015779,1.28793076905476,5.62069578656467));
#4910=CARTESIAN_POINT('Ctrl Pts',(-0.375355146140072,1.28793076905476,5.64392880995722));
#4911=CARTESIAN_POINT('Ctrl Pts',(-0.382892072058406,1.28793076905476,5.65445176444408));
#4912=CARTESIAN_POINT('Ctrl Pts',(-0.391655228182173,1.28793076905476,5.66407689634664));
#4913=CARTESIAN_POINT('',(-0.339814993632421,1.28793076905476,5.51013506396457));
#4914=CARTESIAN_POINT('Ctrl Pts',(-0.339852704744156,1.28793076905476,5.51013506396457));
#4915=CARTESIAN_POINT('Ctrl Pts',(-0.339903401660963,1.28793076905476,5.51277652829264));
#4916=CARTESIAN_POINT('Ctrl Pts',(-0.339980182369969,1.28793076905476,5.51542181081909));
#4917=CARTESIAN_POINT('Ctrl Pts',(-0.340084634126623,1.28793076905476,5.51806907792534));
#4918=CARTESIAN_POINT('',(-0.339777282520628,1.28793076905476,5.50220595482688));
#4919=CARTESIAN_POINT('Ctrl Pts',(-0.340084617852538,1.28793076905476,5.50221813327469));
#4920=CARTESIAN_POINT('Ctrl Pts',(-0.339979921949024,1.28793076905476,5.50486023929429));
#4921=CARTESIAN_POINT('Ctrl Pts',(-0.339903272530148,1.28793076905476,5.50750016447273));
#4922=CARTESIAN_POINT('Ctrl Pts',(-0.339852704744214,1.28793076905476,5.51013506396457));
#4923=CARTESIAN_POINT('',(-0.387403032823896,1.28793076905476,5.37066804055078));
#4924=CARTESIAN_POINT('Ctrl Pts',(-0.387403032823896,1.28793076905476,5.37066804055078));
#4925=CARTESIAN_POINT('Ctrl Pts',(-0.375507420211592,1.28793076905476,5.38228041631585));
#4926=CARTESIAN_POINT('Ctrl Pts',(-0.366329455333927,1.28793076905476,5.39596233306943));
#4927=CARTESIAN_POINT('Ctrl Pts',(-0.352335519914266,1.28793076905476,5.42622338444238));
#4928=CARTESIAN_POINT('Ctrl Pts',(-0.347677615477758,1.28793076905476,5.44253353253439));
#4929=CARTESIAN_POINT('Ctrl Pts',(-0.342080028292488,1.28793076905476,5.47313969494661));
#4930=CARTESIAN_POINT('Ctrl Pts',(-0.340659445601563,1.28793076905476,5.48771177911038));
#4931=CARTESIAN_POINT('Ctrl Pts',(-0.340084617852538,1.28793076905476,5.50221813327469));
#4932=CARTESIAN_POINT('',(-0.459975860163069,1.28793076905476,5.33211381915913));
#4933=CARTESIAN_POINT('Ctrl Pts',(-0.459975860163069,1.28793076905476,5.33211381915913));
#4934=CARTESIAN_POINT('Ctrl Pts',(-0.445896086650078,1.28793076905476,5.33598574299858));
#4935=CARTESIAN_POINT('Ctrl Pts',(-0.43205219734032,1.28793076905476,5.34113674955827));
#4936=CARTESIAN_POINT('Ctrl Pts',(-0.407585246834854,1.28793076905476,5.354134785616));
#4937=CARTESIAN_POINT('Ctrl Pts',(-0.396861327446849,1.28793076905476,5.36160387606224));
#4938=CARTESIAN_POINT('Ctrl Pts',(-0.387403032823896,1.28793076905476,5.37066804055078));
#4939=CARTESIAN_POINT('',(-0.37492956881175,1.28793076905476,5.28959074798924));
#4940=CARTESIAN_POINT('Ctrl Pts',(-0.37492956881175,1.28793076905476,5.28959074798924));
#4941=CARTESIAN_POINT('Ctrl Pts',(-0.385253498589473,1.28793076905476,5.3005102228731));
#4942=CARTESIAN_POINT('Ctrl Pts',(-0.397493068292981,1.28793076905476,5.3090935732666));
#4943=CARTESIAN_POINT('Ctrl Pts',(-0.426325415880819,1.28793076905476,5.32350972180161));
#4944=CARTESIAN_POINT('Ctrl Pts',(-0.443121877151059,1.28793076905476,5.32867422894445));
#4945=CARTESIAN_POINT('Ctrl Pts',(-0.459975860163069,1.28793076905476,5.33211381915913));
#4946=CARTESIAN_POINT('',(-0.327303818508482,1.28793076905476,5.13310598019462));
#4947=CARTESIAN_POINT('Ctrl Pts',(-0.327540971051119,1.28793076905476,5.13309922086352));
#4948=CARTESIAN_POINT('Ctrl Pts',(-0.328379155664643,1.28793076905476,5.16250710300842));
#4949=CARTESIAN_POINT('Ctrl Pts',(-0.331576006038026,1.28793076905476,5.19317642504421));
#4950=CARTESIAN_POINT('Ctrl Pts',(-0.342873890950076,1.28793076905476,5.23433305124379));
#4951=CARTESIAN_POINT('Ctrl Pts',(-0.347699917512972,1.28793076905476,5.24754527149927));
#4952=CARTESIAN_POINT('Ctrl Pts',(-0.35971900131,1.28793076905476,5.27062956056582));
#4953=CARTESIAN_POINT('Ctrl Pts',(-0.366567262234002,1.28793076905476,5.28073068413315));
#4954=CARTESIAN_POINT('Ctrl Pts',(-0.37492956881175,1.28793076905476,5.28959074798924));
#4955=CARTESIAN_POINT('',(-0.327335131040433,1.28793076905476,5.12492422449903));
#4956=CARTESIAN_POINT('Ctrl Pts',(-0.327366443572458,1.28793076905476,5.12492422449903));
#4957=CARTESIAN_POINT('Ctrl Pts',(-0.327405341721393,1.28793076905476,5.1276360807529));
#4958=CARTESIAN_POINT('Ctrl Pts',(-0.327462959997897,1.28793076905476,5.13036218677563));
#4959=CARTESIAN_POINT('Ctrl Pts',(-0.327540971051119,1.28793076905476,5.13309922086352));
#4960=CARTESIAN_POINT('',(-0.327303818508482,1.28793076905476,5.11609675172668));
#4961=CARTESIAN_POINT('Ctrl Pts',(-0.327579719765546,1.28793076905476,5.11610588468749));
#4962=CARTESIAN_POINT('Ctrl Pts',(-0.327482618736174,1.28793076905476,5.11903924842411));
#4963=CARTESIAN_POINT('Ctrl Pts',(-0.327411943424657,1.28793076905476,5.12197927229065));
#4964=CARTESIAN_POINT('Ctrl Pts',(-0.327366443572384,1.28793076905476,5.12492422449902));
#4965=CARTESIAN_POINT('',(-0.378898642107343,1.28793076905476,4.95791109088761));
#4966=CARTESIAN_POINT('Ctrl Pts',(-0.378898642107343,1.28793076905476,4.95791109088761));
#4967=CARTESIAN_POINT('Ctrl Pts',(-0.365287114716657,1.28793076905476,4.97286876577543));
#4968=CARTESIAN_POINT('Ctrl Pts',(-0.355083526161055,1.28793076905476,4.99026803855583));
#4969=CARTESIAN_POINT('Ctrl Pts',(-0.33454323515985,1.28793076905476,5.04106108369611));
#4970=CARTESIAN_POINT('Ctrl Pts',(-0.328840370515144,1.28793076905476,5.07802238323219));
#4971=CARTESIAN_POINT('Ctrl Pts',(-0.327579719765546,1.28793076905476,5.11610588468749));
#4972=CARTESIAN_POINT('',(-0.537651143118238,1.28793076905476,4.9012136626612));
#4973=CARTESIAN_POINT('Ctrl Pts',(-0.537651143118238,1.28793076905476,4.9012136626612));
#4974=CARTESIAN_POINT('Ctrl Pts',(-0.506340280579495,1.28793076905476,4.90121366266119));
#4975=CARTESIAN_POINT('Ctrl Pts',(-0.473906745903684,1.28793076905476,4.90484414625915));
#4976=CARTESIAN_POINT('Ctrl Pts',(-0.431665268309296,1.28793076905476,4.91993041657826));
#4977=CARTESIAN_POINT('Ctrl Pts',(-0.419495968396714,1.28793076905476,4.92575048477939));
#4978=CARTESIAN_POINT('Ctrl Pts',(-0.397354839849196,1.28793076905476,4.94012788841672));
#4979=CARTESIAN_POINT('Ctrl Pts',(-0.387576517379118,1.28793076905476,4.94837491188623));
#4980=CARTESIAN_POINT('Ctrl Pts',(-0.378898642107343,1.28793076905476,4.95791109088761));
#4981=CARTESIAN_POINT('',(-0.692718288942671,1.28793076905476,4.96273027542944));
#4982=CARTESIAN_POINT('Ctrl Pts',(-0.692718288942671,1.28793076905476,4.96273027542944));
#4983=CARTESIAN_POINT('Ctrl Pts',(-0.676679965545888,1.28793076905476,4.94506369302628));
#4984=CARTESIAN_POINT('Ctrl Pts',(-0.657889046140437,1.28793076905476,4.93112551157421));
#4985=CARTESIAN_POINT('Ctrl Pts',(-0.621652190345031,1.28793076905476,4.91417473910912));
#4986=CARTESIAN_POINT('Ctrl Pts',(-0.606282239940517,1.28793076905476,4.90934208197938));
#4987=CARTESIAN_POINT('Ctrl Pts',(-0.573104842895209,1.28793076905476,4.90268076802679));
#4988=CARTESIAN_POINT('Ctrl Pts',(-0.555344255828805,1.28793076905476,4.90121366266121));
#4989=CARTESIAN_POINT('Ctrl Pts',(-0.537651143118238,1.28793076905476,4.9012136626612));
#4990=CARTESIAN_POINT('',(-0.748565456911421,1.28793076905476,5.11609675172684));
#4991=CARTESIAN_POINT('Ctrl Pts',(-0.748213122239794,1.28793076905476,5.11611162260602));
#4992=CARTESIAN_POINT('Ctrl Pts',(-0.747068132336571,1.28793076905476,5.08898345912725));
#4993=CARTESIAN_POINT('Ctrl Pts',(-0.743028455216174,1.28793076905476,5.0617845050351));
#4994=CARTESIAN_POINT('Ctrl Pts',(-0.730089222367321,1.28793076905476,5.02231015036452));
#4995=CARTESIAN_POINT('Ctrl Pts',(-0.724338417528754,1.28793076905476,5.00903385650429));
#4996=CARTESIAN_POINT('Ctrl Pts',(-0.710228269443534,1.28793076905476,4.98432327694812));
#4997=CARTESIAN_POINT('Ctrl Pts',(-0.702102819228745,1.28793076905476,4.9730675214353));
#4998=CARTESIAN_POINT('Ctrl Pts',(-0.692718288942671,1.28793076905476,4.96273027542944));
#4999=CARTESIAN_POINT('',(-0.74853463390544,1.28793076905476,5.12592477911035));
#5000=CARTESIAN_POINT('Ctrl Pts',(-0.748503810899501,1.28793076905476,5.12592477911035));
#5001=CARTESIAN_POINT('Ctrl Pts',(-0.748447289030526,1.28793076905476,5.12265659371523));
#5002=CARTESIAN_POINT('Ctrl Pts',(-0.748351264774841,1.28793076905476,5.11938462375963));
#5003=CARTESIAN_POINT('Ctrl Pts',(-0.748213122239794,1.28793076905476,5.11611162260602));
#5004=CARTESIAN_POINT('',(-0.748565456911421,1.28793076905476,5.13310598019478));
#5005=CARTESIAN_POINT('Ctrl Pts',(-0.74837742012259,1.28793076905476,5.13310172825177));
#5006=CARTESIAN_POINT('Ctrl Pts',(-0.748431687331052,1.28793076905476,5.13070182975779));
#5007=CARTESIAN_POINT('Ctrl Pts',(-0.748473526570367,1.28793076905476,5.1283087611012));
#5008=CARTESIAN_POINT('Ctrl Pts',(-0.748503810899459,1.28793076905476,5.12592477911035));
#5009=CARTESIAN_POINT('',(-0.705475471063947,1.28793076905476,5.29355959776755));
#5010=CARTESIAN_POINT('Ctrl Pts',(-0.705475471063947,1.28793076905476,5.29355959776755));
#5011=CARTESIAN_POINT('Ctrl Pts',(-0.714019673180338,1.28793076905476,5.28445326153975));
#5012=CARTESIAN_POINT('Ctrl Pts',(-0.720611592419277,1.28793076905476,5.2735459749242));
#5013=CARTESIAN_POINT('Ctrl Pts',(-0.734415146295881,1.28793076905476,5.24305299798536));
#5014=CARTESIAN_POINT('Ctrl Pts',(-0.739632432701246,1.28793076905476,5.22116118734885));
#5015=CARTESIAN_POINT('Ctrl Pts',(-0.746270047170148,1.28793076905476,5.17864742616923));
#5016=CARTESIAN_POINT('Ctrl Pts',(-0.747869244853456,1.28793076905476,5.15557513526191));
#5017=CARTESIAN_POINT('Ctrl Pts',(-0.74837742012259,1.28793076905476,5.13310172825177));
#5018=CARTESIAN_POINT('',(-0.628366730257368,1.28793076905476,5.33154682997577));
#5019=CARTESIAN_POINT('Ctrl Pts',(-0.628366730257368,1.28793076905476,5.33154682997577));
#5020=CARTESIAN_POINT('Ctrl Pts',(-0.643821611102565,1.28793076905476,5.32818708478775));
#5021=CARTESIAN_POINT('Ctrl Pts',(-0.659524445880971,1.28793076905476,5.32337602269309));
#5022=CARTESIAN_POINT('Ctrl Pts',(-0.685506205972525,1.28793076905476,5.31057623964058));
#5023=CARTESIAN_POINT('Ctrl Pts',(-0.696496255124295,1.28793076905476,5.30315099396915));
#5024=CARTESIAN_POINT('Ctrl Pts',(-0.705475471063947,1.28793076905476,5.29355959776755));
#5025=CARTESIAN_POINT('',(-0.695836803957319,1.28793076905476,5.37010105136747));
#5026=CARTESIAN_POINT('Ctrl Pts',(-0.695836803957319,1.28793076905476,5.37010105136747));
#5027=CARTESIAN_POINT('Ctrl Pts',(-0.687159979112161,1.28793076905476,5.36084575464048));
#5028=CARTESIAN_POINT('Ctrl Pts',(-0.677227325098273,1.28793076905476,5.35314935286356));
#5029=CARTESIAN_POINT('Ctrl Pts',(-0.654346862748996,1.28793076905476,5.34007483904457));
#5030=CARTESIAN_POINT('Ctrl Pts',(-0.641557859615254,1.28793076905476,5.33511198234567));
#5031=CARTESIAN_POINT('Ctrl Pts',(-0.628366730257368,1.28793076905476,5.33154682997577));
#5032=CARTESIAN_POINT('',(-0.739493629976606,1.28793076905476,5.50220595482704));
#5033=CARTESIAN_POINT('Ctrl Pts',(-0.739211968556768,1.28793076905476,5.50221617980652));
#5034=CARTESIAN_POINT('Ctrl Pts',(-0.738336803476126,1.28793076905476,5.47810852857787));
#5035=CARTESIAN_POINT('Ctrl Pts',(-0.735307620124269,1.28793076905476,5.45343151612083));
#5036=CARTESIAN_POINT('Ctrl Pts',(-0.725152090825724,1.28793076905476,5.41900810695168));
#5037=CARTESIAN_POINT('Ctrl Pts',(-0.720700717660496,1.28793076905476,5.40765164195793));
#5038=CARTESIAN_POINT('Ctrl Pts',(-0.709670932586579,1.28793076905476,5.38726318976191));
#5039=CARTESIAN_POINT('Ctrl Pts',(-0.703363628285687,1.28793076905476,5.37821439950468));
#5040=CARTESIAN_POINT('Ctrl Pts',(-0.695836803957319,1.28793076905476,5.37010105136747));
#5041=CARTESIAN_POINT('',(-0.739429811013531,1.28793076905476,5.51044270278816));
#5042=CARTESIAN_POINT('Ctrl Pts',(-0.73942981101352,1.28793076905476,5.51044270278816));
#5043=CARTESIAN_POINT('Ctrl Pts',(-0.739383678539907,1.28793076905476,5.50771035963828));
#5044=CARTESIAN_POINT('Ctrl Pts',(-0.739311829032389,1.28793076905476,5.5049669768516));
#5045=CARTESIAN_POINT('Ctrl Pts',(-0.739211968556768,1.28793076905476,5.50221617980652));
#5046=CARTESIAN_POINT('Ctrl Pts',(-0.739252266274279,1.28793076905476,5.51807371591585));
#5047=CARTESIAN_POINT('Ctrl Pts',(-0.739331066283051,1.28793076905476,5.51553406700607));
#5048=CARTESIAN_POINT('Ctrl Pts',(-0.73938994199385,1.28793076905476,5.51298993923708));
#5049=CARTESIAN_POINT('Ctrl Pts',(-0.739429811013531,1.28793076905476,5.51044270278816));
#5050=CARTESIAN_POINT('',(-0.539343020960188,1.28793076905476,5.63374379459728));
#5051=CARTESIAN_POINT('',(-0.613049528642988,1.28793076905476,5.60227678898684));
#5052=CARTESIAN_POINT('Ctrl Pts',(-0.539343020960188,1.28793076905476,5.63374379459728));
#5053=CARTESIAN_POINT('Ctrl Pts',(-0.553989899475367,1.28793076905476,5.63374379459728));
#5054=CARTESIAN_POINT('Ctrl Pts',(-0.569056739482249,1.28793076905476,5.63179936347078));
#5055=CARTESIAN_POINT('Ctrl Pts',(-0.588718707451494,1.28793076905476,5.6236196725818));
#5056=CARTESIAN_POINT('Ctrl Pts',(-0.594443795061959,1.28793076905476,5.62035513587394));
#5057=CARTESIAN_POINT('Ctrl Pts',(-0.604788698143242,1.28793076905476,5.61223978693512));
#5058=CARTESIAN_POINT('Ctrl Pts',(-0.609239135373824,1.28793076905476,5.60756376785749));
#5059=CARTESIAN_POINT('Ctrl Pts',(-0.613049528642988,1.28793076905476,5.60227678898684));
#5060=CARTESIAN_POINT('',(-0.635728499933576,1.28793076905476,5.51524633351676));
#5061=CARTESIAN_POINT('Ctrl Pts',(-0.613049528642988,1.28793076905476,5.60227678898684));
#5062=CARTESIAN_POINT('Ctrl Pts',(-0.619089565520276,1.28793076905476,5.59389623583531));
#5063=CARTESIAN_POINT('Ctrl Pts',(-0.623382868718938,1.28793076905476,5.58413476822037));
#5064=CARTESIAN_POINT('Ctrl Pts',(-0.632043222678142,1.28793076905476,5.55666513786304));
#5065=CARTESIAN_POINT('Ctrl Pts',(-0.634615820596608,1.28793076905476,5.5361591104446));
#5066=CARTESIAN_POINT('Ctrl Pts',(-0.6354300732632,1.28793076905476,5.51523472052766));
#5067=CARTESIAN_POINT('',(-0.635691447110094,1.28793076905476,5.50740767923274));
#5068=CARTESIAN_POINT('Ctrl Pts',(-0.6354300732632,1.28793076905476,5.51523472052766));
#5069=CARTESIAN_POINT('Ctrl Pts',(-0.635531409758192,1.28793076905476,5.5126306095176));
#5070=CARTESIAN_POINT('Ctrl Pts',(-0.635605422015086,1.28793076905476,5.51002001513769));
#5071=CARTESIAN_POINT('Ctrl Pts',(-0.635654394286611,1.28793076905476,5.50740767923274));
#5072=CARTESIAN_POINT('',(-0.635728499933576,1.28793076905476,4.01968550445493));
#5073=CARTESIAN_POINT('',(-0.635728499933576,1.28793076905476,5.49937100890987));
#5074=CARTESIAN_POINT('Ctrl Pts',(-0.635654394286611,1.28793076905476,5.50740767923274));
#5075=CARTESIAN_POINT('Ctrl Pts',(-0.635704611892751,1.28793076905476,5.50472891323935));
#5076=CARTESIAN_POINT('Ctrl Pts',(-0.635728499933576,1.28793076905476,5.50204831846042));
#5077=CARTESIAN_POINT('Ctrl Pts',(-0.635728499933576,1.28793076905476,5.49937100890987));
#5078=CARTESIAN_POINT('Ctrl Pts',(-0.635654394286606,1.28793076905476,5.50740767923274));
#5079=CARTESIAN_POINT('Ctrl Pts',(-0.635603324629594,1.28793076905476,5.50474668286618));
#5080=CARTESIAN_POINT('Ctrl Pts',(-0.635524761747949,1.28793076905476,5.50206975601906));
#5081=CARTESIAN_POINT('Ctrl Pts',(-0.635415314790395,1.28793076905476,5.49938377039331));
#5082=CARTESIAN_POINT('',(-0.612199268385267,1.28793076905476,5.41035616580359));
#5083=CARTESIAN_POINT('Ctrl Pts',(-0.635415314790395,1.28793076905476,5.49938377039331));
#5084=CARTESIAN_POINT('Ctrl Pts',(-0.634787836780616,1.28793076905476,5.48398455827801));
#5085=CARTESIAN_POINT('Ctrl Pts',(-0.633143678796753,1.28793076905476,5.46828765391155));
#5086=CARTESIAN_POINT('Ctrl Pts',(-0.626453909903945,1.28793076905476,5.43846555880028));
#5087=CARTESIAN_POINT('Ctrl Pts',(-0.621029429259509,1.28793076905476,5.42312274464074));
#5088=CARTESIAN_POINT('Ctrl Pts',(-0.612199268385267,1.28793076905476,5.41035616580359));
#5089=CARTESIAN_POINT('',(-0.539343020960188,1.28793076905476,5.37633778337348));
#5090=CARTESIAN_POINT('Ctrl Pts',(-0.612199268385267,1.28793076905476,5.41035616580359));
#5091=CARTESIAN_POINT('Ctrl Pts',(-0.606467087955786,1.28793076905476,5.40206862332232));
#5092=CARTESIAN_POINT('Ctrl Pts',(-0.599443154629826,1.28793076905476,5.39508798104695));
#5093=CARTESIAN_POINT('Ctrl Pts',(-0.583773857843994,1.28793076905476,5.38504148955479));
#5094=CARTESIAN_POINT('Ctrl Pts',(-0.575940974673779,1.28793076905476,5.38179720461242));
#5095=CARTESIAN_POINT('Ctrl Pts',(-0.558455273819305,1.28793076905476,5.37728791387144));
#5096=CARTESIAN_POINT('Ctrl Pts',(-0.548861970199412,1.28793076905476,5.37633778337349));
#5097=CARTESIAN_POINT('Ctrl Pts',(-0.539343020960188,1.28793076905476,5.37633778337348));
#5098=CARTESIAN_POINT('',(-0.467337629839277,1.28793076905476,5.41035616580353));
#5099=CARTESIAN_POINT('Ctrl Pts',(-0.539343020960188,1.28793076905476,5.37633778337348));
#5100=CARTESIAN_POINT('Ctrl Pts',(-0.526178480853695,1.28793076905476,5.37633778337348));
#5101=CARTESIAN_POINT('Ctrl Pts',(-0.512921538389121,1.28793076905476,5.37819758404558));
#5102=CARTESIAN_POINT('Ctrl Pts',(-0.493981934171549,1.28793076905476,5.38594378289742));
#5103=CARTESIAN_POINT('Ctrl Pts',(-0.487748653397107,1.28793076905476,5.3895833437886));
#5104=CARTESIAN_POINT('Ctrl Pts',(-0.476379904462518,1.28793076905476,5.39883450741391));
#5105=CARTESIAN_POINT('Ctrl Pts',(-0.471494082651281,1.28793076905476,5.40427353016227));
#5106=CARTESIAN_POINT('Ctrl Pts',(-0.467337629839277,1.28793076905476,5.41035616580353));
#5107=CARTESIAN_POINT('',(-0.443524382158613,1.28793076905476,5.49937100890979));
#5108=CARTESIAN_POINT('Ctrl Pts',(-0.467337629839277,1.28793076905476,5.41035616580353));
#5109=CARTESIAN_POINT('Ctrl Pts',(-0.460405904780712,1.28793076905476,5.42025847216277));
#5110=CARTESIAN_POINT('Ctrl Pts',(-0.455570823964208,1.28793076905476,5.43167337557487));
#5111=CARTESIAN_POINT('Ctrl Pts',(-0.446963575961286,1.28793076905476,5.46089594552048));
#5112=CARTESIAN_POINT('Ctrl Pts',(-0.444621194620926,1.28793076905476,5.48047306347476));
#5113=CARTESIAN_POINT('Ctrl Pts',(-0.443841334941747,1.28793076905476,5.49938407952933));
#5114=CARTESIAN_POINT('',(-0.443606296662196,1.28793076905476,5.50705978527751));
#5115=CARTESIAN_POINT('Ctrl Pts',(-0.443841334941747,1.28793076905476,5.49938407952933));
#5116=CARTESIAN_POINT('Ctrl Pts',(-0.443735224762843,1.28793076905476,5.50195717229252));
#5117=CARTESIAN_POINT('Ctrl Pts',(-0.443657964292779,1.28793076905476,5.50451793019096));
#5118=CARTESIAN_POINT('Ctrl Pts',(-0.443606296662196,1.28793076905476,5.50705978527751));
#5119=CARTESIAN_POINT('Ctrl Pts',(-0.443524382158613,1.28793076905476,5.49937100890979));
#5120=CARTESIAN_POINT('Ctrl Pts',(-0.443524382158613,1.28793076905476,5.50191747528846));
#5121=CARTESIAN_POINT('Ctrl Pts',(-0.443550561617938,1.28793076905476,5.50448240297711));
#5122=CARTESIAN_POINT('Ctrl Pts',(-0.443606296662179,1.28793076905476,5.50705978527751));
#5123=CARTESIAN_POINT('',(-0.443524382158613,1.28793076905476,5.51524633351669));
#5124=CARTESIAN_POINT('Ctrl Pts',(-0.443606296662196,1.28793076905476,5.50705978527751));
#5125=CARTESIAN_POINT('Ctrl Pts',(-0.443550320502203,1.28793076905476,5.50981360397208));
#5126=CARTESIAN_POINT('Ctrl Pts',(-0.443524382158613,1.28793076905476,5.51254523703314));
#5127=CARTESIAN_POINT('Ctrl Pts',(-0.443524382158613,1.28793076905476,5.51524633351669));
#5128=CARTESIAN_POINT('Ctrl Pts',(-0.443606296662179,1.28793076905476,5.50705978527751));
#5129=CARTESIAN_POINT('Ctrl Pts',(-0.443664937823732,1.28793076905476,5.5097715565503));
#5130=CARTESIAN_POINT('Ctrl Pts',(-0.44375629755913,1.28793076905476,5.51249711584722));
#5131=CARTESIAN_POINT('Ctrl Pts',(-0.443884334639647,1.28793076905476,5.51522946625668));
#5132=CARTESIAN_POINT('',(-0.46762075190196,1.28793076905476,5.60000883225308));
#5133=CARTESIAN_POINT('Ctrl Pts',(-0.443884334639647,1.28793076905476,5.51522946625668));
#5134=CARTESIAN_POINT('Ctrl Pts',(-0.44455929194144,1.28793076905476,5.52963326125485));
#5135=CARTESIAN_POINT('Ctrl Pts',(-0.446254734992095,1.28793076905476,5.54422571993281));
#5136=CARTESIAN_POINT('Ctrl Pts',(-0.45310792520009,1.28793076905476,5.5728478797368));
#5137=CARTESIAN_POINT('Ctrl Pts',(-0.458727321563589,1.28793076905476,5.58755804077873));
#5138=CARTESIAN_POINT('Ctrl Pts',(-0.46762075190196,1.28793076905476,5.60000883225308));
#5139=CARTESIAN_POINT('Ctrl Pts',(-0.46762075190196,1.28793076905476,5.60000883225308));
#5140=CARTESIAN_POINT('Ctrl Pts',(-0.473681053245308,1.28793076905476,5.60849316044288));
#5141=CARTESIAN_POINT('Ctrl Pts',(-0.481042698529337,1.28793076905476,5.61563634826315));
#5142=CARTESIAN_POINT('Ctrl Pts',(-0.496893414566881,1.28793076905476,5.6254715708675));
#5143=CARTESIAN_POINT('Ctrl Pts',(-0.504451861690728,1.28793076905476,5.62855795358914));
#5144=CARTESIAN_POINT('Ctrl Pts',(-0.521198910992452,1.28793076905476,5.63282937602521));
#5145=CARTESIAN_POINT('Ctrl Pts',(-0.530288984389435,1.28793076905476,5.63374379459727));
#5146=CARTESIAN_POINT('Ctrl Pts',(-0.539343020960188,1.28793076905476,5.63374379459728));
#5147=CARTESIAN_POINT('',(-0.537677667185163,1.28793076905476,5.28675587657798));
#5148=CARTESIAN_POINT('',(-0.622156820341444,1.28793076905476,5.25443838719241));
#5149=CARTESIAN_POINT('Ctrl Pts',(-0.537677667185163,1.28793076905476,5.28675587657798));
#5150=CARTESIAN_POINT('Ctrl Pts',(-0.556174822786457,1.28793076905476,5.28675587657799));
#5151=CARTESIAN_POINT('Ctrl Pts',(-0.574412199197193,1.28793076905476,5.28463239120148));
#5152=CARTESIAN_POINT('Ctrl Pts',(-0.596608030365331,1.28793076905476,5.2761413787874));
#5153=CARTESIAN_POINT('Ctrl Pts',(-0.602916936107922,1.28793076905476,5.27284702094668));
#5154=CARTESIAN_POINT('Ctrl Pts',(-0.613871306963061,1.28793076905476,5.26459503939029));
#5155=CARTESIAN_POINT('Ctrl Pts',(-0.618419489190926,1.28793076905476,5.25990067334776));
#5156=CARTESIAN_POINT('Ctrl Pts',(-0.622156820341444,1.28793076905476,5.25443838719241));
#5157=CARTESIAN_POINT('',(-0.644835791632032,1.28793076905476,5.15011520866268));
#5158=CARTESIAN_POINT('Ctrl Pts',(-0.622156820341444,1.28793076905476,5.25443838719241));
#5159=CARTESIAN_POINT('Ctrl Pts',(-0.627297132093466,1.28793076905476,5.24711343619092));
#5160=CARTESIAN_POINT('Ctrl Pts',(-0.631012546326897,1.28793076905476,5.23838207651341));
#5161=CARTESIAN_POINT('Ctrl Pts',(-0.64048018357419,1.28793076905476,5.20891287379573));
#5162=CARTESIAN_POINT('Ctrl Pts',(-0.643774875391039,1.28793076905476,5.18146109171656));
#5163=CARTESIAN_POINT('Ctrl Pts',(-0.644615286156131,1.28793076905476,5.15010929783102));
#5164=CARTESIAN_POINT('',(-0.644806919377454,1.28793076905476,5.14194492332388));
#5165=CARTESIAN_POINT('Ctrl Pts',(-0.644615286156131,1.28793076905476,5.15010929783102));
#5166=CARTESIAN_POINT('Ctrl Pts',(-0.644687480256105,1.28793076905476,5.14741607371237));
#5167=CARTESIAN_POINT('Ctrl Pts',(-0.644741530573867,1.28793076905476,5.14469406902598));
#5168=CARTESIAN_POINT('Ctrl Pts',(-0.644778047122877,1.28793076905476,5.14194492332388));
#5169=CARTESIAN_POINT('',(-0.644835791632032,1.28793076905476,3.83655299009737));
#5170=CARTESIAN_POINT('',(-0.644835791632032,1.28793076905476,5.13310598019474));
#5171=CARTESIAN_POINT('Ctrl Pts',(-0.644778047122877,1.28793076905476,5.14194492332388));
#5172=CARTESIAN_POINT('Ctrl Pts',(-0.644816785595502,1.28793076905476,5.13902850026608));
#5173=CARTESIAN_POINT('Ctrl Pts',(-0.644835791632032,1.28793076905476,5.13608153335058));
#5174=CARTESIAN_POINT('Ctrl Pts',(-0.644835791632032,1.28793076905476,5.13310598019474));
#5175=CARTESIAN_POINT('Ctrl Pts',(-0.644778047122891,1.28793076905476,5.14194492332388));
#5176=CARTESIAN_POINT('Ctrl Pts',(-0.644736153103312,1.28793076905476,5.13902277874254));
#5177=CARTESIAN_POINT('Ctrl Pts',(-0.644670467361617,1.28793076905476,5.13607633385543));
#5178=CARTESIAN_POINT('Ctrl Pts',(-0.64457774477466,1.28793076905476,5.13311405735166));
#5179=CARTESIAN_POINT('',(-0.620172283693647,1.28793076905476,5.02793239239566));
#5180=CARTESIAN_POINT('Ctrl Pts',(-0.64457774477466,1.28793076905476,5.13311405735166));
#5181=CARTESIAN_POINT('Ctrl Pts',(-0.643987058902901,1.28793076905476,5.11424298249881));
#5182=CARTESIAN_POINT('Ctrl Pts',(-0.642296597468094,1.28793076905476,5.09472949581572));
#5183=CARTESIAN_POINT('Ctrl Pts',(-0.635047602433284,1.28793076905476,5.05881803380182));
#5184=CARTESIAN_POINT('Ctrl Pts',(-0.629327205088473,1.28793076905476,5.04150680322563));
#5185=CARTESIAN_POINT('Ctrl Pts',(-0.620172283693647,1.28793076905476,5.02793239239566));
#5186=CARTESIAN_POINT('',(-0.537677667185163,1.28793076905476,4.99136255864013));
#5187=CARTESIAN_POINT('Ctrl Pts',(-0.620172283693647,1.28793076905476,5.02793239239566));
#5188=CARTESIAN_POINT('Ctrl Pts',(-0.614484725061417,1.28793076905476,5.01949905892565));
#5189=CARTESIAN_POINT('Ctrl Pts',(-0.607424690513634,1.28793076905476,5.01245085712254));
#5190=CARTESIAN_POINT('Ctrl Pts',(-0.590624101599753,1.28793076905476,5.00141147673412));
#5191=CARTESIAN_POINT('Ctrl Pts',(-0.581441859007747,1.28793076905476,4.99767469233172));
#5192=CARTESIAN_POINT('Ctrl Pts',(-0.560733966027616,1.28793076905476,4.99243316735641));
#5193=CARTESIAN_POINT('Ctrl Pts',(-0.549103477718473,1.28793076905476,4.99136255864014));
#5194=CARTESIAN_POINT('Ctrl Pts',(-0.537677667185163,1.28793076905476,4.99136255864013));
#5195=CARTESIAN_POINT('',(-0.45348193411479,1.28793076905476,5.02481402639256));
#5196=CARTESIAN_POINT('Ctrl Pts',(-0.537677667185163,1.28793076905476,4.99136255864013));
#5197=CARTESIAN_POINT('Ctrl Pts',(-0.519270867405224,1.28793076905476,4.99136255864012));
#5198=CARTESIAN_POINT('Ctrl Pts',(-0.501196509140202,1.28793076905476,4.99357994994627));
#5199=CARTESIAN_POINT('Ctrl Pts',(-0.479078954754613,1.28793076905476,5.00236738643873));
#5200=CARTESIAN_POINT('Ctrl Pts',(-0.472790444365654,1.28793076905476,5.00578479203249));
#5201=CARTESIAN_POINT('Ctrl Pts',(-0.461807925190425,1.28793076905476,5.01432941717964));
#5202=CARTESIAN_POINT('Ctrl Pts',(-0.457242118445618,1.28793076905476,5.01919756784968));
#5203=CARTESIAN_POINT('Ctrl Pts',(-0.45348193411479,1.28793076905476,5.02481402639256));
#5204=CARTESIAN_POINT('',(-0.431086680933332,1.28793076905476,5.13310598019466));
#5205=CARTESIAN_POINT('Ctrl Pts',(-0.45348193411479,1.28793076905476,5.02481402639256));
#5206=CARTESIAN_POINT('Ctrl Pts',(-0.448271794475601,1.28793076905476,5.0325963370775));
#5207=CARTESIAN_POINT('Ctrl Pts',(-0.444552130187191,1.28793076905476,5.04188986062909));
#5208=CARTESIAN_POINT('Ctrl Pts',(-0.435081234507186,1.28793076905476,5.07322712167325));
#5209=CARTESIAN_POINT('Ctrl Pts',(-0.432060192122513,1.28793076905476,5.10206103014414));
#5210=CARTESIAN_POINT('Ctrl Pts',(-0.431290769696969,1.28793076905476,5.13311103753553));
#5211=CARTESIAN_POINT('',(-0.431115166716263,1.28793076905476,5.14099848127426));
#5212=CARTESIAN_POINT('Ctrl Pts',(-0.431290769696969,1.28793076905476,5.13311103753553));
#5213=CARTESIAN_POINT('Ctrl Pts',(-0.43122598763733,1.28793076905476,5.13572531463979));
#5214=CARTESIAN_POINT('Ctrl Pts',(-0.431177234833208,1.28793076905476,5.13835530316379));
#5215=CARTESIAN_POINT('Ctrl Pts',(-0.431143652499194,1.28793076905476,5.14099848127426));
#5216=CARTESIAN_POINT('',(-0.431086680933332,1.28793076905476,3.8450576043313));
#5217=CARTESIAN_POINT('',(-0.431086680933332,1.28793076905476,5.1501152086626));
#5218=CARTESIAN_POINT('Ctrl Pts',(-0.431143652499194,1.28793076905476,5.14099848127426));
#5219=CARTESIAN_POINT('Ctrl Pts',(-0.431105245482991,1.28793076905476,5.14402139756327));
#5220=CARTESIAN_POINT('Ctrl Pts',(-0.431086680933332,1.28793076905476,5.14706156430859));
#5221=CARTESIAN_POINT('Ctrl Pts',(-0.431086680933332,1.28793076905476,5.1501152086626));
#5222=CARTESIAN_POINT('Ctrl Pts',(-0.431143652499188,1.28793076905476,5.14099848127426));
#5223=CARTESIAN_POINT('Ctrl Pts',(-0.431187766991295,1.28793076905476,5.14401132838409));
#5224=CARTESIAN_POINT('Ctrl Pts',(-0.431258611555507,1.28793076905476,5.14705049223341));
#5225=CARTESIAN_POINT('Ctrl Pts',(-0.431360051448108,1.28793076905476,5.15010613342309));
#5226=CARTESIAN_POINT('',(-0.455466470762586,1.28793076905476,5.25132002118931));
#5227=CARTESIAN_POINT('Ctrl Pts',(-0.431360051448108,1.28793076905476,5.15010613342309));
#5228=CARTESIAN_POINT('Ctrl Pts',(-0.431960382803773,1.28793076905476,5.16818972135678));
#5229=CARTESIAN_POINT('Ctrl Pts',(-0.433634758243935,1.28793076905476,5.1868503278117));
#5230=CARTESIAN_POINT('Ctrl Pts',(-0.440772260624908,1.28793076905476,5.22145903465343));
#5231=CARTESIAN_POINT('Ctrl Pts',(-0.446435124819314,1.28793076905476,5.23819302251327));
#5232=CARTESIAN_POINT('Ctrl Pts',(-0.455466470762586,1.28793076905476,5.25132002118931));
#5233=CARTESIAN_POINT('Ctrl Pts',(-0.455466470762586,1.28793076905476,5.25132002118931));
#5234=CARTESIAN_POINT('Ctrl Pts',(-0.461082134792669,1.28793076905476,5.25948234989989));
#5235=CARTESIAN_POINT('Ctrl Pts',(-0.46804422514453,1.28793076905476,5.26625682177599));
#5236=CARTESIAN_POINT('Ctrl Pts',(-0.484678624573504,1.28793076905476,5.27696703062099));
#5237=CARTESIAN_POINT('Ctrl Pts',(-0.493866913326257,1.28793076905476,5.28060495248005));
#5238=CARTESIAN_POINT('Ctrl Pts',(-0.514567021879179,1.28793076905476,5.28571574383183));
#5239=CARTESIAN_POINT('Ctrl Pts',(-0.526236876287699,1.28793076905476,5.28675587657798));
#5240=CARTESIAN_POINT('Ctrl Pts',(-0.537677667185163,1.28793076905476,5.28675587657798));
#5241=CARTESIAN_POINT('Origin',(2.06344040426026,1.28793076905476,2.54));
#5242=CARTESIAN_POINT('',(-2.01303200386416,1.28793076905476,6.48086731736833));
#5243=CARTESIAN_POINT('',(-2.01303200386416,1.28793076905476,2.66313268263167));
#5244=CARTESIAN_POINT('',(-2.01303200386416,1.28793076905476,2.54));
#5245=CARTESIAN_POINT('',(2.04332839782587,1.28793076905476,6.48086731736833));
#5246=CARTESIAN_POINT('',(-0.125779797869873,1.28793076905476,6.48086731736833));
#5247=CARTESIAN_POINT('',(2.04332839782587,1.28793076905476,2.66313268263167));
#5248=CARTESIAN_POINT('',(2.04332839782587,1.28793076905476,2.54));
#5249=CARTESIAN_POINT('',(-0.125779797869873,1.28793076905476,2.66313268263167));
#5250=CARTESIAN_POINT('',(-1.31327118639598,1.28793076905476,5.19660698059936));
#5251=CARTESIAN_POINT('',(-1.31327118639598,1.28793076905476,5.10929303053756));
#5252=CARTESIAN_POINT('',(-1.31327118639598,1.28793076905476,3.82464651526878));
#5253=CARTESIAN_POINT('',(-1.22142132286677,1.28793076905476,5.10929303053752));
#5254=CARTESIAN_POINT('',(0.421009540697239,1.28793076905476,5.10929303053689));
#5255=CARTESIAN_POINT('',(-1.22142132286677,1.28793076905476,4.91312013749019));
#5256=CARTESIAN_POINT('',(-1.22142132286677,1.28793076905476,3.72656006874509));
#5257=CARTESIAN_POINT('',(-1.11766513352046,1.28793076905476,4.91312013749015));
#5258=CARTESIAN_POINT('',(0.472887635370355,1.28793076905476,4.91312013748954));
#5259=CARTESIAN_POINT('',(-1.11766513352046,1.28793076905476,5.10929303053748));
#5260=CARTESIAN_POINT('',(-1.11766513352046,1.28793076905476,3.82464651526874));
#5261=CARTESIAN_POINT('',(-0.829075536772108,1.28793076905476,5.10929303053737));
#5262=CARTESIAN_POINT('',(0.617182433744574,1.28793076905476,5.10929303053681));
#5263=CARTESIAN_POINT('',(-0.829075536772108,1.28793076905476,5.19207121614337));
#5264=CARTESIAN_POINT('',(-0.829075536772108,1.28793076905476,3.86603560807169));
#5265=CARTESIAN_POINT('',(-1.0774099445785,1.28793076905476,5.71312011960874));
#5266=CARTESIAN_POINT('',(-0.17052355527834,1.28793076905476,3.81031429061985));
#5267=CARTESIAN_POINT('',(-1.22142132286677,1.28793076905476,5.7131201196088));
#5268=CARTESIAN_POINT('',(0.421009540697353,1.28793076905476,5.71312011960816));
#5269=CARTESIAN_POINT('',(-1.22142132286677,1.28793076905476,5.19660698059932));
#5270=CARTESIAN_POINT('',(-1.22142132286677,1.28793076905476,3.86830349029966));
#5271=CARTESIAN_POINT('',(0.375084608932653,1.28793076905476,5.1966069805987));
#5272=CARTESIAN_POINT('Ctrl Pts',(-0.739493629976606,1.28793076905476,5.51808120492813));
#5273=CARTESIAN_POINT('Ctrl Pts',(-0.739493629976606,1.28793076905476,5.51554668442238));
#5274=CARTESIAN_POINT('Ctrl Pts',(-0.739472980049417,1.28793076905476,5.51299952687071));
#5275=CARTESIAN_POINT('Ctrl Pts',(-0.73942981101352,1.28793076905476,5.51044270278816));
#5276=CARTESIAN_POINT('Ctrl Pts',(-0.739429811013531,1.28793076905476,5.51044270278816));
#5277=CARTESIAN_POINT('Ctrl Pts',(-0.739472737063528,1.28793076905476,5.50770015230573));
#5278=CARTESIAN_POINT('Ctrl Pts',(-0.739493629976606,1.28793076905476,5.50495399945539));
#5279=CARTESIAN_POINT('Ctrl Pts',(-0.739493629976606,1.28793076905476,5.50220595482704));
#5280=CARTESIAN_POINT('',(-0.74856545691142,1.28793076905476,3.83655299009739));
#5281=CARTESIAN_POINT('Ctrl Pts',(-0.748503810899459,1.28793076905476,5.12592477911035));
#5282=CARTESIAN_POINT('Ctrl Pts',(-0.748545672669152,1.28793076905476,5.12262942114656));
#5283=CARTESIAN_POINT('Ctrl Pts',(-0.748565456911421,1.28793076905476,5.11935142517321));
#5284=CARTESIAN_POINT('Ctrl Pts',(-0.748565456911421,1.28793076905476,5.11609675172684));
#5285=CARTESIAN_POINT('',(-0.327303818508482,1.28793076905476,3.82804837586334));
#5286=CARTESIAN_POINT('Ctrl Pts',(-0.327366443572384,1.28793076905476,5.12492422449902));
#5287=CARTESIAN_POINT('Ctrl Pts',(-0.327324365261843,1.28793076905476,5.12764771935366));
#5288=CARTESIAN_POINT('Ctrl Pts',(-0.327303818508482,1.28793076905476,5.13037542796866));
#5289=CARTESIAN_POINT('Ctrl Pts',(-0.327303818508482,1.28793076905476,5.13310598019462));
#5290=CARTESIAN_POINT('',(-0.339777282520628,1.28793076905476,4.02110297741344));
#5291=CARTESIAN_POINT('Ctrl Pts',(-0.339852704744214,1.28793076905476,5.51013506396457));
#5292=CARTESIAN_POINT('Ctrl Pts',(-0.339801755320589,1.28793076905476,5.5127898491789));
#5293=CARTESIAN_POINT('Ctrl Pts',(-0.339777282520628,1.28793076905476,5.51543953269768));
#5294=CARTESIAN_POINT('Ctrl Pts',(-0.339777282520628,1.28793076905476,5.51808120492797));
#5295=CARTESIAN_POINT('Origin',(2.06344040426026,1.28793076905476,2.54));
#5296=CARTESIAN_POINT('',(-1.11766513352046,1.28793076905476,5.6144134867562));
#5297=CARTESIAN_POINT('',(-1.11766513352046,1.28793076905476,5.19660698059928));
#5298=CARTESIAN_POINT('',(-1.11766513352046,1.28793076905476,3.86830349029964));
#5299=CARTESIAN_POINT('',(-0.92104043726573,1.28793076905476,5.1966069805992));
#5300=CARTESIAN_POINT('',(0.571199983497781,1.28793076905476,5.19660698059862));
#5301=CARTESIAN_POINT('',(-0.237012016207747,1.28793076905476,3.7431195491726));
#5302=CARTESIAN_POINT('Origin',(2.06344040426026,1.28793076905476,2.54));
#5303=CARTESIAN_POINT('Origin',(2.06344040426026,1.28793076905476,2.54));
#5304=CARTESIAN_POINT('Origin',(2.06344040426026,1.28793076905476,2.54));
#5305=CARTESIAN_POINT('Origin',(2.06344040426026,1.28793076905476,2.54));
#5306=CARTESIAN_POINT('Origin',(-2.01303200386416,1.26253076905476,2.54));
#5307=CARTESIAN_POINT('',(-2.03758788428002,1.26902451504623,2.6385768022158));
#5308=CARTESIAN_POINT('Origin',(-2.01303200386416,1.26253076905476,2.66313268263167));
#5309=CARTESIAN_POINT('',(-2.03758788428002,1.26902451504623,6.5054231977842));
#5310=CARTESIAN_POINT('',(-2.03758788428002,1.26902451504623,2.54));
#5311=CARTESIAN_POINT('Origin',(-2.01303200386416,1.26253076905476,6.48086731736833));
#5312=CARTESIAN_POINT('Origin',(-0.125779797869873,1.26253076905476,6.48086731736833));
#5313=CARTESIAN_POINT('',(-2.03867890924846,1.2648988410992,6.50615668736429));
#5314=CARTESIAN_POINT('',(2.06886575827523,1.2648988410992,6.50615668736429));
#5315=CARTESIAN_POINT('',(-0.125779797869873,1.2648988410992,6.50615668736429));
#5316=CARTESIAN_POINT('',(2.06805173879421,1.26835454887228,6.50559065833668));
#5317=CARTESIAN_POINT('Origin',(2.06942357650039,1.26253076905476,6.48086731736833));
#5318=CARTESIAN_POINT('Origin',(2.04332839782587,1.26253076905476,6.48086731736833));
#5319=CARTESIAN_POINT('Origin',(-2.03930514044382,1.26253076905476,6.48086731736833));
#5320=CARTESIAN_POINT('Origin',(2.04332839782587,1.26253076905476,2.54));
#5321=CARTESIAN_POINT('',(2.06805173879421,1.26835454887228,2.63840934166332));
#5322=CARTESIAN_POINT('',(2.06805173879421,1.26835454887228,2.54));
#5323=CARTESIAN_POINT('Origin',(2.04332839782587,1.26253076905476,2.66313268263167));
#5324=CARTESIAN_POINT('Origin',(-0.125779797869873,1.26253076905476,2.66313268263167));
#5325=CARTESIAN_POINT('',(2.06886575827523,1.2648988410992,2.63784331263571));
#5326=CARTESIAN_POINT('Origin',(2.06942357650039,1.26253076905476,2.66313268263167));
#5327=CARTESIAN_POINT('',(-2.03867890924846,1.2648988410992,2.63784331263571));
#5328=CARTESIAN_POINT('',(-0.125779797869873,1.2648988410992,2.63784331263571));
#5329=CARTESIAN_POINT('Origin',(-2.03930514044382,1.26253076905476,2.66313268263167));
#5330=CARTESIAN_POINT('Origin',(-2.03258816897345,1.28793076905476,2.54));
#5331=CARTESIAN_POINT('',(-2.315,0.22,2.54));
#5332=CARTESIAN_POINT('',(-2.04289040037251,1.24897323012663,2.63635205389179));
#5333=CARTESIAN_POINT('',(-2.315,0.22,6.604));
#5334=CARTESIAN_POINT('',(-2.315,0.22,2.54));
#5335=CARTESIAN_POINT('',(-2.12829535011436,0.92601730675983,6.53788922510541));
#5336=CARTESIAN_POINT('Origin',(-2.315,1.28793076905476,2.64));
#5337=CARTESIAN_POINT('',(2.315,0.220000000000001,2.54));
#5338=CARTESIAN_POINT('',(2.07507990729331,1.23851828932425,2.63537306338928));
#5339=CARTESIAN_POINT('',(-1.1575,0.219999999999998,2.54));
#5340=CARTESIAN_POINT('Origin',(2.06344040426026,1.28793076905476,2.54));
#5341=CARTESIAN_POINT('Origin',(-2.315,0.220000000000001,6.604));
#5342=CARTESIAN_POINT('',(2.315,0.220000000000001,6.604));
#5343=CARTESIAN_POINT('',(-1.1575,0.220000000000004,6.604));
#5344=CARTESIAN_POINT('',(2.15218730212363,0.911178919824924,6.5392786772464));
#5345=CARTESIAN_POINT('Origin',(-1.94289029309402E-15,-0.36306923094524,
6.604));
#5346=CARTESIAN_POINT('Origin',(-2.08166817117217E-15,0.302396656792051,
6.604));
#5347=CARTESIAN_POINT('Origin',(2.315,0.220000000000001,2.54));
#5348=CARTESIAN_POINT('',(2.315,0.220000000000001,2.54));
#5349=CARTESIAN_POINT('Origin',(-2.08166817117217E-15,0.302396656792051,
2.54));
#5350=CARTESIAN_POINT('Origin',(-2.08166817117217E-15,0.302396656792051,
2.54));
#5351=CARTESIAN_POINT('Origin',(-1.94289029309402E-15,-0.36306923094524,
2.54));
#5352=CARTESIAN_POINT('',(0.,0.,0.));
#5353=CARTESIAN_POINT('',(0.,0.,0.));
#5354=CARTESIAN_POINT('Origin',(0.,0.,0.));
#5355=UNCERTAINTY_MEASURE_WITH_UNIT(LENGTH_MEASURE(0.01),#5363,
'DISTANCE_ACCURACY_VALUE',
'Maximum model space distance between geometric entities at asserted c
onnectivities');
#5356=UNCERTAINTY_MEASURE_WITH_UNIT(LENGTH_MEASURE(0.01),#5363,
'DISTANCE_ACCURACY_VALUE',
'Maximum model space distance between geometric entities at asserted c
onnectivities');
#5357=UNCERTAINTY_MEASURE_WITH_UNIT(LENGTH_MEASURE(0.01),#5363,
'DISTANCE_ACCURACY_VALUE',
'Maximum model space distance between geometric entities at asserted c
onnectivities');
#5358=UNCERTAINTY_MEASURE_WITH_UNIT(LENGTH_MEASURE(0.01),#5363,
'DISTANCE_ACCURACY_VALUE',
'Maximum model space distance between geometric entities at asserted c
onnectivities');
#5359=(
GEOMETRIC_REPRESENTATION_CONTEXT(3)
GLOBAL_UNCERTAINTY_ASSIGNED_CONTEXT((#5355))
GLOBAL_UNIT_ASSIGNED_CONTEXT((#5363,#5365,#5366))
REPRESENTATION_CONTEXT('','3D')
);
#5360=(
GEOMETRIC_REPRESENTATION_CONTEXT(3)
GLOBAL_UNCERTAINTY_ASSIGNED_CONTEXT((#5356))
GLOBAL_UNIT_ASSIGNED_CONTEXT((#5363,#5365,#5366))
REPRESENTATION_CONTEXT('','3D')
);
#5361=(
GEOMETRIC_REPRESENTATION_CONTEXT(3)
GLOBAL_UNCERTAINTY_ASSIGNED_CONTEXT((#5357))
GLOBAL_UNIT_ASSIGNED_CONTEXT((#5363,#5365,#5366))
REPRESENTATION_CONTEXT('','3D')
);
#5362=(
GEOMETRIC_REPRESENTATION_CONTEXT(3)
GLOBAL_UNCERTAINTY_ASSIGNED_CONTEXT((#5358))
GLOBAL_UNIT_ASSIGNED_CONTEXT((#5363,#5365,#5366))
REPRESENTATION_CONTEXT('','3D')
);
#5363=(
LENGTH_UNIT()
NAMED_UNIT(*)
SI_UNIT(.MILLI.,.METRE.)
);
#5364=(
LENGTH_UNIT()
NAMED_UNIT(*)
SI_UNIT($,.METRE.)
);
#5365=(
NAMED_UNIT(*)
PLANE_ANGLE_UNIT()
SI_UNIT($,.RADIAN.)
);
#5366=(
NAMED_UNIT(*)
SI_UNIT($,.STERADIAN.)
SOLID_ANGLE_UNIT()
);
#5367=SHAPE_DEFINITION_REPRESENTATION(#5370,#5375);
#5368=SHAPE_DEFINITION_REPRESENTATION(#5371,#5376);
#5369=SHAPE_DEFINITION_REPRESENTATION(#5372,#5377);
#5370=PRODUCT_DEFINITION_SHAPE('',$,#5379);
#5371=PRODUCT_DEFINITION_SHAPE('',$,#5380);
#5372=PRODUCT_DEFINITION_SHAPE('',$,#5381);
#5373=PRODUCT_DEFINITION_SHAPE($,$,#20);
#5374=PRODUCT_DEFINITION_SHAPE($,$,#21);
#5375=SHAPE_REPRESENTATION('',(#2978,#3213,#3214),#5359);
#5376=SHAPE_REPRESENTATION('',(#2979),#5360);
#5377=SHAPE_REPRESENTATION('',(#3180),#5361);
#5378=PRODUCT_DEFINITION_CONTEXT('part definition',#5389,'design');
#5379=PRODUCT_DEFINITION('TR_TO92_ELINE','TR_TO92_ELINE v2',#5382,#5378);
#5380=PRODUCT_DEFINITION('Legs','Legs',#5383,#5378);
#5381=PRODUCT_DEFINITION('TO92','TO92',#5384,#5378);
#5382=PRODUCT_DEFINITION_FORMATION('',$,#5391);
#5383=PRODUCT_DEFINITION_FORMATION('',$,#5392);
#5384=PRODUCT_DEFINITION_FORMATION('',$,#5393);
#5385=PRODUCT_RELATED_PRODUCT_CATEGORY('TR_TO92_ELINE v2',
'TR_TO92_ELINE v2',(#5391));
#5386=PRODUCT_RELATED_PRODUCT_CATEGORY('Legs','Legs',(#5392));
#5387=PRODUCT_RELATED_PRODUCT_CATEGORY('TO92','TO92',(#5393));
#5388=APPLICATION_PROTOCOL_DEFINITION('international standard',
'automotive_design',2009,#5389);
#5389=APPLICATION_CONTEXT(
'Core Data for Automotive Mechanical Design Process');
#5390=PRODUCT_CONTEXT('part definition',#5389,'mechanical');
#5391=PRODUCT('TR_TO92_ELINE','TR_TO92_ELINE v2',$,(#5390));
#5392=PRODUCT('Legs','Legs',$,(#5390));
#5393=PRODUCT('TO92','TO92',$,(#5390));
#5394=PRESENTATION_STYLE_ASSIGNMENT((#5398));
#5395=PRESENTATION_STYLE_ASSIGNMENT((#5399));
#5396=PRESENTATION_STYLE_ASSIGNMENT((#5400));
#5397=PRESENTATION_STYLE_ASSIGNMENT((NULL_STYLE(.NULL.)));
#5398=SURFACE_STYLE_USAGE(.BOTH.,#5401);
#5399=SURFACE_STYLE_USAGE(.BOTH.,#5402);
#5400=SURFACE_STYLE_USAGE(.BOTH.,#5403);
#5401=SURFACE_SIDE_STYLE('',(#5404));
#5402=SURFACE_SIDE_STYLE('',(#5405));
#5403=SURFACE_SIDE_STYLE('',(#5406));
#5404=SURFACE_STYLE_FILL_AREA(#5407);
#5405=SURFACE_STYLE_FILL_AREA(#5408);
#5406=SURFACE_STYLE_FILL_AREA(#5409);
#5407=FILL_AREA_STYLE('Antharacite IC and Black',(#5410));
#5408=FILL_AREA_STYLE('Aluminum - Satin',(#5411));
#5409=FILL_AREA_STYLE('IC Writing',(#5412));
#5410=FILL_AREA_STYLE_COLOUR('Antharacite IC and Black',#5413);
#5411=FILL_AREA_STYLE_COLOUR('Aluminum - Satin',#5414);
#5412=FILL_AREA_STYLE_COLOUR('IC Writing',#5415);
#5413=COLOUR_RGB('Antharacite IC and Black',0.352941176470588,0.352941176470588,
0.352941176470588);
#5414=COLOUR_RGB('Aluminum - Satin',0.96078431372549,0.96078431372549,0.964705882352941);
#5415=COLOUR_RGB('IC Writing',0.713725490196078,0.690196078431373,0.63921568627451);
ENDSEC;
END-ISO-10303-21;
