ISO-10303-21;
HEADER;
/* Generated by software containing ST-Developer
 * from STEP Tools, Inc. (www.steptools.com) 
 */

FILE_DESCRIPTION(
/* description */ (''),
/* implementation_level */ '2;1');

FILE_NAME(
/* name */ 'CAP-TH_BD6.3-L12.0-P20.32-D0.6.step',
/* time_stamp */ '2026-09-27T19:35:26+02:00',
/* author */ (''),
/* organization */ (''),
/* preprocessor_version */ 'ST-DEVELOPER v20.2',
/* originating_system */ 'Autodesk Translation Framework v15.15.0.0',
/* authorisation */ '');

FILE_SCHEMA (('AUTOMOTIVE_DESIGN { 1 0 10303 214 3 1 1 }'));
ENDSEC;

DATA;
#10=MECHANICAL_DESIGN_GEOMETRIC_PRESENTATION_REPRESENTATION('',(#173,#174,
#175,#176,#177,#178,#179,#180,#181,#182,#183,#184,#185,#186,#187,#188,#189,
#190,#191,#192,#193,#194,#195,#196,#197,#198,#199,#200,#201,#202,#203,#204,
#205,#206,#207,#208,#209,#210,#211),#5387);
#11=ITEM_DEFINED_TRANSFORMATION($,$,#2614,#2987);
#12=ITEM_DEFINED_TRANSFORMATION($,$,#2613,#2988);
#13=(
REPRESENTATION_RELATIONSHIP($,$,#5402,#5401)
REPRESENTATION_RELATIONSHIP_WITH_TRANSFORMATION(#11)
SHAPE_REPRESENTATION_RELATIONSHIP()
);
#14=(
REPRESENTATION_RELATIONSHIP($,$,#5401,#5400)
REPRESENTATION_RELATIONSHIP_WITH_TRANSFORMATION(#12)
SHAPE_REPRESENTATION_RELATIONSHIP()
);
#15=CONTEXT_DEPENDENT_SHAPE_REPRESENTATION(#13,#5398);
#16=CONTEXT_DEPENDENT_SHAPE_REPRESENTATION(#14,#5399);
#17=NEXT_ASSEMBLY_USAGE_OCCURRENCE('Legs:1','Legs:1','Legs:1',#5405,#5406,
'Legs:1');
#18=NEXT_ASSEMBLY_USAGE_OCCURRENCE('Body:1','Body:1','Body:1',#5404,#5405,
'Body:1');
#19=FACE_BOUND('',#696,.T.);
#20=FACE_BOUND('',#698,.T.);
#21=FACE_BOUND('',#700,.T.);
#22=FACE_BOUND('',#703,.T.);
#23=FACE_BOUND('',#707,.T.);
#24=FACE_BOUND('',#708,.T.);
#25=FACE_BOUND('',#709,.T.);
#26=FACE_BOUND('',#710,.T.);
#27=FACE_BOUND('',#711,.T.);
#28=FACE_BOUND('',#712,.T.);
#29=FACE_BOUND('',#713,.T.);
#30=FACE_BOUND('',#814,.T.);
#31=ELLIPSE('',#2656,4.45477272147526,3.15);
#32=ELLIPSE('',#2663,4.45477272147526,3.15);
#33=ELLIPSE('',#2681,4.45477272147526,3.15);
#34=ELLIPSE('',#2686,4.45477272147525,3.15);
#35=ELLIPSE('',#2687,4.45477272147525,3.15);
#36=ELLIPSE('',#2688,4.45477272147525,3.15);
#37=ELLIPSE('',#2689,4.45477272147525,3.15);
#38=ELLIPSE('',#2693,4.45477272147525,3.15);
#39=ELLIPSE('',#2694,4.45477272147525,3.15);
#40=ELLIPSE('',#2695,4.45477272147525,3.15);
#41=ELLIPSE('',#2696,4.45477272147525,3.15);
#42=ELLIPSE('',#2700,4.45477272147525,3.15);
#43=ELLIPSE('',#2702,4.45477272147525,3.15);
#44=ELLIPSE('',#2703,4.45477272147525,3.15);
#45=ELLIPSE('',#2704,4.45477272147525,3.15);
#46=ELLIPSE('',#2708,4.45477272147526,3.15);
#47=ELLIPSE('',#2710,4.45477272147525,3.15);
#48=ELLIPSE('',#2711,4.45477272147525,3.15);
#49=ELLIPSE('',#2712,4.45477272147525,3.15);
#50=ELLIPSE('',#2713,4.45477272147525,3.15);
#51=ELLIPSE('',#2727,4.45477272147525,3.15);
#52=ELLIPSE('',#2728,4.45477272147525,3.15);
#53=ELLIPSE('',#2731,4.45477272147526,3.15);
#54=ELLIPSE('',#2732,4.45477272147525,3.15);
#55=ELLIPSE('',#2734,4.45477272147525,3.15);
#56=ELLIPSE('',#2735,4.45477272147526,3.15);
#57=ELLIPSE('',#2738,4.45477272147525,3.15);
#58=ELLIPSE('',#2739,4.45477272147525,3.15);
#59=ELLIPSE('',#2740,4.45477272147525,3.15);
#60=ELLIPSE('',#2741,4.45477272147525,3.15);
#61=ELLIPSE('',#2744,4.45477272147525,3.15);
#62=ELLIPSE('',#2745,4.45477272147525,3.15);
#63=ELLIPSE('',#2746,4.45477272147525,3.15);
#64=ELLIPSE('',#2747,4.45477272147525,3.15);
#65=ELLIPSE('',#2750,4.45477272147525,3.15);
#66=ELLIPSE('',#2751,4.45477272147525,3.15);
#67=ELLIPSE('',#2752,4.45477272147525,3.15);
#68=ELLIPSE('',#2753,4.45477272147525,3.15);
#69=ELLIPSE('',#2799,4.45477272147526,3.15);
#70=ELLIPSE('',#2814,4.45477272147526,3.15);
#71=ELLIPSE('',#2894,4.45477272147525,3.15);
#72=ELLIPSE('',#2895,4.45477272147525,3.15);
#73=ELLIPSE('',#2898,4.45477272147525,3.15);
#74=ELLIPSE('',#2900,4.45477272147525,3.15);
#75=ELLIPSE('',#2941,4.45477272147525,3.15);
#76=ELLIPSE('',#2942,4.45477272147525,3.15);
#77=ELLIPSE('',#2946,4.45477272147525,3.15);
#78=ELLIPSE('',#2947,4.45477272147525,3.15);
#79=B_SPLINE_CURVE_WITH_KNOTS('',3,(#3967,#3968,#3969,#3970,#3971,#3972,
#3973,#3974),.UNSPECIFIED.,.F.,.F.,(4,2,2,4),(0.228159602137638,0.247799400671632,
0.266879214461005,0.284280037006835),.UNSPECIFIED.);
#80=B_SPLINE_CURVE_WITH_KNOTS('',3,(#3978,#3979,#3980,#3981,#3982,#3983,
#3984,#3985,#3986,#3987),.UNSPECIFIED.,.F.,.F.,(4,2,2,2,4),(0.286965976913184,
0.30386058447012,0.32306631602664,0.346272369574095,0.347996970418419),
 .UNSPECIFIED.);
#81=B_SPLINE_CURVE_WITH_KNOTS('',3,(#3992,#3993,#3994,#3995,#3996,#3997,
#3998,#3999),.UNSPECIFIED.,.F.,.F.,(4,2,2,4),(0.0194966809264656,0.0368975034722954,
0.0559773172616681,0.0756171157956625),.UNSPECIFIED.);
#82=B_SPLINE_CURVE_WITH_KNOTS('',3,(#4003,#4004,#4005,#4006,#4007,#4008,
#4009,#4010,#4011,#4012),.UNSPECIFIED.,.F.,.F.,(4,2,2,2,4),(0.0267250550789506,
0.0284496559232753,0.0516557094707305,0.0708614410272497,0.0877560485841867),
 .UNSPECIFIED.);
#83=B_SPLINE_CURVE_WITH_KNOTS('',3,(#4017,#4018,#4019,#4020,#4021,#4022,
#4023,#4024),.UNSPECIFIED.,.F.,.F.,(4,2,2,4),(0.0194966809264656,0.0368975034722954,
0.055977317261668,0.0756171157956625),.UNSPECIFIED.);
#84=B_SPLINE_CURVE_WITH_KNOTS('',3,(#4028,#4029,#4030,#4031,#4032,#4033,
#4034,#4035,#4036,#4037),.UNSPECIFIED.,.F.,.F.,(4,2,2,2,4),(0.0267250550789586,
0.0284496559233159,0.0516557094706464,0.0708614410270461,0.0877560485840032),
 .UNSPECIFIED.);
#85=B_SPLINE_CURVE_WITH_KNOTS('',3,(#4042,#4043,#4044,#4045,#4046,#4047,
#4048,#4049),.UNSPECIFIED.,.F.,.F.,(4,2,2,4),(0.228159602137638,0.247799400671632,
0.266879214461005,0.284280037006835),.UNSPECIFIED.);
#86=B_SPLINE_CURVE_WITH_KNOTS('',3,(#4053,#4054,#4055,#4056,#4057,#4058,
#4059,#4060,#4061,#4062),.UNSPECIFIED.,.F.,.F.,(4,2,2,2,4),(0.286965976915228,
0.303860584472185,0.323066316028584,0.346272369575915,0.347996970420272),
 .UNSPECIFIED.);
#87=B_SPLINE_CURVE_WITH_KNOTS('',3,(#4067,#4068,#4069,#4070,#4071,#4072,
#4073,#4074),.UNSPECIFIED.,.F.,.F.,(4,2,2,4),(-0.0467561022929464,-0.0368931385241358,
-0.0182821441585451,0.),.UNSPECIFIED.);
#88=B_SPLINE_CURVE_WITH_KNOTS('',3,(#4078,#4079,#4080,#4081,#4082,#4083,
#4084,#4085),.UNSPECIFIED.,.F.,.F.,(4,2,2,4),(-0.0463229497220702,-0.0370122960474046,
-0.0184911656676417,0.),.UNSPECIFIED.);
#89=B_SPLINE_CURVE_WITH_KNOTS('',3,(#4100,#4101,#4102,#4103,#4104,#4105),
 .UNSPECIFIED.,.F.,.F.,(4,2,4),(0.263952920507027,0.266879214461005,0.284280037006835),
 .UNSPECIFIED.);
#90=B_SPLINE_CURVE_WITH_KNOTS('',3,(#4106,#4107,#4108,#4109,#4110,#4111,
#4112,#4113),.UNSPECIFIED.,.F.,.F.,(4,2,2,4),(0.308970046124209,0.309485138437458,
0.336452652624298,0.336930568271378),.UNSPECIFIED.);
#91=B_SPLINE_CURVE_WITH_KNOTS('',3,(#4117,#4118,#4119,#4120,#4121,#4122),
 .UNSPECIFIED.,.F.,.F.,(4,2,4),(0.0194966809264656,0.0368975034722954,0.0398237974262729),
 .UNSPECIFIED.);
#92=B_SPLINE_CURVE_WITH_KNOTS('',3,(#4125,#4126,#4127,#4128,#4129,#4130,
#4131,#4132),.UNSPECIFIED.,.F.,.F.,(4,2,2,4),(0.0277070262865242,0.0281849419336051,
0.0551524561204448,0.0556675484336937),.UNSPECIFIED.);
#93=B_SPLINE_CURVE_WITH_KNOTS('',3,(#4144,#4145,#4146,#4147,#4148,#4149,
#4150,#4151),.UNSPECIFIED.,.F.,.F.,(4,2,2,4),(-0.0467679124603476,-0.0372894024402213,
-0.0184754230093244,0.),.UNSPECIFIED.);
#94=B_SPLINE_CURVE_WITH_KNOTS('',3,(#4155,#4156,#4157,#4158,#4159,#4160,
#4161,#4162),.UNSPECIFIED.,.F.,.F.,(4,2,2,4),(0.,0.0181079803028415,0.0367919096809474,
0.0471339057764294),.UNSPECIFIED.);
#95=B_SPLINE_CURVE_WITH_KNOTS('',3,(#4166,#4167,#4168,#4169,#4170,#4171,
#4172,#4173),.UNSPECIFIED.,.F.,.F.,(4,2,2,4),(0.,0.0184754230093244,0.0372894024402213,
0.0467679124603474),.UNSPECIFIED.);
#96=B_SPLINE_CURVE_WITH_KNOTS('',3,(#4175,#4176,#4177,#4178,#4179,#4180,
#4181,#4182),.UNSPECIFIED.,.F.,.F.,(4,2,2,4),(0.,0.0282020954378614,0.052519447407047,
0.0562254629495424),.UNSPECIFIED.);
#97=B_SPLINE_CURVE_WITH_KNOTS('',3,(#4183,#4184,#4185,#4186,#4187,#4188,
#4189,#4190),.UNSPECIFIED.,.F.,.F.,(4,2,2,4),(-0.0562254629497086,-0.0525194474071742,
-0.0282020954378433,0.),.UNSPECIFIED.);
#98=B_SPLINE_CURVE_WITH_KNOTS('',3,(#4194,#4195,#4196,#4197,#4198,#4199,
#4200,#4201,#4202,#4203,#4204,#4205,#4206,#4207),.UNSPECIFIED.,.F.,.F.,
(4,2,2,2,2,2,4),(0.0831507788509227,0.0910387631074743,0.105995680325059,
0.120605450587029,0.135215220849,0.150172138066584,0.158060122323136),
 .UNSPECIFIED.);
#99=B_SPLINE_CURVE_WITH_KNOTS('',3,(#4209,#4210,#4211,#4212,#4213,#4214,
#4215,#4216,#4217,#4218,#4219,#4220,#4221,#4222),.UNSPECIFIED.,.F.,.F.,
(4,2,2,2,2,2,4),(0.0844707581136807,0.0927412083210465,0.107814918835359,
0.122272890413338,0.136730861991317,0.151804572505629,0.160075022712995),
 .UNSPECIFIED.);
#100=B_SPLINE_CURVE_WITH_KNOTS('',3,(#4225,#4226,#4227,#4228,#4229,#4230,
#4231,#4232,#4233,#4234,#4235,#4236,#4237,#4238),.UNSPECIFIED.,.F.,.F.,
(4,2,2,2,2,2,4),(0.0831507788509223,0.0910387631074744,0.105995680325059,
0.120605450587029,0.135215220849,0.150172138066584,0.158060122323136),
 .UNSPECIFIED.);
#101=B_SPLINE_CURVE_WITH_KNOTS('',3,(#4242,#4243,#4244,#4245,#4246,#4247,
#4248,#4249,#4250,#4251,#4252,#4253),.UNSPECIFIED.,.F.,.F.,(4,2,2,2,2,4),
(0.0816044064702213,0.0890526588049879,0.103875353604231,0.118666862347646,
0.13345837109106,0.138482578075708),.UNSPECIFIED.);
#102=B_SPLINE_CURVE_WITH_KNOTS('',3,(#4256,#4257,#4258,#4259,#4260,#4261,
#4262,#4263,#4264,#4265,#4266,#4267),.UNSPECIFIED.,.F.,.F.,(4,2,2,2,2,4),
(0.0988511466195831,0.103875353604231,0.118666862347646,0.13345837109106,
0.148281065890304,0.15572931822507),.UNSPECIFIED.);
#103=B_SPLINE_CURVE_WITH_KNOTS('',3,(#4270,#4271,#4272,#4273,#4274,#4275,
#4276,#4277),.UNSPECIFIED.,.F.,.F.,(4,2,2,4),(0.00190843492300781,0.0182821441585451,
0.0368931385241358,0.0467561022929464),.UNSPECIFIED.);
#104=B_SPLINE_CURVE_WITH_KNOTS('',3,(#4279,#4280,#4281,#4282),
 .UNSPECIFIED.,.F.,.F.,(4,4),(-0.0027538375385824,0.),.UNSPECIFIED.);
#105=B_SPLINE_CURVE_WITH_KNOTS('',3,(#4285,#4286,#4287,#4288,#4289,#4290,
#4291,#4292),.UNSPECIFIED.,.F.,.F.,(4,2,2,4),(0.,0.0184911656676418,0.0370122960474046,
0.0463229497220702),.UNSPECIFIED.);
#106=B_SPLINE_CURVE_WITH_KNOTS('',3,(#4296,#4297,#4298,#4299,#4300,#4301),
 .UNSPECIFIED.,.F.,.F.,(4,2,4),(0.263952920499149,0.266879214461005,0.284280037006835),
 .UNSPECIFIED.);
#107=B_SPLINE_CURVE_WITH_KNOTS('',3,(#4303,#4304,#4305,#4306,#4307,#4308,
#4309,#4310),.UNSPECIFIED.,.F.,.F.,(4,2,2,4),(0.308970046112854,0.309485138436822,
0.336452652623455,0.336930568270618),.UNSPECIFIED.);
#108=B_SPLINE_CURVE_WITH_KNOTS('',3,(#4314,#4315,#4316,#4317,#4318,#4319),
 .UNSPECIFIED.,.F.,.F.,(4,2,4),(0.0194966809264657,0.0368975034722954,0.0398237974341512),
 .UNSPECIFIED.);
#109=B_SPLINE_CURVE_WITH_KNOTS('',3,(#4320,#4321,#4322,#4323,#4324,#4325,
#4326,#4327),.UNSPECIFIED.,.F.,.F.,(4,2,2,4),(0.0277070262864292,0.028184941933592,
0.0551524561202254,0.0556675484441932),.UNSPECIFIED.);
#110=B_SPLINE_CURVE_WITH_KNOTS('',3,(#4436,#4437,#4438,#4439,#4440,#4441),
 .UNSPECIFIED.,.F.,.F.,(4,2,4),(0.266102176453071,0.282605786115682,0.299679001578614),
 .UNSPECIFIED.);
#111=B_SPLINE_CURVE_WITH_KNOTS('',3,(#4445,#4446,#4447,#4448,#4449,#4450),
 .UNSPECIFIED.,.F.,.F.,(4,2,4),(0.0195366091175475,0.0367999703506828,0.0524663087295427),
 .UNSPECIFIED.);
#112=B_SPLINE_CURVE_WITH_KNOTS('',3,(#4458,#4459,#4460,#4461,#4462,#4463),
 .UNSPECIFIED.,.F.,.F.,(4,2,4),(0.0195917855313573,0.0366650009942891,0.0531686106569003),
 .UNSPECIFIED.);
#113=B_SPLINE_CURVE_WITH_KNOTS('',3,(#4467,#4468,#4469,#4470,#4471,#4472),
 .UNSPECIFIED.,.F.,.F.,(4,2,4),(0.257546394643823,0.273212733022683,0.290476094255818),
 .UNSPECIFIED.);
#114=B_SPLINE_CURVE_WITH_KNOTS('',3,(#4594,#4595,#4596,#4597,#4598,#4599,
#4600,#4601),.UNSPECIFIED.,.F.,.F.,(4,2,2,4),(0.,0.0184471137432136,0.0375005402621394,
0.0471552349226116),.UNSPECIFIED.);
#115=B_SPLINE_CURVE_WITH_KNOTS('',3,(#4605,#4606,#4607,#4608,#4609,#4610,
#4611,#4612),.UNSPECIFIED.,.F.,.F.,(4,2,2,4),(-0.0463229497220702,-0.0370122960474046,
-0.0184911656676418,0.),.UNSPECIFIED.);
#116=B_SPLINE_CURVE_WITH_KNOTS('',3,(#4616,#4617,#4618,#4619),
 .UNSPECIFIED.,.F.,.F.,(4,4),(0.,0.00275383753858239),.UNSPECIFIED.);
#117=B_SPLINE_CURVE_WITH_KNOTS('',3,(#4620,#4621,#4622,#4623),
 .UNSPECIFIED.,.F.,.F.,(4,4),(-0.0019084349230079,0.),.UNSPECIFIED.);
#118=B_SPLINE_CURVE_WITH_KNOTS('',3,(#4625,#4626,#4627,#4628,#4629,#4630,
#4631,#4632),.UNSPECIFIED.,.F.,.F.,(4,2,2,4),(-0.0471552349226117,-0.0375005402621394,
-0.0184471137432137,0.),.UNSPECIFIED.);
#119=B_SPLINE_CURVE_WITH_KNOTS('',3,(#4633,#4634,#4635,#4636),
 .UNSPECIFIED.,.F.,.F.,(4,4),(0.,0.00190843492300786),.UNSPECIFIED.);
#120=B_SPLINE_CURVE_WITH_KNOTS('',3,(#4639,#4640,#4641,#4642,#4643,#4644,
#4645,#4646),.UNSPECIFIED.,.F.,.F.,(4,2,2,4),(0.,0.0178716770209283,0.0366512984232811,
0.0476720336079057),.UNSPECIFIED.);
#121=B_SPLINE_CURVE_WITH_KNOTS('',3,(#4650,#4651,#4652,#4653,#4654,#4655,
#4656,#4657),.UNSPECIFIED.,.F.,.F.,(4,2,2,4),(-0.0476720336079056,-0.0366512984232811,
-0.0178716770209283,0.),.UNSPECIFIED.);
#122=B_SPLINE_CURVE_WITH_KNOTS('',3,(#4661,#4662,#4663,#4664,#4665,#4666,
#4667,#4668,#4669,#4670,#4671,#4672,#4673,#4674),.UNSPECIFIED.,.F.,.F.,
(4,2,2,2,2,2,4),(0.0844707581136808,0.0927412083210466,0.107814918835359,
0.122272890413338,0.136730861991317,0.151804572505629,0.160075022712995),
 .UNSPECIFIED.);
#123=B_SPLINE_CURVE_WITH_KNOTS('',3,(#4678,#4679,#4680,#4681,#4682,#4683,
#4684,#4685,#4686,#4687,#4688,#4689,#4690,#4691),.UNSPECIFIED.,.F.,.F.,
(4,2,2,2,2,2,4),(0.0844707581136805,0.0927412083210464,0.107814918835359,
0.122272890413338,0.136730861991317,0.151804572505629,0.160075022712995),
 .UNSPECIFIED.);
#124=B_SPLINE_CURVE_WITH_KNOTS('',3,(#4695,#4696,#4697,#4698,#4699,#4700,
#4701,#4702,#4703,#4704,#4705,#4706),.UNSPECIFIED.,.F.,.F.,(4,2,2,2,2,4),
(0.0816044064702213,0.0890526588049879,0.103875353604231,0.118666862347646,
0.13345837109106,0.138482578075708),.UNSPECIFIED.);
#125=B_SPLINE_CURVE_WITH_KNOTS('',3,(#4709,#4710,#4711,#4712,#4713,#4714,
#4715,#4716,#4717,#4718,#4719,#4720),.UNSPECIFIED.,.F.,.F.,(4,2,2,2,2,4),
(0.0988511466195832,0.103875353604231,0.118666862347646,0.13345837109106,
0.148281065890304,0.15572931822507),.UNSPECIFIED.);
#126=B_SPLINE_CURVE_WITH_KNOTS('',3,(#4725,#4726,#4727,#4728,#4729,#4730,
#4731,#4732,#4733,#4734,#4735,#4736,#4737,#4738),.UNSPECIFIED.,.F.,.F.,
(4,2,2,2,2,2,4),(0.0844707581136809,0.0927412083210467,0.107814918835359,
0.122272890413338,0.136730861991317,0.15180457250563,0.160075022712995),
 .UNSPECIFIED.);
#127=B_SPLINE_CURVE_WITH_KNOTS('',3,(#4742,#4743,#4744,#4745,#4746,#4747,
#4748,#4749,#4750,#4751,#4752,#4753,#4754,#4755),.UNSPECIFIED.,.F.,.F.,
(4,2,2,2,2,2,4),(0.0863072730059529,0.0951215976488138,0.110361841453511,
0.12461330466852,0.13886476788353,0.154105011688227,0.162919336331088),
 .UNSPECIFIED.);
#128=B_SPLINE_CURVE_WITH_KNOTS('',3,(#4759,#4760,#4761,#4762,#4763,#4764,
#4765,#4766,#4767,#4768,#4769,#4770,#4771,#4772),.UNSPECIFIED.,.F.,.F.,
(4,2,2,2,2,2,4),(0.0863072730059526,0.0951215976488138,0.110361841453511,
0.124613304668521,0.13886476788353,0.154105011688227,0.162919336331088),
 .UNSPECIFIED.);
#129=B_SPLINE_CURVE_WITH_KNOTS('',3,(#4776,#4777,#4778,#4779,#4780,#4781,
#4782,#4783),.UNSPECIFIED.,.F.,.F.,(4,2,2,4),(-0.0471339057764294,-0.0367919096809474,
-0.0181079803028415,0.),.UNSPECIFIED.);
#130=B_SPLINE_CURVE_WITH_KNOTS('',3,(#4787,#4788,#4789,#4790,#4791,#4792,
#4793,#4794),.UNSPECIFIED.,.F.,.F.,(4,2,2,4),(0.,0.0282020954378433,0.0525194474071742,
0.0562254629497089),.UNSPECIFIED.);
#131=B_SPLINE_CURVE_WITH_KNOTS('',3,(#4796,#4797,#4798,#4799,#4800,#4801,
#4802,#4803),.UNSPECIFIED.,.F.,.F.,(4,2,2,4),(-0.056225462949542,-0.052519447407047,
-0.0282020954378615,0.),.UNSPECIFIED.);
#132=B_SPLINE_CURVE_WITH_KNOTS('',3,(#4806,#4807,#4808,#4809,#4810,#4811,
#4812,#4813),.UNSPECIFIED.,.F.,.F.,(4,2,2,4),(0.,0.0184471137432136,0.0375005402621392,
0.0471552349226116),.UNSPECIFIED.);
#133=B_SPLINE_CURVE_WITH_KNOTS('',3,(#4816,#4817,#4818,#4819,#4820,#4821,
#4822,#4823),.UNSPECIFIED.,.F.,.F.,(4,2,2,4),(-0.0471552349226119,-0.0375005402621393,
-0.0184471137432136,0.),.UNSPECIFIED.);
#134=B_SPLINE_CURVE_WITH_KNOTS('',3,(#4827,#4828,#4829,#4830,#4831,#4832,
#4833,#4834),.UNSPECIFIED.,.F.,.F.,(4,2,2,4),(-0.0477070657128491,-0.0378014671674097,
-0.0184079738782046,0.),.UNSPECIFIED.);
#135=B_SPLINE_CURVE_WITH_KNOTS('',3,(#4838,#4839,#4840,#4841,#4842,#4843,
#4844,#4845),.UNSPECIFIED.,.F.,.F.,(4,2,2,4),(0.,0.0184079738782046,0.0378014671674097,
0.047707065712849),.UNSPECIFIED.);
#136=B_SPLINE_CURVE_WITH_KNOTS('',3,(#4850,#4851,#4852,#4853,#4854,#4855),
 .UNSPECIFIED.,.F.,.F.,(4,2,4),(0.0195917855313573,0.0366650009942891,0.056163328664184),
 .UNSPECIFIED.);
#137=B_SPLINE_CURVE_WITH_KNOTS('',3,(#4859,#4860,#4861,#4862,#4863,#4864),
 .UNSPECIFIED.,.F.,.F.,(4,2,4),(0.254669718552561,0.273212733022683,0.290476094255819),
 .UNSPECIFIED.);
#138=B_SPLINE_CURVE_WITH_KNOTS('',3,(#4869,#4870,#4871,#4872,#4873,#4874),
 .UNSPECIFIED.,.F.,.F.,(4,2,4),(0.263107458445787,0.282605786115682,0.299679001578614),
 .UNSPECIFIED.);
#139=B_SPLINE_CURVE_WITH_KNOTS('',3,(#4878,#4879,#4880,#4881,#4882,#4883),
 .UNSPECIFIED.,.F.,.F.,(4,2,4),(0.0195366091175475,0.0367999703506828,0.0553429848208049),
 .UNSPECIFIED.);
#140=B_SPLINE_CURVE_WITH_KNOTS('',3,(#4899,#4900,#4901,#4902,#4903,#4904),
 .UNSPECIFIED.,.F.,.F.,(4,2,4),(0.263107458445787,0.282605786115682,0.299679001578614),
 .UNSPECIFIED.);
#141=B_SPLINE_CURVE_WITH_KNOTS('',3,(#4908,#4909,#4910,#4911,#4912,#4913),
 .UNSPECIFIED.,.F.,.F.,(4,2,4),(0.0195366091175475,0.0367999703506827,0.055342984820805),
 .UNSPECIFIED.);
#142=B_SPLINE_CURVE_WITH_KNOTS('',3,(#4917,#4918,#4919,#4920,#4921,#4922),
 .UNSPECIFIED.,.F.,.F.,(4,2,4),(0.039823797426273,0.0559773172616679,0.0756171157956625),
 .UNSPECIFIED.);
#143=B_SPLINE_CURVE_WITH_KNOTS('',3,(#4925,#4926,#4927,#4928,#4929,#4930),
 .UNSPECIFIED.,.F.,.F.,(4,2,4),(0.228159602137637,0.247799400671632,0.263952920507027),
 .UNSPECIFIED.);
#144=B_SPLINE_CURVE_WITH_KNOTS('',3,(#4935,#4936,#4937,#4938,#4939,#4940),
 .UNSPECIFIED.,.F.,.F.,(4,2,4),(0.0195917855313573,0.0366650009942891,0.0561633286641837),
 .UNSPECIFIED.);
#145=B_SPLINE_CURVE_WITH_KNOTS('',3,(#4944,#4945,#4946,#4947,#4948,#4949),
 .UNSPECIFIED.,.F.,.F.,(4,2,4),(0.254669718552561,0.273212733022683,0.290476094255818),
 .UNSPECIFIED.);
#146=B_SPLINE_CURVE_WITH_KNOTS('',3,(#4970,#4971,#4972,#4973,#4974,#4975,
#4976,#4977),.UNSPECIFIED.,.F.,.F.,(4,2,2,4),(0.,0.0178716770209283,0.0366512984232811,
0.0476720336079056),.UNSPECIFIED.);
#147=B_SPLINE_CURVE_WITH_KNOTS('',3,(#4981,#4982,#4983,#4984,#4985,#4986,
#4987,#4988),.UNSPECIFIED.,.F.,.F.,(4,2,2,4),(-0.0476720336079057,-0.0366512984232811,
-0.0178716770209283,0.),.UNSPECIFIED.);
#148=B_SPLINE_CURVE_WITH_KNOTS('',3,(#4994,#4995,#4996,#4997,#4998,#4999,
#5000,#5001,#5002,#5003,#5004,#5005,#5006,#5007),.UNSPECIFIED.,.F.,.F.,
(4,2,2,2,2,2,4),(0.0863072730059527,0.0951215976488138,0.110361841453511,
0.12461330466852,0.13886476788353,0.154105011688227,0.162919336331088),
 .UNSPECIFIED.);
#149=B_SPLINE_CURVE_WITH_KNOTS('',3,(#5011,#5012,#5013,#5014,#5015,#5016,
#5017,#5018,#5019,#5020,#5021,#5022,#5023,#5024),.UNSPECIFIED.,.F.,.F.,
(4,2,2,2,2,2,4),(0.0863072730059528,0.0951215976488138,0.110361841453511,
0.124613304668521,0.13886476788353,0.154105011688227,0.162919336331088),
 .UNSPECIFIED.);
#150=B_SPLINE_CURVE_WITH_KNOTS('',3,(#5027,#5028,#5029,#5030,#5031,#5032,
#5033,#5034),.UNSPECIFIED.,.F.,.F.,(4,2,2,4),(-0.0471339057764294,-0.0367919096809474,
-0.0181079803028414,0.),.UNSPECIFIED.);
#151=B_SPLINE_CURVE_WITH_KNOTS('',3,(#5039,#5040,#5041,#5042,#5043,#5044,
#5045,#5046),.UNSPECIFIED.,.F.,.F.,(4,2,2,4),(0.,0.0184911656676417,0.0370122960474046,
0.0463229497220702),.UNSPECIFIED.);
#152=B_SPLINE_CURVE_WITH_KNOTS('',3,(#5048,#5049,#5050,#5051,#5052,#5053,
#5054,#5055),.UNSPECIFIED.,.F.,.F.,(4,2,2,4),(0.,0.0181079803028414,0.0367919096809474,
0.0471339057764293),.UNSPECIFIED.);
#153=B_SPLINE_CURVE_WITH_KNOTS('',3,(#5058,#5059,#5060,#5061,#5062,#5063,
#5064,#5065),.UNSPECIFIED.,.F.,.F.,(4,2,2,4),(-0.0477070657128491,-0.0378014671674099,
-0.0184079738782046,0.),.UNSPECIFIED.);
#154=B_SPLINE_CURVE_WITH_KNOTS('',3,(#5069,#5070,#5071,#5072,#5073,#5074,
#5075,#5076),.UNSPECIFIED.,.F.,.F.,(4,2,2,4),(0.,0.0184079738782046,0.0378014671674099,
0.0477070657128491),.UNSPECIFIED.);
#155=B_SPLINE_CURVE_WITH_KNOTS('',3,(#5081,#5082,#5083,#5084,#5085,#5086),
 .UNSPECIFIED.,.F.,.F.,(4,2,4),(0.0195917855313573,0.0366650009942891,0.0531686106569005),
 .UNSPECIFIED.);
#156=B_SPLINE_CURVE_WITH_KNOTS('',3,(#5089,#5090,#5091,#5092,#5093,#5094),
 .UNSPECIFIED.,.F.,.F.,(4,2,4),(0.257546394643824,0.273212733022683,0.290476094255819),
 .UNSPECIFIED.);
#157=B_SPLINE_CURVE_WITH_KNOTS('',3,(#5099,#5100,#5101,#5102,#5103,#5104),
 .UNSPECIFIED.,.F.,.F.,(4,2,4),(0.266102176453071,0.282605786115682,0.299679001578614),
 .UNSPECIFIED.);
#158=B_SPLINE_CURVE_WITH_KNOTS('',3,(#5107,#5108,#5109,#5110,#5111,#5112),
 .UNSPECIFIED.,.F.,.F.,(4,2,4),(0.0195366091175475,0.0367999703506827,0.0524663087295425),
 .UNSPECIFIED.);
#159=B_SPLINE_CURVE_WITH_KNOTS('',3,(#5141,#5142,#5143,#5144,#5145,#5146),
 .UNSPECIFIED.,.F.,.F.,(4,2,4),(0.315300841771221,0.335052574492959,0.336421356465255),
 .UNSPECIFIED.);
#160=B_SPLINE_CURVE_WITH_KNOTS('',3,(#5147,#5148,#5149,#5150,#5151,#5152),
 .UNSPECIFIED.,.F.,.F.,(4,2,4),(0.0268280588750556,0.0281968408473066,0.0479485735691805),
 .UNSPECIFIED.);
#161=B_SPLINE_CURVE_WITH_KNOTS('',3,(#5157,#5158,#5159,#5160,#5161,#5162),
 .UNSPECIFIED.,.F.,.F.,(4,2,4),(0.026828058875026,0.0281968408473223,0.0479485735690598),
 .UNSPECIFIED.);
#162=B_SPLINE_CURVE_WITH_KNOTS('',3,(#5163,#5164,#5165,#5166,#5167,#5168),
 .UNSPECIFIED.,.F.,.F.,(4,2,4),(0.315300841770451,0.335052574492325,0.336421356464576),
 .UNSPECIFIED.);
#163=B_SPLINE_CURVE_WITH_KNOTS('',3,(#5238,#5239,#5240,#5241,#5242,#5243,
#5244,#5245,#5246,#5247),.UNSPECIFIED.,.F.,.F.,(4,2,2,2,4),(0.268952580652978,
0.286404797121836,0.307851632745949,0.333125596886835,0.334227296859934),
 .UNSPECIFIED.);
#164=B_SPLINE_CURVE_WITH_KNOTS('',3,(#5252,#5253,#5254,#5255,#5256,#5257,
#5258,#5259,#5260,#5261),.UNSPECIFIED.,.F.,.F.,(4,2,2,2,4),(0.0270423259689119,
0.028144025942066,0.0534179900827892,0.0748648257067048,0.092317042175463),
 .UNSPECIFIED.);
#165=B_SPLINE_CURVE_WITH_KNOTS('',3,(#5266,#5267,#5268,#5269,#5270,#5271),
 .UNSPECIFIED.,.F.,.F.,(4,2,4),(0.228159602137638,0.247799400671632,0.263952920499149),
 .UNSPECIFIED.);
#166=B_SPLINE_CURVE_WITH_KNOTS('',3,(#5276,#5277,#5278,#5279,#5280,#5281),
 .UNSPECIFIED.,.F.,.F.,(4,2,4),(0.0398237974341512,0.0559773172616679,0.0756171157956625),
 .UNSPECIFIED.);
#167=B_SPLINE_CURVE_WITH_KNOTS('',3,(#5285,#5286,#5287,#5288,#5289,#5290,
#5291,#5292,#5293,#5294),.UNSPECIFIED.,.F.,.F.,(4,2,2,2,4),(0.268952580653536,
0.286404797122294,0.30785163274621,0.333125596886933,0.334227296860087),
 .UNSPECIFIED.);
#168=B_SPLINE_CURVE_WITH_KNOTS('',3,(#5303,#5304,#5305,#5306,#5307,#5308,
#5309,#5310,#5311,#5312),.UNSPECIFIED.,.F.,.F.,(4,2,2,2,4),(0.0270423259689628,
0.0281440259420615,0.0534179900829483,0.0748648257070607,0.0923170421759187),
 .UNSPECIFIED.);
#169=SHAPE_REPRESENTATION_RELATIONSHIP('SRR','None',#5402,#171);
#170=SHAPE_REPRESENTATION_RELATIONSHIP('SRR','None',#5401,#172);
#171=ADVANCED_BREP_SHAPE_REPRESENTATION('',(#212),#5386);
#172=ADVANCED_BREP_SHAPE_REPRESENTATION('',(#213,#214),#5385);
#173=STYLED_ITEM('',(#5423),#212);
#174=STYLED_ITEM('',(#5421),#2457);
#175=STYLED_ITEM('',(#5421),#2459);
#176=STYLED_ITEM('',(#5421),#2461);
#177=STYLED_ITEM('',(#5421),#2462);
#178=STYLED_ITEM('',(#5421),#2463);
#179=STYLED_ITEM('',(#5421),#2465);
#180=STYLED_ITEM('',(#5421),#2467);
#181=STYLED_ITEM('',(#5421),#2469);
#182=STYLED_ITEM('',(#5421),#2470);
#183=STYLED_ITEM('',(#5421),#2472);
#184=STYLED_ITEM('',(#5421),#2473);
#185=STYLED_ITEM('',(#5421),#2475);
#186=STYLED_ITEM('',(#5421),#2476);
#187=STYLED_ITEM('',(#5421),#2477);
#188=STYLED_ITEM('',(#5421),#2478);
#189=STYLED_ITEM('',(#5421),#2479);
#190=STYLED_ITEM('',(#5421),#2480);
#191=STYLED_ITEM('',(#5421),#2484);
#192=STYLED_ITEM('',(#5421),#2488);
#193=STYLED_ITEM('',(#5421),#2492);
#194=STYLED_ITEM('',(#5421),#2496);
#195=STYLED_ITEM('',(#5421),#2498);
#196=STYLED_ITEM('',(#5421),#2502);
#197=STYLED_ITEM('',(#5421),#2504);
#198=STYLED_ITEM('',(#5421),#2508);
#199=STYLED_ITEM('',(#5421),#2511);
#200=STYLED_ITEM('',(#5421),#2514);
#201=STYLED_ITEM('',(#5421),#2518);
#202=STYLED_ITEM('',(#5421),#2520);
#203=STYLED_ITEM('',(#5421),#2523);
#204=STYLED_ITEM('',(#5421),#2529);
#205=STYLED_ITEM('',(#5421),#2553);
#206=STYLED_ITEM('',(#5421),#2571);
#207=STYLED_ITEM('',(#5421),#2576);
#208=STYLED_ITEM('',(#5422),#2578);
#209=STYLED_ITEM('',(#5422),#2591);
#210=STYLED_ITEM('',(#5420),#213);
#211=STYLED_ITEM('',(#5422),#214);
#212=MANIFOLD_SOLID_BREP('Pins',#2597);
#213=MANIFOLD_SOLID_BREP('Main Part',#2598);
#214=MANIFOLD_SOLID_BREP('Right Body Minus',#2599);
#215=TOROIDAL_SURFACE('',#2629,0.899999999999992,0.3);
#216=TOROIDAL_SURFACE('',#2636,0.9,0.3);
#217=TOROIDAL_SURFACE('',#2638,2.69174243050442,0.5);
#218=TOROIDAL_SURFACE('',#2641,2.69174243050442,0.5);
#219=TOROIDAL_SURFACE('',#2644,2.69174243050442,0.5);
#220=TOROIDAL_SURFACE('',#2647,2.69174243050442,0.5);
#221=TOROIDAL_SURFACE('',#2650,2.65,0.5);
#222=TOROIDAL_SURFACE('',#2658,2.69174243050442,0.5);
#223=TOROIDAL_SURFACE('',#2659,2.69174243050442,0.5);
#224=TOROIDAL_SURFACE('',#2665,2.65,0.5);
#225=TOROIDAL_SURFACE('',#2668,2.65,0.5);
#226=TOROIDAL_SURFACE('',#2670,3.15,0.4);
#227=TOROIDAL_SURFACE('',#2672,3.15,0.4);
#228=TOROIDAL_SURFACE('',#2675,2.65,0.5);
#229=TOROIDAL_SURFACE('',#2677,2.69174243050442,0.5);
#230=TOROIDAL_SURFACE('',#2679,2.69174243050442,0.5);
#231=TOROIDAL_SURFACE('',#2716,2.69174243050442,0.5);
#232=TOROIDAL_SURFACE('',#2719,2.69174243050442,0.5);
#233=TOROIDAL_SURFACE('',#2763,2.65,0.5);
#234=TOROIDAL_SURFACE('',#2766,2.65,0.5);
#235=TOROIDAL_SURFACE('',#2767,2.65,0.5);
#236=TOROIDAL_SURFACE('',#2769,2.65,0.5);
#237=TOROIDAL_SURFACE('',#2771,3.15,0.4);
#238=TOROIDAL_SURFACE('',#2775,3.15,0.4);
#239=TOROIDAL_SURFACE('',#2778,3.15,0.4);
#240=TOROIDAL_SURFACE('',#2780,3.15,0.4);
#241=TOROIDAL_SURFACE('',#2782,2.65,0.5);
#242=TOROIDAL_SURFACE('',#2785,2.65,0.5);
#243=TOROIDAL_SURFACE('',#2787,2.65,0.5);
#244=TOROIDAL_SURFACE('',#2789,2.65,0.5);
#245=TOROIDAL_SURFACE('',#2791,2.69174243050442,0.5);
#246=TOROIDAL_SURFACE('',#2794,2.69174243050442,0.5);
#247=TOROIDAL_SURFACE('',#2804,2.69174243050442,0.5);
#248=TOROIDAL_SURFACE('',#2807,2.69174243050442,0.5);
#249=TOROIDAL_SURFACE('',#2821,2.65,0.5);
#250=TOROIDAL_SURFACE('',#2824,2.65,0.5);
#251=TOROIDAL_SURFACE('',#2826,2.65,0.5);
#252=TOROIDAL_SURFACE('',#2828,3.15,0.4);
#253=TOROIDAL_SURFACE('',#2830,3.15,0.4);
#254=TOROIDAL_SURFACE('',#2832,3.15,0.4);
#255=TOROIDAL_SURFACE('',#2834,2.65,0.5);
#256=TOROIDAL_SURFACE('',#2837,2.65,0.5);
#257=TOROIDAL_SURFACE('',#2838,2.65,0.5);
#258=TOROIDAL_SURFACE('',#2840,2.65,0.5);
#259=TOROIDAL_SURFACE('',#2842,2.69174243050442,0.5);
#260=TOROIDAL_SURFACE('',#2845,2.69174243050442,0.5);
#261=TOROIDAL_SURFACE('',#2861,2.69174243050442,0.5);
#262=TOROIDAL_SURFACE('',#2864,2.69174243050442,0.5);
#263=TOROIDAL_SURFACE('',#2865,2.69174243050442,0.5);
#264=TOROIDAL_SURFACE('',#2866,2.69174243050442,0.5);
#265=TOROIDAL_SURFACE('',#2867,2.69174243050442,0.5);
#266=TOROIDAL_SURFACE('',#2889,2.65,0.5);
#267=TOROIDAL_SURFACE('',#2891,2.65,0.5);
#268=TOROIDAL_SURFACE('',#2907,3.15,0.4);
#269=TOROIDAL_SURFACE('',#2910,3.15,0.4);
#270=TOROIDAL_SURFACE('',#2912,2.65,0.5);
#271=TOROIDAL_SURFACE('',#2913,2.65,0.5);
#272=TOROIDAL_SURFACE('',#2914,2.65,0.5);
#273=TOROIDAL_SURFACE('',#2917,2.65,0.5);
#274=TOROIDAL_SURFACE('',#2919,2.65,0.5);
#275=TOROIDAL_SURFACE('',#2921,2.69174243050442,0.5);
#276=TOROIDAL_SURFACE('',#2924,2.69174243050442,0.5);
#277=TOROIDAL_SURFACE('',#2927,2.69174243050442,0.5);
#278=TOROIDAL_SURFACE('',#2930,2.69174243050442,0.5);
#279=TOROIDAL_SURFACE('',#2933,2.69174243050442,0.5);
#280=TOROIDAL_SURFACE('',#2936,2.69174243050442,0.5);
#281=TOROIDAL_SURFACE('',#2939,2.69174243050442,0.5);
#282=TOROIDAL_SURFACE('',#2951,2.15,0.2);
#283=TOROIDAL_SURFACE('',#2957,2.69174243050442,0.5);
#284=TOROIDAL_SURFACE('',#2961,2.15,0.2);
#285=TOROIDAL_SURFACE('',#2968,2.69174243050442,0.5);
#286=TOROIDAL_SURFACE('',#2971,2.65,0.5);
#287=TOROIDAL_SURFACE('',#2972,3.15,0.4);
#288=TOROIDAL_SURFACE('',#2973,2.65,0.5);
#289=TOROIDAL_SURFACE('',#2978,0.4,0.2);
#290=(
BOUNDED_SURFACE()
B_SPLINE_SURFACE(2,2,((#3911,#3912,#3913,#3914,#3915,#3916,#3917,#3918,
#3919),(#3920,#3921,#3922,#3923,#3924,#3925,#3926,#3927,#3928),(#3929,#3930,
#3931,#3932,#3933,#3934,#3935,#3936,#3937)),.UNSPECIFIED.,.F.,.T.,.F.)
B_SPLINE_SURFACE_WITH_KNOTS((3,3),(3,2,2,2,3),(-1.5707963267949,0.),(-3.14159265358979,
-1.5707963267949,0.,1.5707963267949,3.14159265358979),.UNSPECIFIED.)
GEOMETRIC_REPRESENTATION_ITEM()
RATIONAL_B_SPLINE_SURFACE(((1.,0.707106781186548,1.,0.707106781186548,1.,
0.707106781186548,1.,0.707106781186548,1.),(0.707106781186551,0.500000000000002,
0.707106781186551,0.500000000000002,0.707106781186551,0.500000000000002,
0.707106781186551,0.500000000000002,0.707106781186551),(1.,0.707106781186548,
1.,0.707106781186548,1.,0.707106781186548,1.,0.707106781186548,1.)))
REPRESENTATION_ITEM('')
SURFACE()
);
#291=PLANE('',#2621);
#292=PLANE('',#2628);
#293=PLANE('',#2852);
#294=PLANE('',#2855);
#295=PLANE('',#2858);
#296=PLANE('',#2949);
#297=PLANE('',#2960);
#298=PLANE('',#2970);
#299=PLANE('',#2976);
#300=PLANE('',#2985);
#301=PLANE('',#2986);
#302=LINE('',#3906,#380);
#303=LINE('',#3947,#381);
#304=LINE('',#3958,#382);
#305=LINE('',#4092,#383);
#306=LINE('',#4136,#384);
#307=LINE('',#4330,#385);
#308=LINE('',#4336,#386);
#309=LINE('',#4339,#387);
#310=LINE('',#4341,#388);
#311=LINE('',#4343,#389);
#312=LINE('',#4345,#390);
#313=LINE('',#4347,#391);
#314=LINE('',#4349,#392);
#315=LINE('',#4351,#393);
#316=LINE('',#4353,#394);
#317=LINE('',#4354,#395);
#318=LINE('',#4358,#396);
#319=LINE('',#4367,#397);
#320=LINE('',#4371,#398);
#321=LINE('',#4376,#399);
#322=LINE('',#4385,#400);
#323=LINE('',#4389,#401);
#324=LINE('',#4394,#402);
#325=LINE('',#4405,#403);
#326=LINE('',#4409,#404);
#327=LINE('',#4413,#405);
#328=LINE('',#4418,#406);
#329=LINE('',#4427,#407);
#330=LINE('',#4431,#408);
#331=LINE('',#4476,#409);
#332=LINE('',#4480,#410);
#333=LINE('',#4486,#411);
#334=LINE('',#4490,#412);
#335=LINE('',#4495,#413);
#336=LINE('',#4503,#414);
#337=LINE('',#4507,#415);
#338=LINE('',#4511,#416);
#339=LINE('',#4515,#417);
#340=LINE('',#4521,#418);
#341=LINE('',#4527,#419);
#342=LINE('',#4531,#420);
#343=LINE('',#4539,#421);
#344=LINE('',#4544,#422);
#345=LINE('',#4547,#423);
#346=LINE('',#4551,#424);
#347=LINE('',#4559,#425);
#348=LINE('',#4564,#426);
#349=LINE('',#4567,#427);
#350=LINE('',#4571,#428);
#351=LINE('',#4575,#429);
#352=LINE('',#4578,#430);
#353=LINE('',#4579,#431);
#354=LINE('',#4580,#432);
#355=LINE('',#4581,#433);
#356=LINE('',#4582,#434);
#357=LINE('',#4585,#435);
#358=LINE('',#4589,#436);
#359=LINE('',#4886,#437);
#360=LINE('',#4891,#438);
#361=LINE('',#4893,#439);
#362=LINE('',#4895,#440);
#363=LINE('',#4952,#441);
#364=LINE('',#4955,#442);
#365=LINE('',#4958,#443);
#366=LINE('',#4962,#444);
#367=LINE('',#5117,#445);
#368=LINE('',#5119,#446);
#369=LINE('',#5122,#447);
#370=LINE('',#5125,#448);
#371=LINE('',#5129,#449);
#372=LINE('',#5135,#450);
#373=LINE('',#5201,#451);
#374=LINE('',#5204,#452);
#375=LINE('',#5209,#453);
#376=LINE('',#5212,#454);
#377=LINE('',#5338,#455);
#378=LINE('',#5352,#456);
#379=LINE('',#5374,#457);
#380=VECTOR('',#3003,0.299999999999999);
#381=VECTOR('',#3020,0.3);
#382=VECTOR('',#3035,0.299999999999999);
#383=VECTOR('',#3078,10.);
#384=VECTOR('',#3093,10.);
#385=VECTOR('',#3132,10.);
#386=VECTOR('',#3139,10.);
#387=VECTOR('',#3142,10.);
#388=VECTOR('',#3143,10.);
#389=VECTOR('',#3144,10.);
#390=VECTOR('',#3145,10.);
#391=VECTOR('',#3146,10.);
#392=VECTOR('',#3147,10.);
#393=VECTOR('',#3148,10.);
#394=VECTOR('',#3149,10.);
#395=VECTOR('',#3150,10.);
#396=VECTOR('',#3153,10.);
#397=VECTOR('',#3162,10.);
#398=VECTOR('',#3165,10.);
#399=VECTOR('',#3170,10.);
#400=VECTOR('',#3179,10.);
#401=VECTOR('',#3182,10.);
#402=VECTOR('',#3187,10.);
#403=VECTOR('',#3198,10.);
#404=VECTOR('',#3201,10.);
#405=VECTOR('',#3206,10.);
#406=VECTOR('',#3211,10.);
#407=VECTOR('',#3220,10.);
#408=VECTOR('',#3223,10.);
#409=VECTOR('',#3246,10.);
#410=VECTOR('',#3249,10.);
#411=VECTOR('',#3254,10.);
#412=VECTOR('',#3257,10.);
#413=VECTOR('',#3262,10.);
#414=VECTOR('',#3269,10.);
#415=VECTOR('',#3272,10.);
#416=VECTOR('',#3275,10.);
#417=VECTOR('',#3278,10.);
#418=VECTOR('',#3283,10.);
#419=VECTOR('',#3288,10.);
#420=VECTOR('',#3291,10.);
#421=VECTOR('',#3298,10.);
#422=VECTOR('',#3303,10.);
#423=VECTOR('',#3304,10.);
#424=VECTOR('',#3307,10.);
#425=VECTOR('',#3314,10.);
#426=VECTOR('',#3319,10.);
#427=VECTOR('',#3320,10.);
#428=VECTOR('',#3323,10.);
#429=VECTOR('',#3328,10.);
#430=VECTOR('',#3331,10.);
#431=VECTOR('',#3332,10.);
#432=VECTOR('',#3333,10.);
#433=VECTOR('',#3334,10.);
#434=VECTOR('',#3335,10.);
#435=VECTOR('',#3338,10.);
#436=VECTOR('',#3343,10.);
#437=VECTOR('',#3418,10.);
#438=VECTOR('',#3427,10.);
#439=VECTOR('',#3430,10.);
#440=VECTOR('',#3433,10.);
#441=VECTOR('',#3454,10.);
#442=VECTOR('',#3459,10.);
#443=VECTOR('',#3462,10.);
#444=VECTOR('',#3467,10.);
#445=VECTOR('',#3532,10.);
#446=VECTOR('',#3535,10.);
#447=VECTOR('',#3538,10.);
#448=VECTOR('',#3541,10.);
#449=VECTOR('',#3546,10.);
#450=VECTOR('',#3553,10.);
#451=VECTOR('',#3628,10.);
#452=VECTOR('',#3631,10.);
#453=VECTOR('',#3636,10.);
#454=VECTOR('',#3639,10.);
#455=VECTOR('',#3754,1.95);
#456=VECTOR('',#3775,1.95);
#457=VECTOR('',#3810,0.6);
#458=CYLINDRICAL_SURFACE('',#2618,0.299999999999999);
#459=CYLINDRICAL_SURFACE('',#2625,0.3);
#460=CYLINDRICAL_SURFACE('',#2633,0.299999999999999);
#461=CYLINDRICAL_SURFACE('',#2654,3.15);
#462=CYLINDRICAL_SURFACE('',#2661,3.15);
#463=CYLINDRICAL_SURFACE('',#2680,3.15);
#464=CYLINDRICAL_SURFACE('',#2682,3.15);
#465=CYLINDRICAL_SURFACE('',#2685,3.15);
#466=CYLINDRICAL_SURFACE('',#2692,3.15);
#467=CYLINDRICAL_SURFACE('',#2699,3.15);
#468=CYLINDRICAL_SURFACE('',#2707,3.15);
#469=CYLINDRICAL_SURFACE('',#2709,3.15);
#470=CYLINDRICAL_SURFACE('',#2725,3.15);
#471=CYLINDRICAL_SURFACE('',#2756,3.15);
#472=CYLINDRICAL_SURFACE('',#2758,3.15);
#473=CYLINDRICAL_SURFACE('',#2760,3.15);
#474=CYLINDRICAL_SURFACE('',#2797,3.15);
#475=CYLINDRICAL_SURFACE('',#2800,3.15);
#476=CYLINDRICAL_SURFACE('',#2802,3.15);
#477=CYLINDRICAL_SURFACE('',#2803,3.15);
#478=CYLINDRICAL_SURFACE('',#2813,3.15);
#479=CYLINDRICAL_SURFACE('',#2815,3.15);
#480=CYLINDRICAL_SURFACE('',#2816,3.15);
#481=CYLINDRICAL_SURFACE('',#2818,3.15);
#482=CYLINDRICAL_SURFACE('',#2848,3.15);
#483=CYLINDRICAL_SURFACE('',#2850,3.15);
#484=CYLINDRICAL_SURFACE('',#2851,3.15);
#485=CYLINDRICAL_SURFACE('',#2869,3.15);
#486=CYLINDRICAL_SURFACE('',#2870,3.15);
#487=CYLINDRICAL_SURFACE('',#2871,3.15);
#488=CYLINDRICAL_SURFACE('',#2873,3.15);
#489=CYLINDRICAL_SURFACE('',#2875,3.15);
#490=CYLINDRICAL_SURFACE('',#2876,3.15);
#491=CYLINDRICAL_SURFACE('',#2877,3.15);
#492=CYLINDRICAL_SURFACE('',#2878,3.15);
#493=CYLINDRICAL_SURFACE('',#2879,3.15);
#494=CYLINDRICAL_SURFACE('',#2880,3.15);
#495=CYLINDRICAL_SURFACE('',#2881,3.15);
#496=CYLINDRICAL_SURFACE('',#2882,3.15);
#497=CYLINDRICAL_SURFACE('',#2883,3.15);
#498=CYLINDRICAL_SURFACE('',#2884,3.15);
#499=CYLINDRICAL_SURFACE('',#2885,3.15);
#500=CYLINDRICAL_SURFACE('',#2886,3.15);
#501=CYLINDRICAL_SURFACE('',#2887,3.15);
#502=CYLINDRICAL_SURFACE('',#2888,3.15);
#503=CYLINDRICAL_SURFACE('',#2893,3.15);
#504=CYLINDRICAL_SURFACE('',#2897,3.15);
#505=CYLINDRICAL_SURFACE('',#2901,3.15);
#506=CYLINDRICAL_SURFACE('',#2902,3.15);
#507=CYLINDRICAL_SURFACE('',#2903,3.15);
#508=CYLINDRICAL_SURFACE('',#2905,3.15);
#509=CYLINDRICAL_SURFACE('',#2940,3.15);
#510=CYLINDRICAL_SURFACE('',#2943,3.15);
#511=CYLINDRICAL_SURFACE('',#2944,3.15);
#512=CYLINDRICAL_SURFACE('',#2945,3.15);
#513=CYLINDRICAL_SURFACE('',#2948,3.15);
#514=CYLINDRICAL_SURFACE('',#2956,1.95);
#515=CYLINDRICAL_SURFACE('',#2966,1.95);
#516=CYLINDRICAL_SURFACE('',#2975,3.15);
#517=CYLINDRICAL_SURFACE('',#2977,3.15);
#518=CYLINDRICAL_SURFACE('',#2983,0.6);
#519=FACE_OUTER_BOUND('',#668,.T.);
#520=FACE_OUTER_BOUND('',#669,.T.);
#521=FACE_OUTER_BOUND('',#670,.T.);
#522=FACE_OUTER_BOUND('',#671,.T.);
#523=FACE_OUTER_BOUND('',#672,.T.);
#524=FACE_OUTER_BOUND('',#673,.T.);
#525=FACE_OUTER_BOUND('',#674,.T.);
#526=FACE_OUTER_BOUND('',#675,.T.);
#527=FACE_OUTER_BOUND('',#676,.T.);
#528=FACE_OUTER_BOUND('',#677,.T.);
#529=FACE_OUTER_BOUND('',#678,.T.);
#530=FACE_OUTER_BOUND('',#679,.T.);
#531=FACE_OUTER_BOUND('',#680,.T.);
#532=FACE_OUTER_BOUND('',#681,.T.);
#533=FACE_OUTER_BOUND('',#682,.T.);
#534=FACE_OUTER_BOUND('',#683,.T.);
#535=FACE_OUTER_BOUND('',#684,.T.);
#536=FACE_OUTER_BOUND('',#685,.T.);
#537=FACE_OUTER_BOUND('',#686,.T.);
#538=FACE_OUTER_BOUND('',#687,.T.);
#539=FACE_OUTER_BOUND('',#688,.T.);
#540=FACE_OUTER_BOUND('',#689,.T.);
#541=FACE_OUTER_BOUND('',#690,.T.);
#542=FACE_OUTER_BOUND('',#691,.T.);
#543=FACE_OUTER_BOUND('',#692,.T.);
#544=FACE_OUTER_BOUND('',#693,.T.);
#545=FACE_OUTER_BOUND('',#694,.T.);
#546=FACE_OUTER_BOUND('',#695,.T.);
#547=FACE_OUTER_BOUND('',#697,.T.);
#548=FACE_OUTER_BOUND('',#699,.T.);
#549=FACE_OUTER_BOUND('',#701,.T.);
#550=FACE_OUTER_BOUND('',#702,.T.);
#551=FACE_OUTER_BOUND('',#704,.T.);
#552=FACE_OUTER_BOUND('',#705,.T.);
#553=FACE_OUTER_BOUND('',#706,.T.);
#554=FACE_OUTER_BOUND('',#714,.T.);
#555=FACE_OUTER_BOUND('',#715,.T.);
#556=FACE_OUTER_BOUND('',#716,.T.);
#557=FACE_OUTER_BOUND('',#717,.T.);
#558=FACE_OUTER_BOUND('',#718,.T.);
#559=FACE_OUTER_BOUND('',#719,.T.);
#560=FACE_OUTER_BOUND('',#720,.T.);
#561=FACE_OUTER_BOUND('',#721,.T.);
#562=FACE_OUTER_BOUND('',#722,.T.);
#563=FACE_OUTER_BOUND('',#723,.T.);
#564=FACE_OUTER_BOUND('',#724,.T.);
#565=FACE_OUTER_BOUND('',#725,.T.);
#566=FACE_OUTER_BOUND('',#726,.T.);
#567=FACE_OUTER_BOUND('',#727,.T.);
#568=FACE_OUTER_BOUND('',#728,.T.);
#569=FACE_OUTER_BOUND('',#729,.T.);
#570=FACE_OUTER_BOUND('',#730,.T.);
#571=FACE_OUTER_BOUND('',#731,.T.);
#572=FACE_OUTER_BOUND('',#732,.T.);
#573=FACE_OUTER_BOUND('',#733,.T.);
#574=FACE_OUTER_BOUND('',#734,.T.);
#575=FACE_OUTER_BOUND('',#735,.T.);
#576=FACE_OUTER_BOUND('',#736,.T.);
#577=FACE_OUTER_BOUND('',#737,.T.);
#578=FACE_OUTER_BOUND('',#738,.T.);
#579=FACE_OUTER_BOUND('',#739,.T.);
#580=FACE_OUTER_BOUND('',#740,.T.);
#581=FACE_OUTER_BOUND('',#741,.T.);
#582=FACE_OUTER_BOUND('',#742,.T.);
#583=FACE_OUTER_BOUND('',#743,.T.);
#584=FACE_OUTER_BOUND('',#744,.T.);
#585=FACE_OUTER_BOUND('',#745,.T.);
#586=FACE_OUTER_BOUND('',#746,.T.);
#587=FACE_OUTER_BOUND('',#747,.T.);
#588=FACE_OUTER_BOUND('',#748,.T.);
#589=FACE_OUTER_BOUND('',#749,.T.);
#590=FACE_OUTER_BOUND('',#750,.T.);
#591=FACE_OUTER_BOUND('',#751,.T.);
#592=FACE_OUTER_BOUND('',#752,.T.);
#593=FACE_OUTER_BOUND('',#753,.T.);
#594=FACE_OUTER_BOUND('',#754,.T.);
#595=FACE_OUTER_BOUND('',#755,.T.);
#596=FACE_OUTER_BOUND('',#756,.T.);
#597=FACE_OUTER_BOUND('',#757,.T.);
#598=FACE_OUTER_BOUND('',#758,.T.);
#599=FACE_OUTER_BOUND('',#759,.T.);
#600=FACE_OUTER_BOUND('',#760,.T.);
#601=FACE_OUTER_BOUND('',#761,.T.);
#602=FACE_OUTER_BOUND('',#762,.T.);
#603=FACE_OUTER_BOUND('',#763,.T.);
#604=FACE_OUTER_BOUND('',#764,.T.);
#605=FACE_OUTER_BOUND('',#765,.T.);
#606=FACE_OUTER_BOUND('',#766,.T.);
#607=FACE_OUTER_BOUND('',#767,.T.);
#608=FACE_OUTER_BOUND('',#768,.T.);
#609=FACE_OUTER_BOUND('',#769,.T.);
#610=FACE_OUTER_BOUND('',#770,.T.);
#611=FACE_OUTER_BOUND('',#771,.T.);
#612=FACE_OUTER_BOUND('',#772,.T.);
#613=FACE_OUTER_BOUND('',#773,.T.);
#614=FACE_OUTER_BOUND('',#774,.T.);
#615=FACE_OUTER_BOUND('',#775,.T.);
#616=FACE_OUTER_BOUND('',#776,.T.);
#617=FACE_OUTER_BOUND('',#777,.T.);
#618=FACE_OUTER_BOUND('',#778,.T.);
#619=FACE_OUTER_BOUND('',#779,.T.);
#620=FACE_OUTER_BOUND('',#780,.T.);
#621=FACE_OUTER_BOUND('',#781,.T.);
#622=FACE_OUTER_BOUND('',#782,.T.);
#623=FACE_OUTER_BOUND('',#783,.T.);
#624=FACE_OUTER_BOUND('',#784,.T.);
#625=FACE_OUTER_BOUND('',#785,.T.);
#626=FACE_OUTER_BOUND('',#786,.T.);
#627=FACE_OUTER_BOUND('',#787,.T.);
#628=FACE_OUTER_BOUND('',#788,.T.);
#629=FACE_OUTER_BOUND('',#789,.T.);
#630=FACE_OUTER_BOUND('',#790,.T.);
#631=FACE_OUTER_BOUND('',#791,.T.);
#632=FACE_OUTER_BOUND('',#792,.T.);
#633=FACE_OUTER_BOUND('',#793,.T.);
#634=FACE_OUTER_BOUND('',#794,.T.);
#635=FACE_OUTER_BOUND('',#795,.T.);
#636=FACE_OUTER_BOUND('',#796,.T.);
#637=FACE_OUTER_BOUND('',#797,.T.);
#638=FACE_OUTER_BOUND('',#798,.T.);
#639=FACE_OUTER_BOUND('',#799,.T.);
#640=FACE_OUTER_BOUND('',#800,.T.);
#641=FACE_OUTER_BOUND('',#801,.T.);
#642=FACE_OUTER_BOUND('',#802,.T.);
#643=FACE_OUTER_BOUND('',#803,.T.);
#644=FACE_OUTER_BOUND('',#804,.T.);
#645=FACE_OUTER_BOUND('',#805,.T.);
#646=FACE_OUTER_BOUND('',#806,.T.);
#647=FACE_OUTER_BOUND('',#807,.T.);
#648=FACE_OUTER_BOUND('',#808,.T.);
#649=FACE_OUTER_BOUND('',#809,.T.);
#650=FACE_OUTER_BOUND('',#810,.T.);
#651=FACE_OUTER_BOUND('',#811,.T.);
#652=FACE_OUTER_BOUND('',#812,.T.);
#653=FACE_OUTER_BOUND('',#813,.T.);
#654=FACE_OUTER_BOUND('',#815,.T.);
#655=FACE_OUTER_BOUND('',#816,.T.);
#656=FACE_OUTER_BOUND('',#817,.T.);
#657=FACE_OUTER_BOUND('',#818,.T.);
#658=FACE_OUTER_BOUND('',#819,.T.);
#659=FACE_OUTER_BOUND('',#820,.T.);
#660=FACE_OUTER_BOUND('',#821,.T.);
#661=FACE_OUTER_BOUND('',#822,.T.);
#662=FACE_OUTER_BOUND('',#823,.T.);
#663=FACE_OUTER_BOUND('',#824,.T.);
#664=FACE_OUTER_BOUND('',#825,.T.);
#665=FACE_OUTER_BOUND('',#826,.T.);
#666=FACE_OUTER_BOUND('',#827,.T.);
#667=FACE_OUTER_BOUND('',#828,.T.);
#668=EDGE_LOOP('',(#1661,#1662,#1663,#1664));
#669=EDGE_LOOP('',(#1665,#1666,#1667,#1668,#1669));
#670=EDGE_LOOP('',(#1670));
#671=EDGE_LOOP('',(#1671,#1672,#1673,#1674));
#672=EDGE_LOOP('',(#1675,#1676,#1677,#1678,#1679));
#673=EDGE_LOOP('',(#1680));
#674=EDGE_LOOP('',(#1681,#1682,#1683,#1684,#1685,#1686));
#675=EDGE_LOOP('',(#1687,#1688,#1689,#1690,#1691,#1692));
#676=EDGE_LOOP('',(#1693,#1694,#1695,#1696,#1697,#1698));
#677=EDGE_LOOP('',(#1699,#1700,#1701,#1702));
#678=EDGE_LOOP('',(#1703,#1704,#1705,#1706));
#679=EDGE_LOOP('',(#1707,#1708,#1709,#1710));
#680=EDGE_LOOP('',(#1711,#1712,#1713,#1714));
#681=EDGE_LOOP('',(#1715,#1716,#1717,#1718,#1719));
#682=EDGE_LOOP('',(#1720,#1721,#1722,#1723));
#683=EDGE_LOOP('',(#1724,#1725,#1726));
#684=EDGE_LOOP('',(#1727,#1728,#1729));
#685=EDGE_LOOP('',(#1730,#1731,#1732,#1733));
#686=EDGE_LOOP('',(#1734,#1735,#1736,#1737));
#687=EDGE_LOOP('',(#1738,#1739,#1740,#1741,#1742,#1743,#1744));
#688=EDGE_LOOP('',(#1745,#1746,#1747,#1748));
#689=EDGE_LOOP('',(#1749,#1750,#1751,#1752,#1753,#1754,#1755,#1756));
#690=EDGE_LOOP('',(#1757,#1758,#1759,#1760,#1761));
#691=EDGE_LOOP('',(#1762,#1763,#1764));
#692=EDGE_LOOP('',(#1765,#1766,#1767));
#693=EDGE_LOOP('',(#1768,#1769,#1770));
#694=EDGE_LOOP('',(#1771,#1772,#1773,#1774,#1775,#1776,#1777,#1778,#1779,
#1780,#1781,#1782,#1783));
#695=EDGE_LOOP('',(#1784,#1785,#1786,#1787,#1788,#1789));
#696=EDGE_LOOP('',(#1790,#1791,#1792,#1793));
#697=EDGE_LOOP('',(#1794,#1795,#1796,#1797,#1798,#1799));
#698=EDGE_LOOP('',(#1800,#1801,#1802,#1803));
#699=EDGE_LOOP('',(#1804,#1805,#1806,#1807,#1808,#1809,#1810));
#700=EDGE_LOOP('',(#1811,#1812,#1813,#1814));
#701=EDGE_LOOP('',(#1815,#1816,#1817));
#702=EDGE_LOOP('',(#1818,#1819,#1820,#1821,#1822,#1823));
#703=EDGE_LOOP('',(#1824,#1825,#1826,#1827));
#704=EDGE_LOOP('',(#1828,#1829,#1830,#1831));
#705=EDGE_LOOP('',(#1832,#1833,#1834,#1835,#1836,#1837,#1838,#1839,#1840,
#1841,#1842,#1843));
#706=EDGE_LOOP('',(#1844,#1845,#1846,#1847,#1848,#1849,#1850,#1851,#1852,
#1853,#1854,#1855,#1856,#1857,#1858,#1859,#1860,#1861,#1862));
#707=EDGE_LOOP('',(#1863,#1864,#1865,#1866));
#708=EDGE_LOOP('',(#1867,#1868,#1869,#1870,#1871,#1872));
#709=EDGE_LOOP('',(#1873,#1874,#1875,#1876));
#710=EDGE_LOOP('',(#1877,#1878,#1879,#1880,#1881,#1882));
#711=EDGE_LOOP('',(#1883,#1884,#1885,#1886));
#712=EDGE_LOOP('',(#1887,#1888,#1889,#1890,#1891,#1892));
#713=EDGE_LOOP('',(#1893,#1894,#1895,#1896));
#714=EDGE_LOOP('',(#1897,#1898,#1899,#1900,#1901,#1902,#1903,#1904,#1905,
#1906,#1907,#1908,#1909));
#715=EDGE_LOOP('',(#1910,#1911,#1912,#1913));
#716=EDGE_LOOP('',(#1914,#1915,#1916,#1917));
#717=EDGE_LOOP('',(#1918,#1919,#1920,#1921,#1922,#1923,#1924));
#718=EDGE_LOOP('',(#1925,#1926,#1927,#1928,#1929));
#719=EDGE_LOOP('',(#1930,#1931,#1932,#1933));
#720=EDGE_LOOP('',(#1934,#1935,#1936,#1937));
#721=EDGE_LOOP('',(#1938,#1939,#1940,#1941,#1942,#1943,#1944,#1945));
#722=EDGE_LOOP('',(#1946,#1947,#1948,#1949));
#723=EDGE_LOOP('',(#1950,#1951,#1952,#1953));
#724=EDGE_LOOP('',(#1954,#1955,#1956,#1957));
#725=EDGE_LOOP('',(#1958,#1959,#1960,#1961,#1962,#1963,#1964));
#726=EDGE_LOOP('',(#1965,#1966,#1967,#1968));
#727=EDGE_LOOP('',(#1969,#1970,#1971,#1972));
#728=EDGE_LOOP('',(#1973,#1974,#1975,#1976));
#729=EDGE_LOOP('',(#1977,#1978,#1979,#1980));
#730=EDGE_LOOP('',(#1981,#1982,#1983,#1984));
#731=EDGE_LOOP('',(#1985,#1986,#1987,#1988,#1989));
#732=EDGE_LOOP('',(#1990,#1991,#1992,#1993));
#733=EDGE_LOOP('',(#1994,#1995,#1996,#1997));
#734=EDGE_LOOP('',(#1998,#1999,#2000,#2001));
#735=EDGE_LOOP('',(#2002,#2003,#2004,#2005));
#736=EDGE_LOOP('',(#2006,#2007,#2008,#2009,#2010,#2011,#2012,#2013,#2014,
#2015,#2016,#2017,#2018,#2019));
#737=EDGE_LOOP('',(#2020,#2021,#2022,#2023,#2024));
#738=EDGE_LOOP('',(#2025,#2026,#2027,#2028));
#739=EDGE_LOOP('',(#2029,#2030,#2031,#2032));
#740=EDGE_LOOP('',(#2033,#2034,#2035,#2036));
#741=EDGE_LOOP('',(#2037,#2038,#2039,#2040));
#742=EDGE_LOOP('',(#2041,#2042,#2043,#2044));
#743=EDGE_LOOP('',(#2045,#2046,#2047,#2048));
#744=EDGE_LOOP('',(#2049,#2050,#2051,#2052));
#745=EDGE_LOOP('',(#2053,#2054,#2055,#2056));
#746=EDGE_LOOP('',(#2057,#2058,#2059,#2060));
#747=EDGE_LOOP('',(#2061,#2062,#2063,#2064,#2065,#2066));
#748=EDGE_LOOP('',(#2067,#2068,#2069,#2070));
#749=EDGE_LOOP('',(#2071,#2072,#2073,#2074));
#750=EDGE_LOOP('',(#2075,#2076,#2077,#2078));
#751=EDGE_LOOP('',(#2079,#2080,#2081,#2082));
#752=EDGE_LOOP('',(#2083,#2084,#2085,#2086));
#753=EDGE_LOOP('',(#2087,#2088,#2089,#2090));
#754=EDGE_LOOP('',(#2091,#2092,#2093,#2094));
#755=EDGE_LOOP('',(#2095,#2096,#2097,#2098));
#756=EDGE_LOOP('',(#2099,#2100,#2101,#2102));
#757=EDGE_LOOP('',(#2103,#2104,#2105,#2106,#2107,#2108,#2109));
#758=EDGE_LOOP('',(#2110,#2111,#2112,#2113,#2114,#2115));
#759=EDGE_LOOP('',(#2116,#2117,#2118,#2119,#2120,#2121,#2122));
#760=EDGE_LOOP('',(#2123,#2124,#2125));
#761=EDGE_LOOP('',(#2126,#2127,#2128));
#762=EDGE_LOOP('',(#2129,#2130,#2131,#2132));
#763=EDGE_LOOP('',(#2133,#2134,#2135,#2136,#2137,#2138,#2139,#2140,#2141,
#2142,#2143,#2144));
#764=EDGE_LOOP('',(#2145,#2146,#2147,#2148));
#765=EDGE_LOOP('',(#2149,#2150,#2151,#2152));
#766=EDGE_LOOP('',(#2153,#2154,#2155,#2156));
#767=EDGE_LOOP('',(#2157,#2158,#2159,#2160));
#768=EDGE_LOOP('',(#2161,#2162,#2163,#2164));
#769=EDGE_LOOP('',(#2165,#2166,#2167,#2168));
#770=EDGE_LOOP('',(#2169,#2170,#2171,#2172,#2173,#2174));
#771=EDGE_LOOP('',(#2175,#2176,#2177,#2178,#2179,#2180));
#772=EDGE_LOOP('',(#2181,#2182,#2183,#2184));
#773=EDGE_LOOP('',(#2185,#2186,#2187,#2188));
#774=EDGE_LOOP('',(#2189,#2190,#2191,#2192,#2193,#2194));
#775=EDGE_LOOP('',(#2195,#2196,#2197,#2198,#2199,#2200));
#776=EDGE_LOOP('',(#2201,#2202,#2203,#2204));
#777=EDGE_LOOP('',(#2205,#2206,#2207,#2208));
#778=EDGE_LOOP('',(#2209,#2210,#2211,#2212,#2213,#2214));
#779=EDGE_LOOP('',(#2215,#2216,#2217,#2218,#2219,#2220));
#780=EDGE_LOOP('',(#2221,#2222,#2223,#2224));
#781=EDGE_LOOP('',(#2225,#2226,#2227,#2228));
#782=EDGE_LOOP('',(#2229,#2230,#2231));
#783=EDGE_LOOP('',(#2232,#2233,#2234));
#784=EDGE_LOOP('',(#2235,#2236,#2237,#2238,#2239,#2240,#2241));
#785=EDGE_LOOP('',(#2242,#2243,#2244,#2245,#2246,#2247,#2248));
#786=EDGE_LOOP('',(#2249,#2250,#2251,#2252,#2253,#2254,#2255,#2256));
#787=EDGE_LOOP('',(#2257,#2258,#2259,#2260,#2261,#2262,#2263,#2264));
#788=EDGE_LOOP('',(#2265,#2266,#2267,#2268));
#789=EDGE_LOOP('',(#2269,#2270,#2271,#2272));
#790=EDGE_LOOP('',(#2273,#2274,#2275,#2276));
#791=EDGE_LOOP('',(#2277,#2278,#2279,#2280));
#792=EDGE_LOOP('',(#2281,#2282,#2283,#2284));
#793=EDGE_LOOP('',(#2285,#2286,#2287,#2288));
#794=EDGE_LOOP('',(#2289,#2290,#2291,#2292));
#795=EDGE_LOOP('',(#2293,#2294,#2295,#2296));
#796=EDGE_LOOP('',(#2297,#2298,#2299));
#797=EDGE_LOOP('',(#2300,#2301,#2302,#2303,#2304));
#798=EDGE_LOOP('',(#2305,#2306,#2307,#2308));
#799=EDGE_LOOP('',(#2309,#2310,#2311,#2312,#2313));
#800=EDGE_LOOP('',(#2314,#2315,#2316,#2317,#2318));
#801=EDGE_LOOP('',(#2319,#2320,#2321,#2322,#2323,#2324,#2325,#2326,#2327,
#2328,#2329,#2330,#2331,#2332));
#802=EDGE_LOOP('',(#2333,#2334,#2335,#2336));
#803=EDGE_LOOP('',(#2337,#2338,#2339,#2340));
#804=EDGE_LOOP('',(#2341,#2342,#2343,#2344,#2345,#2346,#2347));
#805=EDGE_LOOP('',(#2348,#2349,#2350));
#806=EDGE_LOOP('',(#2351,#2352,#2353,#2354));
#807=EDGE_LOOP('',(#2355,#2356,#2357));
#808=EDGE_LOOP('',(#2358,#2359,#2360,#2361));
#809=EDGE_LOOP('',(#2362));
#810=EDGE_LOOP('',(#2363,#2364,#2365,#2366,#2367));
#811=EDGE_LOOP('',(#2368,#2369,#2370,#2371,#2372));
#812=EDGE_LOOP('',(#2373,#2374,#2375,#2376,#2377));
#813=EDGE_LOOP('',(#2378,#2379,#2380,#2381,#2382,#2383,#2384,#2385));
#814=EDGE_LOOP('',(#2386));
#815=EDGE_LOOP('',(#2387,#2388,#2389,#2390,#2391,#2392,#2393,#2394,#2395));
#816=EDGE_LOOP('',(#2396,#2397,#2398,#2399,#2400));
#817=EDGE_LOOP('',(#2401,#2402,#2403,#2404,#2405,#2406,#2407));
#818=EDGE_LOOP('',(#2408,#2409,#2410,#2411));
#819=EDGE_LOOP('',(#2412,#2413,#2414,#2415));
#820=EDGE_LOOP('',(#2416,#2417,#2418,#2419));
#821=EDGE_LOOP('',(#2420,#2421,#2422));
#822=EDGE_LOOP('',(#2423,#2424,#2425,#2426,#2427,#2428,#2429));
#823=EDGE_LOOP('',(#2430));
#824=EDGE_LOOP('',(#2431,#2432,#2433,#2434));
#825=EDGE_LOOP('',(#2435,#2436,#2437,#2438,#2439));
#826=EDGE_LOOP('',(#2440,#2441,#2442,#2443,#2444));
#827=EDGE_LOOP('',(#2445));
#828=EDGE_LOOP('',(#2446));
#829=CIRCLE('',#2615,0.15);
#830=CIRCLE('',#2616,0.299999999999999);
#831=CIRCLE('',#2617,0.15);
#832=CIRCLE('',#2619,0.3);
#833=CIRCLE('',#2620,0.3);
#834=CIRCLE('',#2622,0.3);
#835=CIRCLE('',#2623,0.15);
#836=CIRCLE('',#2624,0.15);
#837=CIRCLE('',#2626,0.3);
#838=CIRCLE('',#2627,0.3);
#839=CIRCLE('',#2630,0.599999999999992);
#840=CIRCLE('',#2631,0.3);
#841=CIRCLE('',#2632,0.3);
#842=CIRCLE('',#2634,0.3);
#843=CIRCLE('',#2635,0.3);
#844=CIRCLE('',#2637,0.599999999999999);
#845=CIRCLE('',#2639,2.69174243050442);
#846=CIRCLE('',#2640,3.15);
#847=CIRCLE('',#2642,3.15);
#848=CIRCLE('',#2643,2.69174243050442);
#849=CIRCLE('',#2645,3.15);
#850=CIRCLE('',#2646,2.69174243050442);
#851=CIRCLE('',#2648,2.69174243050442);
#852=CIRCLE('',#2649,3.15);
#853=CIRCLE('',#2651,2.92777777777778);
#854=CIRCLE('',#2652,3.15);
#855=CIRCLE('',#2653,3.15);
#856=CIRCLE('',#2655,3.15);
#857=CIRCLE('',#2657,3.15);
#858=CIRCLE('',#2660,3.15);
#859=CIRCLE('',#2662,3.15);
#860=CIRCLE('',#2664,3.15);
#861=CIRCLE('',#2666,3.15);
#862=CIRCLE('',#2667,2.92777777777778);
#863=CIRCLE('',#2669,2.92777777777778);
#864=CIRCLE('',#2671,2.92777777777778);
#865=CIRCLE('',#2673,2.92777777777778);
#866=CIRCLE('',#2674,2.80358983848623);
#867=CIRCLE('',#2676,3.15);
#868=CIRCLE('',#2678,3.15);
#869=CIRCLE('',#2683,3.15);
#870=CIRCLE('',#2684,3.15);
#871=CIRCLE('',#2690,3.15);
#872=CIRCLE('',#2691,3.15);
#873=CIRCLE('',#2697,3.15);
#874=CIRCLE('',#2698,3.15);
#875=CIRCLE('',#2701,3.15);
#876=CIRCLE('',#2705,3.15);
#877=CIRCLE('',#2706,3.15);
#878=CIRCLE('',#2714,3.15);
#879=CIRCLE('',#2715,3.15);
#880=CIRCLE('',#2717,2.92232875309277);
#881=CIRCLE('',#2718,3.15);
#882=CIRCLE('',#2720,2.69174243050442);
#883=CIRCLE('',#2721,3.15);
#884=CIRCLE('',#2722,3.15);
#885=CIRCLE('',#2723,2.92232875309277);
#886=CIRCLE('',#2724,3.15);
#887=CIRCLE('',#2726,3.15);
#888=CIRCLE('',#2729,3.15);
#889=CIRCLE('',#2730,3.15);
#890=CIRCLE('',#2733,3.15);
#891=CIRCLE('',#2736,3.15);
#892=CIRCLE('',#2737,3.15);
#893=CIRCLE('',#2742,3.15);
#894=CIRCLE('',#2743,3.15);
#895=CIRCLE('',#2748,3.15);
#896=CIRCLE('',#2749,3.15);
#897=CIRCLE('',#2754,3.15);
#898=CIRCLE('',#2755,3.15);
#899=CIRCLE('',#2757,3.15);
#900=CIRCLE('',#2759,3.15);
#901=CIRCLE('',#2761,3.15);
#902=CIRCLE('',#2762,3.15);
#903=CIRCLE('',#2764,2.92777777777778);
#904=CIRCLE('',#2765,3.15);
#905=CIRCLE('',#2768,2.92777777777778);
#906=CIRCLE('',#2770,2.92777777777778);
#907=CIRCLE('',#2772,2.92777777777778);
#908=CIRCLE('',#2773,2.92777777777778);
#909=CIRCLE('',#2774,2.80358983848623);
#910=CIRCLE('',#2776,2.92777777777778);
#911=CIRCLE('',#2777,2.92777777777778);
#912=CIRCLE('',#2779,2.92777777777778);
#913=CIRCLE('',#2781,2.92777777777778);
#914=CIRCLE('',#2783,3.15);
#915=CIRCLE('',#2784,3.15);
#916=CIRCLE('',#2786,3.15);
#917=CIRCLE('',#2788,3.15);
#918=CIRCLE('',#2790,3.15);
#919=CIRCLE('',#2792,3.15);
#920=CIRCLE('',#2793,2.89698315143618);
#921=CIRCLE('',#2795,2.89698315143618);
#922=CIRCLE('',#2796,3.15);
#923=CIRCLE('',#2798,3.15);
#924=CIRCLE('',#2801,3.15);
#925=CIRCLE('',#2805,2.89698315143618);
#926=CIRCLE('',#2806,3.15);
#927=CIRCLE('',#2808,2.69174243050442);
#928=CIRCLE('',#2809,3.15);
#929=CIRCLE('',#2810,3.15);
#930=CIRCLE('',#2811,2.89698315143618);
#931=CIRCLE('',#2812,3.15);
#932=CIRCLE('',#2817,3.15);
#933=CIRCLE('',#2819,3.15);
#934=CIRCLE('',#2820,3.15);
#935=CIRCLE('',#2822,2.92777777777778);
#936=CIRCLE('',#2823,3.15);
#937=CIRCLE('',#2825,2.92777777777778);
#938=CIRCLE('',#2827,2.92777777777778);
#939=CIRCLE('',#2829,2.92777777777778);
#940=CIRCLE('',#2831,2.92777777777778);
#941=CIRCLE('',#2833,2.92777777777778);
#942=CIRCLE('',#2835,3.15);
#943=CIRCLE('',#2836,3.15);
#944=CIRCLE('',#2839,3.15);
#945=CIRCLE('',#2841,3.15);
#946=CIRCLE('',#2843,3.15);
#947=CIRCLE('',#2844,2.92232875309277);
#948=CIRCLE('',#2846,2.92232875309277);
#949=CIRCLE('',#2847,3.15);
#950=CIRCLE('',#2849,3.15);
#951=CIRCLE('',#2853,2.69174243050442);
#952=CIRCLE('',#2854,2.15);
#953=CIRCLE('',#2856,2.15);
#954=CIRCLE('',#2857,2.15);
#955=CIRCLE('',#2859,2.69174243050442);
#956=CIRCLE('',#2860,2.15);
#957=CIRCLE('',#2862,3.15);
#958=CIRCLE('',#2863,3.15);
#959=CIRCLE('',#2868,3.15);
#960=CIRCLE('',#2872,3.15);
#961=CIRCLE('',#2874,3.15);
#962=CIRCLE('',#2890,3.15);
#963=CIRCLE('',#2892,3.15);
#964=CIRCLE('',#2896,3.15);
#965=CIRCLE('',#2899,3.15);
#966=CIRCLE('',#2904,3.15);
#967=CIRCLE('',#2906,3.15);
#968=CIRCLE('',#2908,2.92777777777778);
#969=CIRCLE('',#2909,2.92777777777778);
#970=CIRCLE('',#2911,2.92777777777778);
#971=CIRCLE('',#2915,2.92777777777778);
#972=CIRCLE('',#2916,3.15);
#973=CIRCLE('',#2918,3.15);
#974=CIRCLE('',#2920,3.15);
#975=CIRCLE('',#2922,3.15);
#976=CIRCLE('',#2923,2.69174243050442);
#977=CIRCLE('',#2925,2.69174243050442);
#978=CIRCLE('',#2926,3.15);
#979=CIRCLE('',#2928,2.69174243050442);
#980=CIRCLE('',#2929,3.15);
#981=CIRCLE('',#2931,3.15);
#982=CIRCLE('',#2932,2.69174243050442);
#983=CIRCLE('',#2934,2.69174243050442);
#984=CIRCLE('',#2935,3.15);
#985=CIRCLE('',#2937,3.15);
#986=CIRCLE('',#2938,2.69174243050442);
#987=CIRCLE('',#2950,1.95);
#988=CIRCLE('',#2952,2.15);
#989=CIRCLE('',#2953,0.2);
#990=CIRCLE('',#2954,1.95);
#991=CIRCLE('',#2955,1.95);
#992=CIRCLE('',#2958,2.69174243050442);
#993=CIRCLE('',#2959,3.15);
#994=CIRCLE('',#2962,0.2);
#995=CIRCLE('',#2963,1.95);
#996=CIRCLE('',#2964,1.95);
#997=CIRCLE('',#2965,2.15);
#998=CIRCLE('',#2967,1.95);
#999=CIRCLE('',#2969,2.69174243050442);
#1000=CIRCLE('',#2974,3.15);
#1001=CIRCLE('',#2979,0.4);
#1002=CIRCLE('',#2980,0.2);
#1003=CIRCLE('',#2981,0.6);
#1004=CIRCLE('',#2982,0.6);
#1005=CIRCLE('',#2984,0.6);
#1006=VERTEX_POINT('',#3899);
#1007=VERTEX_POINT('',#3900);
#1008=VERTEX_POINT('',#3905);
#1009=VERTEX_POINT('',#3907);
#1010=VERTEX_POINT('',#3938);
#1011=VERTEX_POINT('',#3940);
#1012=VERTEX_POINT('',#3944);
#1013=VERTEX_POINT('',#3945);
#1014=VERTEX_POINT('',#3951);
#1015=VERTEX_POINT('',#3953);
#1016=VERTEX_POINT('',#3957);
#1017=VERTEX_POINT('',#3959);
#1018=VERTEX_POINT('',#3965);
#1019=VERTEX_POINT('',#3966);
#1020=VERTEX_POINT('',#3975);
#1021=VERTEX_POINT('',#3977);
#1022=VERTEX_POINT('',#3990);
#1023=VERTEX_POINT('',#3991);
#1024=VERTEX_POINT('',#4000);
#1025=VERTEX_POINT('',#4002);
#1026=VERTEX_POINT('',#4015);
#1027=VERTEX_POINT('',#4016);
#1028=VERTEX_POINT('',#4025);
#1029=VERTEX_POINT('',#4027);
#1030=VERTEX_POINT('',#4040);
#1031=VERTEX_POINT('',#4041);
#1032=VERTEX_POINT('',#4050);
#1033=VERTEX_POINT('',#4052);
#1034=VERTEX_POINT('',#4065);
#1035=VERTEX_POINT('',#4066);
#1036=VERTEX_POINT('',#4075);
#1037=VERTEX_POINT('',#4077);
#1038=VERTEX_POINT('',#4086);
#1039=VERTEX_POINT('',#4090);
#1040=VERTEX_POINT('',#4091);
#1041=VERTEX_POINT('',#4093);
#1042=VERTEX_POINT('',#4095);
#1043=VERTEX_POINT('',#4099);
#1044=VERTEX_POINT('',#4115);
#1045=VERTEX_POINT('',#4116);
#1046=VERTEX_POINT('',#4123);
#1047=VERTEX_POINT('',#4134);
#1048=VERTEX_POINT('',#4135);
#1049=VERTEX_POINT('',#4137);
#1050=VERTEX_POINT('',#4139);
#1051=VERTEX_POINT('',#4143);
#1052=VERTEX_POINT('',#4152);
#1053=VERTEX_POINT('',#4154);
#1054=VERTEX_POINT('',#4165);
#1055=VERTEX_POINT('',#4174);
#1056=VERTEX_POINT('',#4193);
#1057=VERTEX_POINT('',#4208);
#1058=VERTEX_POINT('',#4239);
#1059=VERTEX_POINT('',#4241);
#1060=VERTEX_POINT('',#4254);
#1061=VERTEX_POINT('',#4269);
#1062=VERTEX_POINT('',#4278);
#1063=VERTEX_POINT('',#4283);
#1064=VERTEX_POINT('',#4294);
#1065=VERTEX_POINT('',#4295);
#1066=VERTEX_POINT('',#4302);
#1067=VERTEX_POINT('',#4313);
#1068=VERTEX_POINT('',#4329);
#1069=VERTEX_POINT('',#4333);
#1070=VERTEX_POINT('',#4335);
#1071=VERTEX_POINT('',#4338);
#1072=VERTEX_POINT('',#4340);
#1073=VERTEX_POINT('',#4342);
#1074=VERTEX_POINT('',#4344);
#1075=VERTEX_POINT('',#4346);
#1076=VERTEX_POINT('',#4348);
#1077=VERTEX_POINT('',#4350);
#1078=VERTEX_POINT('',#4352);
#1079=VERTEX_POINT('',#4356);
#1080=VERTEX_POINT('',#4357);
#1081=VERTEX_POINT('',#4359);
#1082=VERTEX_POINT('',#4362);
#1083=VERTEX_POINT('',#4365);
#1084=VERTEX_POINT('',#4366);
#1085=VERTEX_POINT('',#4368);
#1086=VERTEX_POINT('',#4370);
#1087=VERTEX_POINT('',#4374);
#1088=VERTEX_POINT('',#4375);
#1089=VERTEX_POINT('',#4377);
#1090=VERTEX_POINT('',#4380);
#1091=VERTEX_POINT('',#4383);
#1092=VERTEX_POINT('',#4384);
#1093=VERTEX_POINT('',#4386);
#1094=VERTEX_POINT('',#4388);
#1095=VERTEX_POINT('',#4392);
#1096=VERTEX_POINT('',#4393);
#1097=VERTEX_POINT('',#4395);
#1098=VERTEX_POINT('',#4397);
#1099=VERTEX_POINT('',#4400);
#1100=VERTEX_POINT('',#4403);
#1101=VERTEX_POINT('',#4404);
#1102=VERTEX_POINT('',#4406);
#1103=VERTEX_POINT('',#4408);
#1104=VERTEX_POINT('',#4412);
#1105=VERTEX_POINT('',#4416);
#1106=VERTEX_POINT('',#4417);
#1107=VERTEX_POINT('',#4419);
#1108=VERTEX_POINT('',#4422);
#1109=VERTEX_POINT('',#4425);
#1110=VERTEX_POINT('',#4426);
#1111=VERTEX_POINT('',#4428);
#1112=VERTEX_POINT('',#4430);
#1113=VERTEX_POINT('',#4434);
#1114=VERTEX_POINT('',#4435);
#1115=VERTEX_POINT('',#4442);
#1116=VERTEX_POINT('',#4444);
#1117=VERTEX_POINT('',#4455);
#1118=VERTEX_POINT('',#4457);
#1119=VERTEX_POINT('',#4464);
#1120=VERTEX_POINT('',#4466);
#1121=VERTEX_POINT('',#4475);
#1122=VERTEX_POINT('',#4477);
#1123=VERTEX_POINT('',#4479);
#1124=VERTEX_POINT('',#4481);
#1125=VERTEX_POINT('',#4483);
#1126=VERTEX_POINT('',#4485);
#1127=VERTEX_POINT('',#4487);
#1128=VERTEX_POINT('',#4489);
#1129=VERTEX_POINT('',#4492);
#1130=VERTEX_POINT('',#4494);
#1131=VERTEX_POINT('',#4496);
#1132=VERTEX_POINT('',#4498);
#1133=VERTEX_POINT('',#4500);
#1134=VERTEX_POINT('',#4502);
#1135=VERTEX_POINT('',#4505);
#1136=VERTEX_POINT('',#4506);
#1137=VERTEX_POINT('',#4508);
#1138=VERTEX_POINT('',#4510);
#1139=VERTEX_POINT('',#4513);
#1140=VERTEX_POINT('',#4514);
#1141=VERTEX_POINT('',#4516);
#1142=VERTEX_POINT('',#4518);
#1143=VERTEX_POINT('',#4520);
#1144=VERTEX_POINT('',#4522);
#1145=VERTEX_POINT('',#4525);
#1146=VERTEX_POINT('',#4526);
#1147=VERTEX_POINT('',#4528);
#1148=VERTEX_POINT('',#4530);
#1149=VERTEX_POINT('',#4533);
#1150=VERTEX_POINT('',#4534);
#1151=VERTEX_POINT('',#4536);
#1152=VERTEX_POINT('',#4538);
#1153=VERTEX_POINT('',#4540);
#1154=VERTEX_POINT('',#4542);
#1155=VERTEX_POINT('',#4545);
#1156=VERTEX_POINT('',#4546);
#1157=VERTEX_POINT('',#4548);
#1158=VERTEX_POINT('',#4550);
#1159=VERTEX_POINT('',#4553);
#1160=VERTEX_POINT('',#4554);
#1161=VERTEX_POINT('',#4556);
#1162=VERTEX_POINT('',#4558);
#1163=VERTEX_POINT('',#4560);
#1164=VERTEX_POINT('',#4562);
#1165=VERTEX_POINT('',#4565);
#1166=VERTEX_POINT('',#4566);
#1167=VERTEX_POINT('',#4568);
#1168=VERTEX_POINT('',#4570);
#1169=VERTEX_POINT('',#4574);
#1170=VERTEX_POINT('',#4576);
#1171=VERTEX_POINT('',#4584);
#1172=VERTEX_POINT('',#4588);
#1173=VERTEX_POINT('',#4593);
#1174=VERTEX_POINT('',#4602);
#1175=VERTEX_POINT('',#4604);
#1176=VERTEX_POINT('',#4613);
#1177=VERTEX_POINT('',#4615);
#1178=VERTEX_POINT('',#4638);
#1179=VERTEX_POINT('',#4649);
#1180=VERTEX_POINT('',#4660);
#1181=VERTEX_POINT('',#4675);
#1182=VERTEX_POINT('',#4677);
#1183=VERTEX_POINT('',#4692);
#1184=VERTEX_POINT('',#4694);
#1185=VERTEX_POINT('',#4707);
#1186=VERTEX_POINT('',#4722);
#1187=VERTEX_POINT('',#4724);
#1188=VERTEX_POINT('',#4741);
#1189=VERTEX_POINT('',#4758);
#1190=VERTEX_POINT('',#4775);
#1191=VERTEX_POINT('',#4784);
#1192=VERTEX_POINT('',#4786);
#1193=VERTEX_POINT('',#4795);
#1194=VERTEX_POINT('',#4804);
#1195=VERTEX_POINT('',#4815);
#1196=VERTEX_POINT('',#4826);
#1197=VERTEX_POINT('',#4837);
#1198=VERTEX_POINT('',#4848);
#1199=VERTEX_POINT('',#4849);
#1200=VERTEX_POINT('',#4856);
#1201=VERTEX_POINT('',#4858);
#1202=VERTEX_POINT('',#4867);
#1203=VERTEX_POINT('',#4868);
#1204=VERTEX_POINT('',#4875);
#1205=VERTEX_POINT('',#4877);
#1206=VERTEX_POINT('',#4897);
#1207=VERTEX_POINT('',#4898);
#1208=VERTEX_POINT('',#4905);
#1209=VERTEX_POINT('',#4907);
#1210=VERTEX_POINT('',#4916);
#1211=VERTEX_POINT('',#4923);
#1212=VERTEX_POINT('',#4932);
#1213=VERTEX_POINT('',#4934);
#1214=VERTEX_POINT('',#4941);
#1215=VERTEX_POINT('',#4943);
#1216=VERTEX_POINT('',#4957);
#1217=VERTEX_POINT('',#4961);
#1218=VERTEX_POINT('',#4969);
#1219=VERTEX_POINT('',#4980);
#1220=VERTEX_POINT('',#4993);
#1221=VERTEX_POINT('',#5010);
#1222=VERTEX_POINT('',#5035);
#1223=VERTEX_POINT('',#5037);
#1224=VERTEX_POINT('',#5057);
#1225=VERTEX_POINT('',#5068);
#1226=VERTEX_POINT('',#5079);
#1227=VERTEX_POINT('',#5080);
#1228=VERTEX_POINT('',#5088);
#1229=VERTEX_POINT('',#5097);
#1230=VERTEX_POINT('',#5098);
#1231=VERTEX_POINT('',#5105);
#1232=VERTEX_POINT('',#5121);
#1233=VERTEX_POINT('',#5124);
#1234=VERTEX_POINT('',#5128);
#1235=VERTEX_POINT('',#5130);
#1236=VERTEX_POINT('',#5134);
#1237=VERTEX_POINT('',#5140);
#1238=VERTEX_POINT('',#5156);
#1239=VERTEX_POINT('',#5197);
#1240=VERTEX_POINT('',#5200);
#1241=VERTEX_POINT('',#5202);
#1242=VERTEX_POINT('',#5206);
#1243=VERTEX_POINT('',#5208);
#1244=VERTEX_POINT('',#5210);
#1245=VERTEX_POINT('',#5235);
#1246=VERTEX_POINT('',#5237);
#1247=VERTEX_POINT('',#5250);
#1248=VERTEX_POINT('',#5251);
#1249=VERTEX_POINT('',#5265);
#1250=VERTEX_POINT('',#5275);
#1251=VERTEX_POINT('',#5282);
#1252=VERTEX_POINT('',#5284);
#1253=VERTEX_POINT('',#5300);
#1254=VERTEX_POINT('',#5302);
#1255=VERTEX_POINT('',#5316);
#1256=VERTEX_POINT('',#5322);
#1257=VERTEX_POINT('',#5327);
#1258=VERTEX_POINT('',#5330);
#1259=VERTEX_POINT('',#5332);
#1260=VERTEX_POINT('',#5334);
#1261=VERTEX_POINT('',#5344);
#1262=VERTEX_POINT('',#5346);
#1263=VERTEX_POINT('',#5351);
#1264=VERTEX_POINT('',#5365);
#1265=VERTEX_POINT('',#5367);
#1266=VERTEX_POINT('',#5369);
#1267=VERTEX_POINT('',#5373);
#1268=EDGE_CURVE('',#1006,#1007,#829,.T.);
#1269=EDGE_CURVE('',#1007,#1007,#830,.T.);
#1270=EDGE_CURVE('',#1006,#1006,#831,.T.);
#1271=EDGE_CURVE('',#1007,#1008,#302,.T.);
#1272=EDGE_CURVE('',#1008,#1009,#832,.T.);
#1273=EDGE_CURVE('',#1009,#1008,#833,.T.);
#1274=EDGE_CURVE('',#1010,#1010,#834,.T.);
#1275=EDGE_CURVE('',#1010,#1011,#835,.T.);
#1276=EDGE_CURVE('',#1011,#1011,#836,.T.);
#1277=EDGE_CURVE('',#1012,#1013,#837,.T.);
#1278=EDGE_CURVE('',#1012,#1010,#303,.T.);
#1279=EDGE_CURVE('',#1013,#1012,#838,.T.);
#1280=EDGE_CURVE('',#1009,#1014,#839,.T.);
#1281=EDGE_CURVE('',#1014,#1015,#840,.T.);
#1282=EDGE_CURVE('',#1015,#1014,#841,.T.);
#1283=EDGE_CURVE('',#1015,#1016,#304,.T.);
#1284=EDGE_CURVE('',#1016,#1017,#842,.T.);
#1285=EDGE_CURVE('',#1017,#1016,#843,.T.);
#1286=EDGE_CURVE('',#1017,#1013,#844,.T.);
#1287=EDGE_CURVE('',#1018,#1019,#79,.T.);
#1288=EDGE_CURVE('',#1018,#1020,#845,.T.);
#1289=EDGE_CURVE('',#1020,#1021,#80,.T.);
#1290=EDGE_CURVE('',#1021,#1019,#846,.T.);
#1291=EDGE_CURVE('',#1022,#1023,#81,.T.);
#1292=EDGE_CURVE('',#1022,#1024,#847,.T.);
#1293=EDGE_CURVE('',#1024,#1025,#82,.T.);
#1294=EDGE_CURVE('',#1025,#1023,#848,.T.);
#1295=EDGE_CURVE('',#1026,#1027,#83,.T.);
#1296=EDGE_CURVE('',#1026,#1028,#849,.T.);
#1297=EDGE_CURVE('',#1028,#1029,#84,.T.);
#1298=EDGE_CURVE('',#1029,#1027,#850,.T.);
#1299=EDGE_CURVE('',#1030,#1031,#85,.T.);
#1300=EDGE_CURVE('',#1030,#1032,#851,.T.);
#1301=EDGE_CURVE('',#1032,#1033,#86,.T.);
#1302=EDGE_CURVE('',#1033,#1031,#852,.T.);
#1303=EDGE_CURVE('',#1034,#1035,#87,.T.);
#1304=EDGE_CURVE('',#1034,#1036,#853,.T.);
#1305=EDGE_CURVE('',#1036,#1037,#88,.T.);
#1306=EDGE_CURVE('',#1037,#1038,#854,.T.);
#1307=EDGE_CURVE('',#1038,#1035,#855,.T.);
#1308=EDGE_CURVE('',#1039,#1040,#305,.T.);
#1309=EDGE_CURVE('',#1039,#1041,#856,.T.);
#1310=EDGE_CURVE('',#1041,#1042,#31,.T.);
#1311=EDGE_CURVE('',#1040,#1042,#857,.T.);
#1312=EDGE_CURVE('',#1043,#1039,#89,.T.);
#1313=EDGE_CURVE('',#1043,#1041,#90,.T.);
#1314=EDGE_CURVE('',#1044,#1045,#91,.T.);
#1315=EDGE_CURVE('',#1046,#1044,#858,.T.);
#1316=EDGE_CURVE('',#1046,#1045,#92,.T.);
#1317=EDGE_CURVE('',#1047,#1048,#306,.T.);
#1318=EDGE_CURVE('',#1049,#1047,#859,.T.);
#1319=EDGE_CURVE('',#1049,#1050,#32,.T.);
#1320=EDGE_CURVE('',#1050,#1048,#860,.T.);
#1321=EDGE_CURVE('',#1051,#1047,#93,.T.);
#1322=EDGE_CURVE('',#1047,#1052,#861,.T.);
#1323=EDGE_CURVE('',#1052,#1053,#94,.T.);
#1324=EDGE_CURVE('',#1053,#1051,#862,.T.);
#1325=EDGE_CURVE('',#1040,#1054,#95,.T.);
#1326=EDGE_CURVE('',#1042,#1055,#96,.T.);
#1327=EDGE_CURVE('',#1055,#1049,#97,.T.);
#1328=EDGE_CURVE('',#1051,#1054,#863,.T.);
#1329=EDGE_CURVE('',#1056,#1051,#98,.T.);
#1330=EDGE_CURVE('',#1053,#1057,#99,.T.);
#1331=EDGE_CURVE('',#1056,#1057,#864,.T.);
#1332=EDGE_CURVE('',#1054,#1034,#100,.T.);
#1333=EDGE_CURVE('',#1058,#1056,#865,.T.);
#1334=EDGE_CURVE('',#1058,#1059,#101,.T.);
#1335=EDGE_CURVE('',#1059,#1060,#866,.T.);
#1336=EDGE_CURVE('',#1060,#1036,#102,.T.);
#1337=EDGE_CURVE('',#1061,#1056,#103,.T.);
#1338=EDGE_CURVE('',#1061,#1062,#104,.T.);
#1339=EDGE_CURVE('',#1062,#1063,#867,.T.);
#1340=EDGE_CURVE('',#1063,#1058,#105,.T.);
#1341=EDGE_CURVE('',#1064,#1065,#106,.T.);
#1342=EDGE_CURVE('',#1064,#1066,#107,.T.);
#1343=EDGE_CURVE('',#1065,#1066,#868,.T.);
#1344=EDGE_CURVE('',#1048,#1067,#108,.T.);
#1345=EDGE_CURVE('',#1050,#1067,#109,.T.);
#1346=EDGE_CURVE('',#1068,#1026,#307,.T.);
#1347=EDGE_CURVE('',#1068,#1028,#33,.T.);
#1348=EDGE_CURVE('',#1069,#1026,#869,.T.);
#1349=EDGE_CURVE('',#1069,#1070,#308,.T.);
#1350=EDGE_CURVE('',#1035,#1070,#870,.T.);
#1351=EDGE_CURVE('',#1035,#1071,#309,.T.);
#1352=EDGE_CURVE('',#1071,#1072,#310,.T.);
#1353=EDGE_CURVE('',#1072,#1073,#311,.T.);
#1354=EDGE_CURVE('',#1073,#1074,#312,.T.);
#1355=EDGE_CURVE('',#1074,#1075,#313,.T.);
#1356=EDGE_CURVE('',#1075,#1076,#314,.T.);
#1357=EDGE_CURVE('',#1076,#1077,#315,.T.);
#1358=EDGE_CURVE('',#1077,#1078,#316,.T.);
#1359=EDGE_CURVE('',#1078,#1068,#317,.T.);
#1360=EDGE_CURVE('',#1079,#1080,#318,.T.);
#1361=EDGE_CURVE('',#1079,#1081,#34,.T.);
#1362=EDGE_CURVE('',#1081,#1074,#35,.T.);
#1363=EDGE_CURVE('',#1073,#1082,#36,.T.);
#1364=EDGE_CURVE('',#1082,#1080,#37,.T.);
#1365=EDGE_CURVE('',#1083,#1084,#319,.T.);
#1366=EDGE_CURVE('',#1084,#1085,#871,.T.);
#1367=EDGE_CURVE('',#1085,#1086,#320,.T.);
#1368=EDGE_CURVE('',#1086,#1083,#872,.T.);
#1369=EDGE_CURVE('',#1087,#1088,#321,.T.);
#1370=EDGE_CURVE('',#1087,#1089,#38,.T.);
#1371=EDGE_CURVE('',#1089,#1076,#39,.T.);
#1372=EDGE_CURVE('',#1075,#1090,#40,.T.);
#1373=EDGE_CURVE('',#1090,#1088,#41,.T.);
#1374=EDGE_CURVE('',#1091,#1092,#322,.T.);
#1375=EDGE_CURVE('',#1092,#1093,#873,.T.);
#1376=EDGE_CURVE('',#1093,#1094,#323,.T.);
#1377=EDGE_CURVE('',#1094,#1091,#874,.T.);
#1378=EDGE_CURVE('',#1095,#1096,#324,.T.);
#1379=EDGE_CURVE('',#1095,#1097,#42,.T.);
#1380=EDGE_CURVE('',#1098,#1097,#875,.T.);
#1381=EDGE_CURVE('',#1098,#1078,#43,.T.);
#1382=EDGE_CURVE('',#1077,#1099,#44,.T.);
#1383=EDGE_CURVE('',#1099,#1096,#45,.T.);
#1384=EDGE_CURVE('',#1100,#1101,#325,.T.);
#1385=EDGE_CURVE('',#1101,#1102,#876,.T.);
#1386=EDGE_CURVE('',#1102,#1103,#326,.T.);
#1387=EDGE_CURVE('',#1103,#1100,#877,.T.);
#1388=EDGE_CURVE('',#1019,#1104,#327,.T.);
#1389=EDGE_CURVE('',#1021,#1104,#46,.T.);
#1390=EDGE_CURVE('',#1105,#1106,#328,.T.);
#1391=EDGE_CURVE('',#1105,#1107,#47,.T.);
#1392=EDGE_CURVE('',#1107,#1072,#48,.T.);
#1393=EDGE_CURVE('',#1071,#1108,#49,.T.);
#1394=EDGE_CURVE('',#1108,#1106,#50,.T.);
#1395=EDGE_CURVE('',#1109,#1110,#329,.T.);
#1396=EDGE_CURVE('',#1110,#1111,#878,.T.);
#1397=EDGE_CURVE('',#1111,#1112,#330,.T.);
#1398=EDGE_CURVE('',#1112,#1109,#879,.T.);
#1399=EDGE_CURVE('',#1113,#1114,#110,.T.);
#1400=EDGE_CURVE('',#1115,#1113,#880,.T.);
#1401=EDGE_CURVE('',#1116,#1115,#111,.T.);
#1402=EDGE_CURVE('',#1116,#1114,#881,.T.);
#1403=EDGE_CURVE('',#1023,#1018,#882,.T.);
#1404=EDGE_CURVE('',#1019,#1116,#883,.T.);
#1405=EDGE_CURVE('',#1114,#1117,#884,.T.);
#1406=EDGE_CURVE('',#1117,#1118,#112,.T.);
#1407=EDGE_CURVE('',#1118,#1119,#885,.T.);
#1408=EDGE_CURVE('',#1119,#1120,#113,.T.);
#1409=EDGE_CURVE('',#1120,#1022,#886,.T.);
#1410=EDGE_CURVE('',#1120,#1121,#331,.T.);
#1411=EDGE_CURVE('',#1122,#1121,#887,.T.);
#1412=EDGE_CURVE('',#1122,#1123,#332,.T.);
#1413=EDGE_CURVE('',#1123,#1124,#51,.T.);
#1414=EDGE_CURVE('',#1124,#1125,#52,.T.);
#1415=EDGE_CURVE('',#1125,#1126,#333,.T.);
#1416=EDGE_CURVE('',#1127,#1126,#888,.T.);
#1417=EDGE_CURVE('',#1127,#1128,#334,.T.);
#1418=EDGE_CURVE('',#1031,#1128,#889,.T.);
#1419=EDGE_CURVE('',#1033,#1129,#53,.T.);
#1420=EDGE_CURVE('',#1129,#1130,#335,.T.);
#1421=EDGE_CURVE('',#1130,#1131,#54,.T.);
#1422=EDGE_CURVE('',#1132,#1131,#890,.T.);
#1423=EDGE_CURVE('',#1132,#1133,#55,.T.);
#1424=EDGE_CURVE('',#1133,#1134,#336,.T.);
#1425=EDGE_CURVE('',#1134,#1024,#56,.T.);
#1426=EDGE_CURVE('',#1135,#1136,#337,.T.);
#1427=EDGE_CURVE('',#1136,#1137,#891,.T.);
#1428=EDGE_CURVE('',#1137,#1138,#338,.T.);
#1429=EDGE_CURVE('',#1138,#1135,#892,.T.);
#1430=EDGE_CURVE('',#1139,#1140,#339,.T.);
#1431=EDGE_CURVE('',#1140,#1141,#57,.T.);
#1432=EDGE_CURVE('',#1141,#1142,#58,.T.);
#1433=EDGE_CURVE('',#1142,#1143,#340,.T.);
#1434=EDGE_CURVE('',#1143,#1144,#59,.T.);
#1435=EDGE_CURVE('',#1144,#1139,#60,.T.);
#1436=EDGE_CURVE('',#1145,#1146,#341,.T.);
#1437=EDGE_CURVE('',#1146,#1147,#893,.T.);
#1438=EDGE_CURVE('',#1147,#1148,#342,.T.);
#1439=EDGE_CURVE('',#1148,#1145,#894,.T.);
#1440=EDGE_CURVE('',#1149,#1150,#61,.T.);
#1441=EDGE_CURVE('',#1150,#1151,#62,.T.);
#1442=EDGE_CURVE('',#1151,#1152,#343,.T.);
#1443=EDGE_CURVE('',#1152,#1153,#63,.T.);
#1444=EDGE_CURVE('',#1153,#1154,#64,.T.);
#1445=EDGE_CURVE('',#1154,#1149,#344,.T.);
#1446=EDGE_CURVE('',#1155,#1156,#345,.T.);
#1447=EDGE_CURVE('',#1156,#1157,#895,.T.);
#1448=EDGE_CURVE('',#1157,#1158,#346,.T.);
#1449=EDGE_CURVE('',#1158,#1155,#896,.T.);
#1450=EDGE_CURVE('',#1159,#1160,#65,.T.);
#1451=EDGE_CURVE('',#1160,#1161,#66,.T.);
#1452=EDGE_CURVE('',#1161,#1162,#347,.T.);
#1453=EDGE_CURVE('',#1162,#1163,#67,.T.);
#1454=EDGE_CURVE('',#1163,#1164,#68,.T.);
#1455=EDGE_CURVE('',#1164,#1159,#348,.T.);
#1456=EDGE_CURVE('',#1165,#1166,#349,.T.);
#1457=EDGE_CURVE('',#1166,#1167,#897,.T.);
#1458=EDGE_CURVE('',#1167,#1168,#350,.T.);
#1459=EDGE_CURVE('',#1168,#1165,#898,.T.);
#1460=EDGE_CURVE('',#1106,#1169,#351,.T.);
#1461=EDGE_CURVE('',#1170,#1169,#899,.T.);
#1462=EDGE_CURVE('',#1170,#1116,#352,.T.);
#1463=EDGE_CURVE('',#1104,#1095,#353,.T.);
#1464=EDGE_CURVE('',#1096,#1087,#354,.T.);
#1465=EDGE_CURVE('',#1088,#1079,#355,.T.);
#1466=EDGE_CURVE('',#1080,#1105,#356,.T.);
#1467=EDGE_CURVE('',#1114,#1171,#357,.T.);
#1468=EDGE_CURVE('',#1171,#1170,#900,.T.);
#1469=EDGE_CURVE('',#1172,#1117,#358,.T.);
#1470=EDGE_CURVE('',#1121,#1172,#901,.T.);
#1471=EDGE_CURVE('',#1117,#1120,#902,.T.);
#1472=EDGE_CURVE('',#1121,#1173,#114,.T.);
#1473=EDGE_CURVE('',#1173,#1174,#903,.T.);
#1474=EDGE_CURVE('',#1174,#1175,#115,.T.);
#1475=EDGE_CURVE('',#1175,#1176,#904,.T.);
#1476=EDGE_CURVE('',#1176,#1177,#116,.T.);
#1477=EDGE_CURVE('',#1177,#1122,#117,.T.);
#1478=EDGE_CURVE('',#1057,#1170,#118,.T.);
#1479=EDGE_CURVE('',#1169,#1061,#119,.T.);
#1480=EDGE_CURVE('',#1171,#1178,#120,.T.);
#1481=EDGE_CURVE('',#1057,#1178,#905,.T.);
#1482=EDGE_CURVE('',#1179,#1172,#121,.T.);
#1483=EDGE_CURVE('',#1179,#1173,#906,.T.);
#1484=EDGE_CURVE('',#1173,#1180,#122,.T.);
#1485=EDGE_CURVE('',#1181,#1180,#907,.T.);
#1486=EDGE_CURVE('',#1181,#1182,#123,.T.);
#1487=EDGE_CURVE('',#1183,#1182,#908,.T.);
#1488=EDGE_CURVE('',#1183,#1184,#124,.T.);
#1489=EDGE_CURVE('',#1184,#1185,#909,.T.);
#1490=EDGE_CURVE('',#1185,#1174,#125,.T.);
#1491=EDGE_CURVE('',#1186,#1034,#910,.T.);
#1492=EDGE_CURVE('',#1186,#1187,#126,.T.);
#1493=EDGE_CURVE('',#1054,#1187,#911,.T.);
#1494=EDGE_CURVE('',#1178,#1188,#127,.T.);
#1495=EDGE_CURVE('',#1188,#1053,#912,.T.);
#1496=EDGE_CURVE('',#1189,#1179,#128,.T.);
#1497=EDGE_CURVE('',#1180,#1189,#913,.T.);
#1498=EDGE_CURVE('',#1180,#1190,#129,.T.);
#1499=EDGE_CURVE('',#1190,#1191,#914,.T.);
#1500=EDGE_CURVE('',#1191,#1192,#130,.T.);
#1501=EDGE_CURVE('',#1192,#1193,#131,.T.);
#1502=EDGE_CURVE('',#1193,#1194,#915,.T.);
#1503=EDGE_CURVE('',#1194,#1181,#132,.T.);
#1504=EDGE_CURVE('',#1187,#1195,#133,.T.);
#1505=EDGE_CURVE('',#1195,#1040,#916,.T.);
#1506=EDGE_CURVE('',#1188,#1196,#134,.T.);
#1507=EDGE_CURVE('',#1052,#1196,#917,.T.);
#1508=EDGE_CURVE('',#1197,#1189,#135,.T.);
#1509=EDGE_CURVE('',#1197,#1190,#918,.T.);
#1510=EDGE_CURVE('',#1198,#1199,#136,.T.);
#1511=EDGE_CURVE('',#1200,#1198,#919,.T.);
#1512=EDGE_CURVE('',#1201,#1200,#137,.T.);
#1513=EDGE_CURVE('',#1199,#1201,#920,.T.);
#1514=EDGE_CURVE('',#1202,#1203,#138,.T.);
#1515=EDGE_CURVE('',#1204,#1202,#921,.T.);
#1516=EDGE_CURVE('',#1205,#1204,#139,.T.);
#1517=EDGE_CURVE('',#1203,#1205,#922,.T.);
#1518=EDGE_CURVE('',#1190,#1205,#359,.T.);
#1519=EDGE_CURVE('',#1205,#1065,#923,.T.);
#1520=EDGE_CURVE('',#1066,#1191,#69,.T.);
#1521=EDGE_CURVE('',#1048,#1200,#924,.T.);
#1522=EDGE_CURVE('',#1200,#1052,#360,.T.);
#1523=EDGE_CURVE('',#1196,#1198,#361,.T.);
#1524=EDGE_CURVE('',#1203,#1197,#362,.T.);
#1525=EDGE_CURVE('',#1206,#1207,#140,.T.);
#1526=EDGE_CURVE('',#1208,#1206,#925,.T.);
#1527=EDGE_CURVE('',#1209,#1208,#141,.T.);
#1528=EDGE_CURVE('',#1207,#1209,#926,.T.);
#1529=EDGE_CURVE('',#1045,#1210,#142,.T.);
#1530=EDGE_CURVE('',#1210,#1211,#927,.T.);
#1531=EDGE_CURVE('',#1211,#1043,#143,.T.);
#1532=EDGE_CURVE('',#1209,#1039,#928,.T.);
#1533=EDGE_CURVE('',#1212,#1207,#929,.T.);
#1534=EDGE_CURVE('',#1212,#1213,#144,.T.);
#1535=EDGE_CURVE('',#1213,#1214,#930,.T.);
#1536=EDGE_CURVE('',#1214,#1215,#145,.T.);
#1537=EDGE_CURVE('',#1044,#1215,#931,.T.);
#1538=EDGE_CURVE('',#1215,#1194,#363,.T.);
#1539=EDGE_CURVE('',#1193,#1046,#70,.T.);
#1540=EDGE_CURVE('',#1195,#1209,#364,.T.);
#1541=EDGE_CURVE('',#1207,#1216,#365,.T.);
#1542=EDGE_CURVE('',#1216,#1195,#932,.T.);
#1543=EDGE_CURVE('',#1217,#1212,#366,.T.);
#1544=EDGE_CURVE('',#1194,#1217,#933,.T.);
#1545=EDGE_CURVE('',#1215,#1212,#934,.T.);
#1546=EDGE_CURVE('',#1189,#1188,#935,.T.);
#1547=EDGE_CURVE('',#1196,#1197,#936,.T.);
#1548=EDGE_CURVE('',#1216,#1218,#146,.T.);
#1549=EDGE_CURVE('',#1187,#1218,#937,.T.);
#1550=EDGE_CURVE('',#1219,#1217,#147,.T.);
#1551=EDGE_CURVE('',#1219,#1181,#938,.T.);
#1552=EDGE_CURVE('',#1178,#1179,#939,.T.);
#1553=EDGE_CURVE('',#1218,#1220,#148,.T.);
#1554=EDGE_CURVE('',#1220,#1186,#940,.T.);
#1555=EDGE_CURVE('',#1221,#1219,#149,.T.);
#1556=EDGE_CURVE('',#1182,#1221,#941,.T.);
#1557=EDGE_CURVE('',#1182,#1127,#150,.T.);
#1558=EDGE_CURVE('',#1126,#1222,#942,.T.);
#1559=EDGE_CURVE('',#1222,#1223,#943,.T.);
#1560=EDGE_CURVE('',#1223,#1183,#151,.T.);
#1561=EDGE_CURVE('',#1070,#1186,#152,.T.);
#1562=EDGE_CURVE('',#1220,#1224,#153,.T.);
#1563=EDGE_CURVE('',#1070,#1224,#944,.T.);
#1564=EDGE_CURVE('',#1225,#1221,#154,.T.);
#1565=EDGE_CURVE('',#1225,#1127,#945,.T.);
#1566=EDGE_CURVE('',#1226,#1227,#155,.T.);
#1567=EDGE_CURVE('',#1226,#1069,#946,.T.);
#1568=EDGE_CURVE('',#1228,#1069,#156,.T.);
#1569=EDGE_CURVE('',#1227,#1228,#947,.T.);
#1570=EDGE_CURVE('',#1229,#1230,#157,.T.);
#1571=EDGE_CURVE('',#1231,#1229,#948,.T.);
#1572=EDGE_CURVE('',#1128,#1231,#158,.T.);
#1573=EDGE_CURVE('',#1128,#1230,#949,.T.);
#1574=EDGE_CURVE('',#1172,#1171,#950,.T.);
#1575=EDGE_CURVE('',#1224,#1226,#367,.T.);
#1576=EDGE_CURVE('',#1230,#1225,#368,.T.);
#1577=EDGE_CURVE('',#1029,#1232,#369,.T.);
#1578=EDGE_CURVE('',#1020,#1029,#951,.T.);
#1579=EDGE_CURVE('',#1233,#1020,#370,.T.);
#1580=EDGE_CURVE('',#1232,#1233,#952,.T.);
#1581=EDGE_CURVE('',#1025,#1234,#371,.T.);
#1582=EDGE_CURVE('',#1235,#1234,#953,.T.);
#1583=EDGE_CURVE('',#1233,#1235,#954,.T.);
#1584=EDGE_CURVE('',#1236,#1032,#372,.T.);
#1585=EDGE_CURVE('',#1027,#1030,#955,.T.);
#1586=EDGE_CURVE('',#1236,#1232,#956,.T.);
#1587=EDGE_CURVE('',#1028,#1098,#957,.T.);
#1588=EDGE_CURVE('',#1237,#1098,#159,.T.);
#1589=EDGE_CURVE('',#1097,#1237,#160,.T.);
#1590=EDGE_CURVE('',#1097,#1021,#958,.T.);
#1591=EDGE_CURVE('',#1131,#1238,#161,.T.);
#1592=EDGE_CURVE('',#1238,#1132,#162,.T.);
#1593=EDGE_CURVE('',#1230,#1226,#959,.T.);
#1594=EDGE_CURVE('',#1024,#1132,#960,.T.);
#1595=EDGE_CURVE('',#1224,#1225,#961,.T.);
#1596=EDGE_CURVE('',#1169,#1062,#962,.T.);
#1597=EDGE_CURVE('',#1176,#1122,#963,.T.);
#1598=EDGE_CURVE('',#1062,#1239,#71,.T.);
#1599=EDGE_CURVE('',#1239,#1038,#72,.T.);
#1600=EDGE_CURVE('',#1037,#1240,#373,.T.);
#1601=EDGE_CURVE('',#1240,#1241,#964,.T.);
#1602=EDGE_CURVE('',#1241,#1063,#374,.T.);
#1603=EDGE_CURVE('',#1242,#1176,#73,.T.);
#1604=EDGE_CURVE('',#1175,#1243,#375,.T.);
#1605=EDGE_CURVE('',#1243,#1244,#965,.T.);
#1606=EDGE_CURVE('',#1244,#1223,#376,.T.);
#1607=EDGE_CURVE('',#1222,#1242,#74,.T.);
#1608=EDGE_CURVE('',#1063,#1037,#966,.T.);
#1609=EDGE_CURVE('',#1131,#1033,#967,.T.);
#1610=EDGE_CURVE('',#1218,#1219,#968,.T.);
#1611=EDGE_CURVE('',#1221,#1220,#969,.T.);
#1612=EDGE_CURVE('',#1036,#1058,#970,.T.);
#1613=EDGE_CURVE('',#1174,#1183,#971,.T.);
#1614=EDGE_CURVE('',#1223,#1175,#972,.T.);
#1615=EDGE_CURVE('',#1217,#1216,#973,.T.);
#1616=EDGE_CURVE('',#1191,#1193,#974,.T.);
#1617=EDGE_CURVE('',#1245,#1046,#975,.T.);
#1618=EDGE_CURVE('',#1246,#1245,#163,.T.);
#1619=EDGE_CURVE('',#1246,#1210,#976,.T.);
#1620=EDGE_CURVE('',#1247,#1248,#164,.T.);
#1621=EDGE_CURVE('',#1248,#1246,#977,.T.);
#1622=EDGE_CURVE('',#1247,#1245,#978,.T.);
#1623=EDGE_CURVE('',#1249,#1064,#165,.T.);
#1624=EDGE_CURVE('',#1249,#1248,#979,.T.);
#1625=EDGE_CURVE('',#1066,#1247,#980,.T.);
#1626=EDGE_CURVE('',#1067,#1250,#166,.T.);
#1627=EDGE_CURVE('',#1251,#1050,#981,.T.);
#1628=EDGE_CURVE('',#1252,#1251,#167,.T.);
#1629=EDGE_CURVE('',#1252,#1250,#982,.T.);
#1630=EDGE_CURVE('',#1250,#1249,#983,.T.);
#1631=EDGE_CURVE('',#1198,#1203,#984,.T.);
#1632=EDGE_CURVE('',#1253,#1251,#985,.T.);
#1633=EDGE_CURVE('',#1253,#1254,#168,.T.);
#1634=EDGE_CURVE('',#1254,#1252,#986,.T.);
#1635=EDGE_CURVE('',#1255,#1247,#75,.T.);
#1636=EDGE_CURVE('',#1245,#1255,#76,.T.);
#1637=EDGE_CURVE('',#1251,#1256,#77,.T.);
#1638=EDGE_CURVE('',#1256,#1253,#78,.T.);
#1639=EDGE_CURVE('',#1257,#1257,#987,.T.);
#1640=EDGE_CURVE('',#1258,#1258,#988,.T.);
#1641=EDGE_CURVE('',#1258,#1259,#989,.T.);
#1642=EDGE_CURVE('',#1259,#1260,#990,.T.);
#1643=EDGE_CURVE('',#1260,#1259,#991,.T.);
#1644=EDGE_CURVE('',#1260,#1257,#377,.T.);
#1645=EDGE_CURVE('',#1211,#1254,#992,.T.);
#1646=EDGE_CURVE('',#1041,#1253,#993,.T.);
#1647=EDGE_CURVE('',#1235,#1261,#994,.T.);
#1648=EDGE_CURVE('',#1261,#1262,#995,.T.);
#1649=EDGE_CURVE('',#1262,#1261,#996,.T.);
#1650=EDGE_CURVE('',#1234,#1236,#997,.T.);
#1651=EDGE_CURVE('',#1262,#1263,#378,.T.);
#1652=EDGE_CURVE('',#1263,#1263,#998,.T.);
#1653=EDGE_CURVE('',#1032,#1025,#999,.T.);
#1654=EDGE_CURVE('',#1042,#1049,#1000,.T.);
#1655=EDGE_CURVE('',#1264,#1264,#1001,.T.);
#1656=EDGE_CURVE('',#1264,#1265,#1002,.T.);
#1657=EDGE_CURVE('',#1265,#1266,#1003,.T.);
#1658=EDGE_CURVE('',#1266,#1265,#1004,.T.);
#1659=EDGE_CURVE('',#1266,#1267,#379,.T.);
#1660=EDGE_CURVE('',#1267,#1267,#1005,.T.);
#1661=ORIENTED_EDGE('',*,*,#1268,.T.);
#1662=ORIENTED_EDGE('',*,*,#1269,.T.);
#1663=ORIENTED_EDGE('',*,*,#1268,.F.);
#1664=ORIENTED_EDGE('',*,*,#1270,.T.);
#1665=ORIENTED_EDGE('',*,*,#1269,.F.);
#1666=ORIENTED_EDGE('',*,*,#1271,.T.);
#1667=ORIENTED_EDGE('',*,*,#1272,.T.);
#1668=ORIENTED_EDGE('',*,*,#1273,.T.);
#1669=ORIENTED_EDGE('',*,*,#1271,.F.);
#1670=ORIENTED_EDGE('',*,*,#1270,.F.);
#1671=ORIENTED_EDGE('',*,*,#1274,.T.);
#1672=ORIENTED_EDGE('',*,*,#1275,.T.);
#1673=ORIENTED_EDGE('',*,*,#1276,.T.);
#1674=ORIENTED_EDGE('',*,*,#1275,.F.);
#1675=ORIENTED_EDGE('',*,*,#1277,.F.);
#1676=ORIENTED_EDGE('',*,*,#1278,.T.);
#1677=ORIENTED_EDGE('',*,*,#1274,.F.);
#1678=ORIENTED_EDGE('',*,*,#1278,.F.);
#1679=ORIENTED_EDGE('',*,*,#1279,.F.);
#1680=ORIENTED_EDGE('',*,*,#1276,.F.);
#1681=ORIENTED_EDGE('',*,*,#1272,.F.);
#1682=ORIENTED_EDGE('',*,*,#1273,.F.);
#1683=ORIENTED_EDGE('',*,*,#1280,.T.);
#1684=ORIENTED_EDGE('',*,*,#1281,.T.);
#1685=ORIENTED_EDGE('',*,*,#1282,.T.);
#1686=ORIENTED_EDGE('',*,*,#1280,.F.);
#1687=ORIENTED_EDGE('',*,*,#1282,.F.);
#1688=ORIENTED_EDGE('',*,*,#1283,.T.);
#1689=ORIENTED_EDGE('',*,*,#1284,.T.);
#1690=ORIENTED_EDGE('',*,*,#1285,.T.);
#1691=ORIENTED_EDGE('',*,*,#1283,.F.);
#1692=ORIENTED_EDGE('',*,*,#1281,.F.);
#1693=ORIENTED_EDGE('',*,*,#1284,.F.);
#1694=ORIENTED_EDGE('',*,*,#1285,.F.);
#1695=ORIENTED_EDGE('',*,*,#1286,.T.);
#1696=ORIENTED_EDGE('',*,*,#1279,.T.);
#1697=ORIENTED_EDGE('',*,*,#1277,.T.);
#1698=ORIENTED_EDGE('',*,*,#1286,.F.);
#1699=ORIENTED_EDGE('',*,*,#1287,.F.);
#1700=ORIENTED_EDGE('',*,*,#1288,.T.);
#1701=ORIENTED_EDGE('',*,*,#1289,.T.);
#1702=ORIENTED_EDGE('',*,*,#1290,.T.);
#1703=ORIENTED_EDGE('',*,*,#1291,.F.);
#1704=ORIENTED_EDGE('',*,*,#1292,.T.);
#1705=ORIENTED_EDGE('',*,*,#1293,.T.);
#1706=ORIENTED_EDGE('',*,*,#1294,.T.);
#1707=ORIENTED_EDGE('',*,*,#1295,.F.);
#1708=ORIENTED_EDGE('',*,*,#1296,.T.);
#1709=ORIENTED_EDGE('',*,*,#1297,.T.);
#1710=ORIENTED_EDGE('',*,*,#1298,.T.);
#1711=ORIENTED_EDGE('',*,*,#1299,.F.);
#1712=ORIENTED_EDGE('',*,*,#1300,.T.);
#1713=ORIENTED_EDGE('',*,*,#1301,.T.);
#1714=ORIENTED_EDGE('',*,*,#1302,.T.);
#1715=ORIENTED_EDGE('',*,*,#1303,.F.);
#1716=ORIENTED_EDGE('',*,*,#1304,.T.);
#1717=ORIENTED_EDGE('',*,*,#1305,.T.);
#1718=ORIENTED_EDGE('',*,*,#1306,.T.);
#1719=ORIENTED_EDGE('',*,*,#1307,.T.);
#1720=ORIENTED_EDGE('',*,*,#1308,.F.);
#1721=ORIENTED_EDGE('',*,*,#1309,.T.);
#1722=ORIENTED_EDGE('',*,*,#1310,.T.);
#1723=ORIENTED_EDGE('',*,*,#1311,.F.);
#1724=ORIENTED_EDGE('',*,*,#1312,.F.);
#1725=ORIENTED_EDGE('',*,*,#1313,.T.);
#1726=ORIENTED_EDGE('',*,*,#1309,.F.);
#1727=ORIENTED_EDGE('',*,*,#1314,.F.);
#1728=ORIENTED_EDGE('',*,*,#1315,.F.);
#1729=ORIENTED_EDGE('',*,*,#1316,.T.);
#1730=ORIENTED_EDGE('',*,*,#1317,.F.);
#1731=ORIENTED_EDGE('',*,*,#1318,.F.);
#1732=ORIENTED_EDGE('',*,*,#1319,.T.);
#1733=ORIENTED_EDGE('',*,*,#1320,.T.);
#1734=ORIENTED_EDGE('',*,*,#1321,.T.);
#1735=ORIENTED_EDGE('',*,*,#1322,.T.);
#1736=ORIENTED_EDGE('',*,*,#1323,.T.);
#1737=ORIENTED_EDGE('',*,*,#1324,.T.);
#1738=ORIENTED_EDGE('',*,*,#1325,.F.);
#1739=ORIENTED_EDGE('',*,*,#1311,.T.);
#1740=ORIENTED_EDGE('',*,*,#1326,.T.);
#1741=ORIENTED_EDGE('',*,*,#1327,.T.);
#1742=ORIENTED_EDGE('',*,*,#1318,.T.);
#1743=ORIENTED_EDGE('',*,*,#1321,.F.);
#1744=ORIENTED_EDGE('',*,*,#1328,.T.);
#1745=ORIENTED_EDGE('',*,*,#1329,.T.);
#1746=ORIENTED_EDGE('',*,*,#1324,.F.);
#1747=ORIENTED_EDGE('',*,*,#1330,.T.);
#1748=ORIENTED_EDGE('',*,*,#1331,.F.);
#1749=ORIENTED_EDGE('',*,*,#1332,.F.);
#1750=ORIENTED_EDGE('',*,*,#1328,.F.);
#1751=ORIENTED_EDGE('',*,*,#1329,.F.);
#1752=ORIENTED_EDGE('',*,*,#1333,.F.);
#1753=ORIENTED_EDGE('',*,*,#1334,.T.);
#1754=ORIENTED_EDGE('',*,*,#1335,.T.);
#1755=ORIENTED_EDGE('',*,*,#1336,.T.);
#1756=ORIENTED_EDGE('',*,*,#1304,.F.);
#1757=ORIENTED_EDGE('',*,*,#1337,.F.);
#1758=ORIENTED_EDGE('',*,*,#1338,.T.);
#1759=ORIENTED_EDGE('',*,*,#1339,.T.);
#1760=ORIENTED_EDGE('',*,*,#1340,.T.);
#1761=ORIENTED_EDGE('',*,*,#1333,.T.);
#1762=ORIENTED_EDGE('',*,*,#1341,.F.);
#1763=ORIENTED_EDGE('',*,*,#1342,.T.);
#1764=ORIENTED_EDGE('',*,*,#1343,.F.);
#1765=ORIENTED_EDGE('',*,*,#1344,.F.);
#1766=ORIENTED_EDGE('',*,*,#1320,.F.);
#1767=ORIENTED_EDGE('',*,*,#1345,.T.);
#1768=ORIENTED_EDGE('',*,*,#1346,.F.);
#1769=ORIENTED_EDGE('',*,*,#1347,.T.);
#1770=ORIENTED_EDGE('',*,*,#1296,.F.);
#1771=ORIENTED_EDGE('',*,*,#1346,.T.);
#1772=ORIENTED_EDGE('',*,*,#1348,.F.);
#1773=ORIENTED_EDGE('',*,*,#1349,.T.);
#1774=ORIENTED_EDGE('',*,*,#1350,.F.);
#1775=ORIENTED_EDGE('',*,*,#1351,.T.);
#1776=ORIENTED_EDGE('',*,*,#1352,.T.);
#1777=ORIENTED_EDGE('',*,*,#1353,.T.);
#1778=ORIENTED_EDGE('',*,*,#1354,.T.);
#1779=ORIENTED_EDGE('',*,*,#1355,.T.);
#1780=ORIENTED_EDGE('',*,*,#1356,.T.);
#1781=ORIENTED_EDGE('',*,*,#1357,.T.);
#1782=ORIENTED_EDGE('',*,*,#1358,.T.);
#1783=ORIENTED_EDGE('',*,*,#1359,.T.);
#1784=ORIENTED_EDGE('',*,*,#1360,.F.);
#1785=ORIENTED_EDGE('',*,*,#1361,.T.);
#1786=ORIENTED_EDGE('',*,*,#1362,.T.);
#1787=ORIENTED_EDGE('',*,*,#1354,.F.);
#1788=ORIENTED_EDGE('',*,*,#1363,.T.);
#1789=ORIENTED_EDGE('',*,*,#1364,.T.);
#1790=ORIENTED_EDGE('',*,*,#1365,.T.);
#1791=ORIENTED_EDGE('',*,*,#1366,.T.);
#1792=ORIENTED_EDGE('',*,*,#1367,.T.);
#1793=ORIENTED_EDGE('',*,*,#1368,.T.);
#1794=ORIENTED_EDGE('',*,*,#1369,.F.);
#1795=ORIENTED_EDGE('',*,*,#1370,.T.);
#1796=ORIENTED_EDGE('',*,*,#1371,.T.);
#1797=ORIENTED_EDGE('',*,*,#1356,.F.);
#1798=ORIENTED_EDGE('',*,*,#1372,.T.);
#1799=ORIENTED_EDGE('',*,*,#1373,.T.);
#1800=ORIENTED_EDGE('',*,*,#1374,.T.);
#1801=ORIENTED_EDGE('',*,*,#1375,.T.);
#1802=ORIENTED_EDGE('',*,*,#1376,.T.);
#1803=ORIENTED_EDGE('',*,*,#1377,.T.);
#1804=ORIENTED_EDGE('',*,*,#1378,.F.);
#1805=ORIENTED_EDGE('',*,*,#1379,.T.);
#1806=ORIENTED_EDGE('',*,*,#1380,.F.);
#1807=ORIENTED_EDGE('',*,*,#1381,.T.);
#1808=ORIENTED_EDGE('',*,*,#1358,.F.);
#1809=ORIENTED_EDGE('',*,*,#1382,.T.);
#1810=ORIENTED_EDGE('',*,*,#1383,.T.);
#1811=ORIENTED_EDGE('',*,*,#1384,.T.);
#1812=ORIENTED_EDGE('',*,*,#1385,.T.);
#1813=ORIENTED_EDGE('',*,*,#1386,.T.);
#1814=ORIENTED_EDGE('',*,*,#1387,.T.);
#1815=ORIENTED_EDGE('',*,*,#1388,.F.);
#1816=ORIENTED_EDGE('',*,*,#1290,.F.);
#1817=ORIENTED_EDGE('',*,*,#1389,.T.);
#1818=ORIENTED_EDGE('',*,*,#1390,.F.);
#1819=ORIENTED_EDGE('',*,*,#1391,.T.);
#1820=ORIENTED_EDGE('',*,*,#1392,.T.);
#1821=ORIENTED_EDGE('',*,*,#1352,.F.);
#1822=ORIENTED_EDGE('',*,*,#1393,.T.);
#1823=ORIENTED_EDGE('',*,*,#1394,.T.);
#1824=ORIENTED_EDGE('',*,*,#1395,.T.);
#1825=ORIENTED_EDGE('',*,*,#1396,.T.);
#1826=ORIENTED_EDGE('',*,*,#1397,.T.);
#1827=ORIENTED_EDGE('',*,*,#1398,.T.);
#1828=ORIENTED_EDGE('',*,*,#1399,.F.);
#1829=ORIENTED_EDGE('',*,*,#1400,.F.);
#1830=ORIENTED_EDGE('',*,*,#1401,.F.);
#1831=ORIENTED_EDGE('',*,*,#1402,.T.);
#1832=ORIENTED_EDGE('',*,*,#1291,.T.);
#1833=ORIENTED_EDGE('',*,*,#1403,.T.);
#1834=ORIENTED_EDGE('',*,*,#1287,.T.);
#1835=ORIENTED_EDGE('',*,*,#1404,.T.);
#1836=ORIENTED_EDGE('',*,*,#1401,.T.);
#1837=ORIENTED_EDGE('',*,*,#1400,.T.);
#1838=ORIENTED_EDGE('',*,*,#1399,.T.);
#1839=ORIENTED_EDGE('',*,*,#1405,.T.);
#1840=ORIENTED_EDGE('',*,*,#1406,.T.);
#1841=ORIENTED_EDGE('',*,*,#1407,.T.);
#1842=ORIENTED_EDGE('',*,*,#1408,.T.);
#1843=ORIENTED_EDGE('',*,*,#1409,.T.);
#1844=ORIENTED_EDGE('',*,*,#1410,.T.);
#1845=ORIENTED_EDGE('',*,*,#1411,.F.);
#1846=ORIENTED_EDGE('',*,*,#1412,.T.);
#1847=ORIENTED_EDGE('',*,*,#1413,.T.);
#1848=ORIENTED_EDGE('',*,*,#1414,.T.);
#1849=ORIENTED_EDGE('',*,*,#1415,.T.);
#1850=ORIENTED_EDGE('',*,*,#1416,.F.);
#1851=ORIENTED_EDGE('',*,*,#1417,.T.);
#1852=ORIENTED_EDGE('',*,*,#1418,.F.);
#1853=ORIENTED_EDGE('',*,*,#1302,.F.);
#1854=ORIENTED_EDGE('',*,*,#1419,.T.);
#1855=ORIENTED_EDGE('',*,*,#1420,.T.);
#1856=ORIENTED_EDGE('',*,*,#1421,.T.);
#1857=ORIENTED_EDGE('',*,*,#1422,.F.);
#1858=ORIENTED_EDGE('',*,*,#1423,.T.);
#1859=ORIENTED_EDGE('',*,*,#1424,.T.);
#1860=ORIENTED_EDGE('',*,*,#1425,.T.);
#1861=ORIENTED_EDGE('',*,*,#1292,.F.);
#1862=ORIENTED_EDGE('',*,*,#1409,.F.);
#1863=ORIENTED_EDGE('',*,*,#1426,.T.);
#1864=ORIENTED_EDGE('',*,*,#1427,.T.);
#1865=ORIENTED_EDGE('',*,*,#1428,.T.);
#1866=ORIENTED_EDGE('',*,*,#1429,.T.);
#1867=ORIENTED_EDGE('',*,*,#1430,.T.);
#1868=ORIENTED_EDGE('',*,*,#1431,.T.);
#1869=ORIENTED_EDGE('',*,*,#1432,.T.);
#1870=ORIENTED_EDGE('',*,*,#1433,.T.);
#1871=ORIENTED_EDGE('',*,*,#1434,.T.);
#1872=ORIENTED_EDGE('',*,*,#1435,.T.);
#1873=ORIENTED_EDGE('',*,*,#1436,.T.);
#1874=ORIENTED_EDGE('',*,*,#1437,.T.);
#1875=ORIENTED_EDGE('',*,*,#1438,.T.);
#1876=ORIENTED_EDGE('',*,*,#1439,.T.);
#1877=ORIENTED_EDGE('',*,*,#1440,.T.);
#1878=ORIENTED_EDGE('',*,*,#1441,.T.);
#1879=ORIENTED_EDGE('',*,*,#1442,.T.);
#1880=ORIENTED_EDGE('',*,*,#1443,.T.);
#1881=ORIENTED_EDGE('',*,*,#1444,.T.);
#1882=ORIENTED_EDGE('',*,*,#1445,.T.);
#1883=ORIENTED_EDGE('',*,*,#1446,.T.);
#1884=ORIENTED_EDGE('',*,*,#1447,.T.);
#1885=ORIENTED_EDGE('',*,*,#1448,.T.);
#1886=ORIENTED_EDGE('',*,*,#1449,.T.);
#1887=ORIENTED_EDGE('',*,*,#1450,.T.);
#1888=ORIENTED_EDGE('',*,*,#1451,.T.);
#1889=ORIENTED_EDGE('',*,*,#1452,.T.);
#1890=ORIENTED_EDGE('',*,*,#1453,.T.);
#1891=ORIENTED_EDGE('',*,*,#1454,.T.);
#1892=ORIENTED_EDGE('',*,*,#1455,.T.);
#1893=ORIENTED_EDGE('',*,*,#1456,.T.);
#1894=ORIENTED_EDGE('',*,*,#1457,.T.);
#1895=ORIENTED_EDGE('',*,*,#1458,.T.);
#1896=ORIENTED_EDGE('',*,*,#1459,.T.);
#1897=ORIENTED_EDGE('',*,*,#1390,.T.);
#1898=ORIENTED_EDGE('',*,*,#1460,.T.);
#1899=ORIENTED_EDGE('',*,*,#1461,.F.);
#1900=ORIENTED_EDGE('',*,*,#1462,.T.);
#1901=ORIENTED_EDGE('',*,*,#1404,.F.);
#1902=ORIENTED_EDGE('',*,*,#1388,.T.);
#1903=ORIENTED_EDGE('',*,*,#1463,.T.);
#1904=ORIENTED_EDGE('',*,*,#1378,.T.);
#1905=ORIENTED_EDGE('',*,*,#1464,.T.);
#1906=ORIENTED_EDGE('',*,*,#1369,.T.);
#1907=ORIENTED_EDGE('',*,*,#1465,.T.);
#1908=ORIENTED_EDGE('',*,*,#1360,.T.);
#1909=ORIENTED_EDGE('',*,*,#1466,.T.);
#1910=ORIENTED_EDGE('',*,*,#1467,.F.);
#1911=ORIENTED_EDGE('',*,*,#1402,.F.);
#1912=ORIENTED_EDGE('',*,*,#1462,.F.);
#1913=ORIENTED_EDGE('',*,*,#1468,.F.);
#1914=ORIENTED_EDGE('',*,*,#1469,.F.);
#1915=ORIENTED_EDGE('',*,*,#1470,.F.);
#1916=ORIENTED_EDGE('',*,*,#1410,.F.);
#1917=ORIENTED_EDGE('',*,*,#1471,.F.);
#1918=ORIENTED_EDGE('',*,*,#1472,.T.);
#1919=ORIENTED_EDGE('',*,*,#1473,.T.);
#1920=ORIENTED_EDGE('',*,*,#1474,.T.);
#1921=ORIENTED_EDGE('',*,*,#1475,.T.);
#1922=ORIENTED_EDGE('',*,*,#1476,.T.);
#1923=ORIENTED_EDGE('',*,*,#1477,.T.);
#1924=ORIENTED_EDGE('',*,*,#1411,.T.);
#1925=ORIENTED_EDGE('',*,*,#1337,.T.);
#1926=ORIENTED_EDGE('',*,*,#1331,.T.);
#1927=ORIENTED_EDGE('',*,*,#1478,.T.);
#1928=ORIENTED_EDGE('',*,*,#1461,.T.);
#1929=ORIENTED_EDGE('',*,*,#1479,.T.);
#1930=ORIENTED_EDGE('',*,*,#1480,.F.);
#1931=ORIENTED_EDGE('',*,*,#1468,.T.);
#1932=ORIENTED_EDGE('',*,*,#1478,.F.);
#1933=ORIENTED_EDGE('',*,*,#1481,.T.);
#1934=ORIENTED_EDGE('',*,*,#1482,.F.);
#1935=ORIENTED_EDGE('',*,*,#1483,.T.);
#1936=ORIENTED_EDGE('',*,*,#1472,.F.);
#1937=ORIENTED_EDGE('',*,*,#1470,.T.);
#1938=ORIENTED_EDGE('',*,*,#1484,.T.);
#1939=ORIENTED_EDGE('',*,*,#1485,.F.);
#1940=ORIENTED_EDGE('',*,*,#1486,.T.);
#1941=ORIENTED_EDGE('',*,*,#1487,.F.);
#1942=ORIENTED_EDGE('',*,*,#1488,.T.);
#1943=ORIENTED_EDGE('',*,*,#1489,.T.);
#1944=ORIENTED_EDGE('',*,*,#1490,.T.);
#1945=ORIENTED_EDGE('',*,*,#1473,.F.);
#1946=ORIENTED_EDGE('',*,*,#1332,.T.);
#1947=ORIENTED_EDGE('',*,*,#1491,.F.);
#1948=ORIENTED_EDGE('',*,*,#1492,.T.);
#1949=ORIENTED_EDGE('',*,*,#1493,.F.);
#1950=ORIENTED_EDGE('',*,*,#1494,.F.);
#1951=ORIENTED_EDGE('',*,*,#1481,.F.);
#1952=ORIENTED_EDGE('',*,*,#1330,.F.);
#1953=ORIENTED_EDGE('',*,*,#1495,.F.);
#1954=ORIENTED_EDGE('',*,*,#1496,.F.);
#1955=ORIENTED_EDGE('',*,*,#1497,.F.);
#1956=ORIENTED_EDGE('',*,*,#1484,.F.);
#1957=ORIENTED_EDGE('',*,*,#1483,.F.);
#1958=ORIENTED_EDGE('',*,*,#1498,.T.);
#1959=ORIENTED_EDGE('',*,*,#1499,.T.);
#1960=ORIENTED_EDGE('',*,*,#1500,.T.);
#1961=ORIENTED_EDGE('',*,*,#1501,.T.);
#1962=ORIENTED_EDGE('',*,*,#1502,.T.);
#1963=ORIENTED_EDGE('',*,*,#1503,.T.);
#1964=ORIENTED_EDGE('',*,*,#1485,.T.);
#1965=ORIENTED_EDGE('',*,*,#1325,.T.);
#1966=ORIENTED_EDGE('',*,*,#1493,.T.);
#1967=ORIENTED_EDGE('',*,*,#1504,.T.);
#1968=ORIENTED_EDGE('',*,*,#1505,.T.);
#1969=ORIENTED_EDGE('',*,*,#1506,.F.);
#1970=ORIENTED_EDGE('',*,*,#1495,.T.);
#1971=ORIENTED_EDGE('',*,*,#1323,.F.);
#1972=ORIENTED_EDGE('',*,*,#1507,.T.);
#1973=ORIENTED_EDGE('',*,*,#1508,.F.);
#1974=ORIENTED_EDGE('',*,*,#1509,.T.);
#1975=ORIENTED_EDGE('',*,*,#1498,.F.);
#1976=ORIENTED_EDGE('',*,*,#1497,.T.);
#1977=ORIENTED_EDGE('',*,*,#1510,.F.);
#1978=ORIENTED_EDGE('',*,*,#1511,.F.);
#1979=ORIENTED_EDGE('',*,*,#1512,.F.);
#1980=ORIENTED_EDGE('',*,*,#1513,.F.);
#1981=ORIENTED_EDGE('',*,*,#1514,.F.);
#1982=ORIENTED_EDGE('',*,*,#1515,.F.);
#1983=ORIENTED_EDGE('',*,*,#1516,.F.);
#1984=ORIENTED_EDGE('',*,*,#1517,.F.);
#1985=ORIENTED_EDGE('',*,*,#1518,.T.);
#1986=ORIENTED_EDGE('',*,*,#1519,.T.);
#1987=ORIENTED_EDGE('',*,*,#1343,.T.);
#1988=ORIENTED_EDGE('',*,*,#1520,.T.);
#1989=ORIENTED_EDGE('',*,*,#1499,.F.);
#1990=ORIENTED_EDGE('',*,*,#1317,.T.);
#1991=ORIENTED_EDGE('',*,*,#1521,.T.);
#1992=ORIENTED_EDGE('',*,*,#1522,.T.);
#1993=ORIENTED_EDGE('',*,*,#1322,.F.);
#1994=ORIENTED_EDGE('',*,*,#1523,.F.);
#1995=ORIENTED_EDGE('',*,*,#1507,.F.);
#1996=ORIENTED_EDGE('',*,*,#1522,.F.);
#1997=ORIENTED_EDGE('',*,*,#1511,.T.);
#1998=ORIENTED_EDGE('',*,*,#1524,.F.);
#1999=ORIENTED_EDGE('',*,*,#1517,.T.);
#2000=ORIENTED_EDGE('',*,*,#1518,.F.);
#2001=ORIENTED_EDGE('',*,*,#1509,.F.);
#2002=ORIENTED_EDGE('',*,*,#1525,.F.);
#2003=ORIENTED_EDGE('',*,*,#1526,.F.);
#2004=ORIENTED_EDGE('',*,*,#1527,.F.);
#2005=ORIENTED_EDGE('',*,*,#1528,.F.);
#2006=ORIENTED_EDGE('',*,*,#1314,.T.);
#2007=ORIENTED_EDGE('',*,*,#1529,.T.);
#2008=ORIENTED_EDGE('',*,*,#1530,.T.);
#2009=ORIENTED_EDGE('',*,*,#1531,.T.);
#2010=ORIENTED_EDGE('',*,*,#1312,.T.);
#2011=ORIENTED_EDGE('',*,*,#1532,.F.);
#2012=ORIENTED_EDGE('',*,*,#1527,.T.);
#2013=ORIENTED_EDGE('',*,*,#1526,.T.);
#2014=ORIENTED_EDGE('',*,*,#1525,.T.);
#2015=ORIENTED_EDGE('',*,*,#1533,.F.);
#2016=ORIENTED_EDGE('',*,*,#1534,.T.);
#2017=ORIENTED_EDGE('',*,*,#1535,.T.);
#2018=ORIENTED_EDGE('',*,*,#1536,.T.);
#2019=ORIENTED_EDGE('',*,*,#1537,.F.);
#2020=ORIENTED_EDGE('',*,*,#1538,.T.);
#2021=ORIENTED_EDGE('',*,*,#1502,.F.);
#2022=ORIENTED_EDGE('',*,*,#1539,.T.);
#2023=ORIENTED_EDGE('',*,*,#1315,.T.);
#2024=ORIENTED_EDGE('',*,*,#1537,.T.);
#2025=ORIENTED_EDGE('',*,*,#1308,.T.);
#2026=ORIENTED_EDGE('',*,*,#1505,.F.);
#2027=ORIENTED_EDGE('',*,*,#1540,.T.);
#2028=ORIENTED_EDGE('',*,*,#1532,.T.);
#2029=ORIENTED_EDGE('',*,*,#1541,.F.);
#2030=ORIENTED_EDGE('',*,*,#1528,.T.);
#2031=ORIENTED_EDGE('',*,*,#1540,.F.);
#2032=ORIENTED_EDGE('',*,*,#1542,.F.);
#2033=ORIENTED_EDGE('',*,*,#1543,.F.);
#2034=ORIENTED_EDGE('',*,*,#1544,.F.);
#2035=ORIENTED_EDGE('',*,*,#1538,.F.);
#2036=ORIENTED_EDGE('',*,*,#1545,.T.);
#2037=ORIENTED_EDGE('',*,*,#1508,.T.);
#2038=ORIENTED_EDGE('',*,*,#1546,.T.);
#2039=ORIENTED_EDGE('',*,*,#1506,.T.);
#2040=ORIENTED_EDGE('',*,*,#1547,.T.);
#2041=ORIENTED_EDGE('',*,*,#1548,.F.);
#2042=ORIENTED_EDGE('',*,*,#1542,.T.);
#2043=ORIENTED_EDGE('',*,*,#1504,.F.);
#2044=ORIENTED_EDGE('',*,*,#1549,.T.);
#2045=ORIENTED_EDGE('',*,*,#1550,.F.);
#2046=ORIENTED_EDGE('',*,*,#1551,.T.);
#2047=ORIENTED_EDGE('',*,*,#1503,.F.);
#2048=ORIENTED_EDGE('',*,*,#1544,.T.);
#2049=ORIENTED_EDGE('',*,*,#1496,.T.);
#2050=ORIENTED_EDGE('',*,*,#1552,.F.);
#2051=ORIENTED_EDGE('',*,*,#1494,.T.);
#2052=ORIENTED_EDGE('',*,*,#1546,.F.);
#2053=ORIENTED_EDGE('',*,*,#1553,.F.);
#2054=ORIENTED_EDGE('',*,*,#1549,.F.);
#2055=ORIENTED_EDGE('',*,*,#1492,.F.);
#2056=ORIENTED_EDGE('',*,*,#1554,.F.);
#2057=ORIENTED_EDGE('',*,*,#1555,.F.);
#2058=ORIENTED_EDGE('',*,*,#1556,.F.);
#2059=ORIENTED_EDGE('',*,*,#1486,.F.);
#2060=ORIENTED_EDGE('',*,*,#1551,.F.);
#2061=ORIENTED_EDGE('',*,*,#1557,.T.);
#2062=ORIENTED_EDGE('',*,*,#1416,.T.);
#2063=ORIENTED_EDGE('',*,*,#1558,.T.);
#2064=ORIENTED_EDGE('',*,*,#1559,.T.);
#2065=ORIENTED_EDGE('',*,*,#1560,.T.);
#2066=ORIENTED_EDGE('',*,*,#1487,.T.);
#2067=ORIENTED_EDGE('',*,*,#1303,.T.);
#2068=ORIENTED_EDGE('',*,*,#1350,.T.);
#2069=ORIENTED_EDGE('',*,*,#1561,.T.);
#2070=ORIENTED_EDGE('',*,*,#1491,.T.);
#2071=ORIENTED_EDGE('',*,*,#1562,.F.);
#2072=ORIENTED_EDGE('',*,*,#1554,.T.);
#2073=ORIENTED_EDGE('',*,*,#1561,.F.);
#2074=ORIENTED_EDGE('',*,*,#1563,.T.);
#2075=ORIENTED_EDGE('',*,*,#1564,.F.);
#2076=ORIENTED_EDGE('',*,*,#1565,.T.);
#2077=ORIENTED_EDGE('',*,*,#1557,.F.);
#2078=ORIENTED_EDGE('',*,*,#1556,.T.);
#2079=ORIENTED_EDGE('',*,*,#1566,.F.);
#2080=ORIENTED_EDGE('',*,*,#1567,.T.);
#2081=ORIENTED_EDGE('',*,*,#1568,.F.);
#2082=ORIENTED_EDGE('',*,*,#1569,.F.);
#2083=ORIENTED_EDGE('',*,*,#1570,.F.);
#2084=ORIENTED_EDGE('',*,*,#1571,.F.);
#2085=ORIENTED_EDGE('',*,*,#1572,.F.);
#2086=ORIENTED_EDGE('',*,*,#1573,.T.);
#2087=ORIENTED_EDGE('',*,*,#1469,.T.);
#2088=ORIENTED_EDGE('',*,*,#1405,.F.);
#2089=ORIENTED_EDGE('',*,*,#1467,.T.);
#2090=ORIENTED_EDGE('',*,*,#1574,.F.);
#2091=ORIENTED_EDGE('',*,*,#1575,.F.);
#2092=ORIENTED_EDGE('',*,*,#1563,.F.);
#2093=ORIENTED_EDGE('',*,*,#1349,.F.);
#2094=ORIENTED_EDGE('',*,*,#1567,.F.);
#2095=ORIENTED_EDGE('',*,*,#1576,.F.);
#2096=ORIENTED_EDGE('',*,*,#1573,.F.);
#2097=ORIENTED_EDGE('',*,*,#1417,.F.);
#2098=ORIENTED_EDGE('',*,*,#1565,.F.);
#2099=ORIENTED_EDGE('',*,*,#1577,.F.);
#2100=ORIENTED_EDGE('',*,*,#1578,.F.);
#2101=ORIENTED_EDGE('',*,*,#1579,.F.);
#2102=ORIENTED_EDGE('',*,*,#1580,.F.);
#2103=ORIENTED_EDGE('',*,*,#1581,.T.);
#2104=ORIENTED_EDGE('',*,*,#1582,.F.);
#2105=ORIENTED_EDGE('',*,*,#1583,.F.);
#2106=ORIENTED_EDGE('',*,*,#1579,.T.);
#2107=ORIENTED_EDGE('',*,*,#1288,.F.);
#2108=ORIENTED_EDGE('',*,*,#1403,.F.);
#2109=ORIENTED_EDGE('',*,*,#1294,.F.);
#2110=ORIENTED_EDGE('',*,*,#1584,.T.);
#2111=ORIENTED_EDGE('',*,*,#1300,.F.);
#2112=ORIENTED_EDGE('',*,*,#1585,.F.);
#2113=ORIENTED_EDGE('',*,*,#1298,.F.);
#2114=ORIENTED_EDGE('',*,*,#1577,.T.);
#2115=ORIENTED_EDGE('',*,*,#1586,.F.);
#2116=ORIENTED_EDGE('',*,*,#1297,.F.);
#2117=ORIENTED_EDGE('',*,*,#1587,.T.);
#2118=ORIENTED_EDGE('',*,*,#1588,.F.);
#2119=ORIENTED_EDGE('',*,*,#1589,.F.);
#2120=ORIENTED_EDGE('',*,*,#1590,.T.);
#2121=ORIENTED_EDGE('',*,*,#1289,.F.);
#2122=ORIENTED_EDGE('',*,*,#1578,.T.);
#2123=ORIENTED_EDGE('',*,*,#1588,.T.);
#2124=ORIENTED_EDGE('',*,*,#1380,.T.);
#2125=ORIENTED_EDGE('',*,*,#1589,.T.);
#2126=ORIENTED_EDGE('',*,*,#1591,.T.);
#2127=ORIENTED_EDGE('',*,*,#1592,.T.);
#2128=ORIENTED_EDGE('',*,*,#1422,.T.);
#2129=ORIENTED_EDGE('',*,*,#1406,.F.);
#2130=ORIENTED_EDGE('',*,*,#1471,.T.);
#2131=ORIENTED_EDGE('',*,*,#1408,.F.);
#2132=ORIENTED_EDGE('',*,*,#1407,.F.);
#2133=ORIENTED_EDGE('',*,*,#1299,.T.);
#2134=ORIENTED_EDGE('',*,*,#1418,.T.);
#2135=ORIENTED_EDGE('',*,*,#1572,.T.);
#2136=ORIENTED_EDGE('',*,*,#1571,.T.);
#2137=ORIENTED_EDGE('',*,*,#1570,.T.);
#2138=ORIENTED_EDGE('',*,*,#1593,.T.);
#2139=ORIENTED_EDGE('',*,*,#1566,.T.);
#2140=ORIENTED_EDGE('',*,*,#1569,.T.);
#2141=ORIENTED_EDGE('',*,*,#1568,.T.);
#2142=ORIENTED_EDGE('',*,*,#1348,.T.);
#2143=ORIENTED_EDGE('',*,*,#1295,.T.);
#2144=ORIENTED_EDGE('',*,*,#1585,.T.);
#2145=ORIENTED_EDGE('',*,*,#1347,.F.);
#2146=ORIENTED_EDGE('',*,*,#1359,.F.);
#2147=ORIENTED_EDGE('',*,*,#1381,.F.);
#2148=ORIENTED_EDGE('',*,*,#1587,.F.);
#2149=ORIENTED_EDGE('',*,*,#1389,.F.);
#2150=ORIENTED_EDGE('',*,*,#1590,.F.);
#2151=ORIENTED_EDGE('',*,*,#1379,.F.);
#2152=ORIENTED_EDGE('',*,*,#1463,.F.);
#2153=ORIENTED_EDGE('',*,*,#1425,.F.);
#2154=ORIENTED_EDGE('',*,*,#1424,.F.);
#2155=ORIENTED_EDGE('',*,*,#1423,.F.);
#2156=ORIENTED_EDGE('',*,*,#1594,.F.);
#2157=ORIENTED_EDGE('',*,*,#1576,.T.);
#2158=ORIENTED_EDGE('',*,*,#1595,.F.);
#2159=ORIENTED_EDGE('',*,*,#1575,.T.);
#2160=ORIENTED_EDGE('',*,*,#1593,.F.);
#2161=ORIENTED_EDGE('',*,*,#1426,.F.);
#2162=ORIENTED_EDGE('',*,*,#1429,.F.);
#2163=ORIENTED_EDGE('',*,*,#1428,.F.);
#2164=ORIENTED_EDGE('',*,*,#1427,.F.);
#2165=ORIENTED_EDGE('',*,*,#1384,.F.);
#2166=ORIENTED_EDGE('',*,*,#1387,.F.);
#2167=ORIENTED_EDGE('',*,*,#1386,.F.);
#2168=ORIENTED_EDGE('',*,*,#1385,.F.);
#2169=ORIENTED_EDGE('',*,*,#1430,.F.);
#2170=ORIENTED_EDGE('',*,*,#1435,.F.);
#2171=ORIENTED_EDGE('',*,*,#1434,.F.);
#2172=ORIENTED_EDGE('',*,*,#1433,.F.);
#2173=ORIENTED_EDGE('',*,*,#1432,.F.);
#2174=ORIENTED_EDGE('',*,*,#1431,.F.);
#2175=ORIENTED_EDGE('',*,*,#1464,.F.);
#2176=ORIENTED_EDGE('',*,*,#1383,.F.);
#2177=ORIENTED_EDGE('',*,*,#1382,.F.);
#2178=ORIENTED_EDGE('',*,*,#1357,.F.);
#2179=ORIENTED_EDGE('',*,*,#1371,.F.);
#2180=ORIENTED_EDGE('',*,*,#1370,.F.);
#2181=ORIENTED_EDGE('',*,*,#1436,.F.);
#2182=ORIENTED_EDGE('',*,*,#1439,.F.);
#2183=ORIENTED_EDGE('',*,*,#1438,.F.);
#2184=ORIENTED_EDGE('',*,*,#1437,.F.);
#2185=ORIENTED_EDGE('',*,*,#1374,.F.);
#2186=ORIENTED_EDGE('',*,*,#1377,.F.);
#2187=ORIENTED_EDGE('',*,*,#1376,.F.);
#2188=ORIENTED_EDGE('',*,*,#1375,.F.);
#2189=ORIENTED_EDGE('',*,*,#1362,.F.);
#2190=ORIENTED_EDGE('',*,*,#1361,.F.);
#2191=ORIENTED_EDGE('',*,*,#1465,.F.);
#2192=ORIENTED_EDGE('',*,*,#1373,.F.);
#2193=ORIENTED_EDGE('',*,*,#1372,.F.);
#2194=ORIENTED_EDGE('',*,*,#1355,.F.);
#2195=ORIENTED_EDGE('',*,*,#1440,.F.);
#2196=ORIENTED_EDGE('',*,*,#1445,.F.);
#2197=ORIENTED_EDGE('',*,*,#1444,.F.);
#2198=ORIENTED_EDGE('',*,*,#1443,.F.);
#2199=ORIENTED_EDGE('',*,*,#1442,.F.);
#2200=ORIENTED_EDGE('',*,*,#1441,.F.);
#2201=ORIENTED_EDGE('',*,*,#1446,.F.);
#2202=ORIENTED_EDGE('',*,*,#1449,.F.);
#2203=ORIENTED_EDGE('',*,*,#1448,.F.);
#2204=ORIENTED_EDGE('',*,*,#1447,.F.);
#2205=ORIENTED_EDGE('',*,*,#1365,.F.);
#2206=ORIENTED_EDGE('',*,*,#1368,.F.);
#2207=ORIENTED_EDGE('',*,*,#1367,.F.);
#2208=ORIENTED_EDGE('',*,*,#1366,.F.);
#2209=ORIENTED_EDGE('',*,*,#1392,.F.);
#2210=ORIENTED_EDGE('',*,*,#1391,.F.);
#2211=ORIENTED_EDGE('',*,*,#1466,.F.);
#2212=ORIENTED_EDGE('',*,*,#1364,.F.);
#2213=ORIENTED_EDGE('',*,*,#1363,.F.);
#2214=ORIENTED_EDGE('',*,*,#1353,.F.);
#2215=ORIENTED_EDGE('',*,*,#1450,.F.);
#2216=ORIENTED_EDGE('',*,*,#1455,.F.);
#2217=ORIENTED_EDGE('',*,*,#1454,.F.);
#2218=ORIENTED_EDGE('',*,*,#1453,.F.);
#2219=ORIENTED_EDGE('',*,*,#1452,.F.);
#2220=ORIENTED_EDGE('',*,*,#1451,.F.);
#2221=ORIENTED_EDGE('',*,*,#1456,.F.);
#2222=ORIENTED_EDGE('',*,*,#1459,.F.);
#2223=ORIENTED_EDGE('',*,*,#1458,.F.);
#2224=ORIENTED_EDGE('',*,*,#1457,.F.);
#2225=ORIENTED_EDGE('',*,*,#1395,.F.);
#2226=ORIENTED_EDGE('',*,*,#1398,.F.);
#2227=ORIENTED_EDGE('',*,*,#1397,.F.);
#2228=ORIENTED_EDGE('',*,*,#1396,.F.);
#2229=ORIENTED_EDGE('',*,*,#1479,.F.);
#2230=ORIENTED_EDGE('',*,*,#1596,.T.);
#2231=ORIENTED_EDGE('',*,*,#1338,.F.);
#2232=ORIENTED_EDGE('',*,*,#1477,.F.);
#2233=ORIENTED_EDGE('',*,*,#1476,.F.);
#2234=ORIENTED_EDGE('',*,*,#1597,.T.);
#2235=ORIENTED_EDGE('',*,*,#1598,.T.);
#2236=ORIENTED_EDGE('',*,*,#1599,.T.);
#2237=ORIENTED_EDGE('',*,*,#1306,.F.);
#2238=ORIENTED_EDGE('',*,*,#1600,.T.);
#2239=ORIENTED_EDGE('',*,*,#1601,.T.);
#2240=ORIENTED_EDGE('',*,*,#1602,.T.);
#2241=ORIENTED_EDGE('',*,*,#1339,.F.);
#2242=ORIENTED_EDGE('',*,*,#1603,.T.);
#2243=ORIENTED_EDGE('',*,*,#1475,.F.);
#2244=ORIENTED_EDGE('',*,*,#1604,.T.);
#2245=ORIENTED_EDGE('',*,*,#1605,.T.);
#2246=ORIENTED_EDGE('',*,*,#1606,.T.);
#2247=ORIENTED_EDGE('',*,*,#1559,.F.);
#2248=ORIENTED_EDGE('',*,*,#1607,.T.);
#2249=ORIENTED_EDGE('',*,*,#1351,.F.);
#2250=ORIENTED_EDGE('',*,*,#1307,.F.);
#2251=ORIENTED_EDGE('',*,*,#1599,.F.);
#2252=ORIENTED_EDGE('',*,*,#1598,.F.);
#2253=ORIENTED_EDGE('',*,*,#1596,.F.);
#2254=ORIENTED_EDGE('',*,*,#1460,.F.);
#2255=ORIENTED_EDGE('',*,*,#1394,.F.);
#2256=ORIENTED_EDGE('',*,*,#1393,.F.);
#2257=ORIENTED_EDGE('',*,*,#1415,.F.);
#2258=ORIENTED_EDGE('',*,*,#1414,.F.);
#2259=ORIENTED_EDGE('',*,*,#1413,.F.);
#2260=ORIENTED_EDGE('',*,*,#1412,.F.);
#2261=ORIENTED_EDGE('',*,*,#1597,.F.);
#2262=ORIENTED_EDGE('',*,*,#1603,.F.);
#2263=ORIENTED_EDGE('',*,*,#1607,.F.);
#2264=ORIENTED_EDGE('',*,*,#1558,.F.);
#2265=ORIENTED_EDGE('',*,*,#1602,.F.);
#2266=ORIENTED_EDGE('',*,*,#1601,.F.);
#2267=ORIENTED_EDGE('',*,*,#1600,.F.);
#2268=ORIENTED_EDGE('',*,*,#1608,.F.);
#2269=ORIENTED_EDGE('',*,*,#1419,.F.);
#2270=ORIENTED_EDGE('',*,*,#1609,.F.);
#2271=ORIENTED_EDGE('',*,*,#1421,.F.);
#2272=ORIENTED_EDGE('',*,*,#1420,.F.);
#2273=ORIENTED_EDGE('',*,*,#1555,.T.);
#2274=ORIENTED_EDGE('',*,*,#1610,.F.);
#2275=ORIENTED_EDGE('',*,*,#1553,.T.);
#2276=ORIENTED_EDGE('',*,*,#1611,.F.);
#2277=ORIENTED_EDGE('',*,*,#1334,.F.);
#2278=ORIENTED_EDGE('',*,*,#1612,.F.);
#2279=ORIENTED_EDGE('',*,*,#1336,.F.);
#2280=ORIENTED_EDGE('',*,*,#1335,.F.);
#2281=ORIENTED_EDGE('',*,*,#1564,.T.);
#2282=ORIENTED_EDGE('',*,*,#1611,.T.);
#2283=ORIENTED_EDGE('',*,*,#1562,.T.);
#2284=ORIENTED_EDGE('',*,*,#1595,.T.);
#2285=ORIENTED_EDGE('',*,*,#1340,.F.);
#2286=ORIENTED_EDGE('',*,*,#1608,.T.);
#2287=ORIENTED_EDGE('',*,*,#1305,.F.);
#2288=ORIENTED_EDGE('',*,*,#1612,.T.);
#2289=ORIENTED_EDGE('',*,*,#1474,.F.);
#2290=ORIENTED_EDGE('',*,*,#1613,.T.);
#2291=ORIENTED_EDGE('',*,*,#1560,.F.);
#2292=ORIENTED_EDGE('',*,*,#1614,.T.);
#2293=ORIENTED_EDGE('',*,*,#1550,.T.);
#2294=ORIENTED_EDGE('',*,*,#1615,.T.);
#2295=ORIENTED_EDGE('',*,*,#1548,.T.);
#2296=ORIENTED_EDGE('',*,*,#1610,.T.);
#2297=ORIENTED_EDGE('',*,*,#1501,.F.);
#2298=ORIENTED_EDGE('',*,*,#1500,.F.);
#2299=ORIENTED_EDGE('',*,*,#1616,.T.);
#2300=ORIENTED_EDGE('',*,*,#1529,.F.);
#2301=ORIENTED_EDGE('',*,*,#1316,.F.);
#2302=ORIENTED_EDGE('',*,*,#1617,.F.);
#2303=ORIENTED_EDGE('',*,*,#1618,.F.);
#2304=ORIENTED_EDGE('',*,*,#1619,.T.);
#2305=ORIENTED_EDGE('',*,*,#1620,.T.);
#2306=ORIENTED_EDGE('',*,*,#1621,.T.);
#2307=ORIENTED_EDGE('',*,*,#1618,.T.);
#2308=ORIENTED_EDGE('',*,*,#1622,.F.);
#2309=ORIENTED_EDGE('',*,*,#1623,.F.);
#2310=ORIENTED_EDGE('',*,*,#1624,.T.);
#2311=ORIENTED_EDGE('',*,*,#1620,.F.);
#2312=ORIENTED_EDGE('',*,*,#1625,.F.);
#2313=ORIENTED_EDGE('',*,*,#1342,.F.);
#2314=ORIENTED_EDGE('',*,*,#1626,.F.);
#2315=ORIENTED_EDGE('',*,*,#1345,.F.);
#2316=ORIENTED_EDGE('',*,*,#1627,.F.);
#2317=ORIENTED_EDGE('',*,*,#1628,.F.);
#2318=ORIENTED_EDGE('',*,*,#1629,.T.);
#2319=ORIENTED_EDGE('',*,*,#1344,.T.);
#2320=ORIENTED_EDGE('',*,*,#1626,.T.);
#2321=ORIENTED_EDGE('',*,*,#1630,.T.);
#2322=ORIENTED_EDGE('',*,*,#1623,.T.);
#2323=ORIENTED_EDGE('',*,*,#1341,.T.);
#2324=ORIENTED_EDGE('',*,*,#1519,.F.);
#2325=ORIENTED_EDGE('',*,*,#1516,.T.);
#2326=ORIENTED_EDGE('',*,*,#1515,.T.);
#2327=ORIENTED_EDGE('',*,*,#1514,.T.);
#2328=ORIENTED_EDGE('',*,*,#1631,.F.);
#2329=ORIENTED_EDGE('',*,*,#1510,.T.);
#2330=ORIENTED_EDGE('',*,*,#1513,.T.);
#2331=ORIENTED_EDGE('',*,*,#1512,.T.);
#2332=ORIENTED_EDGE('',*,*,#1521,.F.);
#2333=ORIENTED_EDGE('',*,*,#1628,.T.);
#2334=ORIENTED_EDGE('',*,*,#1632,.F.);
#2335=ORIENTED_EDGE('',*,*,#1633,.T.);
#2336=ORIENTED_EDGE('',*,*,#1634,.T.);
#2337=ORIENTED_EDGE('',*,*,#1534,.F.);
#2338=ORIENTED_EDGE('',*,*,#1545,.F.);
#2339=ORIENTED_EDGE('',*,*,#1536,.F.);
#2340=ORIENTED_EDGE('',*,*,#1535,.F.);
#2341=ORIENTED_EDGE('',*,*,#1539,.F.);
#2342=ORIENTED_EDGE('',*,*,#1616,.F.);
#2343=ORIENTED_EDGE('',*,*,#1520,.F.);
#2344=ORIENTED_EDGE('',*,*,#1625,.T.);
#2345=ORIENTED_EDGE('',*,*,#1635,.F.);
#2346=ORIENTED_EDGE('',*,*,#1636,.F.);
#2347=ORIENTED_EDGE('',*,*,#1617,.T.);
#2348=ORIENTED_EDGE('',*,*,#1635,.T.);
#2349=ORIENTED_EDGE('',*,*,#1622,.T.);
#2350=ORIENTED_EDGE('',*,*,#1636,.T.);
#2351=ORIENTED_EDGE('',*,*,#1524,.T.);
#2352=ORIENTED_EDGE('',*,*,#1547,.F.);
#2353=ORIENTED_EDGE('',*,*,#1523,.T.);
#2354=ORIENTED_EDGE('',*,*,#1631,.T.);
#2355=ORIENTED_EDGE('',*,*,#1637,.T.);
#2356=ORIENTED_EDGE('',*,*,#1638,.T.);
#2357=ORIENTED_EDGE('',*,*,#1632,.T.);
#2358=ORIENTED_EDGE('',*,*,#1543,.T.);
#2359=ORIENTED_EDGE('',*,*,#1533,.T.);
#2360=ORIENTED_EDGE('',*,*,#1541,.T.);
#2361=ORIENTED_EDGE('',*,*,#1615,.F.);
#2362=ORIENTED_EDGE('',*,*,#1639,.T.);
#2363=ORIENTED_EDGE('',*,*,#1640,.T.);
#2364=ORIENTED_EDGE('',*,*,#1641,.T.);
#2365=ORIENTED_EDGE('',*,*,#1642,.T.);
#2366=ORIENTED_EDGE('',*,*,#1643,.T.);
#2367=ORIENTED_EDGE('',*,*,#1641,.F.);
#2368=ORIENTED_EDGE('',*,*,#1643,.F.);
#2369=ORIENTED_EDGE('',*,*,#1644,.T.);
#2370=ORIENTED_EDGE('',*,*,#1639,.F.);
#2371=ORIENTED_EDGE('',*,*,#1644,.F.);
#2372=ORIENTED_EDGE('',*,*,#1642,.F.);
#2373=ORIENTED_EDGE('',*,*,#1531,.F.);
#2374=ORIENTED_EDGE('',*,*,#1645,.T.);
#2375=ORIENTED_EDGE('',*,*,#1633,.F.);
#2376=ORIENTED_EDGE('',*,*,#1646,.F.);
#2377=ORIENTED_EDGE('',*,*,#1313,.F.);
#2378=ORIENTED_EDGE('',*,*,#1629,.F.);
#2379=ORIENTED_EDGE('',*,*,#1634,.F.);
#2380=ORIENTED_EDGE('',*,*,#1645,.F.);
#2381=ORIENTED_EDGE('',*,*,#1530,.F.);
#2382=ORIENTED_EDGE('',*,*,#1619,.F.);
#2383=ORIENTED_EDGE('',*,*,#1621,.F.);
#2384=ORIENTED_EDGE('',*,*,#1624,.F.);
#2385=ORIENTED_EDGE('',*,*,#1630,.F.);
#2386=ORIENTED_EDGE('',*,*,#1640,.F.);
#2387=ORIENTED_EDGE('',*,*,#1586,.T.);
#2388=ORIENTED_EDGE('',*,*,#1580,.T.);
#2389=ORIENTED_EDGE('',*,*,#1583,.T.);
#2390=ORIENTED_EDGE('',*,*,#1647,.T.);
#2391=ORIENTED_EDGE('',*,*,#1648,.T.);
#2392=ORIENTED_EDGE('',*,*,#1649,.T.);
#2393=ORIENTED_EDGE('',*,*,#1647,.F.);
#2394=ORIENTED_EDGE('',*,*,#1582,.T.);
#2395=ORIENTED_EDGE('',*,*,#1650,.T.);
#2396=ORIENTED_EDGE('',*,*,#1648,.F.);
#2397=ORIENTED_EDGE('',*,*,#1649,.F.);
#2398=ORIENTED_EDGE('',*,*,#1651,.T.);
#2399=ORIENTED_EDGE('',*,*,#1652,.F.);
#2400=ORIENTED_EDGE('',*,*,#1651,.F.);
#2401=ORIENTED_EDGE('',*,*,#1301,.F.);
#2402=ORIENTED_EDGE('',*,*,#1653,.T.);
#2403=ORIENTED_EDGE('',*,*,#1293,.F.);
#2404=ORIENTED_EDGE('',*,*,#1594,.T.);
#2405=ORIENTED_EDGE('',*,*,#1592,.F.);
#2406=ORIENTED_EDGE('',*,*,#1591,.F.);
#2407=ORIENTED_EDGE('',*,*,#1609,.T.);
#2408=ORIENTED_EDGE('',*,*,#1584,.F.);
#2409=ORIENTED_EDGE('',*,*,#1650,.F.);
#2410=ORIENTED_EDGE('',*,*,#1581,.F.);
#2411=ORIENTED_EDGE('',*,*,#1653,.F.);
#2412=ORIENTED_EDGE('',*,*,#1482,.T.);
#2413=ORIENTED_EDGE('',*,*,#1574,.T.);
#2414=ORIENTED_EDGE('',*,*,#1480,.T.);
#2415=ORIENTED_EDGE('',*,*,#1552,.T.);
#2416=ORIENTED_EDGE('',*,*,#1490,.F.);
#2417=ORIENTED_EDGE('',*,*,#1489,.F.);
#2418=ORIENTED_EDGE('',*,*,#1488,.F.);
#2419=ORIENTED_EDGE('',*,*,#1613,.F.);
#2420=ORIENTED_EDGE('',*,*,#1326,.F.);
#2421=ORIENTED_EDGE('',*,*,#1654,.T.);
#2422=ORIENTED_EDGE('',*,*,#1327,.F.);
#2423=ORIENTED_EDGE('',*,*,#1310,.F.);
#2424=ORIENTED_EDGE('',*,*,#1646,.T.);
#2425=ORIENTED_EDGE('',*,*,#1638,.F.);
#2426=ORIENTED_EDGE('',*,*,#1637,.F.);
#2427=ORIENTED_EDGE('',*,*,#1627,.T.);
#2428=ORIENTED_EDGE('',*,*,#1319,.F.);
#2429=ORIENTED_EDGE('',*,*,#1654,.F.);
#2430=ORIENTED_EDGE('',*,*,#1652,.T.);
#2431=ORIENTED_EDGE('',*,*,#1604,.F.);
#2432=ORIENTED_EDGE('',*,*,#1614,.F.);
#2433=ORIENTED_EDGE('',*,*,#1606,.F.);
#2434=ORIENTED_EDGE('',*,*,#1605,.F.);
#2435=ORIENTED_EDGE('',*,*,#1655,.T.);
#2436=ORIENTED_EDGE('',*,*,#1656,.T.);
#2437=ORIENTED_EDGE('',*,*,#1657,.T.);
#2438=ORIENTED_EDGE('',*,*,#1658,.T.);
#2439=ORIENTED_EDGE('',*,*,#1656,.F.);
#2440=ORIENTED_EDGE('',*,*,#1658,.F.);
#2441=ORIENTED_EDGE('',*,*,#1659,.T.);
#2442=ORIENTED_EDGE('',*,*,#1660,.T.);
#2443=ORIENTED_EDGE('',*,*,#1659,.F.);
#2444=ORIENTED_EDGE('',*,*,#1657,.F.);
#2445=ORIENTED_EDGE('',*,*,#1655,.F.);
#2446=ORIENTED_EDGE('',*,*,#1660,.F.);
#2447=B_SPLINE_SURFACE_WITH_KNOTS('',3,3,((#3824,#3825,#3826,#3827,#3828,
#3829,#3830,#3831,#3832,#3833,#3834,#3835,#3836,#3837,#3838),(#3839,#3840,
#3841,#3842,#3843,#3844,#3845,#3846,#3847,#3848,#3849,#3850,#3851,#3852,
#3853),(#3854,#3855,#3856,#3857,#3858,#3859,#3860,#3861,#3862,#3863,#3864,
#3865,#3866,#3867,#3868),(#3869,#3870,#3871,#3872,#3873,#3874,#3875,#3876,
#3877,#3878,#3879,#3880,#3881,#3882,#3883),(#3884,#3885,#3886,#3887,#3888,
#3889,#3890,#3891,#3892,#3893,#3894,#3895,#3896,#3897,#3898)),
 .UNSPECIFIED.,.F.,.T.,.F.,(4,1,4),(4,1,1,1,1,1,1,1,1,1,1,1,4),(0.,0.571428571428571,
1.),(-3.14159265358979,-2.46839422782055,-2.24399475256414,-1.79519580205131,
-1.34639685153848,-0.897597901025655,-0.448798950512828,0.448798950512828,
1.34639685153848,1.79519580205131,2.24399475256414,2.69279370307697,3.14159265358979),
 .UNSPECIFIED.);
#2448=ADVANCED_FACE('',(#519),#2447,.F.);
#2449=ADVANCED_FACE('',(#520),#458,.T.);
#2450=ADVANCED_FACE('',(#521),#291,.T.);
#2451=ADVANCED_FACE('',(#522),#290,.F.);
#2452=ADVANCED_FACE('',(#523),#459,.T.);
#2453=ADVANCED_FACE('',(#524),#292,.F.);
#2454=ADVANCED_FACE('',(#525),#215,.T.);
#2455=ADVANCED_FACE('',(#526),#460,.T.);
#2456=ADVANCED_FACE('',(#527),#216,.T.);
#2457=ADVANCED_FACE('',(#528),#217,.T.);
#2458=ADVANCED_FACE('',(#529),#218,.T.);
#2459=ADVANCED_FACE('',(#530),#219,.T.);
#2460=ADVANCED_FACE('',(#531),#220,.T.);
#2461=ADVANCED_FACE('',(#532),#221,.T.);
#2462=ADVANCED_FACE('',(#533),#461,.T.);
#2463=ADVANCED_FACE('',(#534),#222,.T.);
#2464=ADVANCED_FACE('',(#535),#223,.T.);
#2465=ADVANCED_FACE('',(#536),#462,.T.);
#2466=ADVANCED_FACE('',(#537),#224,.T.);
#2467=ADVANCED_FACE('',(#538),#225,.T.);
#2468=ADVANCED_FACE('',(#539),#226,.F.);
#2469=ADVANCED_FACE('',(#540),#227,.F.);
#2470=ADVANCED_FACE('',(#541),#228,.T.);
#2471=ADVANCED_FACE('',(#542),#229,.T.);
#2472=ADVANCED_FACE('',(#543),#230,.T.);
#2473=ADVANCED_FACE('',(#544),#463,.T.);
#2474=ADVANCED_FACE('',(#545),#464,.T.);
#2475=ADVANCED_FACE('',(#546,#19),#465,.T.);
#2476=ADVANCED_FACE('',(#547,#20),#466,.T.);
#2477=ADVANCED_FACE('',(#548,#21),#467,.T.);
#2478=ADVANCED_FACE('',(#549),#468,.T.);
#2479=ADVANCED_FACE('',(#550,#22),#469,.T.);
#2480=ADVANCED_FACE('',(#551),#231,.T.);
#2481=ADVANCED_FACE('',(#552),#232,.T.);
#2482=ADVANCED_FACE('',(#553,#23,#24,#25,#26,#27,#28,#29),#470,.T.);
#2483=ADVANCED_FACE('',(#554),#471,.T.);
#2484=ADVANCED_FACE('',(#555),#472,.T.);
#2485=ADVANCED_FACE('',(#556),#473,.T.);
#2486=ADVANCED_FACE('',(#557),#233,.T.);
#2487=ADVANCED_FACE('',(#558),#234,.T.);
#2488=ADVANCED_FACE('',(#559),#235,.T.);
#2489=ADVANCED_FACE('',(#560),#236,.T.);
#2490=ADVANCED_FACE('',(#561),#237,.F.);
#2491=ADVANCED_FACE('',(#562),#238,.F.);
#2492=ADVANCED_FACE('',(#563),#239,.F.);
#2493=ADVANCED_FACE('',(#564),#240,.F.);
#2494=ADVANCED_FACE('',(#565),#241,.T.);
#2495=ADVANCED_FACE('',(#566),#242,.T.);
#2496=ADVANCED_FACE('',(#567),#243,.T.);
#2497=ADVANCED_FACE('',(#568),#244,.T.);
#2498=ADVANCED_FACE('',(#569),#245,.T.);
#2499=ADVANCED_FACE('',(#570),#246,.T.);
#2500=ADVANCED_FACE('',(#571),#474,.T.);
#2501=ADVANCED_FACE('',(#572),#475,.T.);
#2502=ADVANCED_FACE('',(#573),#476,.T.);
#2503=ADVANCED_FACE('',(#574),#477,.T.);
#2504=ADVANCED_FACE('',(#575),#247,.T.);
#2505=ADVANCED_FACE('',(#576),#248,.T.);
#2506=ADVANCED_FACE('',(#577),#478,.T.);
#2507=ADVANCED_FACE('',(#578),#479,.T.);
#2508=ADVANCED_FACE('',(#579),#480,.T.);
#2509=ADVANCED_FACE('',(#580),#481,.T.);
#2510=ADVANCED_FACE('',(#581),#249,.T.);
#2511=ADVANCED_FACE('',(#582),#250,.T.);
#2512=ADVANCED_FACE('',(#583),#251,.T.);
#2513=ADVANCED_FACE('',(#584),#252,.F.);
#2514=ADVANCED_FACE('',(#585),#253,.F.);
#2515=ADVANCED_FACE('',(#586),#254,.F.);
#2516=ADVANCED_FACE('',(#587),#255,.T.);
#2517=ADVANCED_FACE('',(#588),#256,.T.);
#2518=ADVANCED_FACE('',(#589),#257,.T.);
#2519=ADVANCED_FACE('',(#590),#258,.T.);
#2520=ADVANCED_FACE('',(#591),#259,.T.);
#2521=ADVANCED_FACE('',(#592),#260,.T.);
#2522=ADVANCED_FACE('',(#593),#482,.T.);
#2523=ADVANCED_FACE('',(#594),#483,.T.);
#2524=ADVANCED_FACE('',(#595),#484,.T.);
#2525=ADVANCED_FACE('',(#596),#293,.T.);
#2526=ADVANCED_FACE('',(#597),#294,.T.);
#2527=ADVANCED_FACE('',(#598),#295,.T.);
#2528=ADVANCED_FACE('',(#599),#261,.T.);
#2529=ADVANCED_FACE('',(#600),#262,.T.);
#2530=ADVANCED_FACE('',(#601),#263,.T.);
#2531=ADVANCED_FACE('',(#602),#264,.T.);
#2532=ADVANCED_FACE('',(#603),#265,.T.);
#2533=ADVANCED_FACE('',(#604),#485,.T.);
#2534=ADVANCED_FACE('',(#605),#486,.T.);
#2535=ADVANCED_FACE('',(#606),#487,.T.);
#2536=ADVANCED_FACE('',(#607),#488,.T.);
#2537=ADVANCED_FACE('',(#608),#489,.T.);
#2538=ADVANCED_FACE('',(#609),#490,.T.);
#2539=ADVANCED_FACE('',(#610),#491,.T.);
#2540=ADVANCED_FACE('',(#611),#492,.T.);
#2541=ADVANCED_FACE('',(#612),#493,.T.);
#2542=ADVANCED_FACE('',(#613),#494,.T.);
#2543=ADVANCED_FACE('',(#614),#495,.T.);
#2544=ADVANCED_FACE('',(#615),#496,.T.);
#2545=ADVANCED_FACE('',(#616),#497,.T.);
#2546=ADVANCED_FACE('',(#617),#498,.T.);
#2547=ADVANCED_FACE('',(#618),#499,.T.);
#2548=ADVANCED_FACE('',(#619),#500,.T.);
#2549=ADVANCED_FACE('',(#620),#501,.T.);
#2550=ADVANCED_FACE('',(#621),#502,.T.);
#2551=ADVANCED_FACE('',(#622),#266,.T.);
#2552=ADVANCED_FACE('',(#623),#267,.T.);
#2553=ADVANCED_FACE('',(#624),#503,.T.);
#2554=ADVANCED_FACE('',(#625),#504,.T.);
#2555=ADVANCED_FACE('',(#626),#505,.T.);
#2556=ADVANCED_FACE('',(#627),#506,.T.);
#2557=ADVANCED_FACE('',(#628),#507,.T.);
#2558=ADVANCED_FACE('',(#629),#508,.T.);
#2559=ADVANCED_FACE('',(#630),#268,.F.);
#2560=ADVANCED_FACE('',(#631),#269,.F.);
#2561=ADVANCED_FACE('',(#632),#270,.T.);
#2562=ADVANCED_FACE('',(#633),#271,.T.);
#2563=ADVANCED_FACE('',(#634),#272,.T.);
#2564=ADVANCED_FACE('',(#635),#273,.T.);
#2565=ADVANCED_FACE('',(#636),#274,.T.);
#2566=ADVANCED_FACE('',(#637),#275,.T.);
#2567=ADVANCED_FACE('',(#638),#276,.T.);
#2568=ADVANCED_FACE('',(#639),#277,.T.);
#2569=ADVANCED_FACE('',(#640),#278,.T.);
#2570=ADVANCED_FACE('',(#641),#279,.T.);
#2571=ADVANCED_FACE('',(#642),#280,.T.);
#2572=ADVANCED_FACE('',(#643),#281,.T.);
#2573=ADVANCED_FACE('',(#644),#509,.T.);
#2574=ADVANCED_FACE('',(#645),#510,.T.);
#2575=ADVANCED_FACE('',(#646),#511,.T.);
#2576=ADVANCED_FACE('',(#647),#512,.T.);
#2577=ADVANCED_FACE('',(#648),#513,.T.);
#2578=ADVANCED_FACE('',(#649),#296,.T.);
#2579=ADVANCED_FACE('',(#650),#282,.T.);
#2580=ADVANCED_FACE('',(#651),#514,.F.);
#2581=ADVANCED_FACE('',(#652),#283,.T.);
#2582=ADVANCED_FACE('',(#653,#30),#297,.T.);
#2583=ADVANCED_FACE('',(#654),#284,.T.);
#2584=ADVANCED_FACE('',(#655),#515,.F.);
#2585=ADVANCED_FACE('',(#656),#285,.T.);
#2586=ADVANCED_FACE('',(#657),#298,.T.);
#2587=ADVANCED_FACE('',(#658),#286,.T.);
#2588=ADVANCED_FACE('',(#659),#287,.F.);
#2589=ADVANCED_FACE('',(#660),#288,.T.);
#2590=ADVANCED_FACE('',(#661),#516,.T.);
#2591=ADVANCED_FACE('',(#662),#299,.F.);
#2592=ADVANCED_FACE('',(#663),#517,.T.);
#2593=ADVANCED_FACE('',(#664),#289,.T.);
#2594=ADVANCED_FACE('',(#665),#518,.T.);
#2595=ADVANCED_FACE('',(#666),#300,.T.);
#2596=ADVANCED_FACE('',(#667),#301,.F.);
#2597=CLOSED_SHELL('',(#2448,#2449,#2450,#2451,#2452,#2453,#2454,#2455,
#2456));
#2598=CLOSED_SHELL('',(#2457,#2458,#2459,#2460,#2461,#2462,#2463,#2464,
#2465,#2466,#2467,#2468,#2469,#2470,#2471,#2472,#2473,#2474,#2475,#2476,
#2477,#2478,#2479,#2480,#2481,#2482,#2483,#2484,#2485,#2486,#2487,#2488,
#2489,#2490,#2491,#2492,#2493,#2494,#2495,#2496,#2497,#2498,#2499,#2500,
#2501,#2502,#2503,#2504,#2505,#2506,#2507,#2508,#2509,#2510,#2511,#2512,
#2513,#2514,#2515,#2516,#2517,#2518,#2519,#2520,#2521,#2522,#2523,#2524,
#2525,#2526,#2527,#2528,#2529,#2530,#2531,#2532,#2533,#2534,#2535,#2536,
#2537,#2538,#2539,#2540,#2541,#2542,#2543,#2544,#2545,#2546,#2547,#2548,
#2549,#2550,#2551,#2552,#2553,#2554,#2555,#2556,#2557,#2558,#2559,#2560,
#2561,#2562,#2563,#2564,#2565,#2566,#2567,#2568,#2569,#2570,#2571,#2572,
#2573,#2574,#2575,#2576,#2577,#2578,#2579,#2580,#2581,#2582,#2583,#2584,
#2585,#2586,#2587,#2588,#2589,#2590,#2591,#2592));
#2599=CLOSED_SHELL('',(#2593,#2594,#2595,#2596));
#2600=DERIVED_UNIT_ELEMENT(#2602,1.);
#2601=DERIVED_UNIT_ELEMENT(#5389,-3.);
#2602=(
MASS_UNIT()
NAMED_UNIT(*)
SI_UNIT(.KILO.,.GRAM.)
);
#2603=DERIVED_UNIT((#2600,#2601));
#2604=MEASURE_REPRESENTATION_ITEM('density measure',
POSITIVE_RATIO_MEASURE(7850.),#2603);
#2605=PROPERTY_DEFINITION_REPRESENTATION(#2610,#2607);
#2606=PROPERTY_DEFINITION_REPRESENTATION(#2611,#2608);
#2607=REPRESENTATION('material name',(#2609),#5386);
#2608=REPRESENTATION('density',(#2604),#5386);
#2609=DESCRIPTIVE_REPRESENTATION_ITEM('Steel','Steel');
#2610=PROPERTY_DEFINITION('material property','material name',#5406);
#2611=PROPERTY_DEFINITION('material property','density of part',#5406);
#2612=AXIS2_PLACEMENT_3D('',#3821,#2989,#2990);
#2613=AXIS2_PLACEMENT_3D('',#3822,#2991,#2992);
#2614=AXIS2_PLACEMENT_3D('',#3823,#2993,#2994);
#2615=AXIS2_PLACEMENT_3D('',#3901,#2995,#2996);
#2616=AXIS2_PLACEMENT_3D('',#3902,#2997,#2998);
#2617=AXIS2_PLACEMENT_3D('',#3903,#2999,#3000);
#2618=AXIS2_PLACEMENT_3D('',#3904,#3001,#3002);
#2619=AXIS2_PLACEMENT_3D('',#3908,#3004,#3005);
#2620=AXIS2_PLACEMENT_3D('',#3909,#3006,#3007);
#2621=AXIS2_PLACEMENT_3D('',#3910,#3008,#3009);
#2622=AXIS2_PLACEMENT_3D('',#3939,#3010,#3011);
#2623=AXIS2_PLACEMENT_3D('',#3941,#3012,#3013);
#2624=AXIS2_PLACEMENT_3D('',#3942,#3014,#3015);
#2625=AXIS2_PLACEMENT_3D('',#3943,#3016,#3017);
#2626=AXIS2_PLACEMENT_3D('',#3946,#3018,#3019);
#2627=AXIS2_PLACEMENT_3D('',#3948,#3021,#3022);
#2628=AXIS2_PLACEMENT_3D('',#3949,#3023,#3024);
#2629=AXIS2_PLACEMENT_3D('',#3950,#3025,#3026);
#2630=AXIS2_PLACEMENT_3D('',#3952,#3027,#3028);
#2631=AXIS2_PLACEMENT_3D('',#3954,#3029,#3030);
#2632=AXIS2_PLACEMENT_3D('',#3955,#3031,#3032);
#2633=AXIS2_PLACEMENT_3D('',#3956,#3033,#3034);
#2634=AXIS2_PLACEMENT_3D('',#3960,#3036,#3037);
#2635=AXIS2_PLACEMENT_3D('',#3961,#3038,#3039);
#2636=AXIS2_PLACEMENT_3D('',#3962,#3040,#3041);
#2637=AXIS2_PLACEMENT_3D('',#3963,#3042,#3043);
#2638=AXIS2_PLACEMENT_3D('',#3964,#3044,#3045);
#2639=AXIS2_PLACEMENT_3D('',#3976,#3046,#3047);
#2640=AXIS2_PLACEMENT_3D('',#3988,#3048,#3049);
#2641=AXIS2_PLACEMENT_3D('',#3989,#3050,#3051);
#2642=AXIS2_PLACEMENT_3D('',#4001,#3052,#3053);
#2643=AXIS2_PLACEMENT_3D('',#4013,#3054,#3055);
#2644=AXIS2_PLACEMENT_3D('',#4014,#3056,#3057);
#2645=AXIS2_PLACEMENT_3D('',#4026,#3058,#3059);
#2646=AXIS2_PLACEMENT_3D('',#4038,#3060,#3061);
#2647=AXIS2_PLACEMENT_3D('',#4039,#3062,#3063);
#2648=AXIS2_PLACEMENT_3D('',#4051,#3064,#3065);
#2649=AXIS2_PLACEMENT_3D('',#4063,#3066,#3067);
#2650=AXIS2_PLACEMENT_3D('',#4064,#3068,#3069);
#2651=AXIS2_PLACEMENT_3D('',#4076,#3070,#3071);
#2652=AXIS2_PLACEMENT_3D('',#4087,#3072,#3073);
#2653=AXIS2_PLACEMENT_3D('',#4088,#3074,#3075);
#2654=AXIS2_PLACEMENT_3D('',#4089,#3076,#3077);
#2655=AXIS2_PLACEMENT_3D('',#4094,#3079,#3080);
#2656=AXIS2_PLACEMENT_3D('',#4096,#3081,#3082);
#2657=AXIS2_PLACEMENT_3D('',#4097,#3083,#3084);
#2658=AXIS2_PLACEMENT_3D('',#4098,#3085,#3086);
#2659=AXIS2_PLACEMENT_3D('',#4114,#3087,#3088);
#2660=AXIS2_PLACEMENT_3D('',#4124,#3089,#3090);
#2661=AXIS2_PLACEMENT_3D('',#4133,#3091,#3092);
#2662=AXIS2_PLACEMENT_3D('',#4138,#3094,#3095);
#2663=AXIS2_PLACEMENT_3D('',#4140,#3096,#3097);
#2664=AXIS2_PLACEMENT_3D('',#4141,#3098,#3099);
#2665=AXIS2_PLACEMENT_3D('',#4142,#3100,#3101);
#2666=AXIS2_PLACEMENT_3D('',#4153,#3102,#3103);
#2667=AXIS2_PLACEMENT_3D('',#4163,#3104,#3105);
#2668=AXIS2_PLACEMENT_3D('',#4164,#3106,#3107);
#2669=AXIS2_PLACEMENT_3D('',#4191,#3108,#3109);
#2670=AXIS2_PLACEMENT_3D('',#4192,#3110,#3111);
#2671=AXIS2_PLACEMENT_3D('',#4223,#3112,#3113);
#2672=AXIS2_PLACEMENT_3D('',#4224,#3114,#3115);
#2673=AXIS2_PLACEMENT_3D('',#4240,#3116,#3117);
#2674=AXIS2_PLACEMENT_3D('',#4255,#3118,#3119);
#2675=AXIS2_PLACEMENT_3D('',#4268,#3120,#3121);
#2676=AXIS2_PLACEMENT_3D('',#4284,#3122,#3123);
#2677=AXIS2_PLACEMENT_3D('',#4293,#3124,#3125);
#2678=AXIS2_PLACEMENT_3D('',#4311,#3126,#3127);
#2679=AXIS2_PLACEMENT_3D('',#4312,#3128,#3129);
#2680=AXIS2_PLACEMENT_3D('',#4328,#3130,#3131);
#2681=AXIS2_PLACEMENT_3D('',#4331,#3133,#3134);
#2682=AXIS2_PLACEMENT_3D('',#4332,#3135,#3136);
#2683=AXIS2_PLACEMENT_3D('',#4334,#3137,#3138);
#2684=AXIS2_PLACEMENT_3D('',#4337,#3140,#3141);
#2685=AXIS2_PLACEMENT_3D('',#4355,#3151,#3152);
#2686=AXIS2_PLACEMENT_3D('',#4360,#3154,#3155);
#2687=AXIS2_PLACEMENT_3D('',#4361,#3156,#3157);
#2688=AXIS2_PLACEMENT_3D('',#4363,#3158,#3159);
#2689=AXIS2_PLACEMENT_3D('',#4364,#3160,#3161);
#2690=AXIS2_PLACEMENT_3D('',#4369,#3163,#3164);
#2691=AXIS2_PLACEMENT_3D('',#4372,#3166,#3167);
#2692=AXIS2_PLACEMENT_3D('',#4373,#3168,#3169);
#2693=AXIS2_PLACEMENT_3D('',#4378,#3171,#3172);
#2694=AXIS2_PLACEMENT_3D('',#4379,#3173,#3174);
#2695=AXIS2_PLACEMENT_3D('',#4381,#3175,#3176);
#2696=AXIS2_PLACEMENT_3D('',#4382,#3177,#3178);
#2697=AXIS2_PLACEMENT_3D('',#4387,#3180,#3181);
#2698=AXIS2_PLACEMENT_3D('',#4390,#3183,#3184);
#2699=AXIS2_PLACEMENT_3D('',#4391,#3185,#3186);
#2700=AXIS2_PLACEMENT_3D('',#4396,#3188,#3189);
#2701=AXIS2_PLACEMENT_3D('',#4398,#3190,#3191);
#2702=AXIS2_PLACEMENT_3D('',#4399,#3192,#3193);
#2703=AXIS2_PLACEMENT_3D('',#4401,#3194,#3195);
#2704=AXIS2_PLACEMENT_3D('',#4402,#3196,#3197);
#2705=AXIS2_PLACEMENT_3D('',#4407,#3199,#3200);
#2706=AXIS2_PLACEMENT_3D('',#4410,#3202,#3203);
#2707=AXIS2_PLACEMENT_3D('',#4411,#3204,#3205);
#2708=AXIS2_PLACEMENT_3D('',#4414,#3207,#3208);
#2709=AXIS2_PLACEMENT_3D('',#4415,#3209,#3210);
#2710=AXIS2_PLACEMENT_3D('',#4420,#3212,#3213);
#2711=AXIS2_PLACEMENT_3D('',#4421,#3214,#3215);
#2712=AXIS2_PLACEMENT_3D('',#4423,#3216,#3217);
#2713=AXIS2_PLACEMENT_3D('',#4424,#3218,#3219);
#2714=AXIS2_PLACEMENT_3D('',#4429,#3221,#3222);
#2715=AXIS2_PLACEMENT_3D('',#4432,#3224,#3225);
#2716=AXIS2_PLACEMENT_3D('',#4433,#3226,#3227);
#2717=AXIS2_PLACEMENT_3D('',#4443,#3228,#3229);
#2718=AXIS2_PLACEMENT_3D('',#4451,#3230,#3231);
#2719=AXIS2_PLACEMENT_3D('',#4452,#3232,#3233);
#2720=AXIS2_PLACEMENT_3D('',#4453,#3234,#3235);
#2721=AXIS2_PLACEMENT_3D('',#4454,#3236,#3237);
#2722=AXIS2_PLACEMENT_3D('',#4456,#3238,#3239);
#2723=AXIS2_PLACEMENT_3D('',#4465,#3240,#3241);
#2724=AXIS2_PLACEMENT_3D('',#4473,#3242,#3243);
#2725=AXIS2_PLACEMENT_3D('',#4474,#3244,#3245);
#2726=AXIS2_PLACEMENT_3D('',#4478,#3247,#3248);
#2727=AXIS2_PLACEMENT_3D('',#4482,#3250,#3251);
#2728=AXIS2_PLACEMENT_3D('',#4484,#3252,#3253);
#2729=AXIS2_PLACEMENT_3D('',#4488,#3255,#3256);
#2730=AXIS2_PLACEMENT_3D('',#4491,#3258,#3259);
#2731=AXIS2_PLACEMENT_3D('',#4493,#3260,#3261);
#2732=AXIS2_PLACEMENT_3D('',#4497,#3263,#3264);
#2733=AXIS2_PLACEMENT_3D('',#4499,#3265,#3266);
#2734=AXIS2_PLACEMENT_3D('',#4501,#3267,#3268);
#2735=AXIS2_PLACEMENT_3D('',#4504,#3270,#3271);
#2736=AXIS2_PLACEMENT_3D('',#4509,#3273,#3274);
#2737=AXIS2_PLACEMENT_3D('',#4512,#3276,#3277);
#2738=AXIS2_PLACEMENT_3D('',#4517,#3279,#3280);
#2739=AXIS2_PLACEMENT_3D('',#4519,#3281,#3282);
#2740=AXIS2_PLACEMENT_3D('',#4523,#3284,#3285);
#2741=AXIS2_PLACEMENT_3D('',#4524,#3286,#3287);
#2742=AXIS2_PLACEMENT_3D('',#4529,#3289,#3290);
#2743=AXIS2_PLACEMENT_3D('',#4532,#3292,#3293);
#2744=AXIS2_PLACEMENT_3D('',#4535,#3294,#3295);
#2745=AXIS2_PLACEMENT_3D('',#4537,#3296,#3297);
#2746=AXIS2_PLACEMENT_3D('',#4541,#3299,#3300);
#2747=AXIS2_PLACEMENT_3D('',#4543,#3301,#3302);
#2748=AXIS2_PLACEMENT_3D('',#4549,#3305,#3306);
#2749=AXIS2_PLACEMENT_3D('',#4552,#3308,#3309);
#2750=AXIS2_PLACEMENT_3D('',#4555,#3310,#3311);
#2751=AXIS2_PLACEMENT_3D('',#4557,#3312,#3313);
#2752=AXIS2_PLACEMENT_3D('',#4561,#3315,#3316);
#2753=AXIS2_PLACEMENT_3D('',#4563,#3317,#3318);
#2754=AXIS2_PLACEMENT_3D('',#4569,#3321,#3322);
#2755=AXIS2_PLACEMENT_3D('',#4572,#3324,#3325);
#2756=AXIS2_PLACEMENT_3D('',#4573,#3326,#3327);
#2757=AXIS2_PLACEMENT_3D('',#4577,#3329,#3330);
#2758=AXIS2_PLACEMENT_3D('',#4583,#3336,#3337);
#2759=AXIS2_PLACEMENT_3D('',#4586,#3339,#3340);
#2760=AXIS2_PLACEMENT_3D('',#4587,#3341,#3342);
#2761=AXIS2_PLACEMENT_3D('',#4590,#3344,#3345);
#2762=AXIS2_PLACEMENT_3D('',#4591,#3346,#3347);
#2763=AXIS2_PLACEMENT_3D('',#4592,#3348,#3349);
#2764=AXIS2_PLACEMENT_3D('',#4603,#3350,#3351);
#2765=AXIS2_PLACEMENT_3D('',#4614,#3352,#3353);
#2766=AXIS2_PLACEMENT_3D('',#4624,#3354,#3355);
#2767=AXIS2_PLACEMENT_3D('',#4637,#3356,#3357);
#2768=AXIS2_PLACEMENT_3D('',#4647,#3358,#3359);
#2769=AXIS2_PLACEMENT_3D('',#4648,#3360,#3361);
#2770=AXIS2_PLACEMENT_3D('',#4658,#3362,#3363);
#2771=AXIS2_PLACEMENT_3D('',#4659,#3364,#3365);
#2772=AXIS2_PLACEMENT_3D('',#4676,#3366,#3367);
#2773=AXIS2_PLACEMENT_3D('',#4693,#3368,#3369);
#2774=AXIS2_PLACEMENT_3D('',#4708,#3370,#3371);
#2775=AXIS2_PLACEMENT_3D('',#4721,#3372,#3373);
#2776=AXIS2_PLACEMENT_3D('',#4723,#3374,#3375);
#2777=AXIS2_PLACEMENT_3D('',#4739,#3376,#3377);
#2778=AXIS2_PLACEMENT_3D('',#4740,#3378,#3379);
#2779=AXIS2_PLACEMENT_3D('',#4756,#3380,#3381);
#2780=AXIS2_PLACEMENT_3D('',#4757,#3382,#3383);
#2781=AXIS2_PLACEMENT_3D('',#4773,#3384,#3385);
#2782=AXIS2_PLACEMENT_3D('',#4774,#3386,#3387);
#2783=AXIS2_PLACEMENT_3D('',#4785,#3388,#3389);
#2784=AXIS2_PLACEMENT_3D('',#4805,#3390,#3391);
#2785=AXIS2_PLACEMENT_3D('',#4814,#3392,#3393);
#2786=AXIS2_PLACEMENT_3D('',#4824,#3394,#3395);
#2787=AXIS2_PLACEMENT_3D('',#4825,#3396,#3397);
#2788=AXIS2_PLACEMENT_3D('',#4835,#3398,#3399);
#2789=AXIS2_PLACEMENT_3D('',#4836,#3400,#3401);
#2790=AXIS2_PLACEMENT_3D('',#4846,#3402,#3403);
#2791=AXIS2_PLACEMENT_3D('',#4847,#3404,#3405);
#2792=AXIS2_PLACEMENT_3D('',#4857,#3406,#3407);
#2793=AXIS2_PLACEMENT_3D('',#4865,#3408,#3409);
#2794=AXIS2_PLACEMENT_3D('',#4866,#3410,#3411);
#2795=AXIS2_PLACEMENT_3D('',#4876,#3412,#3413);
#2796=AXIS2_PLACEMENT_3D('',#4884,#3414,#3415);
#2797=AXIS2_PLACEMENT_3D('',#4885,#3416,#3417);
#2798=AXIS2_PLACEMENT_3D('',#4887,#3419,#3420);
#2799=AXIS2_PLACEMENT_3D('',#4888,#3421,#3422);
#2800=AXIS2_PLACEMENT_3D('',#4889,#3423,#3424);
#2801=AXIS2_PLACEMENT_3D('',#4890,#3425,#3426);
#2802=AXIS2_PLACEMENT_3D('',#4892,#3428,#3429);
#2803=AXIS2_PLACEMENT_3D('',#4894,#3431,#3432);
#2804=AXIS2_PLACEMENT_3D('',#4896,#3434,#3435);
#2805=AXIS2_PLACEMENT_3D('',#4906,#3436,#3437);
#2806=AXIS2_PLACEMENT_3D('',#4914,#3438,#3439);
#2807=AXIS2_PLACEMENT_3D('',#4915,#3440,#3441);
#2808=AXIS2_PLACEMENT_3D('',#4924,#3442,#3443);
#2809=AXIS2_PLACEMENT_3D('',#4931,#3444,#3445);
#2810=AXIS2_PLACEMENT_3D('',#4933,#3446,#3447);
#2811=AXIS2_PLACEMENT_3D('',#4942,#3448,#3449);
#2812=AXIS2_PLACEMENT_3D('',#4950,#3450,#3451);
#2813=AXIS2_PLACEMENT_3D('',#4951,#3452,#3453);
#2814=AXIS2_PLACEMENT_3D('',#4953,#3455,#3456);
#2815=AXIS2_PLACEMENT_3D('',#4954,#3457,#3458);
#2816=AXIS2_PLACEMENT_3D('',#4956,#3460,#3461);
#2817=AXIS2_PLACEMENT_3D('',#4959,#3463,#3464);
#2818=AXIS2_PLACEMENT_3D('',#4960,#3465,#3466);
#2819=AXIS2_PLACEMENT_3D('',#4963,#3468,#3469);
#2820=AXIS2_PLACEMENT_3D('',#4964,#3470,#3471);
#2821=AXIS2_PLACEMENT_3D('',#4965,#3472,#3473);
#2822=AXIS2_PLACEMENT_3D('',#4966,#3474,#3475);
#2823=AXIS2_PLACEMENT_3D('',#4967,#3476,#3477);
#2824=AXIS2_PLACEMENT_3D('',#4968,#3478,#3479);
#2825=AXIS2_PLACEMENT_3D('',#4978,#3480,#3481);
#2826=AXIS2_PLACEMENT_3D('',#4979,#3482,#3483);
#2827=AXIS2_PLACEMENT_3D('',#4989,#3484,#3485);
#2828=AXIS2_PLACEMENT_3D('',#4990,#3486,#3487);
#2829=AXIS2_PLACEMENT_3D('',#4991,#3488,#3489);
#2830=AXIS2_PLACEMENT_3D('',#4992,#3490,#3491);
#2831=AXIS2_PLACEMENT_3D('',#5008,#3492,#3493);
#2832=AXIS2_PLACEMENT_3D('',#5009,#3494,#3495);
#2833=AXIS2_PLACEMENT_3D('',#5025,#3496,#3497);
#2834=AXIS2_PLACEMENT_3D('',#5026,#3498,#3499);
#2835=AXIS2_PLACEMENT_3D('',#5036,#3500,#3501);
#2836=AXIS2_PLACEMENT_3D('',#5038,#3502,#3503);
#2837=AXIS2_PLACEMENT_3D('',#5047,#3504,#3505);
#2838=AXIS2_PLACEMENT_3D('',#5056,#3506,#3507);
#2839=AXIS2_PLACEMENT_3D('',#5066,#3508,#3509);
#2840=AXIS2_PLACEMENT_3D('',#5067,#3510,#3511);
#2841=AXIS2_PLACEMENT_3D('',#5077,#3512,#3513);
#2842=AXIS2_PLACEMENT_3D('',#5078,#3514,#3515);
#2843=AXIS2_PLACEMENT_3D('',#5087,#3516,#3517);
#2844=AXIS2_PLACEMENT_3D('',#5095,#3518,#3519);
#2845=AXIS2_PLACEMENT_3D('',#5096,#3520,#3521);
#2846=AXIS2_PLACEMENT_3D('',#5106,#3522,#3523);
#2847=AXIS2_PLACEMENT_3D('',#5113,#3524,#3525);
#2848=AXIS2_PLACEMENT_3D('',#5114,#3526,#3527);
#2849=AXIS2_PLACEMENT_3D('',#5115,#3528,#3529);
#2850=AXIS2_PLACEMENT_3D('',#5116,#3530,#3531);
#2851=AXIS2_PLACEMENT_3D('',#5118,#3533,#3534);
#2852=AXIS2_PLACEMENT_3D('',#5120,#3536,#3537);
#2853=AXIS2_PLACEMENT_3D('',#5123,#3539,#3540);
#2854=AXIS2_PLACEMENT_3D('',#5126,#3542,#3543);
#2855=AXIS2_PLACEMENT_3D('',#5127,#3544,#3545);
#2856=AXIS2_PLACEMENT_3D('',#5131,#3547,#3548);
#2857=AXIS2_PLACEMENT_3D('',#5132,#3549,#3550);
#2858=AXIS2_PLACEMENT_3D('',#5133,#3551,#3552);
#2859=AXIS2_PLACEMENT_3D('',#5136,#3554,#3555);
#2860=AXIS2_PLACEMENT_3D('',#5137,#3556,#3557);
#2861=AXIS2_PLACEMENT_3D('',#5138,#3558,#3559);
#2862=AXIS2_PLACEMENT_3D('',#5139,#3560,#3561);
#2863=AXIS2_PLACEMENT_3D('',#5153,#3562,#3563);
#2864=AXIS2_PLACEMENT_3D('',#5154,#3564,#3565);
#2865=AXIS2_PLACEMENT_3D('',#5155,#3566,#3567);
#2866=AXIS2_PLACEMENT_3D('',#5169,#3568,#3569);
#2867=AXIS2_PLACEMENT_3D('',#5170,#3570,#3571);
#2868=AXIS2_PLACEMENT_3D('',#5171,#3572,#3573);
#2869=AXIS2_PLACEMENT_3D('',#5172,#3574,#3575);
#2870=AXIS2_PLACEMENT_3D('',#5173,#3576,#3577);
#2871=AXIS2_PLACEMENT_3D('',#5174,#3578,#3579);
#2872=AXIS2_PLACEMENT_3D('',#5175,#3580,#3581);
#2873=AXIS2_PLACEMENT_3D('',#5176,#3582,#3583);
#2874=AXIS2_PLACEMENT_3D('',#5177,#3584,#3585);
#2875=AXIS2_PLACEMENT_3D('',#5178,#3586,#3587);
#2876=AXIS2_PLACEMENT_3D('',#5179,#3588,#3589);
#2877=AXIS2_PLACEMENT_3D('',#5180,#3590,#3591);
#2878=AXIS2_PLACEMENT_3D('',#5181,#3592,#3593);
#2879=AXIS2_PLACEMENT_3D('',#5182,#3594,#3595);
#2880=AXIS2_PLACEMENT_3D('',#5183,#3596,#3597);
#2881=AXIS2_PLACEMENT_3D('',#5184,#3598,#3599);
#2882=AXIS2_PLACEMENT_3D('',#5185,#3600,#3601);
#2883=AXIS2_PLACEMENT_3D('',#5186,#3602,#3603);
#2884=AXIS2_PLACEMENT_3D('',#5187,#3604,#3605);
#2885=AXIS2_PLACEMENT_3D('',#5188,#3606,#3607);
#2886=AXIS2_PLACEMENT_3D('',#5189,#3608,#3609);
#2887=AXIS2_PLACEMENT_3D('',#5190,#3610,#3611);
#2888=AXIS2_PLACEMENT_3D('',#5191,#3612,#3613);
#2889=AXIS2_PLACEMENT_3D('',#5192,#3614,#3615);
#2890=AXIS2_PLACEMENT_3D('',#5193,#3616,#3617);
#2891=AXIS2_PLACEMENT_3D('',#5194,#3618,#3619);
#2892=AXIS2_PLACEMENT_3D('',#5195,#3620,#3621);
#2893=AXIS2_PLACEMENT_3D('',#5196,#3622,#3623);
#2894=AXIS2_PLACEMENT_3D('',#5198,#3624,#3625);
#2895=AXIS2_PLACEMENT_3D('',#5199,#3626,#3627);
#2896=AXIS2_PLACEMENT_3D('',#5203,#3629,#3630);
#2897=AXIS2_PLACEMENT_3D('',#5205,#3632,#3633);
#2898=AXIS2_PLACEMENT_3D('',#5207,#3634,#3635);
#2899=AXIS2_PLACEMENT_3D('',#5211,#3637,#3638);
#2900=AXIS2_PLACEMENT_3D('',#5213,#3640,#3641);
#2901=AXIS2_PLACEMENT_3D('',#5214,#3642,#3643);
#2902=AXIS2_PLACEMENT_3D('',#5215,#3644,#3645);
#2903=AXIS2_PLACEMENT_3D('',#5216,#3646,#3647);
#2904=AXIS2_PLACEMENT_3D('',#5217,#3648,#3649);
#2905=AXIS2_PLACEMENT_3D('',#5218,#3650,#3651);
#2906=AXIS2_PLACEMENT_3D('',#5219,#3652,#3653);
#2907=AXIS2_PLACEMENT_3D('',#5220,#3654,#3655);
#2908=AXIS2_PLACEMENT_3D('',#5221,#3656,#3657);
#2909=AXIS2_PLACEMENT_3D('',#5222,#3658,#3659);
#2910=AXIS2_PLACEMENT_3D('',#5223,#3660,#3661);
#2911=AXIS2_PLACEMENT_3D('',#5224,#3662,#3663);
#2912=AXIS2_PLACEMENT_3D('',#5225,#3664,#3665);
#2913=AXIS2_PLACEMENT_3D('',#5226,#3666,#3667);
#2914=AXIS2_PLACEMENT_3D('',#5227,#3668,#3669);
#2915=AXIS2_PLACEMENT_3D('',#5228,#3670,#3671);
#2916=AXIS2_PLACEMENT_3D('',#5229,#3672,#3673);
#2917=AXIS2_PLACEMENT_3D('',#5230,#3674,#3675);
#2918=AXIS2_PLACEMENT_3D('',#5231,#3676,#3677);
#2919=AXIS2_PLACEMENT_3D('',#5232,#3678,#3679);
#2920=AXIS2_PLACEMENT_3D('',#5233,#3680,#3681);
#2921=AXIS2_PLACEMENT_3D('',#5234,#3682,#3683);
#2922=AXIS2_PLACEMENT_3D('',#5236,#3684,#3685);
#2923=AXIS2_PLACEMENT_3D('',#5248,#3686,#3687);
#2924=AXIS2_PLACEMENT_3D('',#5249,#3688,#3689);
#2925=AXIS2_PLACEMENT_3D('',#5262,#3690,#3691);
#2926=AXIS2_PLACEMENT_3D('',#5263,#3692,#3693);
#2927=AXIS2_PLACEMENT_3D('',#5264,#3694,#3695);
#2928=AXIS2_PLACEMENT_3D('',#5272,#3696,#3697);
#2929=AXIS2_PLACEMENT_3D('',#5273,#3698,#3699);
#2930=AXIS2_PLACEMENT_3D('',#5274,#3700,#3701);
#2931=AXIS2_PLACEMENT_3D('',#5283,#3702,#3703);
#2932=AXIS2_PLACEMENT_3D('',#5295,#3704,#3705);
#2933=AXIS2_PLACEMENT_3D('',#5296,#3706,#3707);
#2934=AXIS2_PLACEMENT_3D('',#5297,#3708,#3709);
#2935=AXIS2_PLACEMENT_3D('',#5298,#3710,#3711);
#2936=AXIS2_PLACEMENT_3D('',#5299,#3712,#3713);
#2937=AXIS2_PLACEMENT_3D('',#5301,#3714,#3715);
#2938=AXIS2_PLACEMENT_3D('',#5313,#3716,#3717);
#2939=AXIS2_PLACEMENT_3D('',#5314,#3718,#3719);
#2940=AXIS2_PLACEMENT_3D('',#5315,#3720,#3721);
#2941=AXIS2_PLACEMENT_3D('',#5317,#3722,#3723);
#2942=AXIS2_PLACEMENT_3D('',#5318,#3724,#3725);
#2943=AXIS2_PLACEMENT_3D('',#5319,#3726,#3727);
#2944=AXIS2_PLACEMENT_3D('',#5320,#3728,#3729);
#2945=AXIS2_PLACEMENT_3D('',#5321,#3730,#3731);
#2946=AXIS2_PLACEMENT_3D('',#5323,#3732,#3733);
#2947=AXIS2_PLACEMENT_3D('',#5324,#3734,#3735);
#2948=AXIS2_PLACEMENT_3D('',#5325,#3736,#3737);
#2949=AXIS2_PLACEMENT_3D('',#5326,#3738,#3739);
#2950=AXIS2_PLACEMENT_3D('',#5328,#3740,#3741);
#2951=AXIS2_PLACEMENT_3D('',#5329,#3742,#3743);
#2952=AXIS2_PLACEMENT_3D('',#5331,#3744,#3745);
#2953=AXIS2_PLACEMENT_3D('',#5333,#3746,#3747);
#2954=AXIS2_PLACEMENT_3D('',#5335,#3748,#3749);
#2955=AXIS2_PLACEMENT_3D('',#5336,#3750,#3751);
#2956=AXIS2_PLACEMENT_3D('',#5337,#3752,#3753);
#2957=AXIS2_PLACEMENT_3D('',#5339,#3755,#3756);
#2958=AXIS2_PLACEMENT_3D('',#5340,#3757,#3758);
#2959=AXIS2_PLACEMENT_3D('',#5341,#3759,#3760);
#2960=AXIS2_PLACEMENT_3D('',#5342,#3761,#3762);
#2961=AXIS2_PLACEMENT_3D('',#5343,#3763,#3764);
#2962=AXIS2_PLACEMENT_3D('',#5345,#3765,#3766);
#2963=AXIS2_PLACEMENT_3D('',#5347,#3767,#3768);
#2964=AXIS2_PLACEMENT_3D('',#5348,#3769,#3770);
#2965=AXIS2_PLACEMENT_3D('',#5349,#3771,#3772);
#2966=AXIS2_PLACEMENT_3D('',#5350,#3773,#3774);
#2967=AXIS2_PLACEMENT_3D('',#5353,#3776,#3777);
#2968=AXIS2_PLACEMENT_3D('',#5354,#3778,#3779);
#2969=AXIS2_PLACEMENT_3D('',#5355,#3780,#3781);
#2970=AXIS2_PLACEMENT_3D('',#5356,#3782,#3783);
#2971=AXIS2_PLACEMENT_3D('',#5357,#3784,#3785);
#2972=AXIS2_PLACEMENT_3D('',#5358,#3786,#3787);
#2973=AXIS2_PLACEMENT_3D('',#5359,#3788,#3789);
#2974=AXIS2_PLACEMENT_3D('',#5360,#3790,#3791);
#2975=AXIS2_PLACEMENT_3D('',#5361,#3792,#3793);
#2976=AXIS2_PLACEMENT_3D('',#5362,#3794,#3795);
#2977=AXIS2_PLACEMENT_3D('',#5363,#3796,#3797);
#2978=AXIS2_PLACEMENT_3D('',#5364,#3798,#3799);
#2979=AXIS2_PLACEMENT_3D('',#5366,#3800,#3801);
#2980=AXIS2_PLACEMENT_3D('',#5368,#3802,#3803);
#2981=AXIS2_PLACEMENT_3D('',#5370,#3804,#3805);
#2982=AXIS2_PLACEMENT_3D('',#5371,#3806,#3807);
#2983=AXIS2_PLACEMENT_3D('',#5372,#3808,#3809);
#2984=AXIS2_PLACEMENT_3D('',#5375,#3811,#3812);
#2985=AXIS2_PLACEMENT_3D('',#5376,#3813,#3814);
#2986=AXIS2_PLACEMENT_3D('',#5377,#3815,#3816);
#2987=AXIS2_PLACEMENT_3D('',#5378,#3817,#3818);
#2988=AXIS2_PLACEMENT_3D('',#5379,#3819,#3820);
#2989=DIRECTION('axis',(0.,0.,1.));
#2990=DIRECTION('refdir',(1.,0.,0.));
#2991=DIRECTION('axis',(0.,0.,1.));
#2992=DIRECTION('refdir',(1.,0.,0.));
#2993=DIRECTION('axis',(0.,0.,1.));
#2994=DIRECTION('refdir',(1.,0.,0.));
#2995=DIRECTION('center_axis',(-1.22464679914735E-16,-1.,1.22919683152903E-23));
#2996=DIRECTION('ref_axis',(-1.00371533306998E-7,-6.16297582203916E-31,
-0.999999999999995));
#2997=DIRECTION('center_axis',(-1.00371533184533E-7,0.,-0.999999999999995));
#2998=DIRECTION('ref_axis',(-0.999999999999995,0.,1.00371533184533E-7));
#2999=DIRECTION('center_axis',(1.00371533184533E-7,0.,0.999999999999995));
#3000=DIRECTION('ref_axis',(-0.999999999999995,0.,1.00371533184533E-7));
#3001=DIRECTION('center_axis',(3.96193366180798E-12,0.,-1.));
#3002=DIRECTION('ref_axis',(-1.,0.,-3.96193366181351E-12));
#3003=DIRECTION('',(-3.96193366180798E-12,0.,1.));
#3004=DIRECTION('center_axis',(-1.00371533184533E-7,0.,-0.999999999999995));
#3005=DIRECTION('ref_axis',(-0.999999999999995,0.,1.00371533184533E-7));
#3006=DIRECTION('center_axis',(-1.00371533184533E-7,0.,-0.999999999999995));
#3007=DIRECTION('ref_axis',(-0.999999999999995,0.,1.00371533184533E-7));
#3008=DIRECTION('center_axis',(-1.00371533184533E-7,0.,-0.999999999999995));
#3009=DIRECTION('ref_axis',(-0.999999999999995,0.,1.00371533184533E-7));
#3010=DIRECTION('center_axis',(0.,0.,-1.));
#3011=DIRECTION('ref_axis',(1.,0.,0.));
#3012=DIRECTION('center_axis',(1.22464679914735E-16,-1.,0.));
#3013=DIRECTION('ref_axis',(-1.,-1.22464679914735E-16,0.));
#3014=DIRECTION('center_axis',(0.,0.,1.));
#3015=DIRECTION('ref_axis',(1.,0.,0.));
#3016=DIRECTION('center_axis',(0.,0.,1.));
#3017=DIRECTION('ref_axis',(1.,0.,0.));
#3018=DIRECTION('center_axis',(0.,0.,1.));
#3019=DIRECTION('ref_axis',(1.,0.,0.));
#3020=DIRECTION('',(0.,0.,-1.));
#3021=DIRECTION('center_axis',(0.,0.,1.));
#3022=DIRECTION('ref_axis',(1.,0.,0.));
#3023=DIRECTION('center_axis',(0.,0.,1.));
#3024=DIRECTION('ref_axis',(1.,0.,0.));
#3025=DIRECTION('center_axis',(0.,1.,0.));
#3026=DIRECTION('ref_axis',(0.,0.,1.));
#3027=DIRECTION('center_axis',(0.,-1.,0.));
#3028=DIRECTION('ref_axis',(0.,0.,1.));
#3029=DIRECTION('center_axis',(0.999999999999995,0.,-1.00371532579631E-7));
#3030=DIRECTION('ref_axis',(-1.00371532579631E-7,0.,-0.999999999999995));
#3031=DIRECTION('center_axis',(0.999999999999995,0.,-1.00371532579631E-7));
#3032=DIRECTION('ref_axis',(-1.00371532579631E-7,0.,-0.999999999999995));
#3033=DIRECTION('center_axis',(1.,0.,0.));
#3034=DIRECTION('ref_axis',(0.,0.,-1.));
#3035=DIRECTION('',(-1.,0.,0.));
#3036=DIRECTION('center_axis',(0.999999999999995,0.,-1.00371532579631E-7));
#3037=DIRECTION('ref_axis',(-1.00371532579631E-7,0.,-0.999999999999995));
#3038=DIRECTION('center_axis',(0.999999999999995,0.,-1.00371532579631E-7));
#3039=DIRECTION('ref_axis',(-1.00371532579631E-7,0.,-0.999999999999995));
#3040=DIRECTION('center_axis',(0.,1.,0.));
#3041=DIRECTION('ref_axis',(0.,0.,1.));
#3042=DIRECTION('center_axis',(0.,-1.,0.));
#3043=DIRECTION('ref_axis',(0.,0.,1.));
#3044=DIRECTION('center_axis',(-1.,0.,0.));
#3045=DIRECTION('ref_axis',(0.,-0.258819045102521,0.965925826289068));
#3046=DIRECTION('center_axis',(1.,0.,0.));
#3047=DIRECTION('ref_axis',(0.,0.25881904510252,-0.965925826289068));
#3048=DIRECTION('center_axis',(-1.,0.,0.));
#3049=DIRECTION('ref_axis',(0.,1.,0.));
#3050=DIRECTION('center_axis',(-1.,0.,0.));
#3051=DIRECTION('ref_axis',(0.,-0.258819045102521,0.965925826289068));
#3052=DIRECTION('center_axis',(-1.,0.,0.));
#3053=DIRECTION('ref_axis',(0.,1.,0.));
#3054=DIRECTION('center_axis',(1.,0.,0.));
#3055=DIRECTION('ref_axis',(0.,0.25881904510252,-0.965925826289068));
#3056=DIRECTION('center_axis',(-1.,0.,0.));
#3057=DIRECTION('ref_axis',(0.,-0.258819045102521,0.965925826289068));
#3058=DIRECTION('center_axis',(-1.,0.,0.));
#3059=DIRECTION('ref_axis',(0.,1.,0.));
#3060=DIRECTION('center_axis',(1.,0.,0.));
#3061=DIRECTION('ref_axis',(0.,0.25881904510252,-0.965925826289068));
#3062=DIRECTION('center_axis',(-1.,0.,0.));
#3063=DIRECTION('ref_axis',(0.,-0.258819045102521,0.965925826289068));
#3064=DIRECTION('center_axis',(1.,0.,0.));
#3065=DIRECTION('ref_axis',(0.,0.25881904510252,-0.965925826289068));
#3066=DIRECTION('center_axis',(-1.,0.,0.));
#3067=DIRECTION('ref_axis',(0.,1.,0.));
#3068=DIRECTION('center_axis',(-1.,0.,0.));
#3069=DIRECTION('ref_axis',(0.,0.,1.));
#3070=DIRECTION('center_axis',(-1.,0.,0.));
#3071=DIRECTION('ref_axis',(0.,0.258819045102521,-0.965925826289068));
#3072=DIRECTION('center_axis',(1.,0.,0.));
#3073=DIRECTION('ref_axis',(0.,0.258819045102521,-0.965925826289068));
#3074=DIRECTION('center_axis',(1.,0.,0.));
#3075=DIRECTION('ref_axis',(0.,0.258819045102521,-0.965925826289068));
#3076=DIRECTION('center_axis',(1.,0.,0.));
#3077=DIRECTION('ref_axis',(0.,1.,0.));
#3078=DIRECTION('',(-1.,0.,0.));
#3079=DIRECTION('center_axis',(-1.,0.,0.));
#3080=DIRECTION('ref_axis',(0.,1.,0.));
#3081=DIRECTION('center_axis',(-0.707106781186547,-0.68301270189222,-0.183012701892219));
#3082=DIRECTION('ref_axis',(-0.707106781186548,0.683012701892219,0.183012701892219));
#3083=DIRECTION('center_axis',(-1.,0.,0.));
#3084=DIRECTION('ref_axis',(0.,0.25881904510252,-0.965925826289068));
#3085=DIRECTION('center_axis',(1.,0.,0.));
#3086=DIRECTION('ref_axis',(0.,-0.258819045102521,0.965925826289068));
#3087=DIRECTION('center_axis',(1.,0.,0.));
#3088=DIRECTION('ref_axis',(0.,-0.258819045102521,0.965925826289068));
#3089=DIRECTION('center_axis',(-1.,0.,0.));
#3090=DIRECTION('ref_axis',(0.,1.,0.));
#3091=DIRECTION('center_axis',(1.,0.,0.));
#3092=DIRECTION('ref_axis',(0.,1.,0.));
#3093=DIRECTION('',(1.,0.,0.));
#3094=DIRECTION('center_axis',(-1.,0.,0.));
#3095=DIRECTION('ref_axis',(0.,0.25881904510252,-0.965925826289068));
#3096=DIRECTION('center_axis',(-0.707106781186547,0.68301270189222,0.183012701892219));
#3097=DIRECTION('ref_axis',(0.707106781186548,0.683012701892219,0.183012701892219));
#3098=DIRECTION('center_axis',(-1.,0.,0.));
#3099=DIRECTION('ref_axis',(0.,1.,0.));
#3100=DIRECTION('center_axis',(1.,0.,0.));
#3101=DIRECTION('ref_axis',(0.,0.,-1.));
#3102=DIRECTION('center_axis',(-1.,0.,0.));
#3103=DIRECTION('ref_axis',(0.,0.25881904510252,-0.965925826289068));
#3104=DIRECTION('center_axis',(1.,0.,0.));
#3105=DIRECTION('ref_axis',(0.,0.25881904510252,-0.965925826289068));
#3106=DIRECTION('center_axis',(1.,0.,0.));
#3107=DIRECTION('ref_axis',(0.,-0.258819045102521,0.965925826289068));
#3108=DIRECTION('center_axis',(1.,0.,0.));
#3109=DIRECTION('ref_axis',(0.,0.25881904510252,-0.965925826289068));
#3110=DIRECTION('center_axis',(1.,0.,0.));
#3111=DIRECTION('ref_axis',(0.,0.,-1.));
#3112=DIRECTION('center_axis',(-1.,0.,0.));
#3113=DIRECTION('ref_axis',(0.,0.258819045102521,-0.965925826289068));
#3114=DIRECTION('center_axis',(1.,0.,0.));
#3115=DIRECTION('ref_axis',(0.,-0.258819045102521,0.965925826289068));
#3116=DIRECTION('center_axis',(-1.,0.,0.));
#3117=DIRECTION('ref_axis',(0.,0.258819045102521,-0.965925826289068));
#3118=DIRECTION('center_axis',(1.,0.,0.));
#3119=DIRECTION('ref_axis',(0.,0.,-1.));
#3120=DIRECTION('center_axis',(-1.,0.,0.));
#3121=DIRECTION('ref_axis',(0.,0.,1.));
#3122=DIRECTION('center_axis',(1.,0.,0.));
#3123=DIRECTION('ref_axis',(0.,0.258819045102521,-0.965925826289068));
#3124=DIRECTION('center_axis',(1.,0.,0.));
#3125=DIRECTION('ref_axis',(0.,-0.258819045102521,0.965925826289068));
#3126=DIRECTION('center_axis',(-1.,0.,0.));
#3127=DIRECTION('ref_axis',(0.,1.,0.));
#3128=DIRECTION('center_axis',(1.,0.,0.));
#3129=DIRECTION('ref_axis',(0.,-0.258819045102521,0.965925826289068));
#3130=DIRECTION('center_axis',(1.,0.,0.));
#3131=DIRECTION('ref_axis',(0.,1.,0.));
#3132=DIRECTION('',(-1.,0.,0.));
#3133=DIRECTION('center_axis',(-0.707106781186547,-0.68301270189222,-0.183012701892219));
#3134=DIRECTION('ref_axis',(-0.707106781186548,0.683012701892219,0.183012701892219));
#3135=DIRECTION('center_axis',(1.,0.,0.));
#3136=DIRECTION('ref_axis',(0.,1.,0.));
#3137=DIRECTION('center_axis',(-1.,0.,0.));
#3138=DIRECTION('ref_axis',(0.,1.,0.));
#3139=DIRECTION('',(1.,0.,0.));
#3140=DIRECTION('center_axis',(1.,0.,0.));
#3141=DIRECTION('ref_axis',(0.,0.258819045102521,-0.965925826289068));
#3142=DIRECTION('',(-1.,0.,0.));
#3143=DIRECTION('',(-1.,0.,0.));
#3144=DIRECTION('',(-1.,0.,0.));
#3145=DIRECTION('',(-1.,0.,0.));
#3146=DIRECTION('',(-1.,0.,0.));
#3147=DIRECTION('',(-1.,0.,0.));
#3148=DIRECTION('',(-1.,0.,0.));
#3149=DIRECTION('',(-1.,0.,0.));
#3150=DIRECTION('',(-1.,0.,0.));
#3151=DIRECTION('center_axis',(1.,0.,0.));
#3152=DIRECTION('ref_axis',(0.,1.,0.));
#3153=DIRECTION('',(1.,0.,0.));
#3154=DIRECTION('center_axis',(0.707106781186548,-0.683012701892219,-0.183012701892219));
#3155=DIRECTION('ref_axis',(0.707106781186547,0.68301270189222,0.183012701892219));
#3156=DIRECTION('center_axis',(0.707106781186547,0.68301270189222,0.183012701892219));
#3157=DIRECTION('ref_axis',(-0.707106781186548,0.683012701892219,0.183012701892219));
#3158=DIRECTION('center_axis',(-0.707106781186547,-0.68301270189222,-0.183012701892219));
#3159=DIRECTION('ref_axis',(-0.707106781186548,0.683012701892219,0.183012701892219));
#3160=DIRECTION('center_axis',(-0.707106781186547,0.68301270189222,0.183012701892219));
#3161=DIRECTION('ref_axis',(0.707106781186548,0.683012701892219,0.183012701892219));
#3162=DIRECTION('',(1.,0.,0.));
#3163=DIRECTION('center_axis',(1.,0.,0.));
#3164=DIRECTION('ref_axis',(0.,1.,0.));
#3165=DIRECTION('',(-1.,0.,0.));
#3166=DIRECTION('center_axis',(-1.,0.,0.));
#3167=DIRECTION('ref_axis',(0.,1.,0.));
#3168=DIRECTION('center_axis',(1.,0.,0.));
#3169=DIRECTION('ref_axis',(0.,1.,0.));
#3170=DIRECTION('',(1.,0.,0.));
#3171=DIRECTION('center_axis',(0.707106781186548,-0.683012701892219,-0.183012701892219));
#3172=DIRECTION('ref_axis',(0.707106781186547,0.68301270189222,0.183012701892219));
#3173=DIRECTION('center_axis',(0.707106781186547,0.68301270189222,0.183012701892219));
#3174=DIRECTION('ref_axis',(-0.707106781186548,0.683012701892219,0.183012701892219));
#3175=DIRECTION('center_axis',(-0.707106781186547,-0.68301270189222,-0.183012701892219));
#3176=DIRECTION('ref_axis',(-0.707106781186548,0.683012701892219,0.183012701892219));
#3177=DIRECTION('center_axis',(-0.707106781186547,0.68301270189222,0.183012701892219));
#3178=DIRECTION('ref_axis',(0.707106781186548,0.683012701892219,0.183012701892219));
#3179=DIRECTION('',(1.,0.,0.));
#3180=DIRECTION('center_axis',(1.,0.,0.));
#3181=DIRECTION('ref_axis',(0.,1.,0.));
#3182=DIRECTION('',(-1.,0.,0.));
#3183=DIRECTION('center_axis',(-1.,0.,0.));
#3184=DIRECTION('ref_axis',(0.,1.,0.));
#3185=DIRECTION('center_axis',(1.,0.,0.));
#3186=DIRECTION('ref_axis',(0.,1.,0.));
#3187=DIRECTION('',(1.,0.,0.));
#3188=DIRECTION('center_axis',(0.707106781186548,-0.683012701892219,-0.183012701892219));
#3189=DIRECTION('ref_axis',(0.707106781186547,0.68301270189222,0.183012701892219));
#3190=DIRECTION('center_axis',(-1.,0.,0.));
#3191=DIRECTION('ref_axis',(0.,1.,0.));
#3192=DIRECTION('center_axis',(0.707106781186548,0.683012701892219,0.183012701892219));
#3193=DIRECTION('ref_axis',(-0.707106781186547,0.68301270189222,0.183012701892219));
#3194=DIRECTION('center_axis',(-0.707106781186547,-0.68301270189222,-0.183012701892219));
#3195=DIRECTION('ref_axis',(-0.707106781186548,0.683012701892219,0.183012701892219));
#3196=DIRECTION('center_axis',(-0.707106781186547,0.68301270189222,0.183012701892219));
#3197=DIRECTION('ref_axis',(0.707106781186548,0.683012701892219,0.183012701892219));
#3198=DIRECTION('',(-1.,0.,0.));
#3199=DIRECTION('center_axis',(-1.,0.,0.));
#3200=DIRECTION('ref_axis',(0.,1.,0.));
#3201=DIRECTION('',(1.,0.,0.));
#3202=DIRECTION('center_axis',(1.,0.,0.));
#3203=DIRECTION('ref_axis',(0.,1.,0.));
#3204=DIRECTION('center_axis',(1.,0.,0.));
#3205=DIRECTION('ref_axis',(0.,1.,0.));
#3206=DIRECTION('',(1.,0.,0.));
#3207=DIRECTION('center_axis',(-0.707106781186547,0.68301270189222,0.183012701892219));
#3208=DIRECTION('ref_axis',(0.707106781186548,0.683012701892219,0.183012701892219));
#3209=DIRECTION('center_axis',(1.,0.,0.));
#3210=DIRECTION('ref_axis',(0.,1.,0.));
#3211=DIRECTION('',(1.,0.,0.));
#3212=DIRECTION('center_axis',(0.707106781186548,-0.683012701892219,-0.183012701892219));
#3213=DIRECTION('ref_axis',(0.707106781186547,0.68301270189222,0.183012701892219));
#3214=DIRECTION('center_axis',(0.707106781186547,0.68301270189222,0.183012701892219));
#3215=DIRECTION('ref_axis',(-0.707106781186548,0.683012701892219,0.183012701892219));
#3216=DIRECTION('center_axis',(-0.707106781186547,-0.68301270189222,-0.183012701892219));
#3217=DIRECTION('ref_axis',(-0.707106781186548,0.683012701892219,0.183012701892219));
#3218=DIRECTION('center_axis',(-0.707106781186547,0.68301270189222,0.183012701892219));
#3219=DIRECTION('ref_axis',(0.707106781186548,0.683012701892219,0.183012701892219));
#3220=DIRECTION('',(1.,0.,0.));
#3221=DIRECTION('center_axis',(1.,0.,0.));
#3222=DIRECTION('ref_axis',(0.,1.,0.));
#3223=DIRECTION('',(-1.,0.,0.));
#3224=DIRECTION('center_axis',(-1.,0.,0.));
#3225=DIRECTION('ref_axis',(0.,1.,0.));
#3226=DIRECTION('center_axis',(-1.,0.,0.));
#3227=DIRECTION('ref_axis',(0.,-0.258819045102521,0.965925826289068));
#3228=DIRECTION('center_axis',(-1.,0.,0.));
#3229=DIRECTION('ref_axis',(0.,0.,1.));
#3230=DIRECTION('center_axis',(-1.,0.,0.));
#3231=DIRECTION('ref_axis',(0.,1.,0.));
#3232=DIRECTION('center_axis',(-1.,0.,0.));
#3233=DIRECTION('ref_axis',(0.,-0.258819045102521,0.965925826289068));
#3234=DIRECTION('center_axis',(1.,0.,0.));
#3235=DIRECTION('ref_axis',(0.,0.25881904510252,-0.965925826289068));
#3236=DIRECTION('center_axis',(-1.,0.,0.));
#3237=DIRECTION('ref_axis',(0.,1.,0.));
#3238=DIRECTION('center_axis',(-1.,0.,0.));
#3239=DIRECTION('ref_axis',(0.,1.,0.));
#3240=DIRECTION('center_axis',(-1.,0.,0.));
#3241=DIRECTION('ref_axis',(0.,0.,1.));
#3242=DIRECTION('center_axis',(-1.,0.,0.));
#3243=DIRECTION('ref_axis',(0.,1.,0.));
#3244=DIRECTION('center_axis',(1.,0.,0.));
#3245=DIRECTION('ref_axis',(0.,1.,0.));
#3246=DIRECTION('',(1.,0.,0.));
#3247=DIRECTION('center_axis',(1.,0.,0.));
#3248=DIRECTION('ref_axis',(0.,0.258819045102521,-0.965925826289068));
#3249=DIRECTION('',(-1.,0.,0.));
#3250=DIRECTION('center_axis',(-0.707106781186547,0.68301270189222,0.183012701892219));
#3251=DIRECTION('ref_axis',(0.707106781186548,0.683012701892219,0.183012701892219));
#3252=DIRECTION('center_axis',(-0.707106781186547,-0.68301270189222,-0.183012701892219));
#3253=DIRECTION('ref_axis',(-0.707106781186548,0.683012701892219,0.183012701892219));
#3254=DIRECTION('',(1.,0.,0.));
#3255=DIRECTION('center_axis',(1.,0.,0.));
#3256=DIRECTION('ref_axis',(0.,0.258819045102521,-0.965925826289068));
#3257=DIRECTION('',(-1.,0.,0.));
#3258=DIRECTION('center_axis',(-1.,0.,0.));
#3259=DIRECTION('ref_axis',(0.,1.,0.));
#3260=DIRECTION('center_axis',(-0.707106781186547,-0.68301270189222,-0.183012701892219));
#3261=DIRECTION('ref_axis',(-0.707106781186548,0.683012701892219,0.183012701892219));
#3262=DIRECTION('',(1.,0.,0.));
#3263=DIRECTION('center_axis',(0.707106781186548,0.683012701892219,0.183012701892219));
#3264=DIRECTION('ref_axis',(-0.707106781186547,0.68301270189222,0.183012701892219));
#3265=DIRECTION('center_axis',(-1.,0.,0.));
#3266=DIRECTION('ref_axis',(0.,1.,0.));
#3267=DIRECTION('center_axis',(0.707106781186548,-0.683012701892219,-0.183012701892219));
#3268=DIRECTION('ref_axis',(0.707106781186547,0.68301270189222,0.183012701892219));
#3269=DIRECTION('',(-1.,0.,0.));
#3270=DIRECTION('center_axis',(-0.707106781186547,0.68301270189222,0.183012701892219));
#3271=DIRECTION('ref_axis',(0.707106781186548,0.683012701892219,0.183012701892219));
#3272=DIRECTION('',(1.,0.,0.));
#3273=DIRECTION('center_axis',(1.,0.,0.));
#3274=DIRECTION('ref_axis',(0.,1.,0.));
#3275=DIRECTION('',(-1.,0.,0.));
#3276=DIRECTION('center_axis',(-1.,0.,0.));
#3277=DIRECTION('ref_axis',(0.,1.,0.));
#3278=DIRECTION('',(-1.,0.,0.));
#3279=DIRECTION('center_axis',(-0.707106781186547,0.68301270189222,0.183012701892219));
#3280=DIRECTION('ref_axis',(0.707106781186548,0.683012701892219,0.183012701892219));
#3281=DIRECTION('center_axis',(-0.707106781186547,-0.68301270189222,-0.183012701892219));
#3282=DIRECTION('ref_axis',(-0.707106781186548,0.683012701892219,0.183012701892219));
#3283=DIRECTION('',(1.,0.,0.));
#3284=DIRECTION('center_axis',(0.707106781186547,0.68301270189222,0.183012701892219));
#3285=DIRECTION('ref_axis',(-0.707106781186548,0.683012701892219,0.183012701892219));
#3286=DIRECTION('center_axis',(0.707106781186548,-0.683012701892219,-0.183012701892219));
#3287=DIRECTION('ref_axis',(0.707106781186547,0.68301270189222,0.183012701892219));
#3288=DIRECTION('',(-1.,0.,0.));
#3289=DIRECTION('center_axis',(-1.,0.,0.));
#3290=DIRECTION('ref_axis',(0.,1.,0.));
#3291=DIRECTION('',(1.,0.,0.));
#3292=DIRECTION('center_axis',(1.,0.,0.));
#3293=DIRECTION('ref_axis',(0.,1.,0.));
#3294=DIRECTION('center_axis',(0.707106781186547,0.68301270189222,0.183012701892219));
#3295=DIRECTION('ref_axis',(-0.707106781186548,0.683012701892219,0.183012701892219));
#3296=DIRECTION('center_axis',(0.707106781186548,-0.683012701892219,-0.183012701892219));
#3297=DIRECTION('ref_axis',(0.707106781186547,0.68301270189222,0.183012701892219));
#3298=DIRECTION('',(-1.,0.,0.));
#3299=DIRECTION('center_axis',(-0.707106781186547,0.68301270189222,0.183012701892219));
#3300=DIRECTION('ref_axis',(0.707106781186548,0.683012701892219,0.183012701892219));
#3301=DIRECTION('center_axis',(-0.707106781186547,-0.68301270189222,-0.183012701892219));
#3302=DIRECTION('ref_axis',(-0.707106781186548,0.683012701892219,0.183012701892219));
#3303=DIRECTION('',(1.,0.,0.));
#3304=DIRECTION('',(-1.,0.,0.));
#3305=DIRECTION('center_axis',(-1.,0.,0.));
#3306=DIRECTION('ref_axis',(0.,1.,0.));
#3307=DIRECTION('',(1.,0.,0.));
#3308=DIRECTION('center_axis',(1.,0.,0.));
#3309=DIRECTION('ref_axis',(0.,1.,0.));
#3310=DIRECTION('center_axis',(0.707106781186547,0.68301270189222,0.183012701892219));
#3311=DIRECTION('ref_axis',(-0.707106781186548,0.683012701892219,0.183012701892219));
#3312=DIRECTION('center_axis',(0.707106781186548,-0.683012701892219,-0.183012701892219));
#3313=DIRECTION('ref_axis',(0.707106781186547,0.68301270189222,0.183012701892219));
#3314=DIRECTION('',(-1.,0.,0.));
#3315=DIRECTION('center_axis',(-0.707106781186547,0.68301270189222,0.183012701892219));
#3316=DIRECTION('ref_axis',(0.707106781186548,0.683012701892219,0.183012701892219));
#3317=DIRECTION('center_axis',(-0.707106781186547,-0.68301270189222,-0.183012701892219));
#3318=DIRECTION('ref_axis',(-0.707106781186548,0.683012701892219,0.183012701892219));
#3319=DIRECTION('',(1.,0.,0.));
#3320=DIRECTION('',(-1.,0.,0.));
#3321=DIRECTION('center_axis',(-1.,0.,0.));
#3322=DIRECTION('ref_axis',(0.,1.,0.));
#3323=DIRECTION('',(1.,0.,0.));
#3324=DIRECTION('center_axis',(1.,0.,0.));
#3325=DIRECTION('ref_axis',(0.,1.,0.));
#3326=DIRECTION('center_axis',(1.,0.,0.));
#3327=DIRECTION('ref_axis',(0.,1.,0.));
#3328=DIRECTION('',(1.,0.,0.));
#3329=DIRECTION('center_axis',(1.,0.,0.));
#3330=DIRECTION('ref_axis',(0.,0.258819045102521,-0.965925826289068));
#3331=DIRECTION('',(-1.,0.,0.));
#3332=DIRECTION('',(1.,0.,0.));
#3333=DIRECTION('',(1.,0.,0.));
#3334=DIRECTION('',(1.,0.,0.));
#3335=DIRECTION('',(1.,0.,0.));
#3336=DIRECTION('center_axis',(1.,0.,0.));
#3337=DIRECTION('ref_axis',(0.,1.,0.));
#3338=DIRECTION('',(1.,0.,0.));
#3339=DIRECTION('center_axis',(1.,0.,0.));
#3340=DIRECTION('ref_axis',(0.,0.258819045102521,-0.965925826289068));
#3341=DIRECTION('center_axis',(1.,0.,0.));
#3342=DIRECTION('ref_axis',(0.,1.,0.));
#3343=DIRECTION('',(-1.,0.,0.));
#3344=DIRECTION('center_axis',(1.,0.,0.));
#3345=DIRECTION('ref_axis',(0.,0.258819045102521,-0.965925826289068));
#3346=DIRECTION('center_axis',(-1.,0.,0.));
#3347=DIRECTION('ref_axis',(0.,1.,0.));
#3348=DIRECTION('center_axis',(-1.,0.,0.));
#3349=DIRECTION('ref_axis',(0.,0.,1.));
#3350=DIRECTION('center_axis',(-1.,0.,0.));
#3351=DIRECTION('ref_axis',(0.,0.258819045102521,-0.965925826289068));
#3352=DIRECTION('center_axis',(1.,0.,0.));
#3353=DIRECTION('ref_axis',(0.,0.258819045102521,-0.965925826289068));
#3354=DIRECTION('center_axis',(-1.,0.,0.));
#3355=DIRECTION('ref_axis',(0.,0.,1.));
#3356=DIRECTION('center_axis',(-1.,0.,0.));
#3357=DIRECTION('ref_axis',(0.,0.,1.));
#3358=DIRECTION('center_axis',(-1.,0.,0.));
#3359=DIRECTION('ref_axis',(0.,0.258819045102521,-0.965925826289068));
#3360=DIRECTION('center_axis',(-1.,0.,0.));
#3361=DIRECTION('ref_axis',(0.,0.,1.));
#3362=DIRECTION('center_axis',(-1.,0.,0.));
#3363=DIRECTION('ref_axis',(0.,0.258819045102521,-0.965925826289068));
#3364=DIRECTION('center_axis',(1.,0.,0.));
#3365=DIRECTION('ref_axis',(0.,0.,-1.));
#3366=DIRECTION('center_axis',(1.,0.,0.));
#3367=DIRECTION('ref_axis',(0.,0.25881904510252,-0.965925826289068));
#3368=DIRECTION('center_axis',(-1.,0.,0.));
#3369=DIRECTION('ref_axis',(0.,0.258819045102521,-0.965925826289068));
#3370=DIRECTION('center_axis',(1.,0.,0.));
#3371=DIRECTION('ref_axis',(0.,0.,-1.));
#3372=DIRECTION('center_axis',(1.,0.,0.));
#3373=DIRECTION('ref_axis',(0.,0.,-1.));
#3374=DIRECTION('center_axis',(-1.,0.,0.));
#3375=DIRECTION('ref_axis',(0.,0.258819045102521,-0.965925826289068));
#3376=DIRECTION('center_axis',(1.,0.,0.));
#3377=DIRECTION('ref_axis',(0.,0.25881904510252,-0.965925826289068));
#3378=DIRECTION('center_axis',(1.,0.,0.));
#3379=DIRECTION('ref_axis',(0.,0.,-1.));
#3380=DIRECTION('center_axis',(1.,0.,0.));
#3381=DIRECTION('ref_axis',(0.,0.25881904510252,-0.965925826289068));
#3382=DIRECTION('center_axis',(1.,0.,0.));
#3383=DIRECTION('ref_axis',(0.,0.,-1.));
#3384=DIRECTION('center_axis',(1.,0.,0.));
#3385=DIRECTION('ref_axis',(0.,0.25881904510252,-0.965925826289068));
#3386=DIRECTION('center_axis',(1.,0.,0.));
#3387=DIRECTION('ref_axis',(0.,0.,-1.));
#3388=DIRECTION('center_axis',(-1.,0.,0.));
#3389=DIRECTION('ref_axis',(0.,0.25881904510252,-0.965925826289068));
#3390=DIRECTION('center_axis',(-1.,0.,0.));
#3391=DIRECTION('ref_axis',(0.,0.25881904510252,-0.965925826289068));
#3392=DIRECTION('center_axis',(1.,0.,0.));
#3393=DIRECTION('ref_axis',(0.,0.,-1.));
#3394=DIRECTION('center_axis',(-1.,0.,0.));
#3395=DIRECTION('ref_axis',(0.,0.25881904510252,-0.965925826289068));
#3396=DIRECTION('center_axis',(1.,0.,0.));
#3397=DIRECTION('ref_axis',(0.,0.,-1.));
#3398=DIRECTION('center_axis',(-1.,0.,0.));
#3399=DIRECTION('ref_axis',(0.,0.25881904510252,-0.965925826289068));
#3400=DIRECTION('center_axis',(1.,0.,0.));
#3401=DIRECTION('ref_axis',(0.,0.,-1.));
#3402=DIRECTION('center_axis',(-1.,0.,0.));
#3403=DIRECTION('ref_axis',(0.,0.25881904510252,-0.965925826289068));
#3404=DIRECTION('center_axis',(1.,0.,0.));
#3405=DIRECTION('ref_axis',(0.,-0.258819045102521,0.965925826289068));
#3406=DIRECTION('center_axis',(-1.,0.,0.));
#3407=DIRECTION('ref_axis',(0.,1.,0.));
#3408=DIRECTION('center_axis',(1.,0.,0.));
#3409=DIRECTION('ref_axis',(0.,0.,-1.));
#3410=DIRECTION('center_axis',(1.,0.,0.));
#3411=DIRECTION('ref_axis',(0.,-0.258819045102521,0.965925826289068));
#3412=DIRECTION('center_axis',(1.,0.,0.));
#3413=DIRECTION('ref_axis',(0.,0.,-1.));
#3414=DIRECTION('center_axis',(-1.,0.,0.));
#3415=DIRECTION('ref_axis',(0.,1.,0.));
#3416=DIRECTION('center_axis',(1.,0.,0.));
#3417=DIRECTION('ref_axis',(0.,1.,0.));
#3418=DIRECTION('',(1.,0.,0.));
#3419=DIRECTION('center_axis',(-1.,0.,0.));
#3420=DIRECTION('ref_axis',(0.,1.,0.));
#3421=DIRECTION('center_axis',(-0.707106781186547,0.68301270189222,0.183012701892219));
#3422=DIRECTION('ref_axis',(0.707106781186548,0.683012701892219,0.183012701892219));
#3423=DIRECTION('center_axis',(1.,0.,0.));
#3424=DIRECTION('ref_axis',(0.,1.,0.));
#3425=DIRECTION('center_axis',(-1.,0.,0.));
#3426=DIRECTION('ref_axis',(0.,1.,0.));
#3427=DIRECTION('',(-1.,0.,0.));
#3428=DIRECTION('center_axis',(1.,0.,0.));
#3429=DIRECTION('ref_axis',(0.,1.,0.));
#3430=DIRECTION('',(1.,0.,0.));
#3431=DIRECTION('center_axis',(1.,0.,0.));
#3432=DIRECTION('ref_axis',(0.,1.,0.));
#3433=DIRECTION('',(-1.,0.,0.));
#3434=DIRECTION('center_axis',(1.,0.,0.));
#3435=DIRECTION('ref_axis',(0.,-0.258819045102521,0.965925826289068));
#3436=DIRECTION('center_axis',(1.,0.,0.));
#3437=DIRECTION('ref_axis',(0.,0.,-1.));
#3438=DIRECTION('center_axis',(-1.,0.,0.));
#3439=DIRECTION('ref_axis',(0.,1.,0.));
#3440=DIRECTION('center_axis',(1.,0.,0.));
#3441=DIRECTION('ref_axis',(0.,-0.258819045102521,0.965925826289068));
#3442=DIRECTION('center_axis',(-1.,0.,0.));
#3443=DIRECTION('ref_axis',(0.,0.258819045102521,-0.965925826289068));
#3444=DIRECTION('center_axis',(-1.,0.,0.));
#3445=DIRECTION('ref_axis',(0.,1.,0.));
#3446=DIRECTION('center_axis',(-1.,0.,0.));
#3447=DIRECTION('ref_axis',(0.,1.,0.));
#3448=DIRECTION('center_axis',(1.,0.,0.));
#3449=DIRECTION('ref_axis',(0.,0.,-1.));
#3450=DIRECTION('center_axis',(-1.,0.,0.));
#3451=DIRECTION('ref_axis',(0.,1.,0.));
#3452=DIRECTION('center_axis',(1.,0.,0.));
#3453=DIRECTION('ref_axis',(0.,1.,0.));
#3454=DIRECTION('',(-1.,0.,0.));
#3455=DIRECTION('center_axis',(-0.707106781186547,-0.68301270189222,-0.183012701892219));
#3456=DIRECTION('ref_axis',(-0.707106781186548,0.683012701892219,0.183012701892219));
#3457=DIRECTION('center_axis',(1.,0.,0.));
#3458=DIRECTION('ref_axis',(0.,1.,0.));
#3459=DIRECTION('',(1.,0.,0.));
#3460=DIRECTION('center_axis',(1.,0.,0.));
#3461=DIRECTION('ref_axis',(0.,1.,0.));
#3462=DIRECTION('',(-1.,0.,0.));
#3463=DIRECTION('center_axis',(-1.,0.,0.));
#3464=DIRECTION('ref_axis',(0.,0.25881904510252,-0.965925826289068));
#3465=DIRECTION('center_axis',(1.,0.,0.));
#3466=DIRECTION('ref_axis',(0.,1.,0.));
#3467=DIRECTION('',(1.,0.,0.));
#3468=DIRECTION('center_axis',(-1.,0.,0.));
#3469=DIRECTION('ref_axis',(0.,0.25881904510252,-0.965925826289068));
#3470=DIRECTION('center_axis',(-1.,0.,0.));
#3471=DIRECTION('ref_axis',(0.,1.,0.));
#3472=DIRECTION('center_axis',(1.,0.,0.));
#3473=DIRECTION('ref_axis',(0.,0.,-1.));
#3474=DIRECTION('center_axis',(1.,0.,0.));
#3475=DIRECTION('ref_axis',(0.,0.25881904510252,-0.965925826289068));
#3476=DIRECTION('center_axis',(-1.,0.,0.));
#3477=DIRECTION('ref_axis',(0.,0.25881904510252,-0.965925826289068));
#3478=DIRECTION('center_axis',(1.,0.,0.));
#3479=DIRECTION('ref_axis',(0.,0.,-1.));
#3480=DIRECTION('center_axis',(1.,0.,0.));
#3481=DIRECTION('ref_axis',(0.,0.25881904510252,-0.965925826289068));
#3482=DIRECTION('center_axis',(1.,0.,0.));
#3483=DIRECTION('ref_axis',(0.,0.,-1.));
#3484=DIRECTION('center_axis',(1.,0.,0.));
#3485=DIRECTION('ref_axis',(0.,0.25881904510252,-0.965925826289068));
#3486=DIRECTION('center_axis',(1.,0.,0.));
#3487=DIRECTION('ref_axis',(0.,0.,-1.));
#3488=DIRECTION('center_axis',(-1.,0.,0.));
#3489=DIRECTION('ref_axis',(0.,0.258819045102521,-0.965925826289068));
#3490=DIRECTION('center_axis',(1.,0.,0.));
#3491=DIRECTION('ref_axis',(0.,0.,-1.));
#3492=DIRECTION('center_axis',(-1.,0.,0.));
#3493=DIRECTION('ref_axis',(0.,0.258819045102521,-0.965925826289068));
#3494=DIRECTION('center_axis',(1.,0.,0.));
#3495=DIRECTION('ref_axis',(0.,0.,-1.));
#3496=DIRECTION('center_axis',(-1.,0.,0.));
#3497=DIRECTION('ref_axis',(0.,0.258819045102521,-0.965925826289068));
#3498=DIRECTION('center_axis',(-1.,0.,0.));
#3499=DIRECTION('ref_axis',(0.,0.0358669603274627,-0.999356573579655));
#3500=DIRECTION('center_axis',(1.,0.,0.));
#3501=DIRECTION('ref_axis',(0.,0.258819045102521,-0.965925826289068));
#3502=DIRECTION('center_axis',(1.,0.,0.));
#3503=DIRECTION('ref_axis',(0.,0.258819045102521,-0.965925826289068));
#3504=DIRECTION('center_axis',(-1.,0.,0.));
#3505=DIRECTION('ref_axis',(0.,0.,1.));
#3506=DIRECTION('center_axis',(-1.,0.,0.));
#3507=DIRECTION('ref_axis',(0.,0.,1.));
#3508=DIRECTION('center_axis',(1.,0.,0.));
#3509=DIRECTION('ref_axis',(0.,0.258819045102521,-0.965925826289068));
#3510=DIRECTION('center_axis',(-1.,0.,0.));
#3511=DIRECTION('ref_axis',(0.,0.,1.));
#3512=DIRECTION('center_axis',(1.,0.,0.));
#3513=DIRECTION('ref_axis',(0.,0.258819045102521,-0.965925826289068));
#3514=DIRECTION('center_axis',(-1.,0.,0.));
#3515=DIRECTION('ref_axis',(0.,-0.258819045102521,0.965925826289068));
#3516=DIRECTION('center_axis',(-1.,0.,0.));
#3517=DIRECTION('ref_axis',(0.,1.,0.));
#3518=DIRECTION('center_axis',(-1.,0.,0.));
#3519=DIRECTION('ref_axis',(0.,0.,1.));
#3520=DIRECTION('center_axis',(-1.,0.,0.));
#3521=DIRECTION('ref_axis',(0.,-0.258819045102521,0.965925826289068));
#3522=DIRECTION('center_axis',(-1.,0.,0.));
#3523=DIRECTION('ref_axis',(0.,0.,1.));
#3524=DIRECTION('center_axis',(-1.,0.,0.));
#3525=DIRECTION('ref_axis',(0.,1.,0.));
#3526=DIRECTION('center_axis',(1.,0.,0.));
#3527=DIRECTION('ref_axis',(0.,1.,0.));
#3528=DIRECTION('center_axis',(1.,0.,0.));
#3529=DIRECTION('ref_axis',(0.,0.258819045102521,-0.965925826289068));
#3530=DIRECTION('center_axis',(1.,0.,0.));
#3531=DIRECTION('ref_axis',(0.,1.,0.));
#3532=DIRECTION('',(-1.,0.,0.));
#3533=DIRECTION('center_axis',(1.,0.,0.));
#3534=DIRECTION('ref_axis',(0.,1.,0.));
#3535=DIRECTION('',(1.,0.,0.));
#3536=DIRECTION('center_axis',(-1.,0.,0.));
#3537=DIRECTION('ref_axis',(0.,-1.,0.));
#3538=DIRECTION('',(0.,0.25881904510252,-0.965925826289068));
#3539=DIRECTION('center_axis',(1.,0.,0.));
#3540=DIRECTION('ref_axis',(0.,0.25881904510252,-0.965925826289068));
#3541=DIRECTION('',(0.,-0.25881904510252,0.965925826289068));
#3542=DIRECTION('center_axis',(-1.,0.,0.));
#3543=DIRECTION('ref_axis',(0.,-0.258819045102521,0.965925826289068));
#3544=DIRECTION('center_axis',(-1.,0.,0.));
#3545=DIRECTION('ref_axis',(0.,-1.,0.));
#3546=DIRECTION('',(0.,-0.25881904510252,0.965925826289068));
#3547=DIRECTION('center_axis',(-1.,0.,0.));
#3548=DIRECTION('ref_axis',(0.,-0.258819045102521,0.965925826289068));
#3549=DIRECTION('center_axis',(-1.,0.,0.));
#3550=DIRECTION('ref_axis',(0.,-0.258819045102521,0.965925826289068));
#3551=DIRECTION('center_axis',(-1.,0.,0.));
#3552=DIRECTION('ref_axis',(0.,-1.,0.));
#3553=DIRECTION('',(0.,0.25881904510252,-0.965925826289068));
#3554=DIRECTION('center_axis',(1.,0.,0.));
#3555=DIRECTION('ref_axis',(0.,0.25881904510252,-0.965925826289068));
#3556=DIRECTION('center_axis',(-1.,0.,0.));
#3557=DIRECTION('ref_axis',(0.,-0.258819045102521,0.965925826289068));
#3558=DIRECTION('center_axis',(-1.,0.,0.));
#3559=DIRECTION('ref_axis',(0.,-0.258819045102521,0.965925826289068));
#3560=DIRECTION('center_axis',(-1.,0.,0.));
#3561=DIRECTION('ref_axis',(0.,1.,0.));
#3562=DIRECTION('center_axis',(-1.,0.,0.));
#3563=DIRECTION('ref_axis',(0.,1.,0.));
#3564=DIRECTION('center_axis',(-1.,0.,0.));
#3565=DIRECTION('ref_axis',(0.,-0.258819045102521,0.965925826289068));
#3566=DIRECTION('center_axis',(-1.,0.,0.));
#3567=DIRECTION('ref_axis',(0.,0.258819045110828,-0.965925826286843));
#3568=DIRECTION('center_axis',(-1.,0.,0.));
#3569=DIRECTION('ref_axis',(0.,-0.258819045102521,0.965925826289068));
#3570=DIRECTION('center_axis',(-1.,0.,0.));
#3571=DIRECTION('ref_axis',(0.,-0.258819045102521,0.965925826289068));
#3572=DIRECTION('center_axis',(-1.,0.,0.));
#3573=DIRECTION('ref_axis',(0.,1.,0.));
#3574=DIRECTION('center_axis',(1.,0.,0.));
#3575=DIRECTION('ref_axis',(0.,1.,0.));
#3576=DIRECTION('center_axis',(1.,0.,0.));
#3577=DIRECTION('ref_axis',(0.,1.,0.));
#3578=DIRECTION('center_axis',(1.,0.,0.));
#3579=DIRECTION('ref_axis',(0.,1.,0.));
#3580=DIRECTION('center_axis',(-1.,0.,0.));
#3581=DIRECTION('ref_axis',(0.,1.,0.));
#3582=DIRECTION('center_axis',(1.,0.,0.));
#3583=DIRECTION('ref_axis',(0.,-0.965925826289068,-0.258819045102521));
#3584=DIRECTION('center_axis',(1.,0.,0.));
#3585=DIRECTION('ref_axis',(0.,0.258819045102521,-0.965925826289068));
#3586=DIRECTION('center_axis',(1.,0.,0.));
#3587=DIRECTION('ref_axis',(0.,1.,0.));
#3588=DIRECTION('center_axis',(1.,0.,0.));
#3589=DIRECTION('ref_axis',(0.,1.,0.));
#3590=DIRECTION('center_axis',(1.,0.,0.));
#3591=DIRECTION('ref_axis',(0.,1.,0.));
#3592=DIRECTION('center_axis',(1.,0.,0.));
#3593=DIRECTION('ref_axis',(0.,1.,0.));
#3594=DIRECTION('center_axis',(1.,0.,0.));
#3595=DIRECTION('ref_axis',(0.,1.,0.));
#3596=DIRECTION('center_axis',(1.,0.,0.));
#3597=DIRECTION('ref_axis',(0.,1.,0.));
#3598=DIRECTION('center_axis',(1.,0.,0.));
#3599=DIRECTION('ref_axis',(0.,1.,0.));
#3600=DIRECTION('center_axis',(1.,0.,0.));
#3601=DIRECTION('ref_axis',(0.,1.,0.));
#3602=DIRECTION('center_axis',(1.,0.,0.));
#3603=DIRECTION('ref_axis',(0.,1.,0.));
#3604=DIRECTION('center_axis',(1.,0.,0.));
#3605=DIRECTION('ref_axis',(0.,1.,0.));
#3606=DIRECTION('center_axis',(1.,0.,0.));
#3607=DIRECTION('ref_axis',(0.,1.,0.));
#3608=DIRECTION('center_axis',(1.,0.,0.));
#3609=DIRECTION('ref_axis',(0.,1.,0.));
#3610=DIRECTION('center_axis',(1.,0.,0.));
#3611=DIRECTION('ref_axis',(0.,1.,0.));
#3612=DIRECTION('center_axis',(1.,0.,0.));
#3613=DIRECTION('ref_axis',(0.,1.,0.));
#3614=DIRECTION('center_axis',(-1.,0.,0.));
#3615=DIRECTION('ref_axis',(0.,0.,1.));
#3616=DIRECTION('center_axis',(1.,0.,0.));
#3617=DIRECTION('ref_axis',(0.,0.258819045102521,-0.965925826289068));
#3618=DIRECTION('center_axis',(-1.,0.,0.));
#3619=DIRECTION('ref_axis',(0.,0.,1.));
#3620=DIRECTION('center_axis',(1.,0.,0.));
#3621=DIRECTION('ref_axis',(0.,0.258819045102521,-0.965925826289068));
#3622=DIRECTION('center_axis',(1.,0.,0.));
#3623=DIRECTION('ref_axis',(0.,1.,0.));
#3624=DIRECTION('center_axis',(0.707106781186548,-0.683012701892219,-0.183012701892219));
#3625=DIRECTION('ref_axis',(0.707106781186547,0.68301270189222,0.183012701892219));
#3626=DIRECTION('center_axis',(0.707106781186547,0.68301270189222,0.183012701892219));
#3627=DIRECTION('ref_axis',(-0.707106781186548,0.683012701892219,0.183012701892219));
#3628=DIRECTION('',(-1.,0.,0.));
#3629=DIRECTION('center_axis',(-1.,0.,0.));
#3630=DIRECTION('ref_axis',(0.,1.,0.));
#3631=DIRECTION('',(1.,0.,0.));
#3632=DIRECTION('center_axis',(1.,0.,0.));
#3633=DIRECTION('ref_axis',(0.,1.,0.));
#3634=DIRECTION('center_axis',(0.707106781186548,-0.683012701892219,-0.183012701892219));
#3635=DIRECTION('ref_axis',(0.707106781186547,0.68301270189222,0.183012701892219));
#3636=DIRECTION('',(-1.,0.,0.));
#3637=DIRECTION('center_axis',(-1.,0.,0.));
#3638=DIRECTION('ref_axis',(0.,1.,0.));
#3639=DIRECTION('',(1.,0.,0.));
#3640=DIRECTION('center_axis',(0.707106781186547,0.68301270189222,0.183012701892219));
#3641=DIRECTION('ref_axis',(-0.707106781186548,0.683012701892219,0.183012701892219));
#3642=DIRECTION('center_axis',(1.,0.,0.));
#3643=DIRECTION('ref_axis',(0.,1.,0.));
#3644=DIRECTION('center_axis',(1.,0.,0.));
#3645=DIRECTION('ref_axis',(0.,1.,0.));
#3646=DIRECTION('center_axis',(1.,0.,0.));
#3647=DIRECTION('ref_axis',(0.,1.,0.));
#3648=DIRECTION('center_axis',(1.,0.,0.));
#3649=DIRECTION('ref_axis',(0.,0.258819045102521,-0.965925826289068));
#3650=DIRECTION('center_axis',(1.,0.,0.));
#3651=DIRECTION('ref_axis',(0.,1.,0.));
#3652=DIRECTION('center_axis',(-1.,0.,0.));
#3653=DIRECTION('ref_axis',(0.,1.,0.));
#3654=DIRECTION('center_axis',(1.,0.,0.));
#3655=DIRECTION('ref_axis',(0.,0.,-1.));
#3656=DIRECTION('center_axis',(1.,0.,0.));
#3657=DIRECTION('ref_axis',(0.,0.25881904510252,-0.965925826289068));
#3658=DIRECTION('center_axis',(-1.,0.,0.));
#3659=DIRECTION('ref_axis',(0.,0.258819045102521,-0.965925826289068));
#3660=DIRECTION('center_axis',(1.,0.,0.));
#3661=DIRECTION('ref_axis',(0.,0.,-1.));
#3662=DIRECTION('center_axis',(-1.,0.,0.));
#3663=DIRECTION('ref_axis',(0.,0.258819045102521,-0.965925826289068));
#3664=DIRECTION('center_axis',(-1.,0.,0.));
#3665=DIRECTION('ref_axis',(0.,0.,1.));
#3666=DIRECTION('center_axis',(-1.,0.,0.));
#3667=DIRECTION('ref_axis',(0.,0.,1.));
#3668=DIRECTION('center_axis',(-1.,0.,0.));
#3669=DIRECTION('ref_axis',(0.,0.,1.));
#3670=DIRECTION('center_axis',(-1.,0.,0.));
#3671=DIRECTION('ref_axis',(0.,0.258819045102521,-0.965925826289068));
#3672=DIRECTION('center_axis',(1.,0.,0.));
#3673=DIRECTION('ref_axis',(0.,0.258819045102521,-0.965925826289068));
#3674=DIRECTION('center_axis',(1.,0.,0.));
#3675=DIRECTION('ref_axis',(0.,0.,-1.));
#3676=DIRECTION('center_axis',(-1.,0.,0.));
#3677=DIRECTION('ref_axis',(0.,0.25881904510252,-0.965925826289068));
#3678=DIRECTION('center_axis',(1.,0.,0.));
#3679=DIRECTION('ref_axis',(0.,0.,-1.));
#3680=DIRECTION('center_axis',(-1.,0.,0.));
#3681=DIRECTION('ref_axis',(0.,0.25881904510252,-0.965925826289068));
#3682=DIRECTION('center_axis',(1.,0.,0.));
#3683=DIRECTION('ref_axis',(0.,-0.258819045102521,0.965925826289068));
#3684=DIRECTION('center_axis',(-1.,0.,0.));
#3685=DIRECTION('ref_axis',(0.,1.,0.));
#3686=DIRECTION('center_axis',(-1.,0.,0.));
#3687=DIRECTION('ref_axis',(0.,0.258819045102521,-0.965925826289068));
#3688=DIRECTION('center_axis',(1.,0.,0.));
#3689=DIRECTION('ref_axis',(0.,0.258819045112367,-0.96592582628643));
#3690=DIRECTION('center_axis',(-1.,0.,0.));
#3691=DIRECTION('ref_axis',(0.,0.258819045102521,-0.965925826289068));
#3692=DIRECTION('center_axis',(-1.,0.,0.));
#3693=DIRECTION('ref_axis',(0.,1.,0.));
#3694=DIRECTION('center_axis',(1.,0.,0.));
#3695=DIRECTION('ref_axis',(0.,-0.258819045102521,0.965925826289068));
#3696=DIRECTION('center_axis',(-1.,0.,0.));
#3697=DIRECTION('ref_axis',(0.,0.258819045102521,-0.965925826289068));
#3698=DIRECTION('center_axis',(-1.,0.,0.));
#3699=DIRECTION('ref_axis',(0.,1.,0.));
#3700=DIRECTION('center_axis',(1.,0.,0.));
#3701=DIRECTION('ref_axis',(0.,-0.258819045102521,0.965925826289068));
#3702=DIRECTION('center_axis',(-1.,0.,0.));
#3703=DIRECTION('ref_axis',(0.,1.,0.));
#3704=DIRECTION('center_axis',(-1.,0.,0.));
#3705=DIRECTION('ref_axis',(0.,0.258819045102521,-0.965925826289068));
#3706=DIRECTION('center_axis',(1.,0.,0.));
#3707=DIRECTION('ref_axis',(0.,-0.258819045102521,0.965925826289068));
#3708=DIRECTION('center_axis',(-1.,0.,0.));
#3709=DIRECTION('ref_axis',(0.,0.258819045102521,-0.965925826289068));
#3710=DIRECTION('center_axis',(-1.,0.,0.));
#3711=DIRECTION('ref_axis',(0.,1.,0.));
#3712=DIRECTION('center_axis',(1.,0.,0.));
#3713=DIRECTION('ref_axis',(0.,-0.258819045102521,0.965925826289068));
#3714=DIRECTION('center_axis',(-1.,0.,0.));
#3715=DIRECTION('ref_axis',(0.,1.,0.));
#3716=DIRECTION('center_axis',(-1.,0.,0.));
#3717=DIRECTION('ref_axis',(0.,0.258819045102521,-0.965925826289068));
#3718=DIRECTION('center_axis',(1.,0.,0.));
#3719=DIRECTION('ref_axis',(0.,-0.258819045102521,0.965925826289068));
#3720=DIRECTION('center_axis',(1.,0.,0.));
#3721=DIRECTION('ref_axis',(0.,1.,0.));
#3722=DIRECTION('center_axis',(0.707106781186548,-0.683012701892219,-0.183012701892219));
#3723=DIRECTION('ref_axis',(0.707106781186547,0.68301270189222,0.183012701892219));
#3724=DIRECTION('center_axis',(0.707106781186548,0.683012701892219,0.183012701892219));
#3725=DIRECTION('ref_axis',(-0.707106781186547,0.68301270189222,0.183012701892219));
#3726=DIRECTION('center_axis',(1.,0.,0.));
#3727=DIRECTION('ref_axis',(0.,1.,0.));
#3728=DIRECTION('center_axis',(1.,0.,0.));
#3729=DIRECTION('ref_axis',(0.,1.,0.));
#3730=DIRECTION('center_axis',(1.,0.,0.));
#3731=DIRECTION('ref_axis',(0.,1.,0.));
#3732=DIRECTION('center_axis',(0.707106781186548,-0.683012701892219,-0.183012701892219));
#3733=DIRECTION('ref_axis',(0.707106781186547,0.68301270189222,0.183012701892219));
#3734=DIRECTION('center_axis',(0.707106781186548,0.683012701892219,0.183012701892219));
#3735=DIRECTION('ref_axis',(-0.707106781186547,0.68301270189222,0.183012701892219));
#3736=DIRECTION('center_axis',(1.,0.,0.));
#3737=DIRECTION('ref_axis',(0.,-0.965925826289068,-0.258819045102521));
#3738=DIRECTION('center_axis',(1.,0.,0.));
#3739=DIRECTION('ref_axis',(0.,1.,0.));
#3740=DIRECTION('center_axis',(1.,0.,0.));
#3741=DIRECTION('ref_axis',(0.,1.,0.));
#3742=DIRECTION('center_axis',(-1.,0.,0.));
#3743=DIRECTION('ref_axis',(0.,0.,1.));
#3744=DIRECTION('center_axis',(1.,0.,0.));
#3745=DIRECTION('ref_axis',(0.,-0.25881904510252,0.965925826289068));
#3746=DIRECTION('center_axis',(0.,-1.,1.22464679914735E-16));
#3747=DIRECTION('ref_axis',(0.,-1.22464679914735E-16,-1.));
#3748=DIRECTION('center_axis',(-1.,0.,0.));
#3749=DIRECTION('ref_axis',(0.,0.25881904510252,-0.965925826289068));
#3750=DIRECTION('center_axis',(-1.,0.,0.));
#3751=DIRECTION('ref_axis',(0.,0.25881904510252,-0.965925826289068));
#3752=DIRECTION('center_axis',(1.,0.,0.));
#3753=DIRECTION('ref_axis',(0.,1.,0.));
#3754=DIRECTION('',(-1.,0.,0.));
#3755=DIRECTION('center_axis',(1.,0.,0.));
#3756=DIRECTION('ref_axis',(0.,-0.258819045102521,0.965925826289068));
#3757=DIRECTION('center_axis',(-1.,0.,0.));
#3758=DIRECTION('ref_axis',(0.,0.258819045102521,-0.965925826289068));
#3759=DIRECTION('center_axis',(-1.,0.,0.));
#3760=DIRECTION('ref_axis',(0.,1.,0.));
#3761=DIRECTION('center_axis',(1.,0.,0.));
#3762=DIRECTION('ref_axis',(0.,1.,0.));
#3763=DIRECTION('center_axis',(1.,0.,0.));
#3764=DIRECTION('ref_axis',(0.,0.,-1.));
#3765=DIRECTION('center_axis',(0.,-1.,-1.22464679914735E-16));
#3766=DIRECTION('ref_axis',(0.,-1.22464679914735E-16,1.));
#3767=DIRECTION('center_axis',(1.,0.,0.));
#3768=DIRECTION('ref_axis',(0.,0.258819045102521,-0.965925826289068));
#3769=DIRECTION('center_axis',(1.,0.,0.));
#3770=DIRECTION('ref_axis',(0.,0.258819045102521,-0.965925826289068));
#3771=DIRECTION('center_axis',(-1.,0.,0.));
#3772=DIRECTION('ref_axis',(0.,-0.258819045102521,0.965925826289068));
#3773=DIRECTION('center_axis',(-1.,0.,0.));
#3774=DIRECTION('ref_axis',(0.,-1.,0.));
#3775=DIRECTION('',(1.,0.,0.));
#3776=DIRECTION('center_axis',(-1.,0.,0.));
#3777=DIRECTION('ref_axis',(0.,-1.,0.));
#3778=DIRECTION('center_axis',(-1.,0.,0.));
#3779=DIRECTION('ref_axis',(0.,0.258819045110998,-0.965925826286797));
#3780=DIRECTION('center_axis',(1.,0.,0.));
#3781=DIRECTION('ref_axis',(0.,0.25881904510252,-0.965925826289068));
#3782=DIRECTION('center_axis',(-1.,0.,0.));
#3783=DIRECTION('ref_axis',(0.,-1.,0.));
#3784=DIRECTION('center_axis',(-1.,0.,0.));
#3785=DIRECTION('ref_axis',(0.,0.,1.));
#3786=DIRECTION('center_axis',(1.,0.,0.));
#3787=DIRECTION('ref_axis',(0.,0.,-1.));
#3788=DIRECTION('center_axis',(1.,0.,0.));
#3789=DIRECTION('ref_axis',(0.,0.,-1.));
#3790=DIRECTION('center_axis',(-1.,0.,0.));
#3791=DIRECTION('ref_axis',(0.,0.25881904510252,-0.965925826289068));
#3792=DIRECTION('center_axis',(1.,0.,0.));
#3793=DIRECTION('ref_axis',(0.,1.,0.));
#3794=DIRECTION('center_axis',(1.,0.,0.));
#3795=DIRECTION('ref_axis',(0.,1.,0.));
#3796=DIRECTION('center_axis',(1.,0.,0.));
#3797=DIRECTION('ref_axis',(0.,1.,0.));
#3798=DIRECTION('center_axis',(-1.,1.22464679914735E-16,0.));
#3799=DIRECTION('ref_axis',(0.,0.,-1.));
#3800=DIRECTION('center_axis',(1.,-1.22464679914735E-16,0.));
#3801=DIRECTION('ref_axis',(-1.22464679914735E-16,-1.,0.));
#3802=DIRECTION('center_axis',(1.22464679914735E-16,1.,-1.22464679914735E-16));
#3803=DIRECTION('ref_axis',(0.,1.22464679914735E-16,1.));
#3804=DIRECTION('center_axis',(-1.,1.22464679914735E-16,0.));
#3805=DIRECTION('ref_axis',(-1.22464679914735E-16,-1.,0.));
#3806=DIRECTION('center_axis',(-1.,1.22464679914735E-16,0.));
#3807=DIRECTION('ref_axis',(-1.22464679914735E-16,-1.,0.));
#3808=DIRECTION('center_axis',(-1.,1.22464679914735E-16,0.));
#3809=DIRECTION('ref_axis',(-1.22464679914735E-16,-1.,0.));
#3810=DIRECTION('',(1.,-1.22464679914735E-16,0.));
#3811=DIRECTION('center_axis',(-1.,1.22464679914735E-16,0.));
#3812=DIRECTION('ref_axis',(-1.22464679914735E-16,-1.,0.));
#3813=DIRECTION('center_axis',(-1.,1.22464679914735E-16,0.));
#3814=DIRECTION('ref_axis',(-1.22464679914735E-16,-1.,0.));
#3815=DIRECTION('center_axis',(-1.,1.22464679914735E-16,0.));
#3816=DIRECTION('ref_axis',(-1.22464679914735E-16,-1.,0.));
#3817=DIRECTION('',(0.,0.,1.));
#3818=DIRECTION('',(1.,0.,0.));
#3819=DIRECTION('',(0.,0.,1.));
#3820=DIRECTION('',(1.,0.,0.));
#3821=CARTESIAN_POINT('',(0.,0.,0.));
#3822=CARTESIAN_POINT('',(0.,0.,0.));
#3823=CARTESIAN_POINT('',(0.,0.,0.));
#3824=CARTESIAN_POINT('Ctrl Pts',(10.4599999548456,-3.67394039744204E-17,
-3.35000001505513));
#3825=CARTESIAN_POINT('Ctrl Pts',(10.4599999548456,-0.0673198425769235,
-3.35000001505513));
#3826=CARTESIAN_POINT('Ctrl Pts',(10.4286997455945,-0.156746867623899,-3.35000001348437));
#3827=CARTESIAN_POINT('Ctrl Pts',(10.3325556961047,-0.252515271481708,-3.3500000086595));
#3828=CARTESIAN_POINT('Ctrl Pts',(10.2291810650439,-0.302460331419738,-3.35000000347176));
#3829=CARTESIAN_POINT('Ctrl Pts',(10.0907682113423,-0.302545546604414,-3.34999999652569));
#3830=CARTESIAN_POINT('Ctrl Pts',(9.96690810711415,-0.242422999727918,-3.34999999030992));
#3831=CARTESIAN_POINT('Ctrl Pts',(9.85065797212202,-0.0990753319599107,
-3.34999998447604));
#3832=CARTESIAN_POINT('Ctrl Pts',(9.85074046571091,0.148928283704448,-3.34999998448019));
#3833=CARTESIAN_POINT('Ctrl Pts',(10.0445938293855,0.303630427790041,-3.34999999420848));
#3834=CARTESIAN_POINT('Ctrl Pts',(10.2291348044357,0.302109001076624,-3.35000000346945));
#3835=CARTESIAN_POINT('Ctrl Pts',(10.3533948495434,0.242783374549715,-3.35000000970528));
#3836=CARTESIAN_POINT('Ctrl Pts',(10.4395588554687,0.134491302718067,-3.35000001402932));
#3837=CARTESIAN_POINT('Ctrl Pts',(10.4599999548456,0.0448798950512823,-3.35000001505513));
#3838=CARTESIAN_POINT('Ctrl Pts',(10.4599999548456,-3.67394039744204E-17,
-3.35000001505513));
#3839=CARTESIAN_POINT('Ctrl Pts',(10.4599999548458,-3.67394045261044E-17,
-3.39487991297429));
#3840=CARTESIAN_POINT('Ctrl Pts',(10.4599999548458,-0.0674274154405265,
-3.39487991297429));
#3841=CARTESIAN_POINT('Ctrl Pts',(10.4287257884445,-0.156690100967174,-3.39487991110768));
#3842=CARTESIAN_POINT('Ctrl Pts',(10.3325543257617,-0.25256295214249,-3.39487990536016));
#3843=CARTESIAN_POINT('Ctrl Pts',(10.2292012213148,-0.302451085170362,-3.39487989918701));
#3844=CARTESIAN_POINT('Ctrl Pts',(10.0907590207657,-0.302576876230297,-3.39487989091395));
#3845=CARTESIAN_POINT('Ctrl Pts',(9.96689651569355,-0.242415501227908,-3.39487988351382));
#3846=CARTESIAN_POINT('Ctrl Pts',(9.85062260175904,-0.0990853718344502,
-3.39487987656556));
#3847=CARTESIAN_POINT('Ctrl Pts',(9.85074506653735,0.148924920779484,-3.39487987657568));
#3848=CARTESIAN_POINT('Ctrl Pts',(10.0445797889656,0.303666801259066,-3.39487988815471));
#3849=CARTESIAN_POINT('Ctrl Pts',(10.2291224135578,0.302109822932358,-3.39487989918002));
#3850=CARTESIAN_POINT('Ctrl Pts',(10.353421074942,0.242812470724048,-3.39487990660874));
#3851=CARTESIAN_POINT('Ctrl Pts',(10.43957199628,0.134450106227727,-3.39487991175477));
#3852=CARTESIAN_POINT('Ctrl Pts',(10.4599999548458,0.0449516102936843,-3.39487991297429));
#3853=CARTESIAN_POINT('Ctrl Pts',(10.4599999548458,-3.67394034227364E-17,
-3.39487991297429));
#3854=CARTESIAN_POINT('Ctrl Pts',(10.4223596643138,-3.21297993497282E-17,
-3.47261491789912));
#3855=CARTESIAN_POINT('Ctrl Pts',(10.4223596643138,-0.0588356066733919,
-3.47261491789912));
#3856=CARTESIAN_POINT('Ctrl Pts',(10.3949774700064,-0.137100151350152,-3.4726149155305));
#3857=CARTESIAN_POINT('Ctrl Pts',(10.3109060083069,-0.220816041700802,-3.47261490826266));
#3858=CARTESIAN_POINT('Ctrl Pts',(10.2204939833763,-0.264514603378634,-3.47261490044455));
#3859=CARTESIAN_POINT('Ctrl Pts',(10.0994577668816,-0.264574872915594,-3.47261488998075));
#3860=CARTESIAN_POINT('Ctrl Pts',(9.99113894128597,-0.212009391852924,-3.47261488061538));
#3861=CARTESIAN_POINT('Ctrl Pts',(9.88948279071451,-0.0866410564875368,
-3.47261487182699));
#3862=CARTESIAN_POINT('Ctrl Pts',(9.88954089652042,0.130243781972479,-3.47261487183033));
#3863=CARTESIAN_POINT('Ctrl Pts',(10.059078477555,0.265521863578,-3.47261488648968));
#3864=CARTESIAN_POINT('Ctrl Pts',(10.2204649570187,0.26420381797095,-3.47261490044341));
#3865=CARTESIAN_POINT('Ctrl Pts',(10.3291208322287,0.212311709646248,-3.4726149098364));
#3866=CARTESIAN_POINT('Ctrl Pts',(10.4044786449446,0.117631470707742,-3.47261491635253));
#3867=CARTESIAN_POINT('Ctrl Pts',(10.4223596643138,0.0392237377822613,-3.47261491789912));
#3868=CARTESIAN_POINT('Ctrl Pts',(10.4223596643138,-2.29105840713924E-17,
-3.47261491789912));
#3869=CARTESIAN_POINT('Ctrl Pts',(10.3436598632292,-2.24918537371666E-17,
-3.50000001843422));
#3870=CARTESIAN_POINT('Ctrl Pts',(10.3436598632292,-0.0411977397072693,
-3.50000001843422));
#3871=CARTESIAN_POINT('Ctrl Pts',(10.3244941421215,-0.0959685461516522,
-3.50000001651264));
#3872=CARTESIAN_POINT('Ctrl Pts',(10.2656387163518,-0.15458293589744,-3.50000001060301));
#3873=CARTESIAN_POINT('Ctrl Pts',(10.2023497015231,-0.185167464295194,-3.50000000425234));
#3874=CARTESIAN_POINT('Ctrl Pts',(10.1176176039665,-0.185213803618006,-3.49999999574527));
#3875=CARTESIAN_POINT('Ctrl Pts',(10.0417908265261,-0.148412372305035,-3.49999998813423));
#3876=CARTESIAN_POINT('Ctrl Pts',(9.97062594175765,-0.060652448994722,-3.49999998098937));
#3877=CARTESIAN_POINT('Ctrl Pts',(9.97067070305786,0.0911743374166541,-3.4999999809971));
#3878=CARTESIAN_POINT('Ctrl Pts',(10.0893503559545,0.185877242578107,-3.49999999290765));
#3879=CARTESIAN_POINT('Ctrl Pts',(10.2023260556258,0.184950933878052,-3.50000000424733));
#3880=CARTESIAN_POINT('Ctrl Pts',(10.2783924771642,0.148627740607823,-3.50000001188536));
#3881=CARTESIAN_POINT('Ctrl Pts',(10.3311439397222,0.0823414586241636,-3.50000001717905));
#3882=CARTESIAN_POINT('Ctrl Pts',(10.3436598632292,0.0274651598048462,-3.50000001843422));
#3883=CARTESIAN_POINT('Ctrl Pts',(10.3436598632292,6.00325411281248E-18,
-3.50000001843422));
#3884=CARTESIAN_POINT('Ctrl Pts',(10.3099999397898,-1.83697019872101E-17,
-3.50000001505572));
#3885=CARTESIAN_POINT('Ctrl Pts',(10.3099999397898,-0.0336599212884618,
-3.50000001505572));
#3886=CARTESIAN_POINT('Ctrl Pts',(10.2943498351643,-0.0783734338119493,
-3.5000000134849));
#3887=CARTESIAN_POINT('Ctrl Pts',(10.2462778104194,-0.126257635740853,-3.50000000865984));
#3888=CARTESIAN_POINT('Ctrl Pts',(10.194590494889,-0.151230165709868,-3.5000000034719));
#3889=CARTESIAN_POINT('Ctrl Pts',(10.1253840680382,-0.151272773302206,-3.49999999652555));
#3890=CARTESIAN_POINT('Ctrl Pts',(10.0634540159241,-0.121211499863959,-3.49999999030953));
#3891=CARTESIAN_POINT('Ctrl Pts',(10.0053289484281,-0.0495376659799556,
-3.49999998447543));
#3892=CARTESIAN_POINT('Ctrl Pts',(10.0053701952225,0.0744641418522239,-3.49999998447957));
#3893=CARTESIAN_POINT('Ctrl Pts',(10.1022968770598,0.15181521389502,-3.49999999420825));
#3894=CARTESIAN_POINT('Ctrl Pts',(10.1945673645849,0.151054500538311,-3.50000000346958));
#3895=CARTESIAN_POINT('Ctrl Pts',(10.2566973871388,0.121391687274857,-3.50000000970567));
#3896=CARTESIAN_POINT('Ctrl Pts',(10.2997793901014,0.0672456513590333,-3.50000001402987));
#3897=CARTESIAN_POINT('Ctrl Pts',(10.3099999397898,0.0224399475256412,-3.50000001505572));
#3898=CARTESIAN_POINT('Ctrl Pts',(10.3099999397898,1.83697093626815E-17,
-3.50000001505572));
#3899=CARTESIAN_POINT('',(10.3099999397898,1.83697019872102E-17,-3.50000001505573));
#3900=CARTESIAN_POINT('',(10.4599999548456,-3.67394039744204E-17,-3.35000003011146));
#3901=CARTESIAN_POINT('Origin',(10.3099999548456,-1.83697019872101E-17,
-3.35000001505573));
#3902=CARTESIAN_POINT('Origin',(10.1599999548456,0.,-3.35));
#3903=CARTESIAN_POINT('Origin',(10.1599999397898,0.,-3.5));
#3904=CARTESIAN_POINT('Origin',(10.1599999548194,0.,3.25));
#3905=CARTESIAN_POINT('',(10.4599999548194,-3.67394039744206E-17,3.24999996988854));
#3906=CARTESIAN_POINT('',(10.4599999548194,-3.67394039744204E-17,3.25000000000119));
#3907=CARTESIAN_POINT('',(9.85999995481943,-3.67394039744206E-17,3.25000003011146));
#3908=CARTESIAN_POINT('Origin',(10.1599999548194,0.,3.25));
#3909=CARTESIAN_POINT('Origin',(10.1599999548194,0.,3.25));
#3910=CARTESIAN_POINT('Origin',(10.1599999548462,0.,-3.5));
#3911=CARTESIAN_POINT('Ctrl Pts',(-10.3100000451538,0.,-3.5));
#3912=CARTESIAN_POINT('Ctrl Pts',(-10.3100000451538,-0.150000000000001,
-3.5));
#3913=CARTESIAN_POINT('Ctrl Pts',(-10.1600000451538,-0.150000000000001,
-3.5));
#3914=CARTESIAN_POINT('Ctrl Pts',(-10.0100000451538,-0.150000000000001,
-3.5));
#3915=CARTESIAN_POINT('Ctrl Pts',(-10.0100000451538,0.,-3.5));
#3916=CARTESIAN_POINT('Ctrl Pts',(-10.0100000451538,0.150000000000001,-3.5));
#3917=CARTESIAN_POINT('Ctrl Pts',(-10.1600000451538,0.150000000000001,-3.5));
#3918=CARTESIAN_POINT('Ctrl Pts',(-10.3100000451538,0.150000000000001,-3.5));
#3919=CARTESIAN_POINT('Ctrl Pts',(-10.3100000451538,0.,-3.5));
#3920=CARTESIAN_POINT('Ctrl Pts',(-10.4600000451538,0.,-3.5));
#3921=CARTESIAN_POINT('Ctrl Pts',(-10.4600000451538,-0.300000000000001,
-3.5));
#3922=CARTESIAN_POINT('Ctrl Pts',(-10.1600000451538,-0.300000000000001,
-3.5));
#3923=CARTESIAN_POINT('Ctrl Pts',(-9.86000004515382,-0.300000000000001,
-3.5));
#3924=CARTESIAN_POINT('Ctrl Pts',(-9.86000004515382,0.,-3.5));
#3925=CARTESIAN_POINT('Ctrl Pts',(-9.86000004515382,0.300000000000001,-3.5));
#3926=CARTESIAN_POINT('Ctrl Pts',(-10.1600000451538,0.300000000000001,-3.5));
#3927=CARTESIAN_POINT('Ctrl Pts',(-10.4600000451538,0.300000000000001,-3.5));
#3928=CARTESIAN_POINT('Ctrl Pts',(-10.4600000451538,0.,-3.5));
#3929=CARTESIAN_POINT('Ctrl Pts',(-10.4600000451538,0.,-3.35));
#3930=CARTESIAN_POINT('Ctrl Pts',(-10.4600000451538,-0.300000000000001,
-3.35));
#3931=CARTESIAN_POINT('Ctrl Pts',(-10.1600000451538,-0.300000000000001,
-3.35));
#3932=CARTESIAN_POINT('Ctrl Pts',(-9.86000004515382,-0.300000000000001,
-3.35));
#3933=CARTESIAN_POINT('Ctrl Pts',(-9.86000004515382,0.,-3.35));
#3934=CARTESIAN_POINT('Ctrl Pts',(-9.86000004515382,0.300000000000001,-3.35));
#3935=CARTESIAN_POINT('Ctrl Pts',(-10.1600000451538,0.300000000000001,-3.35));
#3936=CARTESIAN_POINT('Ctrl Pts',(-10.4600000451538,0.300000000000001,-3.35));
#3937=CARTESIAN_POINT('Ctrl Pts',(-10.4600000451538,0.,-3.35));
#3938=CARTESIAN_POINT('',(-10.4600000451538,3.67394039744206E-17,-3.35));
#3939=CARTESIAN_POINT('Origin',(-10.1600000451538,0.,-3.35));
#3940=CARTESIAN_POINT('',(-10.3100000451538,-1.83697019872103E-17,-3.5));
#3941=CARTESIAN_POINT('Origin',(-10.3100000451538,-1.83697019872103E-17,
-3.35));
#3942=CARTESIAN_POINT('Origin',(-10.1600000451538,0.,-3.5));
#3943=CARTESIAN_POINT('Origin',(-10.1600000451538,0.,-3.5));
#3944=CARTESIAN_POINT('',(-10.4600000451538,-3.67394039744206E-17,3.25));
#3945=CARTESIAN_POINT('',(-9.86000004515382,-3.67394039744206E-17,3.25));
#3946=CARTESIAN_POINT('Origin',(-10.1600000451538,0.,3.25));
#3947=CARTESIAN_POINT('',(-10.4600000451538,-3.67394039744206E-17,-3.5));
#3948=CARTESIAN_POINT('Origin',(-10.1600000451538,0.,3.25));
#3949=CARTESIAN_POINT('Origin',(-10.1600000451538,0.,-3.5));
#3950=CARTESIAN_POINT('Origin',(9.25999995481944,0.,3.25));
#3951=CARTESIAN_POINT('',(9.25999992470797,-3.67394039744206E-17,3.85));
#3952=CARTESIAN_POINT('Origin',(9.25999995481944,-3.67394039744206E-17,
3.25));
#3953=CARTESIAN_POINT('',(9.25999998493089,-3.67394039744206E-17,4.44999999999999));
#3954=CARTESIAN_POINT('Origin',(9.25999995481943,0.,4.14999999999999));
#3955=CARTESIAN_POINT('Origin',(9.25999995481943,0.,4.14999999999999));
#3956=CARTESIAN_POINT('Origin',(-9.25999995481944,0.,4.14999999999999));
#3957=CARTESIAN_POINT('',(-9.25999992470798,-3.67394039744206E-17,4.44999999999999));
#3958=CARTESIAN_POINT('',(-9.25999995481944,-3.67394039744204E-17,4.44999999999999));
#3959=CARTESIAN_POINT('',(-9.2599999849309,-3.67394039744206E-17,3.85));
#3960=CARTESIAN_POINT('Origin',(-9.25999995481944,0.,4.14999999999999));
#3961=CARTESIAN_POINT('Origin',(-9.25999995481944,0.,4.14999999999999));
#3962=CARTESIAN_POINT('Origin',(-9.26000004515382,0.,3.25));
#3963=CARTESIAN_POINT('Origin',(-9.26000004515382,-3.67394039744206E-17,
3.25));
#3964=CARTESIAN_POINT('Origin',(-5.8,0.,4.15));
#3965=CARTESIAN_POINT('',(-6.3,0.123549901596842,6.83890548997045));
#3966=CARTESIAN_POINT('',(-6.,1.92881870865708E-16,7.3));
#3967=CARTESIAN_POINT('Ctrl Pts',(-6.3,0.123549901596842,6.83890548997045));
#3968=CARTESIAN_POINT('Ctrl Pts',(-6.3,0.106606055254928,6.90214078539412));
#3969=CARTESIAN_POINT('Ctrl Pts',(-6.28522273390709,0.0866363932023377,
6.97666857878436));
#3970=CARTESIAN_POINT('Ctrl Pts',(-6.23678982237916,0.0556730194555355,
7.09222546278117));
#3971=CARTESIAN_POINT('Ctrl Pts',(-6.19523620097152,0.0391047081134798,
7.15405924250534));
#3972=CARTESIAN_POINT('Ctrl Pts',(-6.11017086960468,0.0166142932473167,
7.23799461346917));
#3973=CARTESIAN_POINT('Ctrl Pts',(-6.05399262165747,0.00631403836330847,
7.2764356880272));
#3974=CARTESIAN_POINT('Ctrl Pts',(-6.,1.5146726527692E-16,7.3));
#3975=CARTESIAN_POINT('',(-6.3,-0.358480458296377,6.81776480844872));
#3976=CARTESIAN_POINT('Origin',(-6.3,0.,4.15));
#3977=CARTESIAN_POINT('',(-6.,-0.175796691848271,7.29509070189322));
#3978=CARTESIAN_POINT('Ctrl Pts',(-6.3,-0.358480458296377,6.81776480844872));
#3979=CARTESIAN_POINT('Ctrl Pts',(-6.3,-0.373055945613938,6.87216126766294));
#3980=CARTESIAN_POINT('Ctrl Pts',(-6.28793268139112,-0.378323497020567,
6.93844457593747));
#3981=CARTESIAN_POINT('Ctrl Pts',(-6.2471562696346,-0.366272200059823,7.05101648025895));
#3982=CARTESIAN_POINT('Ctrl Pts',(-6.20951179055726,-0.344245235512916,
7.1142578276654));
#3983=CARTESIAN_POINT('Ctrl Pts',(-6.12709096047219,-0.285338076331127,
7.21286295028281));
#3984=CARTESIAN_POINT('Ctrl Pts',(-6.0658286038428,-0.234786877792277,7.26090287874296));
#3985=CARTESIAN_POINT('Ctrl Pts',(-6.00813214338635,-0.183133983657849,
7.29105365843668));
#3986=CARTESIAN_POINT('Ctrl Pts',(-6.00408902526244,-0.179495634858591,
7.29309656472068));
#3987=CARTESIAN_POINT('Ctrl Pts',(-6.,-0.175796691848271,7.29509070189323));
#3988=CARTESIAN_POINT('Origin',(-6.,0.,4.15));
#3989=CARTESIAN_POINT('Origin',(-5.8,0.,4.15));
#3990=CARTESIAN_POINT('',(-6.,1.575,1.42201997807902));
#3991=CARTESIAN_POINT('',(-6.3,1.45145009840316,1.88311448810856));
#3992=CARTESIAN_POINT('Ctrl Pts',(-6.,1.575,1.42201997807902));
#3993=CARTESIAN_POINT('Ctrl Pts',(-6.05399262165747,1.56868596163669,1.44558429005182));
#3994=CARTESIAN_POINT('Ctrl Pts',(-6.11017086960468,1.55838570675268,1.48402536460985));
#3995=CARTESIAN_POINT('Ctrl Pts',(-6.19523620097152,1.53589529188652,1.56796073557367));
#3996=CARTESIAN_POINT('Ctrl Pts',(-6.23678982237916,1.51932698054446,1.62979451529784));
#3997=CARTESIAN_POINT('Ctrl Pts',(-6.28522273390709,1.48836360679766,1.74535139929466));
#3998=CARTESIAN_POINT('Ctrl Pts',(-6.3,1.46839394474507,1.8198791926849));
#3999=CARTESIAN_POINT('Ctrl Pts',(-6.3,1.45145009840316,1.88311448810856));
#4000=CARTESIAN_POINT('',(-6.,1.42030094990474,1.3383732090301));
#4001=CARTESIAN_POINT('Origin',(-6.,0.,4.15));
#4002=CARTESIAN_POINT('',(-6.3,1.02342922057941,1.66040767541309));
#4003=CARTESIAN_POINT('Ctrl Pts',(-6.,1.42030094990474,1.3383732090301));
#4004=CARTESIAN_POINT('Ctrl Pts',(-6.00408902526244,1.41610050270438,1.33825071097499));
#4005=CARTESIAN_POINT('Ctrl Pts',(-6.00813214338635,1.4119281470744,1.33820074531486));
#4006=CARTESIAN_POINT('Ctrl Pts',(-6.0658286038428,1.35212003872813,1.33848563940632));
#4007=CARTESIAN_POINT('Ctrl Pts',(-6.12709096047219,1.28432145237166,1.35481383857937));
#4008=CARTESIAN_POINT('Ctrl Pts',(-6.20951179055726,1.18400379474675,1.41075480011843));
#4009=CARTESIAN_POINT('Ctrl Pts',(-6.2471562696346,1.13330721017765,1.45450993126852));
#4010=CARTESIAN_POINT('Ctrl Pts',(-6.28793268139112,1.06658452870035,1.54597441168294));
#4011=CARTESIAN_POINT('Ctrl Pts',(-6.3,1.03800470789697,1.60601121619888));
#4012=CARTESIAN_POINT('Ctrl Pts',(-6.3,1.02342922057941,1.66040767541309));
#4013=CARTESIAN_POINT('Origin',(-6.3,0.,4.15));
#4014=CARTESIAN_POINT('Origin',(-5.8,0.,4.15));
#4015=CARTESIAN_POINT('',(-6.,-1.575,6.87798002192098));
#4016=CARTESIAN_POINT('',(-6.3,-1.45145009840316,6.41688551189143));
#4017=CARTESIAN_POINT('Ctrl Pts',(-6.,-1.575,6.87798002192098));
#4018=CARTESIAN_POINT('Ctrl Pts',(-6.05399262165747,-1.56868596163669,6.85441570994818));
#4019=CARTESIAN_POINT('Ctrl Pts',(-6.11017086960468,-1.55838570675268,6.81597463539015));
#4020=CARTESIAN_POINT('Ctrl Pts',(-6.19523620097152,-1.53589529188652,6.73203926442632));
#4021=CARTESIAN_POINT('Ctrl Pts',(-6.23678982237916,-1.51932698054447,6.67020548470215));
#4022=CARTESIAN_POINT('Ctrl Pts',(-6.28522273390709,-1.48836360679766,6.55464860070534));
#4023=CARTESIAN_POINT('Ctrl Pts',(-6.3,-1.46839394474507,6.4801208073151));
#4024=CARTESIAN_POINT('Ctrl Pts',(-6.3,-1.45145009840316,6.41688551189143));
#4025=CARTESIAN_POINT('',(-6.,-1.42030094995409,6.96162679094497));
#4026=CARTESIAN_POINT('Origin',(-6.,0.,4.15));
#4027=CARTESIAN_POINT('',(-6.3,-1.02342922062988,6.63959232456616));
#4028=CARTESIAN_POINT('Ctrl Pts',(-6.,-1.42030094995409,6.96162679094497));
#4029=CARTESIAN_POINT('Ctrl Pts',(-6.00408902526253,-1.41610050275366,6.96174928900015));
#4030=CARTESIAN_POINT('Ctrl Pts',(-6.00813214338652,-1.41192814712361,6.96179925466035));
#4031=CARTESIAN_POINT('Ctrl Pts',(-6.06582860384288,-1.35212003877767,6.96151436056977));
#4032=CARTESIAN_POINT('Ctrl Pts',(-6.12709096047217,-1.28432145242156,6.9451861613977));
#4033=CARTESIAN_POINT('Ctrl Pts',(-6.20951179055719,-1.18400379479705,6.88924519985991));
#4034=CARTESIAN_POINT('Ctrl Pts',(-6.2471562696345,-1.13330721022814,6.84549006871041));
#4035=CARTESIAN_POINT('Ctrl Pts',(-6.28793268139113,-1.06658452875086,6.75402558829646));
#4036=CARTESIAN_POINT('Ctrl Pts',(-6.3,-1.03800470794746,6.69398878378044));
#4037=CARTESIAN_POINT('Ctrl Pts',(-6.3,-1.02342922062988,6.63959232456616));
#4038=CARTESIAN_POINT('Origin',(-6.3,0.,4.15));
#4039=CARTESIAN_POINT('Origin',(-5.8,0.,4.15));
#4040=CARTESIAN_POINT('',(-6.3,-0.123549901596843,1.46109451002955));
#4041=CARTESIAN_POINT('',(-6.,-1.80411241501588E-15,0.999999999999999));
#4042=CARTESIAN_POINT('Ctrl Pts',(-6.3,-0.123549901596843,1.46109451002955));
#4043=CARTESIAN_POINT('Ctrl Pts',(-6.3,-0.106606055254929,1.39785921460588));
#4044=CARTESIAN_POINT('Ctrl Pts',(-6.28522273390709,-0.0866363932023395,
1.32333142121564));
#4045=CARTESIAN_POINT('Ctrl Pts',(-6.23678982237916,-0.0556730194555373,
1.20777453721883));
#4046=CARTESIAN_POINT('Ctrl Pts',(-6.19523620097152,-0.0391047081134817,
1.14594075749466));
#4047=CARTESIAN_POINT('Ctrl Pts',(-6.11017086960468,-0.0166142932473185,
1.06200538653083));
#4048=CARTESIAN_POINT('Ctrl Pts',(-6.05399262165747,-0.00631403836331024,
1.0235643119728));
#4049=CARTESIAN_POINT('Ctrl Pts',(-6.,-1.80411241501588E-15,0.999999999999999));
#4050=CARTESIAN_POINT('',(-6.3,0.358480458242295,1.48223519154401));
#4051=CARTESIAN_POINT('Origin',(-6.3,0.,4.15));
#4052=CARTESIAN_POINT('',(-6.,0.175796691793068,1.00490929810369));
#4053=CARTESIAN_POINT('Ctrl Pts',(-6.3,0.358480458242295,1.48223519154401));
#4054=CARTESIAN_POINT('Ctrl Pts',(-6.3,0.373055945559873,1.42783873232973));
#4055=CARTESIAN_POINT('Ctrl Pts',(-6.28793268139113,0.37832349696653,1.36155542405512));
#4056=CARTESIAN_POINT('Ctrl Pts',(-6.24715626963449,0.366272200005562,1.24898351973405));
#4057=CARTESIAN_POINT('Ctrl Pts',(-6.20951179055719,0.344245235458529,1.18574217232821));
#4058=CARTESIAN_POINT('Ctrl Pts',(-6.12709096047217,0.285338076276446,1.0871370497121));
#4059=CARTESIAN_POINT('Ctrl Pts',(-6.06582860384288,0.234786877737417,1.03909712125298));
#4060=CARTESIAN_POINT('Ctrl Pts',(-6.00813214338652,0.183133983602836,1.00894634156019));
#4061=CARTESIAN_POINT('Ctrl Pts',(-6.00408902526253,0.179495634803483,1.00690343527621));
#4062=CARTESIAN_POINT('Ctrl Pts',(-6.,0.175796691793068,1.00490929810369));
#4063=CARTESIAN_POINT('Origin',(-6.,0.,4.15));
#4064=CARTESIAN_POINT('Origin',(4.25166852264521,0.,4.15));
#4065=CARTESIAN_POINT('',(4.66740823228676,-1.51529258540499,6.65514891706382));
#4066=CARTESIAN_POINT('',(4.25166852264521,-1.575,6.87798002192098));
#4067=CARTESIAN_POINT('Ctrl Pts',(4.66740823228676,-1.51529258540499,6.65514891706382));
#4068=CARTESIAN_POINT('Ctrl Pts',(4.64804638180606,-1.52310155650674,6.68429239397038));
#4069=CARTESIAN_POINT('Ctrl Pts',(4.62532000747229,-1.53038022558912,6.71145675679731));
#4070=CARTESIAN_POINT('Ctrl Pts',(4.5589447382998,-1.54793960146025,6.77698923969755));
#4071=CARTESIAN_POINT('Ctrl Pts',(4.49755215077168,-1.55883725404393,6.8176598328231));
#4072=CARTESIAN_POINT('Ctrl Pts',(4.38426546368569,-1.57122141578474,6.86387815364894));
#4073=CARTESIAN_POINT('Ctrl Pts',(4.3126090031737,-1.575,6.87798002192098));
#4074=CARTESIAN_POINT('Ctrl Pts',(4.25166852264521,-1.575,6.87798002192098));
#4075=CARTESIAN_POINT('',(4.66740823228676,-0.996478513992492,6.90298261658164));
#4076=CARTESIAN_POINT('Origin',(4.66740823228676,0.,4.15));
#4077=CARTESIAN_POINT('',(4.25166852264521,-1.05418974331648,7.11836385658604));
#4078=CARTESIAN_POINT('Ctrl Pts',(4.66740823228676,-0.996478513992492,6.90298261658164));
#4079=CARTESIAN_POINT('Ctrl Pts',(4.6486550963979,-1.00376944891879,6.93019275616127));
#4080=CARTESIAN_POINT('Ctrl Pts',(4.62688440918545,-1.01054291510357,6.95547167610623));
#4081=CARTESIAN_POINT('Ctrl Pts',(4.56134988891389,-1.02753844949365,7.01889987395177));
#4082=CARTESIAN_POINT('Ctrl Pts',(4.49979624668243,-1.03820878203929,7.05872209714576));
#4083=CARTESIAN_POINT('Ctrl Pts',(4.38584311460942,-1.0504471373056,7.10439626080072));
#4084=CARTESIAN_POINT('Ctrl Pts',(4.31330574153735,-1.05418974331648,7.11836385658604));
#4085=CARTESIAN_POINT('Ctrl Pts',(4.25166852264521,-1.05418974331648,7.11836385658604));
#4086=CARTESIAN_POINT('',(4.25166852264521,-1.55758152704492,6.88796270730783));
#4087=CARTESIAN_POINT('Origin',(4.25166852264521,0.,4.15));
#4088=CARTESIAN_POINT('Origin',(4.25166852264521,0.,4.15));
#4089=CARTESIAN_POINT('Origin',(0.,0.,4.15));
#4090=CARTESIAN_POINT('',(6.,-1.575,6.87798002192098));
#4091=CARTESIAN_POINT('',(5.74833147735479,-1.575,6.87798002192098));
#4092=CARTESIAN_POINT('',(0.,-1.575,6.87798002192098));
#4093=CARTESIAN_POINT('',(6.,-1.4203009499541,6.96162679094497));
#4094=CARTESIAN_POINT('Origin',(6.,0.,4.15));
#4095=CARTESIAN_POINT('',(5.74833147735479,-1.18808412389867,7.06735430048185));
#4096=CARTESIAN_POINT('Origin',(5.35579719255348,0.,4.15));
#4097=CARTESIAN_POINT('Origin',(5.74833147735479,0.,4.15));
#4098=CARTESIAN_POINT('Origin',(5.8,0.,4.15));
#4099=CARTESIAN_POINT('',(6.17107718462643,-1.54195557939327,6.75465656530998));
#4100=CARTESIAN_POINT('Ctrl Pts',(6.17107718462643,-1.54195557939327,6.75465656530998));
#4101=CARTESIAN_POINT('Ctrl Pts',(6.16437896716681,-1.54394891748153,6.76209580433204));
#4102=CARTESIAN_POINT('Ctrl Pts',(6.15756951925816,-1.54585398228075,6.76920560295445));
#4103=CARTESIAN_POINT('Ctrl Pts',(6.11017086960468,-1.55838570675268,6.81597463539015));
#4104=CARTESIAN_POINT('Ctrl Pts',(6.05399262165747,-1.56868596163669,6.85441570994818));
#4105=CARTESIAN_POINT('Ctrl Pts',(6.,-1.575,6.87798002192098));
#4106=CARTESIAN_POINT('Ctrl Pts',(6.17107718462643,-1.54195557939327,6.75465656530998));
#4107=CARTESIAN_POINT('Ctrl Pts',(6.17021661295878,-1.54144272543255,6.75606756186832));
#4108=CARTESIAN_POINT('Ctrl Pts',(6.16935636128404,-1.54092789948196,6.75746996250263));
#4109=CARTESIAN_POINT('Ctrl Pts',(6.12348892562542,-1.51336578742101,6.83182492268049));
#4110=CARTESIAN_POINT('Ctrl Pts',(6.06060553561246,-1.46842643455193,6.90707173634635));
#4111=CARTESIAN_POINT('Ctrl Pts',(6.00205252245596,-1.42193443767589,6.95979271231925));
#4112=CARTESIAN_POINT('Ctrl Pts',(6.00102844631338,-1.42112006152131,6.96071014551069));
#4113=CARTESIAN_POINT('Ctrl Pts',(6.,-1.4203009499541,6.96162679094497));
#4114=CARTESIAN_POINT('Origin',(5.8,0.,4.15));
#4115=CARTESIAN_POINT('',(6.,-1.80411241501588E-15,0.999999999999999));
#4116=CARTESIAN_POINT('',(6.17107718462643,-0.033044420606734,1.123323456611));
#4117=CARTESIAN_POINT('Ctrl Pts',(6.,-1.74235039893329E-15,0.999999999999998));
#4118=CARTESIAN_POINT('Ctrl Pts',(6.05399262165747,-0.00631403836331019,
1.0235643119728));
#4119=CARTESIAN_POINT('Ctrl Pts',(6.11017086960468,-0.0166142932473186,
1.06200538653083));
#4120=CARTESIAN_POINT('Ctrl Pts',(6.15756951925816,-0.0291460177192503,
1.10877441896654));
#4121=CARTESIAN_POINT('Ctrl Pts',(6.16437896716681,-0.0310510825184707,
1.11588421758894));
#4122=CARTESIAN_POINT('Ctrl Pts',(6.17107718462643,-0.033044420606734,1.123323456611));
#4123=CARTESIAN_POINT('',(6.,0.175796691793066,1.00490929810369));
#4124=CARTESIAN_POINT('Origin',(6.,0.,4.15));
#4125=CARTESIAN_POINT('Ctrl Pts',(6.,0.175796691793066,1.00490929810369));
#4126=CARTESIAN_POINT('Ctrl Pts',(6.00102844631338,0.174628997650191,1.00529358055243));
#4127=CARTESIAN_POINT('Ctrl Pts',(6.00205252245596,0.173465010616362,1.0056809129252));
#4128=CARTESIAN_POINT('Ctrl Pts',(6.06060553561246,0.10684127226259,1.02809261899202));
#4129=CARTESIAN_POINT('Ctrl Pts',(6.12348892562542,0.0302992442154082,1.07078859474596));
#4130=CARTESIAN_POINT('Ctrl Pts',(6.16935636128404,-0.0307477251002565,
1.12140082312688));
#4131=CARTESIAN_POINT('Ctrl Pts',(6.17021661295878,-0.0318947777691522,
1.12235792472718));
#4132=CARTESIAN_POINT('Ctrl Pts',(6.17107718462643,-0.033044420606734,1.123323456611));
#4133=CARTESIAN_POINT('Origin',(0.,0.,4.15));
#4134=CARTESIAN_POINT('',(5.74833147735479,1.92881870865708E-16,7.3));
#4135=CARTESIAN_POINT('',(6.,1.92881870865708E-16,7.3));
#4136=CARTESIAN_POINT('',(0.,0.,7.3));
#4137=CARTESIAN_POINT('',(5.74833147735479,-0.429766117165729,7.27054499799896));
#4138=CARTESIAN_POINT('Origin',(5.74833147735479,0.,4.15));
#4139=CARTESIAN_POINT('',(6.,-0.175796691848269,7.29509070189323));
#4140=CARTESIAN_POINT('Origin',(5.3557971926076,0.,4.15));
#4141=CARTESIAN_POINT('Origin',(6.,0.,4.15));
#4142=CARTESIAN_POINT('Origin',(5.74833147735479,0.,4.15));
#4143=CARTESIAN_POINT('',(5.33259176771324,0.0597074145950104,7.07716889514284));
#4144=CARTESIAN_POINT('Ctrl Pts',(5.33259176771324,0.0597074145950105,7.07716889514284));
#4145=CARTESIAN_POINT('Ctrl Pts',(5.3512037939833,0.0522008606407426,7.10518373588993));
#4146=CARTESIAN_POINT('Ctrl Pts',(5.37286844573611,0.0452010151263396,7.13130751499481));
#4147=CARTESIAN_POINT('Ctrl Pts',(5.43826672946117,0.0276144189137499,7.1969415855924));
#4148=CARTESIAN_POINT('Ctrl Pts',(5.50006159385228,0.0164977028793124,7.23842973464623));
#4149=CARTESIAN_POINT('Ctrl Pts',(5.61436394396684,0.00385798237003355,
7.28560181378033));
#4150=CARTESIAN_POINT('Ctrl Pts',(5.68674673399038,7.95727093542938E-17,
7.3));
#4151=CARTESIAN_POINT('Ctrl Pts',(5.74833147735479,1.16213582468957E-16,
7.3));
#4152=CARTESIAN_POINT('',(5.74833147735479,0.261737791278695,7.28910709097612));
#4153=CARTESIAN_POINT('Origin',(5.74833147735479,0.,4.15));
#4154=CARTESIAN_POINT('',(5.33259176771324,0.323156662941728,7.05988874138613));
#4155=CARTESIAN_POINT('Ctrl Pts',(5.74833147735479,0.261737791278695,7.28910709097612));
#4156=CARTESIAN_POINT('Ctrl Pts',(5.68797154301198,0.261737791278695,7.28910709097612));
#4157=CARTESIAN_POINT('Ctrl Pts',(5.61704902245521,0.265544977101041,7.27489848005327));
#4158=CARTESIAN_POINT('Ctrl Pts',(5.50432363273545,0.27804752373362,7.22823834079649));
#4159=CARTESIAN_POINT('Ctrl Pts',(5.44307862220492,0.289132946649086,7.18686697925258));
#4160=CARTESIAN_POINT('Ctrl Pts',(5.37598473934453,0.307175382346138,7.11953169253889));
#4161=CARTESIAN_POINT('Ctrl Pts',(5.35245257644806,0.314897146926063,7.09071367480252));
#4162=CARTESIAN_POINT('Ctrl Pts',(5.33259176771324,0.323156662941728,7.05988874138613));
#4163=CARTESIAN_POINT('Origin',(5.33259176771324,0.,4.15));
#4164=CARTESIAN_POINT('Origin',(5.74833147735479,0.,4.15));
#4165=CARTESIAN_POINT('',(5.33259176771324,-1.51529258540499,6.65514891706382));
#4166=CARTESIAN_POINT('Ctrl Pts',(5.74833147735479,-1.575,6.87798002192098));
#4167=CARTESIAN_POINT('Ctrl Pts',(5.68674673399038,-1.575,6.87798002192098));
#4168=CARTESIAN_POINT('Ctrl Pts',(5.61436394396684,-1.57114201762997,6.86358183570131));
#4169=CARTESIAN_POINT('Ctrl Pts',(5.50006159385228,-1.55850229712069,6.81640975656722));
#4170=CARTESIAN_POINT('Ctrl Pts',(5.43826672946117,-1.54738558108625,6.77492160751338));
#4171=CARTESIAN_POINT('Ctrl Pts',(5.37286844573611,-1.52979898487366,6.7092875369158));
#4172=CARTESIAN_POINT('Ctrl Pts',(5.3512037939833,-1.52279913935926,6.68316375781091));
#4173=CARTESIAN_POINT('Ctrl Pts',(5.33259176771324,-1.51529258540499,6.65514891706383));
#4174=CARTESIAN_POINT('',(5.35579719258054,-0.76602787493397,7.00885494916304));
#4175=CARTESIAN_POINT('Ctrl Pts',(5.74833147735479,-1.18808412389867,7.06735430048185));
#4176=CARTESIAN_POINT('Ctrl Pts',(5.6821190901716,-1.12628016004931,7.09252378648885));
#4177=CARTESIAN_POINT('Ctrl Pts',(5.60263034347822,-1.0470608501534,7.10399423033871));
#4178=CARTESIAN_POINT('Ctrl Pts',(5.48359262514545,-0.919645861059587,7.08840144315536));
#4179=CARTESIAN_POINT('Ctrl Pts',(5.42162389775024,-0.848865732359424,7.06367518353326));
#4180=CARTESIAN_POINT('Ctrl Pts',(5.36958772224167,-0.783711822031421,7.02156982317752));
#4181=CARTESIAN_POINT('Ctrl Pts',(5.36264924055677,-0.774894188794201,7.01547020255245));
#4182=CARTESIAN_POINT('Ctrl Pts',(5.35579719258054,-0.76602787493397,7.00885494916304));
#4183=CARTESIAN_POINT('Ctrl Pts',(5.35579719258054,-0.76602787493397,7.00885494916304));
#4184=CARTESIAN_POINT('Ctrl Pts',(5.3626492405568,-0.761657048587798,7.01901708358102));
#4185=CARTESIAN_POINT('Ctrl Pts',(5.36958772224174,-0.757070564515661,7.02870832661456));
#4186=CARTESIAN_POINT('Ctrl Pts',(5.42162389775034,-0.7216983031938,7.09774959348304));
#4187=CARTESIAN_POINT('Ctrl Pts',(5.48359262514562,-0.672764043467588,7.15455322680753));
#4188=CARTESIAN_POINT('Ctrl Pts',(5.60263034347832,-0.570215819681657,7.23176447117282));
#4189=CARTESIAN_POINT('Ctrl Pts',(5.68211909017157,-0.495874662917083,7.2614404303554));
#4190=CARTESIAN_POINT('Ctrl Pts',(5.74833147735479,-0.429766117165729,7.27054499799896));
#4191=CARTESIAN_POINT('Origin',(5.33259176771324,0.,4.15));
#4192=CARTESIAN_POINT('Origin',(5.,0.,4.15));
#4193=CARTESIAN_POINT('',(4.66740823228676,0.0597074145950105,7.07716889514284));
#4194=CARTESIAN_POINT('Ctrl Pts',(4.66740823228676,0.0597074145950108,7.07716889514284));
#4195=CARTESIAN_POINT('Ctrl Pts',(4.68289485905224,0.065953440562194,7.05385840888792));
#4196=CARTESIAN_POINT('Ctrl Pts',(4.70103959078126,0.0717786907468036,7.03211827923215));
#4197=CARTESIAN_POINT('Ctrl Pts',(4.75416627077936,0.0858987542993816,6.97942148464783));
#4198=CARTESIAN_POINT('Ctrl Pts',(4.80337956040504,0.0947039367853275,6.94656009624037));
#4199=CARTESIAN_POINT('Ctrl Pts',(4.8940643293551,0.104692755589892,6.90928131695413));
#4200=CARTESIAN_POINT('Ctrl Pts',(4.95130076579343,0.107745466020536,6.89788844652617));
#4201=CARTESIAN_POINT('Ctrl Pts',(5.04869923420657,0.107745466020536,6.89788844652617));
#4202=CARTESIAN_POINT('Ctrl Pts',(5.1059356706449,0.104692755589892,6.90928131695413));
#4203=CARTESIAN_POINT('Ctrl Pts',(5.19662043959496,0.0947039367853279,6.94656009624037));
#4204=CARTESIAN_POINT('Ctrl Pts',(5.24583372922064,0.085898754299382,6.97942148464783));
#4205=CARTESIAN_POINT('Ctrl Pts',(5.29896040921874,0.0717786907468038,7.03211827923216));
#4206=CARTESIAN_POINT('Ctrl Pts',(5.31710514094776,0.0659534405621941,7.05385840888792));
#4207=CARTESIAN_POINT('Ctrl Pts',(5.33259176771324,0.0597074145950105,7.07716889514284));
#4208=CARTESIAN_POINT('',(4.66740823228676,0.323156662941728,7.05988874138613));
#4209=CARTESIAN_POINT('Ctrl Pts',(5.33259176771324,0.323156662941728,7.05988874138613));
#4210=CARTESIAN_POINT('Ctrl Pts',(5.31670542414805,0.329763317829704,7.03523236967613));
#4211=CARTESIAN_POINT('Ctrl Pts',(5.297946801652,0.33594592862755,7.01215855205515));
#4212=CARTESIAN_POINT('Ctrl Pts',(5.24422918034261,0.350516809621668,6.95777928387406));
#4213=CARTESIAN_POINT('Ctrl Pts',(5.19505570966146,0.359547472174809,6.92407639239972));
#4214=CARTESIAN_POINT('Ctrl Pts',(5.10477084598258,0.369700532478882,6.88618465549261));
#4215=CARTESIAN_POINT('Ctrl Pts',(5.04819323859326,0.37280097957013,6.8746136294219));
#4216=CARTESIAN_POINT('Ctrl Pts',(4.95180676140674,0.37280097957013,6.8746136294219));
#4217=CARTESIAN_POINT('Ctrl Pts',(4.89522915401742,0.369700532478882,6.88618465549261));
#4218=CARTESIAN_POINT('Ctrl Pts',(4.80494429033854,0.359547472174809,6.92407639239972));
#4219=CARTESIAN_POINT('Ctrl Pts',(4.75577081965739,0.350516809621668,6.95777928387406));
#4220=CARTESIAN_POINT('Ctrl Pts',(4.702053198348,0.33594592862755,7.01215855205515));
#4221=CARTESIAN_POINT('Ctrl Pts',(4.68329457585195,0.329763317829703,7.03523236967613));
#4222=CARTESIAN_POINT('Ctrl Pts',(4.66740823228676,0.323156662941728,7.05988874138613));
#4223=CARTESIAN_POINT('Origin',(4.66740823228676,0.,4.15));
#4224=CARTESIAN_POINT('Origin',(5.,0.,4.15));
#4225=CARTESIAN_POINT('Ctrl Pts',(5.33259176771324,-1.51529258540499,6.65514891706383));
#4226=CARTESIAN_POINT('Ctrl Pts',(5.31710514094776,-1.50904655943781,6.6318384308089));
#4227=CARTESIAN_POINT('Ctrl Pts',(5.29896040921874,-1.5032213092532,6.61009830115314));
#4228=CARTESIAN_POINT('Ctrl Pts',(5.24583372922064,-1.48910124570062,6.55740150656881));
#4229=CARTESIAN_POINT('Ctrl Pts',(5.19662043959496,-1.48029606321467,6.52454011816135));
#4230=CARTESIAN_POINT('Ctrl Pts',(5.1059356706449,-1.47030724441011,6.48726133887511));
#4231=CARTESIAN_POINT('Ctrl Pts',(5.04869923420657,-1.46725453397946,6.47586846844716));
#4232=CARTESIAN_POINT('Ctrl Pts',(4.95130076579343,-1.46725453397946,6.47586846844716));
#4233=CARTESIAN_POINT('Ctrl Pts',(4.8940643293551,-1.47030724441011,6.48726133887511));
#4234=CARTESIAN_POINT('Ctrl Pts',(4.80337956040504,-1.48029606321467,6.52454011816135));
#4235=CARTESIAN_POINT('Ctrl Pts',(4.75416627077936,-1.48910124570062,6.55740150656881));
#4236=CARTESIAN_POINT('Ctrl Pts',(4.70103959078126,-1.5032213092532,6.61009830115314));
#4237=CARTESIAN_POINT('Ctrl Pts',(4.68289485905224,-1.50904655943781,6.6318384308089));
#4238=CARTESIAN_POINT('Ctrl Pts',(4.66740823228676,-1.51529258540499,6.65514891706382));
#4239=CARTESIAN_POINT('',(4.66740823228676,-0.513515600847958,7.0323921391329));
#4240=CARTESIAN_POINT('Origin',(4.66740823228676,0.,4.15));
#4241=CARTESIAN_POINT('',(5.2,-0.481250323791139,6.91197648583657));
#4242=CARTESIAN_POINT('Ctrl Pts',(4.66740823228676,-0.513515600847958,7.0323921391329));
#4243=CARTESIAN_POINT('Ctrl Pts',(4.68241033439756,-0.507683010986944,7.01062461743189));
#4244=CARTESIAN_POINT('Ctrl Pts',(4.69982377152459,-0.502264089501675,6.99040092712664));
#4245=CARTESIAN_POINT('Ctrl Pts',(4.75225400855066,-0.488661611468894,6.93963578799946));
#4246=CARTESIAN_POINT('Ctrl Pts',(4.80150573793698,-0.480117980872019,6.90775052453082));
#4247=CARTESIAN_POINT('Ctrl Pts',(4.89267286581242,-0.470320352085079,6.87118527610426));
#4248=CARTESIAN_POINT('Ctrl Pts',(4.95069497085529,-0.467323690000722,6.86000158095233));
#4249=CARTESIAN_POINT('Ctrl Pts',(5.04930502914472,-0.467323690000721,6.86000158095233));
#4250=CARTESIAN_POINT('Ctrl Pts',(5.10732713418758,-0.470320352085078,6.87118527610426));
#4251=CARTESIAN_POINT('Ctrl Pts',(5.16832968274916,-0.476876227429536,6.89565213597787));
#4252=CARTESIAN_POINT('Ctrl Pts',(5.18433982162694,-0.478900875650432,6.90320822600571));
#4253=CARTESIAN_POINT('Ctrl Pts',(5.2,-0.481250323791139,6.91197648583657));
#4254=CARTESIAN_POINT('',(5.2,-0.964213236935673,6.78256696328531));
#4255=CARTESIAN_POINT('Origin',(5.2,0.,4.15));
#4256=CARTESIAN_POINT('Ctrl Pts',(5.2,-0.964213236935673,6.78256696328531));
#4257=CARTESIAN_POINT('Ctrl Pts',(5.18433982162694,-0.961863788794966,6.77379870345445));
#4258=CARTESIAN_POINT('Ctrl Pts',(5.16832968274916,-0.959839140574071,6.76624261342661));
#4259=CARTESIAN_POINT('Ctrl Pts',(5.10732713418758,-0.953283265229612,6.741775753553));
#4260=CARTESIAN_POINT('Ctrl Pts',(5.04930502914472,-0.950286603145256,6.73059205840107));
#4261=CARTESIAN_POINT('Ctrl Pts',(4.95069497085529,-0.950286603145256,6.73059205840107));
#4262=CARTESIAN_POINT('Ctrl Pts',(4.89267286581243,-0.953283265229613,6.741775753553));
#4263=CARTESIAN_POINT('Ctrl Pts',(4.80150573793698,-0.963080894016553,6.77834100197956));
#4264=CARTESIAN_POINT('Ctrl Pts',(4.75225400855066,-0.971624524613428,6.8102262654482));
#4265=CARTESIAN_POINT('Ctrl Pts',(4.69982377152459,-0.985227002646208,6.86099140457537));
#4266=CARTESIAN_POINT('Ctrl Pts',(4.68241033439756,-0.990645924131478,6.88121509488063));
#4267=CARTESIAN_POINT('Ctrl Pts',(4.66740823228676,-0.996478513992492,6.90298261658164));
#4268=CARTESIAN_POINT('Origin',(4.25166852264521,0.,4.15));
#4269=CARTESIAN_POINT('',(4.27107718468054,0.000100973916755537,7.29962316021243));
#4270=CARTESIAN_POINT('Ctrl Pts',(4.27107718468054,0.000100973916755504,
7.29962316021243));
#4271=CARTESIAN_POINT('Ctrl Pts',(4.3274218805715,0.000687466138638682,
7.29743434144212));
#4272=CARTESIAN_POINT('Ctrl Pts',(4.39012563927919,0.00441920108072397,
7.28350731703788));
#4273=CARTESIAN_POINT('Ctrl Pts',(4.49755215077168,0.0161627459560697,7.23967981090212));
#4274=CARTESIAN_POINT('Ctrl Pts',(4.5589447382998,0.0270603985397553,7.19900921777657));
#4275=CARTESIAN_POINT('Ctrl Pts',(4.62532000747229,0.0446197744108811,7.13347673487633));
#4276=CARTESIAN_POINT('Ctrl Pts',(4.64804638180606,0.0518984434932643,7.1063123720494));
#4277=CARTESIAN_POINT('Ctrl Pts',(4.66740823228676,0.0597074145950107,7.07716889514284));
#4278=CARTESIAN_POINT('',(4.25166852264521,-0.0200761828235857,7.2999360226651));
#4279=CARTESIAN_POINT('Ctrl Pts',(4.27107718468054,0.000100973916755449,
7.29962316021243));
#4280=CARTESIAN_POINT('Ctrl Pts',(4.26453025552205,-0.00674511113809407,
7.29987770564179));
#4281=CARTESIAN_POINT('Ctrl Pts',(4.25805148050576,-0.0134793245709797,
7.29997806787853));
#4282=CARTESIAN_POINT('Ctrl Pts',(4.25166852264521,-0.0200761828235859,
7.2999360226651));
#4283=CARTESIAN_POINT('',(4.25166852264521,-0.57122683017195,7.2477733791373));
#4284=CARTESIAN_POINT('Origin',(4.25166852264521,0.,4.15));
#4285=CARTESIAN_POINT('Ctrl Pts',(4.25166852264521,-0.571226830171951,7.2477733791373));
#4286=CARTESIAN_POINT('Ctrl Pts',(4.31330574153735,-0.57122683017195,7.2477733791373));
#4287=CARTESIAN_POINT('Ctrl Pts',(4.38584311460942,-0.567484224161069,7.23380578335198));
#4288=CARTESIAN_POINT('Ctrl Pts',(4.49979624668243,-0.555245868894758,7.18813161969703));
#4289=CARTESIAN_POINT('Ctrl Pts',(4.5613498889139,-0.544575536349113,7.14830939650303));
#4290=CARTESIAN_POINT('Ctrl Pts',(4.62688440918545,-0.527580001959041,7.08488119865749));
#4291=CARTESIAN_POINT('Ctrl Pts',(4.6486550963979,-0.520806535774257,7.05960227871253));
#4292=CARTESIAN_POINT('Ctrl Pts',(4.66740823228676,-0.513515600847958,7.0323921391329));
#4293=CARTESIAN_POINT('Origin',(5.8,0.,4.15));
#4294=CARTESIAN_POINT('',(6.17107718468055,1.54195557937716,1.54534343475012));
#4295=CARTESIAN_POINT('',(6.,1.575,1.42201997807902));
#4296=CARTESIAN_POINT('Ctrl Pts',(6.17107718468054,1.54195557937716,1.54534343475012));
#4297=CARTESIAN_POINT('Ctrl Pts',(6.16437896720347,1.54394891747127,1.53790419570625));
#4298=CARTESIAN_POINT('Ctrl Pts',(6.15756951927653,1.54585398227589,1.53079439706368));
#4299=CARTESIAN_POINT('Ctrl Pts',(6.11017086960468,1.55838570675268,1.48402536460985));
#4300=CARTESIAN_POINT('Ctrl Pts',(6.05399262165747,1.56868596163669,1.44558429005182));
#4301=CARTESIAN_POINT('Ctrl Pts',(6.,1.575,1.42201997807902));
#4302=CARTESIAN_POINT('',(6.,1.42030094990474,1.3383732090301));
#4303=CARTESIAN_POINT('Ctrl Pts',(6.17107718468054,1.54195557937716,1.54534343475012));
#4304=CARTESIAN_POINT('Ctrl Pts',(6.17021661299497,1.54144272540585,1.54393243816207));
#4305=CARTESIAN_POINT('Ctrl Pts',(6.16935636130231,1.54092789944457,1.5425300374984));
#4306=CARTESIAN_POINT('Ctrl Pts',(6.12348892562577,1.51336578737257,1.46817507729252));
#4307=CARTESIAN_POINT('Ctrl Pts',(6.06060553561285,1.46842643450318,1.392928263628));
#4308=CARTESIAN_POINT('Ctrl Pts',(6.00205252245633,1.42193443762684,1.3402072876561));
#4309=CARTESIAN_POINT('Ctrl Pts',(6.00102844631356,1.42112006147211,1.33928985446452));
#4310=CARTESIAN_POINT('Ctrl Pts',(6.,1.42030094990474,1.3383732090301));
#4311=CARTESIAN_POINT('Origin',(6.,0.,4.15));
#4312=CARTESIAN_POINT('Origin',(5.8,0.,4.15));
#4313=CARTESIAN_POINT('',(6.17107718468055,0.0330444206228378,7.1766765433289));
#4314=CARTESIAN_POINT('Ctrl Pts',(6.,1.5146726527692E-16,7.3));
#4315=CARTESIAN_POINT('Ctrl Pts',(6.05399262165747,0.00631403836330848,
7.2764356880272));
#4316=CARTESIAN_POINT('Ctrl Pts',(6.11017086960468,0.0166142932473167,7.23799461346917));
#4317=CARTESIAN_POINT('Ctrl Pts',(6.15756951927653,0.0291460177241053,7.19122558101534));
#4318=CARTESIAN_POINT('Ctrl Pts',(6.16437896720347,0.0310510825287306,7.18411578237277));
#4319=CARTESIAN_POINT('Ctrl Pts',(6.17107718468055,0.0330444206228378,7.1766765433289));
#4320=CARTESIAN_POINT('Ctrl Pts',(6.,-0.175796691848269,7.29509070189323));
#4321=CARTESIAN_POINT('Ctrl Pts',(6.00102844631356,-0.174628997705191,7.29470641944444));
#4322=CARTESIAN_POINT('Ctrl Pts',(6.00205252245632,-0.173465010671162,7.29431908707162));
#4323=CARTESIAN_POINT('Ctrl Pts',(6.06060553561285,-0.106841272317637,7.27190738100582));
#4324=CARTESIAN_POINT('Ctrl Pts',(6.12348892562577,-0.0302992442708501,
7.2292114052532));
#4325=CARTESIAN_POINT('Ctrl Pts',(6.16935636130231,0.0307477250683903,7.17859917685353));
#4326=CARTESIAN_POINT('Ctrl Pts',(6.17021661299497,0.0318947777612198,7.17764207523314));
#4327=CARTESIAN_POINT('Ctrl Pts',(6.17107718468055,0.0330444206228378,7.1766765433289));
#4328=CARTESIAN_POINT('Origin',(0.,0.,4.15));
#4329=CARTESIAN_POINT('',(-5.82892281537357,-1.575,6.87798002192098));
#4330=CARTESIAN_POINT('',(0.,-1.575,6.87798002192098));
#4331=CARTESIAN_POINT('Origin',(-6.64420280744652,0.,4.15));
#4332=CARTESIAN_POINT('Origin',(0.,0.,4.15));
#4333=CARTESIAN_POINT('',(-6.,-1.79622512186584,6.73767759034584));
#4334=CARTESIAN_POINT('Origin',(-6.,0.,4.15));
#4335=CARTESIAN_POINT('',(4.25166852264521,-1.79622512186584,6.73767759034584));
#4336=CARTESIAN_POINT('',(0.,-1.79622512186584,6.73767759034584));
#4337=CARTESIAN_POINT('Origin',(4.25166852264521,0.,4.15));
#4338=CARTESIAN_POINT('',(3.77107718462643,-1.575,6.87798002192098));
#4339=CARTESIAN_POINT('',(0.,-1.575,6.87798002192098));
#4340=CARTESIAN_POINT('',(1.87107718462642,-1.575,6.87798002192098));
#4341=CARTESIAN_POINT('',(0.,-1.575,6.87798002192098));
#4342=CARTESIAN_POINT('',(1.37107718462643,-1.575,6.87798002192098));
#4343=CARTESIAN_POINT('',(0.,-1.575,6.87798002192098));
#4344=CARTESIAN_POINT('',(-0.528922815373575,-1.575,6.87798002192098));
#4345=CARTESIAN_POINT('',(0.,-1.575,6.87798002192098));
#4346=CARTESIAN_POINT('',(-1.02892281537357,-1.575,6.87798002192098));
#4347=CARTESIAN_POINT('',(0.,-1.575,6.87798002192098));
#4348=CARTESIAN_POINT('',(-2.92892281537358,-1.575,6.87798002192098));
#4349=CARTESIAN_POINT('',(0.,-1.575,6.87798002192098));
#4350=CARTESIAN_POINT('',(-3.42892281537357,-1.575,6.87798002192098));
#4351=CARTESIAN_POINT('',(0.,-1.575,6.87798002192098));
#4352=CARTESIAN_POINT('',(-5.32892281537358,-1.575,6.87798002192098));
#4353=CARTESIAN_POINT('',(0.,-1.575,6.87798002192098));
#4354=CARTESIAN_POINT('',(0.,-1.575,6.87798002192098));
#4355=CARTESIAN_POINT('Origin',(0.,0.,4.15));
#4356=CARTESIAN_POINT('',(-0.528922815319458,-1.38777878078145E-16,7.3));
#4357=CARTESIAN_POINT('',(1.37107718468054,-1.38777878078145E-16,7.3));
#4358=CARTESIAN_POINT('',(0.,0.,7.3));
#4359=CARTESIAN_POINT('',(-1.34420280741946,-0.815279992099078,7.19266635280356));
#4360=CARTESIAN_POINT('Origin',(-1.3442028073924,0.,4.15));
#4361=CARTESIAN_POINT('Origin',(-1.34420280744652,0.,4.15));
#4362=CARTESIAN_POINT('',(0.555797192580543,-0.815279992099078,7.19266635280356));
#4363=CARTESIAN_POINT('Origin',(0.555797192553483,0.,4.15));
#4364=CARTESIAN_POINT('Origin',(0.555797192607604,0.,4.15));
#4365=CARTESIAN_POINT('',(-0.800000000000001,-0.571226830171951,7.2477733791373));
#4366=CARTESIAN_POINT('',(0.399999999999999,-0.571226830171948,7.2477733791373));
#4367=CARTESIAN_POINT('',(0.,-0.571226830171949,7.2477733791373));
#4368=CARTESIAN_POINT('',(0.399999999999999,-1.05418974331648,7.11836385658604));
#4369=CARTESIAN_POINT('Origin',(0.399999999999999,0.,4.15));
#4370=CARTESIAN_POINT('',(-0.800000000000001,-1.05418974331648,7.11836385658604));
#4371=CARTESIAN_POINT('',(0.,-1.05418974331648,7.11836385658604));
#4372=CARTESIAN_POINT('Origin',(-0.800000000000001,0.,4.15));
#4373=CARTESIAN_POINT('Origin',(0.,0.,4.15));
#4374=CARTESIAN_POINT('',(-2.92892281531946,0.,7.3));
#4375=CARTESIAN_POINT('',(-1.02892281531946,-1.38777878078145E-16,7.3));
#4376=CARTESIAN_POINT('',(0.,0.,7.3));
#4377=CARTESIAN_POINT('',(-3.74420280741946,-0.815279992099078,7.19266635280356));
#4378=CARTESIAN_POINT('Origin',(-3.7442028073924,0.,4.15));
#4379=CARTESIAN_POINT('Origin',(-3.74420280744652,0.,4.15));
#4380=CARTESIAN_POINT('',(-1.84420280741946,-0.815279992099078,7.19266635280356));
#4381=CARTESIAN_POINT('Origin',(-1.84420280744652,0.,4.15));
#4382=CARTESIAN_POINT('Origin',(-1.8442028073924,0.,4.15));
#4383=CARTESIAN_POINT('',(-3.2,-0.571226830171949,7.2477733791373));
#4384=CARTESIAN_POINT('',(-2.,-0.571226830171949,7.2477733791373));
#4385=CARTESIAN_POINT('',(0.,-0.571226830171947,7.2477733791373));
#4386=CARTESIAN_POINT('',(-2.,-1.05418974331648,7.11836385658604));
#4387=CARTESIAN_POINT('Origin',(-2.,0.,4.15));
#4388=CARTESIAN_POINT('',(-3.2,-1.05418974331648,7.11836385658604));
#4389=CARTESIAN_POINT('',(0.,-1.05418974331648,7.11836385658604));
#4390=CARTESIAN_POINT('Origin',(-3.2,0.,4.15));
#4391=CARTESIAN_POINT('Origin',(0.,0.,4.15));
#4392=CARTESIAN_POINT('',(-5.32892281531946,-1.38777878078145E-16,7.3));
#4393=CARTESIAN_POINT('',(-3.42892281531946,-1.38777878078145E-16,7.3));
#4394=CARTESIAN_POINT('',(0.,0.,7.3));
#4395=CARTESIAN_POINT('',(-6.,-0.675136042489404,7.22679887612625));
#4396=CARTESIAN_POINT('Origin',(-6.1442028073924,0.,4.15));
#4397=CARTESIAN_POINT('',(-6.,-0.953714474308444,7.15215401028904));
#4398=CARTESIAN_POINT('Origin',(-6.,0.,4.15));
#4399=CARTESIAN_POINT('Origin',(-6.14420280744652,0.,4.15));
#4400=CARTESIAN_POINT('',(-4.24420280741946,-0.815279992099078,7.19266635280356));
#4401=CARTESIAN_POINT('Origin',(-4.24420280744652,0.,4.15));
#4402=CARTESIAN_POINT('Origin',(-4.2442028073924,0.,4.15));
#4403=CARTESIAN_POINT('',(-4.4,-1.05418974331648,7.11836385658604));
#4404=CARTESIAN_POINT('',(-5.6,-1.05418974331648,7.11836385658604));
#4405=CARTESIAN_POINT('',(0.,-1.05418974331647,7.11836385658604));
#4406=CARTESIAN_POINT('',(-5.6,-0.571226830171951,7.2477733791373));
#4407=CARTESIAN_POINT('Origin',(-5.6,0.,4.15));
#4408=CARTESIAN_POINT('',(-4.4,-0.571226830171948,7.2477733791373));
#4409=CARTESIAN_POINT('',(0.,-0.571226830171938,7.2477733791373));
#4410=CARTESIAN_POINT('Origin',(-4.4,0.,4.15));
#4411=CARTESIAN_POINT('Origin',(0.,0.,4.15));
#4412=CARTESIAN_POINT('',(-5.82892281531945,0.,7.3));
#4413=CARTESIAN_POINT('',(0.,0.,7.3));
#4414=CARTESIAN_POINT('Origin',(-6.6442028073924,0.,4.15));
#4415=CARTESIAN_POINT('Origin',(0.,0.,4.15));
#4416=CARTESIAN_POINT('',(1.87107718468054,-1.38777878078145E-16,7.3));
#4417=CARTESIAN_POINT('',(3.77107718468054,0.,7.3));
#4418=CARTESIAN_POINT('',(0.,0.,7.3));
#4419=CARTESIAN_POINT('',(1.05579719258054,-0.815279992099078,7.19266635280356));
#4420=CARTESIAN_POINT('Origin',(1.0557971926076,0.,4.15));
#4421=CARTESIAN_POINT('Origin',(1.05579719255348,0.,4.15));
#4422=CARTESIAN_POINT('',(2.95579719258054,-0.815279992099078,7.19266635280356));
#4423=CARTESIAN_POINT('Origin',(2.95579719255348,0.,4.15));
#4424=CARTESIAN_POINT('Origin',(2.9557971926076,0.,4.15));
#4425=CARTESIAN_POINT('',(1.6,-0.571226830171951,7.2477733791373));
#4426=CARTESIAN_POINT('',(2.8,-0.571226830171948,7.2477733791373));
#4427=CARTESIAN_POINT('',(0.,-0.571226830171955,7.2477733791373));
#4428=CARTESIAN_POINT('',(2.8,-1.05418974331648,7.11836385658604));
#4429=CARTESIAN_POINT('Origin',(2.8,0.,4.15));
#4430=CARTESIAN_POINT('',(1.6,-1.05418974331648,7.11836385658604));
#4431=CARTESIAN_POINT('',(0.,-1.05418974331649,7.11836385658604));
#4432=CARTESIAN_POINT('Origin',(1.6,0.,4.15));
#4433=CARTESIAN_POINT('Origin',(-5.8,0.,4.15));
#4434=CARTESIAN_POINT('',(-6.24365521278937,0.595047159879823,7.01110541900708));
#4435=CARTESIAN_POINT('',(-6.,0.529655231217061,7.25515141918143));
#4436=CARTESIAN_POINT('Ctrl Pts',(-6.24365521278937,0.595047159879823,7.01110541900708));
#4437=CARTESIAN_POINT('Ctrl Pts',(-6.2192548987084,0.581440303257429,7.06188689925316));
#4438=CARTESIAN_POINT('Ctrl Pts',(-6.18340232182931,0.567729344988622,7.1130568921328));
#4439=CARTESIAN_POINT('Ctrl Pts',(-6.10660576857532,0.546656655845462,7.19170123866718));
#4440=CARTESIAN_POINT('Ctrl Pts',(-6.05278254052017,0.536216807403934,7.23066328347428));
#4441=CARTESIAN_POINT('Ctrl Pts',(-6.,0.529655231217061,7.25515141918143));
#4442=CARTESIAN_POINT('',(-6.24365521278937,0.324670970998969,7.0542372667782));
#4443=CARTESIAN_POINT('Origin',(-6.24365521278937,0.,4.15));
#4444=CARTESIAN_POINT('',(-6.,0.261737791278695,7.28910709097612));
#4445=CARTESIAN_POINT('Ctrl Pts',(-6.,0.261737791278695,7.28910709097612));
#4446=CARTESIAN_POINT('Ctrl Pts',(-6.05349356499217,0.268158627517812,7.26514420390466));
#4447=CARTESIAN_POINT('Ctrl Pts',(-6.10867178982454,0.278522827376345,7.22646448345282));
#4448=CARTESIAN_POINT('Ctrl Pts',(-6.18483118305025,0.298981401602192,7.15011204499154));
#4449=CARTESIAN_POINT('Ctrl Pts',(-6.21960226395295,0.311808104826857,7.10224213686348));
#4450=CARTESIAN_POINT('Ctrl Pts',(-6.24365521278937,0.324670970998968,7.0542372667782));
#4451=CARTESIAN_POINT('Origin',(-6.,0.,4.15));
#4452=CARTESIAN_POINT('Origin',(-5.8,0.,4.15));
#4453=CARTESIAN_POINT('Origin',(-6.3,0.,4.15));
#4454=CARTESIAN_POINT('Origin',(-6.,0.,4.15));
#4455=CARTESIAN_POINT('',(-6.,2.01127059507201,1.72568760400011));
#4456=CARTESIAN_POINT('Origin',(-6.,0.,4.15));
#4457=CARTESIAN_POINT('',(-6.24365521278937,1.94587866640925,1.96973360417446));
#4458=CARTESIAN_POINT('Ctrl Pts',(-6.,2.01127059507201,1.72568760400011));
#4459=CARTESIAN_POINT('Ctrl Pts',(-6.05278254052017,2.00470901888513,1.75017573970725));
#4460=CARTESIAN_POINT('Ctrl Pts',(-6.10660576857532,1.99426917044361,1.78913778451436));
#4461=CARTESIAN_POINT('Ctrl Pts',(-6.18340232182931,1.97319648130045,1.86778213104874));
#4462=CARTESIAN_POINT('Ctrl Pts',(-6.2192548987084,1.95948552303164,1.91895212392838));
#4463=CARTESIAN_POINT('Ctrl Pts',(-6.24365521278937,1.94587866640925,1.96973360417446));
#4464=CARTESIAN_POINT('',(-6.24365521278937,1.73329194214557,1.79719223385208));
#4465=CARTESIAN_POINT('Origin',(-6.24365521278937,0.,4.15));
#4466=CARTESIAN_POINT('',(-6.,1.79622512186584,1.56232240965416));
#4467=CARTESIAN_POINT('Ctrl Pts',(-6.24365521278937,1.73329194214557,1.79719223385208));
#4468=CARTESIAN_POINT('Ctrl Pts',(-6.21960226395295,1.74615480831768,1.7491873637668));
#4469=CARTESIAN_POINT('Ctrl Pts',(-6.18483118305025,1.75898151154234,1.70131745563874));
#4470=CARTESIAN_POINT('Ctrl Pts',(-6.10867178982454,1.77944008576819,1.62496501717746));
#4471=CARTESIAN_POINT('Ctrl Pts',(-6.05349356499217,1.78980428562672,1.58628529672562));
#4472=CARTESIAN_POINT('Ctrl Pts',(-6.,1.79622512186584,1.56232240965416));
#4473=CARTESIAN_POINT('Origin',(-6.,0.,4.15));
#4474=CARTESIAN_POINT('Origin',(0.,0.,4.15));
#4475=CARTESIAN_POINT('',(4.25166852264521,1.79622512186584,1.56232240965416));
#4476=CARTESIAN_POINT('',(0.,1.79622512186584,1.56232240965416));
#4477=CARTESIAN_POINT('',(4.25166852264521,1.575,1.42201997807902));
#4478=CARTESIAN_POINT('Origin',(4.25166852264521,0.,4.15));
#4479=CARTESIAN_POINT('',(3.77107718468054,1.575,1.42201997807902));
#4480=CARTESIAN_POINT('',(0.,1.575,1.42201997807902));
#4481=CARTESIAN_POINT('',(2.95579719258054,0.815279992046802,1.10733364718243));
#4482=CARTESIAN_POINT('Origin',(2.9557971926076,0.,4.15));
#4483=CARTESIAN_POINT('',(3.77107718462643,-1.80411241501588E-15,0.999999999999999));
#4484=CARTESIAN_POINT('Origin',(2.95579719255348,0.,4.15));
#4485=CARTESIAN_POINT('',(4.25166852264521,-1.80411241501588E-15,0.999999999999999));
#4486=CARTESIAN_POINT('',(0.,-1.80411241501588E-15,0.999999999999999));
#4487=CARTESIAN_POINT('',(4.25166852264521,-0.261737791278697,1.01089290902388));
#4488=CARTESIAN_POINT('Origin',(4.25166852264521,0.,4.15));
#4489=CARTESIAN_POINT('',(-6.,-0.261737791278697,1.01089290902388));
#4490=CARTESIAN_POINT('',(0.,-0.261737791278697,1.01089290902388));
#4491=CARTESIAN_POINT('Origin',(-6.,0.,4.15));
#4492=CARTESIAN_POINT('',(-5.82892281537357,-1.80411241501588E-15,0.999999999999999));
#4493=CARTESIAN_POINT('Origin',(-6.64420280744652,0.,4.15));
#4494=CARTESIAN_POINT('',(-5.32892281537358,-1.80411241501588E-15,0.999999999999999));
#4495=CARTESIAN_POINT('',(0.,-1.80411241501588E-15,0.999999999999999));
#4496=CARTESIAN_POINT('',(-6.,0.675136042436486,1.07320112386214));
#4497=CARTESIAN_POINT('Origin',(-6.14420280744652,0.,4.15));
#4498=CARTESIAN_POINT('',(-6.,0.953714474256809,1.14784598969456));
#4499=CARTESIAN_POINT('Origin',(-6.,0.,4.15));
#4500=CARTESIAN_POINT('',(-5.32892281531946,1.575,1.42201997807902));
#4501=CARTESIAN_POINT('Origin',(-6.1442028073924,0.,4.15));
#4502=CARTESIAN_POINT('',(-5.82892281531945,1.575,1.42201997807902));
#4503=CARTESIAN_POINT('',(0.,1.575,1.42201997807902));
#4504=CARTESIAN_POINT('Origin',(-6.6442028073924,0.,4.15));
#4505=CARTESIAN_POINT('',(-5.6,0.571226830171945,1.0522266208627));
#4506=CARTESIAN_POINT('',(-4.4,0.571226830171947,1.0522266208627));
#4507=CARTESIAN_POINT('',(0.,0.571226830171955,1.0522266208627));
#4508=CARTESIAN_POINT('',(-4.4,1.05418974331648,1.18163614341396));
#4509=CARTESIAN_POINT('Origin',(-4.4,0.,4.15));
#4510=CARTESIAN_POINT('',(-5.6,1.05418974331648,1.18163614341396));
#4511=CARTESIAN_POINT('',(0.,1.05418974331649,1.18163614341396));
#4512=CARTESIAN_POINT('Origin',(-5.6,0.,4.15));
#4513=CARTESIAN_POINT('',(-2.92892281531946,1.575,1.42201997807902));
#4514=CARTESIAN_POINT('',(-3.42892281531946,1.575,1.42201997807902));
#4515=CARTESIAN_POINT('',(0.,1.575,1.42201997807902));
#4516=CARTESIAN_POINT('',(-4.24420280741946,0.815279992046802,1.10733364718243));
#4517=CARTESIAN_POINT('Origin',(-4.2442028073924,0.,4.15));
#4518=CARTESIAN_POINT('',(-3.42892281537357,-1.2490009027033E-15,0.999999999999999));
#4519=CARTESIAN_POINT('Origin',(-4.24420280744652,0.,4.15));
#4520=CARTESIAN_POINT('',(-2.92892281537358,-1.2490009027033E-15,0.999999999999999));
#4521=CARTESIAN_POINT('',(0.,-1.80411241501588E-15,0.999999999999999));
#4522=CARTESIAN_POINT('',(-3.74420280741946,0.815279992046802,1.10733364718243));
#4523=CARTESIAN_POINT('Origin',(-3.74420280744652,0.,4.15));
#4524=CARTESIAN_POINT('Origin',(-3.7442028073924,0.,4.15));
#4525=CARTESIAN_POINT('',(-2.,1.05418974331648,1.18163614341396));
#4526=CARTESIAN_POINT('',(-3.2,1.05418974331648,1.18163614341396));
#4527=CARTESIAN_POINT('',(0.,1.05418974331648,1.18163614341396));
#4528=CARTESIAN_POINT('',(-3.2,0.571226830171946,1.0522266208627));
#4529=CARTESIAN_POINT('Origin',(-3.2,0.,4.15));
#4530=CARTESIAN_POINT('',(-2.,0.571226830171947,1.0522266208627));
#4531=CARTESIAN_POINT('',(0.,0.571226830171948,1.0522266208627));
#4532=CARTESIAN_POINT('Origin',(-2.,0.,4.15));
#4533=CARTESIAN_POINT('',(-0.528922815373575,-1.80411241501588E-15,0.999999999999999));
#4534=CARTESIAN_POINT('',(-1.34420280741946,0.815279992046802,1.10733364718243));
#4535=CARTESIAN_POINT('Origin',(-1.34420280744652,0.,4.15));
#4536=CARTESIAN_POINT('',(-0.528922815319458,1.575,1.42201997807902));
#4537=CARTESIAN_POINT('Origin',(-1.3442028073924,0.,4.15));
#4538=CARTESIAN_POINT('',(-1.02892281531946,1.575,1.42201997807902));
#4539=CARTESIAN_POINT('',(0.,1.575,1.42201997807902));
#4540=CARTESIAN_POINT('',(-1.84420280741946,0.815279992046802,1.10733364718243));
#4541=CARTESIAN_POINT('Origin',(-1.8442028073924,0.,4.15));
#4542=CARTESIAN_POINT('',(-1.02892281537357,-1.2490009027033E-15,0.999999999999999));
#4543=CARTESIAN_POINT('Origin',(-1.84420280744652,0.,4.15));
#4544=CARTESIAN_POINT('',(0.,-1.80411241501588E-15,0.999999999999999));
#4545=CARTESIAN_POINT('',(0.399999999999999,1.05418974331648,1.18163614341396));
#4546=CARTESIAN_POINT('',(-0.800000000000001,1.05418974331648,1.18163614341396));
#4547=CARTESIAN_POINT('',(0.,1.05418974331648,1.18163614341396));
#4548=CARTESIAN_POINT('',(-0.800000000000001,0.571226830171945,1.0522266208627));
#4549=CARTESIAN_POINT('Origin',(-0.800000000000001,0.,4.15));
#4550=CARTESIAN_POINT('',(0.399999999999999,0.571226830171947,1.0522266208627));
#4551=CARTESIAN_POINT('',(0.,0.571226830171946,1.0522266208627));
#4552=CARTESIAN_POINT('Origin',(0.399999999999999,0.,4.15));
#4553=CARTESIAN_POINT('',(1.87107718462642,-1.80411241501588E-15,0.999999999999999));
#4554=CARTESIAN_POINT('',(1.05579719258054,0.815279992046802,1.10733364718243));
#4555=CARTESIAN_POINT('Origin',(1.05579719255348,0.,4.15));
#4556=CARTESIAN_POINT('',(1.87107718468054,1.575,1.42201997807902));
#4557=CARTESIAN_POINT('Origin',(1.0557971926076,0.,4.15));
#4558=CARTESIAN_POINT('',(1.37107718468054,1.575,1.42201997807902));
#4559=CARTESIAN_POINT('',(0.,1.575,1.42201997807902));
#4560=CARTESIAN_POINT('',(0.555797192580543,0.815279992046802,1.10733364718243));
#4561=CARTESIAN_POINT('Origin',(0.555797192607604,0.,4.15));
#4562=CARTESIAN_POINT('',(1.37107718462643,-1.2490009027033E-15,0.999999999999999));
#4563=CARTESIAN_POINT('Origin',(0.555797192553483,0.,4.15));
#4564=CARTESIAN_POINT('',(0.,-1.80411241501588E-15,0.999999999999999));
#4565=CARTESIAN_POINT('',(2.8,1.05418974331648,1.18163614341396));
#4566=CARTESIAN_POINT('',(1.6,1.05418974331648,1.18163614341396));
#4567=CARTESIAN_POINT('',(0.,1.05418974331647,1.18163614341396));
#4568=CARTESIAN_POINT('',(1.6,0.571226830171945,1.0522266208627));
#4569=CARTESIAN_POINT('Origin',(1.6,0.,4.15));
#4570=CARTESIAN_POINT('',(2.8,0.571226830171947,1.0522266208627));
#4571=CARTESIAN_POINT('',(0.,0.571226830171942,1.0522266208627));
#4572=CARTESIAN_POINT('Origin',(2.8,0.,4.15));
#4573=CARTESIAN_POINT('Origin',(0.,0.,4.15));
#4574=CARTESIAN_POINT('',(4.25166852264521,1.92881870865708E-16,7.3));
#4575=CARTESIAN_POINT('',(0.,0.,7.3));
#4576=CARTESIAN_POINT('',(4.25166852264521,0.261737791278695,7.28910709097612));
#4577=CARTESIAN_POINT('Origin',(4.25166852264521,0.,4.15));
#4578=CARTESIAN_POINT('',(0.,0.261737791278695,7.28910709097612));
#4579=CARTESIAN_POINT('',(0.,0.,7.3));
#4580=CARTESIAN_POINT('',(0.,0.,7.3));
#4581=CARTESIAN_POINT('',(0.,0.,7.3));
#4582=CARTESIAN_POINT('',(0.,0.,7.3));
#4583=CARTESIAN_POINT('Origin',(0.,0.,4.15));
#4584=CARTESIAN_POINT('',(4.25166852264521,0.529655231217061,7.25515141918143));
#4585=CARTESIAN_POINT('',(0.,0.529655231217061,7.25515141918143));
#4586=CARTESIAN_POINT('Origin',(4.25166852264521,0.,4.15));
#4587=CARTESIAN_POINT('Origin',(0.,0.,4.15));
#4588=CARTESIAN_POINT('',(4.25166852264521,2.01127059507201,1.72568760400011));
#4589=CARTESIAN_POINT('',(0.,2.01127059507201,1.72568760400011));
#4590=CARTESIAN_POINT('Origin',(4.25166852264521,0.,4.15));
#4591=CARTESIAN_POINT('Origin',(-6.,0.,4.15));
#4592=CARTESIAN_POINT('Origin',(4.25166852264521,0.,4.15));
#4593=CARTESIAN_POINT('',(4.66740823228676,1.73480625020281,1.79154075924415));
#4594=CARTESIAN_POINT('Ctrl Pts',(4.25166852264521,1.79622512186584,1.56232240965416));
#4595=CARTESIAN_POINT('Ctrl Pts',(4.31315890178926,1.79622512186584,1.56232240965416));
#4596=CARTESIAN_POINT('Ctrl Pts',(4.38535221301845,1.79227559156676,1.57706225739634));
#4597=CARTESIAN_POINT('Ctrl Pts',(4.49988258267001,1.77931331815346,1.62543812035638));
#4598=CARTESIAN_POINT('Ctrl Pts',(4.56184584502739,1.76782839075227,1.66830045293888));
#4599=CARTESIAN_POINT('Ctrl Pts',(4.6272013033358,1.74973704054488,1.73581829109037));
#4600=CARTESIAN_POINT('Ctrl Pts',(4.6488567212925,1.74252126846907,1.76274791909313));
#4601=CARTESIAN_POINT('Ctrl Pts',(4.66740823228676,1.73480625020281,1.79154075924415));
#4602=CARTESIAN_POINT('',(4.66740823228676,0.996478513992488,1.39701738341836));
#4603=CARTESIAN_POINT('Origin',(4.66740823228676,0.,4.15));
#4604=CARTESIAN_POINT('',(4.25166852264521,1.05418974331648,1.18163614341396));
#4605=CARTESIAN_POINT('Ctrl Pts',(4.66740823228676,0.996478513992489,1.39701738341836));
#4606=CARTESIAN_POINT('Ctrl Pts',(4.6486550963979,1.00376944891879,1.36980724383873));
#4607=CARTESIAN_POINT('Ctrl Pts',(4.62688440918545,1.01054291510357,1.34452832389377));
#4608=CARTESIAN_POINT('Ctrl Pts',(4.56134988891389,1.02753844949364,1.28110012604823));
#4609=CARTESIAN_POINT('Ctrl Pts',(4.49979624668243,1.03820878203929,1.24127790285423));
#4610=CARTESIAN_POINT('Ctrl Pts',(4.38584311460942,1.0504471373056,1.19560373919928));
#4611=CARTESIAN_POINT('Ctrl Pts',(4.31330574153735,1.05418974331648,1.18163614341396));
#4612=CARTESIAN_POINT('Ctrl Pts',(4.25166852264521,1.05418974331648,1.18163614341396));
#4613=CARTESIAN_POINT('',(4.25166852264521,1.5575815269963,1.41203729266451));
#4614=CARTESIAN_POINT('Origin',(4.25166852264521,0.,4.15));
#4615=CARTESIAN_POINT('',(4.27107718468054,1.57489902608324,1.42239681786659));
#4616=CARTESIAN_POINT('Ctrl Pts',(4.25166852264521,1.5575815269963,1.41203729266451));
#4617=CARTESIAN_POINT('Ctrl Pts',(4.25805148050576,1.56331559643494,1.41529930956788));
#4618=CARTESIAN_POINT('Ctrl Pts',(4.26453025552205,1.56909741522395,1.41875333253092));
#4619=CARTESIAN_POINT('Ctrl Pts',(4.27107718468054,1.57489902608324,1.42239681786659));
#4620=CARTESIAN_POINT('Ctrl Pts',(4.27107718468054,1.57489902608324,1.42239681786659));
#4621=CARTESIAN_POINT('Ctrl Pts',(4.26450993813807,1.57496738458541,1.42214170046336));
#4622=CARTESIAN_POINT('Ctrl Pts',(4.25802997238857,1.575,1.42201997807902));
#4623=CARTESIAN_POINT('Ctrl Pts',(4.25166852264521,1.575,1.42201997807902));
#4624=CARTESIAN_POINT('Origin',(4.25166852264521,0.,4.15));
#4625=CARTESIAN_POINT('Ctrl Pts',(4.66740823228676,0.323156662941728,7.05988874138613));
#4626=CARTESIAN_POINT('Ctrl Pts',(4.6488567212925,0.315441644675466,7.08868158153714));
#4627=CARTESIAN_POINT('Ctrl Pts',(4.6272013033358,0.308225872599653,7.11561120953991));
#4628=CARTESIAN_POINT('Ctrl Pts',(4.56184584502739,0.290134522392268,7.1831290476914));
#4629=CARTESIAN_POINT('Ctrl Pts',(4.49988258267001,0.278649594991073,7.22599138027389));
#4630=CARTESIAN_POINT('Ctrl Pts',(4.38535221301845,0.265687321577771,7.27436724323394));
#4631=CARTESIAN_POINT('Ctrl Pts',(4.31315890178926,0.261737791278695,7.28910709097612));
#4632=CARTESIAN_POINT('Ctrl Pts',(4.25166852264521,0.261737791278695,7.28910709097612));
#4633=CARTESIAN_POINT('Ctrl Pts',(4.25166852264521,1.16213582468957E-16,
7.3));
#4634=CARTESIAN_POINT('Ctrl Pts',(4.25802997238857,1.16213582468957E-16,
7.3));
#4635=CARTESIAN_POINT('Ctrl Pts',(4.26450993813807,3.26154145851372E-5,
7.29987827761566));
#4636=CARTESIAN_POINT('Ctrl Pts',(4.27107718468054,0.000100973916755504,
7.29962316021243));
#4637=CARTESIAN_POINT('Origin',(4.25166852264521,0.,4.15));
#4638=CARTESIAN_POINT('',(4.66740823228676,0.593468216730127,7.016998115064));
#4639=CARTESIAN_POINT('Ctrl Pts',(4.25166852264521,0.529655231217062,7.25515141918142));
#4640=CARTESIAN_POINT('Ctrl Pts',(4.31124077938164,0.529655231217062,7.25515141918142));
#4641=CARTESIAN_POINT('Ctrl Pts',(4.38116774215308,0.53349910194022,7.24080589834487));
#4642=CARTESIAN_POINT('Ctrl Pts',(4.49312219459977,0.546157318144164,7.19356479233856));
#4643=CARTESIAN_POINT('Ctrl Pts',(4.554147191057,0.557494468865828,7.15125396983224));
#4644=CARTESIAN_POINT('Ctrl Pts',(4.62224441908189,0.576212141221641,7.08139866560092));
#4645=CARTESIAN_POINT('Ctrl Pts',(4.64688332878947,0.584569027576936,7.05021034112988));
#4646=CARTESIAN_POINT('Ctrl Pts',(4.66740823228676,0.593468216730128,7.016998115064));
#4647=CARTESIAN_POINT('Origin',(4.66740823228676,0.,4.15));
#4648=CARTESIAN_POINT('Origin',(4.25166852264521,0.,4.15));
#4649=CARTESIAN_POINT('',(4.66740823228676,1.94745760955894,1.96384090811753));
#4650=CARTESIAN_POINT('Ctrl Pts',(4.66740823228676,1.94745760955894,1.96384090811753));
#4651=CARTESIAN_POINT('Ctrl Pts',(4.64688332878947,1.95635679871213,1.93062868205166));
#4652=CARTESIAN_POINT('Ctrl Pts',(4.62224441908189,1.96471368506743,1.89944035758062));
#4653=CARTESIAN_POINT('Ctrl Pts',(4.554147191057,1.98343135742324,1.8295850533493));
#4654=CARTESIAN_POINT('Ctrl Pts',(4.49312219459977,1.9947685081449,1.78727423084298));
#4655=CARTESIAN_POINT('Ctrl Pts',(4.38116774215308,2.00742672434885,1.74003312483667));
#4656=CARTESIAN_POINT('Ctrl Pts',(4.31124077938164,2.01127059507201,1.72568760400011));
#4657=CARTESIAN_POINT('Ctrl Pts',(4.25166852264521,2.01127059507201,1.72568760400011));
#4658=CARTESIAN_POINT('Origin',(4.66740823228676,0.,4.15));
#4659=CARTESIAN_POINT('Origin',(5.,0.,4.15));
#4660=CARTESIAN_POINT('',(5.33259176771324,1.73480625020281,1.79154075924415));
#4661=CARTESIAN_POINT('Ctrl Pts',(4.66740823228676,1.73480625020281,1.79154075924415));
#4662=CARTESIAN_POINT('Ctrl Pts',(4.68329457585195,1.72819959531483,1.81619713095415));
#4663=CARTESIAN_POINT('Ctrl Pts',(4.702053198348,1.72201698451698,1.83927094857513));
#4664=CARTESIAN_POINT('Ctrl Pts',(4.75577081965739,1.70744610352286,1.89365021675622));
#4665=CARTESIAN_POINT('Ctrl Pts',(4.80494429033854,1.69841544096972,1.92735310823055));
#4666=CARTESIAN_POINT('Ctrl Pts',(4.89522915401742,1.68826238066565,1.96524484513766));
#4667=CARTESIAN_POINT('Ctrl Pts',(4.95180676140674,1.6851619335744,1.97681587120838));
#4668=CARTESIAN_POINT('Ctrl Pts',(5.04819323859326,1.6851619335744,1.97681587120838));
#4669=CARTESIAN_POINT('Ctrl Pts',(5.10477084598258,1.68826238066565,1.96524484513766));
#4670=CARTESIAN_POINT('Ctrl Pts',(5.19505570966146,1.69841544096972,1.92735310823055));
#4671=CARTESIAN_POINT('Ctrl Pts',(5.24422918034261,1.70744610352286,1.89365021675622));
#4672=CARTESIAN_POINT('Ctrl Pts',(5.297946801652,1.72201698451698,1.83927094857513));
#4673=CARTESIAN_POINT('Ctrl Pts',(5.31670542414805,1.72819959531483,1.81619713095415));
#4674=CARTESIAN_POINT('Ctrl Pts',(5.33259176771324,1.73480625020281,1.79154075924415));
#4675=CARTESIAN_POINT('',(5.33259176771324,-0.323156662941729,1.24011125861387));
#4676=CARTESIAN_POINT('Origin',(5.33259176771324,0.,4.15));
#4677=CARTESIAN_POINT('',(4.66740823228676,-0.323156662941729,1.24011125861387));
#4678=CARTESIAN_POINT('Ctrl Pts',(5.33259176771324,-0.323156662941729,1.24011125861387));
#4679=CARTESIAN_POINT('Ctrl Pts',(5.31670542414805,-0.329763317829705,1.26476763032387));
#4680=CARTESIAN_POINT('Ctrl Pts',(5.297946801652,-0.335945928627551,1.28784144794485));
#4681=CARTESIAN_POINT('Ctrl Pts',(5.24422918034261,-0.35051680962167,1.34222071612595));
#4682=CARTESIAN_POINT('Ctrl Pts',(5.19505570966146,-0.359547472174811,1.37592360760028));
#4683=CARTESIAN_POINT('Ctrl Pts',(5.10477084598258,-0.369700532478884,1.41381534450739));
#4684=CARTESIAN_POINT('Ctrl Pts',(5.04819323859326,-0.372800979570132,1.4253863705781));
#4685=CARTESIAN_POINT('Ctrl Pts',(4.95180676140674,-0.372800979570132,1.4253863705781));
#4686=CARTESIAN_POINT('Ctrl Pts',(4.89522915401742,-0.369700532478883,1.41381534450739));
#4687=CARTESIAN_POINT('Ctrl Pts',(4.80494429033854,-0.359547472174811,1.37592360760028));
#4688=CARTESIAN_POINT('Ctrl Pts',(4.75577081965739,-0.35051680962167,1.34222071612595));
#4689=CARTESIAN_POINT('Ctrl Pts',(4.702053198348,-0.335945928627551,1.28784144794485));
#4690=CARTESIAN_POINT('Ctrl Pts',(4.68329457585195,-0.329763317829705,1.26476763032387));
#4691=CARTESIAN_POINT('Ctrl Pts',(4.66740823228676,-0.323156662941729,1.24011125861387));
#4692=CARTESIAN_POINT('',(4.66740823228676,0.513515600847954,1.2676078608671));
#4693=CARTESIAN_POINT('Origin',(4.66740823228676,0.,4.15));
#4694=CARTESIAN_POINT('',(5.2,0.481250323791138,1.38802351416343));
#4695=CARTESIAN_POINT('Ctrl Pts',(4.66740823228676,0.513515600847954,1.2676078608671));
#4696=CARTESIAN_POINT('Ctrl Pts',(4.68241033439756,0.507683010986941,1.28937538256811));
#4697=CARTESIAN_POINT('Ctrl Pts',(4.69982377152459,0.502264089501671,1.30959907287336));
#4698=CARTESIAN_POINT('Ctrl Pts',(4.75225400855066,0.488661611468891,1.36036421200054));
#4699=CARTESIAN_POINT('Ctrl Pts',(4.80150573793698,0.480117980872016,1.39224947546918));
#4700=CARTESIAN_POINT('Ctrl Pts',(4.89267286581243,0.470320352085076,1.42881472389574));
#4701=CARTESIAN_POINT('Ctrl Pts',(4.95069497085529,0.467323690000719,1.43999841904767));
#4702=CARTESIAN_POINT('Ctrl Pts',(5.04930502914472,0.46732369000072,1.43999841904767));
#4703=CARTESIAN_POINT('Ctrl Pts',(5.10732713418758,0.470320352085077,1.42881472389574));
#4704=CARTESIAN_POINT('Ctrl Pts',(5.16832968274916,0.476876227429535,1.40434786402213));
#4705=CARTESIAN_POINT('Ctrl Pts',(5.18433982162694,0.478900875650431,1.39679177399429));
#4706=CARTESIAN_POINT('Ctrl Pts',(5.2,0.481250323791138,1.38802351416343));
#4707=CARTESIAN_POINT('',(5.2,0.964213236935672,1.51743303671469));
#4708=CARTESIAN_POINT('Origin',(5.2,0.,4.15));
#4709=CARTESIAN_POINT('Ctrl Pts',(5.2,0.964213236935672,1.51743303671469));
#4710=CARTESIAN_POINT('Ctrl Pts',(5.18433982162694,0.961863788794965,1.52620129654555));
#4711=CARTESIAN_POINT('Ctrl Pts',(5.16832968274916,0.959839140574069,1.53375738657339));
#4712=CARTESIAN_POINT('Ctrl Pts',(5.10732713418758,0.953283265229611,1.558224246447));
#4713=CARTESIAN_POINT('Ctrl Pts',(5.04930502914472,0.950286603145254,1.56940794159893));
#4714=CARTESIAN_POINT('Ctrl Pts',(4.95069497085529,0.950286603145254,1.56940794159893));
#4715=CARTESIAN_POINT('Ctrl Pts',(4.89267286581242,0.95328326522961,1.558224246447));
#4716=CARTESIAN_POINT('Ctrl Pts',(4.80150573793698,0.96308089401655,1.52165899802044));
#4717=CARTESIAN_POINT('Ctrl Pts',(4.75225400855066,0.971624524613425,1.4897737345518));
#4718=CARTESIAN_POINT('Ctrl Pts',(4.69982377152459,0.985227002646205,1.43900859542462));
#4719=CARTESIAN_POINT('Ctrl Pts',(4.68241033439756,0.990645924131475,1.41878490511937));
#4720=CARTESIAN_POINT('Ctrl Pts',(4.66740823228676,0.996478513992489,1.39701738341836));
#4721=CARTESIAN_POINT('Origin',(5.,0.,4.15));
#4722=CARTESIAN_POINT('',(4.66740823228676,-1.73480625020281,6.50845924075585));
#4723=CARTESIAN_POINT('Origin',(4.66740823228676,0.,4.15));
#4724=CARTESIAN_POINT('',(5.33259176771324,-1.73480625020281,6.50845924075585));
#4725=CARTESIAN_POINT('Ctrl Pts',(4.66740823228676,-1.73480625020281,6.50845924075585));
#4726=CARTESIAN_POINT('Ctrl Pts',(4.68329457585195,-1.72819959531483,6.48380286904585));
#4727=CARTESIAN_POINT('Ctrl Pts',(4.702053198348,-1.72201698451698,6.46072905142487));
#4728=CARTESIAN_POINT('Ctrl Pts',(4.75577081965739,-1.70744610352287,6.40634978324378));
#4729=CARTESIAN_POINT('Ctrl Pts',(4.80494429033854,-1.69841544096973,6.37264689176945));
#4730=CARTESIAN_POINT('Ctrl Pts',(4.89522915401742,-1.68826238066565,6.33475515486234));
#4731=CARTESIAN_POINT('Ctrl Pts',(4.95180676140674,-1.6851619335744,6.32318412879162));
#4732=CARTESIAN_POINT('Ctrl Pts',(5.04819323859326,-1.6851619335744,6.32318412879162));
#4733=CARTESIAN_POINT('Ctrl Pts',(5.10477084598258,-1.68826238066565,6.33475515486233));
#4734=CARTESIAN_POINT('Ctrl Pts',(5.19505570966146,-1.69841544096973,6.37264689176945));
#4735=CARTESIAN_POINT('Ctrl Pts',(5.24422918034261,-1.70744610352287,6.40634978324378));
#4736=CARTESIAN_POINT('Ctrl Pts',(5.297946801652,-1.72201698451698,6.46072905142487));
#4737=CARTESIAN_POINT('Ctrl Pts',(5.31670542414805,-1.72819959531483,6.48380286904585));
#4738=CARTESIAN_POINT('Ctrl Pts',(5.33259176771324,-1.73480625020281,6.50845924075585));
#4739=CARTESIAN_POINT('Origin',(5.33259176771324,0.,4.15));
#4740=CARTESIAN_POINT('Origin',(5.,0.,4.15));
#4741=CARTESIAN_POINT('',(5.33259176771324,0.593468216730127,7.01699811506401));
#4742=CARTESIAN_POINT('Ctrl Pts',(4.66740823228676,0.593468216730128,7.016998115064));
#4743=CARTESIAN_POINT('Ctrl Pts',(4.68383117796403,0.600588878712967,6.99042344276052));
#4744=CARTESIAN_POINT('Ctrl Pts',(4.7034287485042,0.607285409616092,6.9654316491956));
#4745=CARTESIAN_POINT('Ctrl Pts',(4.75796408401301,0.62249867208443,6.90865498071489));
#4746=CARTESIAN_POINT('Ctrl Pts',(4.80707191182662,0.631847242316275,6.87376564163152));
#4747=CARTESIAN_POINT('Ctrl Pts',(4.89681796199956,0.642231193935761,6.83501220660426));
#4748=CARTESIAN_POINT('Ctrl Pts',(4.95249512261663,0.645398118048543,6.82319308491164));
#4749=CARTESIAN_POINT('Ctrl Pts',(5.04750487738337,0.645398118048543,6.82319308491164));
#4750=CARTESIAN_POINT('Ctrl Pts',(5.10318203800044,0.642231193935762,6.83501220660426));
#4751=CARTESIAN_POINT('Ctrl Pts',(5.19292808817338,0.631847242316275,6.87376564163151));
#4752=CARTESIAN_POINT('Ctrl Pts',(5.24203591598699,0.62249867208443,6.90865498071489));
#4753=CARTESIAN_POINT('Ctrl Pts',(5.2965712514958,0.607285409616092,6.9654316491956));
#4754=CARTESIAN_POINT('Ctrl Pts',(5.31616882203597,0.600588878712967,6.99042344276052));
#4755=CARTESIAN_POINT('Ctrl Pts',(5.33259176771324,0.593468216730127,7.01699811506401));
#4756=CARTESIAN_POINT('Origin',(5.33259176771324,0.,4.15));
#4757=CARTESIAN_POINT('Origin',(5.,0.,4.15));
#4758=CARTESIAN_POINT('',(5.33259176771324,1.94745760955894,1.96384090811753));
#4759=CARTESIAN_POINT('Ctrl Pts',(5.33259176771324,1.94745760955894,1.96384090811753));
#4760=CARTESIAN_POINT('Ctrl Pts',(5.31616882203597,1.9403369475761,1.99041558042101));
#4761=CARTESIAN_POINT('Ctrl Pts',(5.2965712514958,1.93364041667298,2.01540737398593));
#4762=CARTESIAN_POINT('Ctrl Pts',(5.24203591598699,1.91842715420464,2.07218404246665));
#4763=CARTESIAN_POINT('Ctrl Pts',(5.19292808817338,1.90907858397279,2.10707338155002));
#4764=CARTESIAN_POINT('Ctrl Pts',(5.10318203800044,1.89869463235331,2.14582681657728));
#4765=CARTESIAN_POINT('Ctrl Pts',(5.04750487738337,1.89552770824052,2.1576459382699));
#4766=CARTESIAN_POINT('Ctrl Pts',(4.95249512261663,1.89552770824052,2.1576459382699));
#4767=CARTESIAN_POINT('Ctrl Pts',(4.89681796199956,1.89869463235331,2.14582681657728));
#4768=CARTESIAN_POINT('Ctrl Pts',(4.80707191182662,1.90907858397279,2.10707338155002));
#4769=CARTESIAN_POINT('Ctrl Pts',(4.75796408401301,1.91842715420464,2.07218404246665));
#4770=CARTESIAN_POINT('Ctrl Pts',(4.7034287485042,1.93364041667298,2.01540737398593));
#4771=CARTESIAN_POINT('Ctrl Pts',(4.68383117796403,1.9403369475761,1.99041558042101));
#4772=CARTESIAN_POINT('Ctrl Pts',(4.66740823228676,1.94745760955894,1.96384090811753));
#4773=CARTESIAN_POINT('Origin',(5.33259176771324,0.,4.15));
#4774=CARTESIAN_POINT('Origin',(5.74833147735479,0.,4.15));
#4775=CARTESIAN_POINT('',(5.74833147735479,1.79622512186584,1.56232240965416));
#4776=CARTESIAN_POINT('Ctrl Pts',(5.33259176771324,1.73480625020281,1.79154075924415));
#4777=CARTESIAN_POINT('Ctrl Pts',(5.35245257644806,1.74306576621847,1.76071582582776));
#4778=CARTESIAN_POINT('Ctrl Pts',(5.37598473934453,1.7507875307984,1.73189780809139));
#4779=CARTESIAN_POINT('Ctrl Pts',(5.44307862220492,1.76882996649545,1.6645625213777));
#4780=CARTESIAN_POINT('Ctrl Pts',(5.50432363273545,1.77991538941091,1.62319115983379));
#4781=CARTESIAN_POINT('Ctrl Pts',(5.61704902245521,1.79241793604349,1.57653102057701));
#4782=CARTESIAN_POINT('Ctrl Pts',(5.68797154301198,1.79622512186584,1.56232240965416));
#4783=CARTESIAN_POINT('Ctrl Pts',(5.74833147735479,1.79622512186584,1.56232240965416));
#4784=CARTESIAN_POINT('',(5.74833147735479,1.18808412384816,1.23264569949758));
#4785=CARTESIAN_POINT('Origin',(5.74833147735479,0.,4.15));
#4786=CARTESIAN_POINT('',(5.35579719258054,0.766027874881693,1.29114505082295));
#4787=CARTESIAN_POINT('Ctrl Pts',(5.74833147735479,1.18808412384816,1.23264569949758));
#4788=CARTESIAN_POINT('Ctrl Pts',(5.68211909017157,1.12628015999846,1.20747621349169));
#4789=CARTESIAN_POINT('Ctrl Pts',(5.60263034347832,1.04706085010233,1.19600576964319));
#4790=CARTESIAN_POINT('Ctrl Pts',(5.48359262514562,0.919645861008092,1.21159855682838));
#4791=CARTESIAN_POINT('Ctrl Pts',(5.42162389775034,0.848865732307566,1.23632481645153));
#4792=CARTESIAN_POINT('Ctrl Pts',(5.36958772224174,0.783711821979288,1.27843017680817));
#4793=CARTESIAN_POINT('Ctrl Pts',(5.3626492405568,0.774894188741996,1.2845297974334));
#4794=CARTESIAN_POINT('Ctrl Pts',(5.35579719258054,0.766027874881693,1.29114505082295));
#4795=CARTESIAN_POINT('',(5.74833147735479,0.429766117111693,1.0294550019936));
#4796=CARTESIAN_POINT('Ctrl Pts',(5.35579719258054,0.766027874881693,1.29114505082295));
#4797=CARTESIAN_POINT('Ctrl Pts',(5.36264924055677,0.761657048535509,1.28098291640514));
#4798=CARTESIAN_POINT('Ctrl Pts',(5.36958772224167,0.75707056446336,1.27129167337176));
#4799=CARTESIAN_POINT('Ctrl Pts',(5.42162389775024,0.721698303141287,1.20225040650419));
#4800=CARTESIAN_POINT('Ctrl Pts',(5.48359262514545,0.672764043414861,1.14544677318081));
#4801=CARTESIAN_POINT('Ctrl Pts',(5.60263034347822,0.570215819628377,1.06823552881731));
#4802=CARTESIAN_POINT('Ctrl Pts',(5.6821190901716,0.495874662863319,1.03855956963603));
#4803=CARTESIAN_POINT('Ctrl Pts',(5.74833147735479,0.429766117111693,1.0294550019936));
#4804=CARTESIAN_POINT('',(5.74833147735479,-0.261737791278697,1.01089290902388));
#4805=CARTESIAN_POINT('Origin',(5.74833147735479,0.,4.15));
#4806=CARTESIAN_POINT('Ctrl Pts',(5.74833147735479,-0.261737791278697,1.01089290902388));
#4807=CARTESIAN_POINT('Ctrl Pts',(5.68684109821075,-0.261737791278697,1.01089290902388));
#4808=CARTESIAN_POINT('Ctrl Pts',(5.61464778698156,-0.265687321577773,1.02563275676606));
#4809=CARTESIAN_POINT('Ctrl Pts',(5.50011741733,-0.278649594991075,1.07400861972611));
#4810=CARTESIAN_POINT('Ctrl Pts',(5.43815415497261,-0.290134522392269,1.1168709523086));
#4811=CARTESIAN_POINT('Ctrl Pts',(5.37279869666421,-0.308225872599654,1.18438879046009));
#4812=CARTESIAN_POINT('Ctrl Pts',(5.3511432787075,-0.315441644675467,1.21131841846286));
#4813=CARTESIAN_POINT('Ctrl Pts',(5.33259176771324,-0.323156662941729,1.24011125861387));
#4814=CARTESIAN_POINT('Origin',(5.74833147735479,0.,4.15));
#4815=CARTESIAN_POINT('',(5.74833147735479,-1.79622512186584,6.73767759034584));
#4816=CARTESIAN_POINT('Ctrl Pts',(5.33259176771324,-1.73480625020281,6.50845924075585));
#4817=CARTESIAN_POINT('Ctrl Pts',(5.3511432787075,-1.74252126846907,6.53725208090687));
#4818=CARTESIAN_POINT('Ctrl Pts',(5.37279869666421,-1.74973704054488,6.56418170890964));
#4819=CARTESIAN_POINT('Ctrl Pts',(5.43815415497261,-1.76782839075227,6.63169954706112));
#4820=CARTESIAN_POINT('Ctrl Pts',(5.50011741733,-1.77931331815346,6.67456187964362));
#4821=CARTESIAN_POINT('Ctrl Pts',(5.61464778698156,-1.79227559156676,6.72293774260366));
#4822=CARTESIAN_POINT('Ctrl Pts',(5.68684109821075,-1.79622512186584,6.73767759034584));
#4823=CARTESIAN_POINT('Ctrl Pts',(5.74833147735479,-1.79622512186584,6.73767759034584));
#4824=CARTESIAN_POINT('Origin',(5.74833147735479,0.,4.15));
#4825=CARTESIAN_POINT('Origin',(5.74833147735479,0.,4.15));
#4826=CARTESIAN_POINT('',(5.74833147735479,0.529655231217061,7.25515141918143));
#4827=CARTESIAN_POINT('Ctrl Pts',(5.33259176771324,0.593468216730127,7.01699811506401));
#4828=CARTESIAN_POINT('Ctrl Pts',(5.35106102491171,0.585460314848892,7.0468840117468));
#4829=CARTESIAN_POINT('Ctrl Pts',(5.37270306718438,0.577940941756499,7.07494669416868));
#4830=CARTESIAN_POINT('Ctrl Pts',(5.43799725641233,0.559143380584168,7.1451001475222));
#4831=CARTESIAN_POINT('Ctrl Pts',(5.50018375462996,0.547140870258808,7.18989412587482));
#4832=CARTESIAN_POINT('Ctrl Pts',(5.61504312444839,0.533730752404291,7.23994136704336));
#4833=CARTESIAN_POINT('Ctrl Pts',(5.68697156442744,0.529655231217062,7.25515141918142));
#4834=CARTESIAN_POINT('Ctrl Pts',(5.74833147735479,0.529655231217062,7.25515141918142));
#4835=CARTESIAN_POINT('Origin',(5.74833147735479,0.,4.15));
#4836=CARTESIAN_POINT('Origin',(5.74833147735479,0.,4.15));
#4837=CARTESIAN_POINT('',(5.74833147735479,2.01127059507201,1.72568760400011));
#4838=CARTESIAN_POINT('Ctrl Pts',(5.74833147735479,2.01127059507201,1.72568760400011));
#4839=CARTESIAN_POINT('Ctrl Pts',(5.68697156442744,2.01127059507201,1.72568760400011));
#4840=CARTESIAN_POINT('Ctrl Pts',(5.61504312444839,2.00719507388478,1.74089765613818));
#4841=CARTESIAN_POINT('Ctrl Pts',(5.50018375462996,1.99378495603026,1.79094489730672));
#4842=CARTESIAN_POINT('Ctrl Pts',(5.43799725641233,1.9817824457049,1.83573887565934));
#4843=CARTESIAN_POINT('Ctrl Pts',(5.37270306718438,1.96298488453257,1.90589232901286));
#4844=CARTESIAN_POINT('Ctrl Pts',(5.35106102491171,1.95546551144018,1.93395501143474));
#4845=CARTESIAN_POINT('Ctrl Pts',(5.33259176771324,1.94745760955894,1.96384090811753));
#4846=CARTESIAN_POINT('Origin',(5.74833147735479,0.,4.15));
#4847=CARTESIAN_POINT('Origin',(5.8,0.,4.15));
#4848=CARTESIAN_POINT('',(6.,0.529655231217061,7.25515141918143));
#4849=CARTESIAN_POINT('',(6.2559344760724,0.602401375714375,6.9836591118627));
#4850=CARTESIAN_POINT('Ctrl Pts',(6.,0.529655231217061,7.25515141918143));
#4851=CARTESIAN_POINT('Ctrl Pts',(6.05278254052017,0.536216807403933,7.23066328347428));
#4852=CARTESIAN_POINT('Ctrl Pts',(6.10660576857532,0.546656655845462,7.19170123866718));
#4853=CARTESIAN_POINT('Ctrl Pts',(6.19025180864252,0.56960881874479,7.10604260058329));
#4854=CARTESIAN_POINT('Ctrl Pts',(6.23147601915419,0.586618362594888,7.04256211872115));
#4855=CARTESIAN_POINT('Ctrl Pts',(6.2559344760724,0.602401375714375,6.9836591118627));
#4856=CARTESIAN_POINT('',(6.,0.261737791278695,7.28910709097612));
#4857=CARTESIAN_POINT('Origin',(6.,0.,4.15));
#4858=CARTESIAN_POINT('',(6.2559344760724,0.331720359045732,7.02792859242541));
#4859=CARTESIAN_POINT('Ctrl Pts',(6.2559344760724,0.331720359045733,7.02792859242541));
#4860=CARTESIAN_POINT('Ctrl Pts',(6.23165958599023,0.316711794090886,7.08394131938559));
#4861=CARTESIAN_POINT('Ctrl Pts',(6.19148432316993,0.300768623837142,7.14344204080628));
#4862=CARTESIAN_POINT('Ctrl Pts',(6.10867178982454,0.278522827376344,7.22646448345282));
#4863=CARTESIAN_POINT('Ctrl Pts',(6.05349356499217,0.268158627517812,7.26514420390466));
#4864=CARTESIAN_POINT('Ctrl Pts',(6.,0.261737791278695,7.28910709097612));
#4865=CARTESIAN_POINT('Origin',(6.2559344760724,0.,4.15));
#4866=CARTESIAN_POINT('Origin',(5.8,0.,4.15));
#4867=CARTESIAN_POINT('',(6.2559344760724,1.93852445057469,1.99717991131884));
#4868=CARTESIAN_POINT('',(6.,2.01127059507201,1.72568760400011));
#4869=CARTESIAN_POINT('Ctrl Pts',(6.2559344760724,1.93852445057469,1.99717991131884));
#4870=CARTESIAN_POINT('Ctrl Pts',(6.2314760191542,1.95430746369418,1.93827690446039));
#4871=CARTESIAN_POINT('Ctrl Pts',(6.19025180864252,1.97131700754428,1.87479642259825));
#4872=CARTESIAN_POINT('Ctrl Pts',(6.10660576857532,1.99426917044361,1.78913778451436));
#4873=CARTESIAN_POINT('Ctrl Pts',(6.05278254052017,2.00470901888513,1.75017573970725));
#4874=CARTESIAN_POINT('Ctrl Pts',(6.,2.01127059507201,1.72568760400011));
#4875=CARTESIAN_POINT('',(6.2559344760724,1.7262425540988,1.82350090820487));
#4876=CARTESIAN_POINT('Origin',(6.2559344760724,0.,4.15));
#4877=CARTESIAN_POINT('',(6.,1.79622512186584,1.56232240965416));
#4878=CARTESIAN_POINT('Ctrl Pts',(6.,1.79622512186584,1.56232240965416));
#4879=CARTESIAN_POINT('Ctrl Pts',(6.05349356499217,1.78980428562672,1.58628529672562));
#4880=CARTESIAN_POINT('Ctrl Pts',(6.10867178982454,1.77944008576819,1.62496501717746));
#4881=CARTESIAN_POINT('Ctrl Pts',(6.19148432316993,1.75719428930739,1.707987459824));
#4882=CARTESIAN_POINT('Ctrl Pts',(6.23165958599023,1.74125111905365,1.76748818124468));
#4883=CARTESIAN_POINT('Ctrl Pts',(6.2559344760724,1.7262425540988,1.82350090820487));
#4884=CARTESIAN_POINT('Origin',(6.,0.,4.15));
#4885=CARTESIAN_POINT('Origin',(0.,0.,4.15));
#4886=CARTESIAN_POINT('',(0.,1.79622512186584,1.56232240965416));
#4887=CARTESIAN_POINT('Origin',(6.,0.,4.15));
#4888=CARTESIAN_POINT('Origin',(5.3557971926076,0.,4.15));
#4889=CARTESIAN_POINT('Origin',(0.,0.,4.15));
#4890=CARTESIAN_POINT('Origin',(6.,0.,4.15));
#4891=CARTESIAN_POINT('',(0.,0.261737791278695,7.28910709097612));
#4892=CARTESIAN_POINT('Origin',(0.,0.,4.15));
#4893=CARTESIAN_POINT('',(0.,0.529655231217061,7.25515141918143));
#4894=CARTESIAN_POINT('Origin',(0.,0.,4.15));
#4895=CARTESIAN_POINT('',(0.,2.01127059507201,1.72568760400011));
#4896=CARTESIAN_POINT('Origin',(5.8,0.,4.15));
#4897=CARTESIAN_POINT('',(6.2559344760724,-1.93852445057469,6.30282008868117));
#4898=CARTESIAN_POINT('',(6.,-2.01127059507201,6.57431239599989));
#4899=CARTESIAN_POINT('Ctrl Pts',(6.2559344760724,-1.93852445057469,6.30282008868117));
#4900=CARTESIAN_POINT('Ctrl Pts',(6.23147601915419,-1.95430746369418,6.36172309553962));
#4901=CARTESIAN_POINT('Ctrl Pts',(6.19025180864252,-1.97131700754428,6.42520357740175));
#4902=CARTESIAN_POINT('Ctrl Pts',(6.10660576857532,-1.99426917044361,6.51086221548564));
#4903=CARTESIAN_POINT('Ctrl Pts',(6.05278254052017,-2.00470901888514,6.54982426029275));
#4904=CARTESIAN_POINT('Ctrl Pts',(6.,-2.01127059507201,6.57431239599989));
#4905=CARTESIAN_POINT('',(6.2559344760724,-1.7262425540988,6.47649909179512));
#4906=CARTESIAN_POINT('Origin',(6.2559344760724,0.,4.15));
#4907=CARTESIAN_POINT('',(6.,-1.79622512186584,6.73767759034584));
#4908=CARTESIAN_POINT('Ctrl Pts',(6.,-1.79622512186584,6.73767759034584));
#4909=CARTESIAN_POINT('Ctrl Pts',(6.05349356499217,-1.78980428562672,6.71371470327438));
#4910=CARTESIAN_POINT('Ctrl Pts',(6.10867178982453,-1.77944008576819,6.67503498282254));
#4911=CARTESIAN_POINT('Ctrl Pts',(6.19148432316992,-1.75719428930739,6.592012540176));
#4912=CARTESIAN_POINT('Ctrl Pts',(6.23165958599023,-1.74125111905365,6.53251181875531));
#4913=CARTESIAN_POINT('Ctrl Pts',(6.2559344760724,-1.7262425540988,6.47649909179512));
#4914=CARTESIAN_POINT('Origin',(6.,0.,4.15));
#4915=CARTESIAN_POINT('Origin',(5.8,0.,4.15));
#4916=CARTESIAN_POINT('',(6.3,-0.123549901596844,1.46109451002955));
#4917=CARTESIAN_POINT('Ctrl Pts',(6.17107718462643,-0.033044420606734,1.123323456611));
#4918=CARTESIAN_POINT('Ctrl Pts',(6.20805220842699,-0.0440479038021403,
1.16438901495649));
#4919=CARTESIAN_POINT('Ctrl Pts',(6.24045021378478,-0.0580131238097157,
1.21650792556363));
#4920=CARTESIAN_POINT('Ctrl Pts',(6.28522273390709,-0.0866363932023393,
1.32333142121564));
#4921=CARTESIAN_POINT('Ctrl Pts',(6.3,-0.106606055254929,1.39785921460588));
#4922=CARTESIAN_POINT('Ctrl Pts',(6.3,-0.123549901596843,1.46109451002955));
#4923=CARTESIAN_POINT('',(6.3,-1.45145009840316,6.41688551189143));
#4924=CARTESIAN_POINT('Origin',(6.3,0.,4.15));
#4925=CARTESIAN_POINT('Ctrl Pts',(6.3,-1.45145009840316,6.41688551189143));
#4926=CARTESIAN_POINT('Ctrl Pts',(6.3,-1.46839394474507,6.4801208073151));
#4927=CARTESIAN_POINT('Ctrl Pts',(6.28522273390709,-1.48836360679766,6.55464860070535));
#4928=CARTESIAN_POINT('Ctrl Pts',(6.24045021378478,-1.51698687619029,6.66147209635735));
#4929=CARTESIAN_POINT('Ctrl Pts',(6.20805220842699,-1.53095209619786,6.7135910069645));
#4930=CARTESIAN_POINT('Ctrl Pts',(6.17107718462643,-1.54195557939327,6.75465656530998));
#4931=CARTESIAN_POINT('Origin',(6.,0.,4.15));
#4932=CARTESIAN_POINT('',(6.,-0.529655231217063,1.04484858081858));
#4933=CARTESIAN_POINT('Origin',(6.,0.,4.15));
#4934=CARTESIAN_POINT('',(6.2559344760724,-0.602401375714375,1.31634088813729));
#4935=CARTESIAN_POINT('Ctrl Pts',(6.,-0.529655231217063,1.04484858081858));
#4936=CARTESIAN_POINT('Ctrl Pts',(6.05278254052017,-0.536216807403935,1.06933671652572));
#4937=CARTESIAN_POINT('Ctrl Pts',(6.10660576857532,-0.546656655845463,1.10829876133282));
#4938=CARTESIAN_POINT('Ctrl Pts',(6.19025180864252,-0.569608818744791,1.19395739941671));
#4939=CARTESIAN_POINT('Ctrl Pts',(6.23147601915419,-0.58661836259489,1.25743788127885));
#4940=CARTESIAN_POINT('Ctrl Pts',(6.2559344760724,-0.602401375714376,1.31634088813729));
#4941=CARTESIAN_POINT('',(6.2559344760724,-0.331720359045735,1.2720714075746));
#4942=CARTESIAN_POINT('Origin',(6.2559344760724,0.,4.15));
#4943=CARTESIAN_POINT('',(6.,-0.261737791278697,1.01089290902388));
#4944=CARTESIAN_POINT('Ctrl Pts',(6.2559344760724,-0.331720359045735,1.2720714075746));
#4945=CARTESIAN_POINT('Ctrl Pts',(6.23165958599023,-0.316711794090887,1.21605868061441));
#4946=CARTESIAN_POINT('Ctrl Pts',(6.19148432316993,-0.300768623837144,1.15655795919372));
#4947=CARTESIAN_POINT('Ctrl Pts',(6.10867178982454,-0.278522827376346,1.07353551654718));
#4948=CARTESIAN_POINT('Ctrl Pts',(6.05349356499217,-0.268158627517813,1.03485579609534));
#4949=CARTESIAN_POINT('Ctrl Pts',(6.,-0.261737791278697,1.01089290902388));
#4950=CARTESIAN_POINT('Origin',(6.,0.,4.15));
#4951=CARTESIAN_POINT('Origin',(0.,0.,4.15));
#4952=CARTESIAN_POINT('',(0.,-0.261737791278697,1.01089290902388));
#4953=CARTESIAN_POINT('Origin',(5.35579719255348,0.,4.15));
#4954=CARTESIAN_POINT('Origin',(0.,0.,4.15));
#4955=CARTESIAN_POINT('',(0.,-1.79622512186584,6.73767759034584));
#4956=CARTESIAN_POINT('Origin',(0.,0.,4.15));
#4957=CARTESIAN_POINT('',(5.74833147735479,-2.01127059507201,6.57431239599989));
#4958=CARTESIAN_POINT('',(0.,-2.01127059507201,6.57431239599989));
#4959=CARTESIAN_POINT('Origin',(5.74833147735479,0.,4.15));
#4960=CARTESIAN_POINT('Origin',(0.,0.,4.15));
#4961=CARTESIAN_POINT('',(5.74833147735479,-0.529655231217063,1.04484858081858));
#4962=CARTESIAN_POINT('',(0.,-0.529655231217063,1.04484858081858));
#4963=CARTESIAN_POINT('Origin',(5.74833147735479,0.,4.15));
#4964=CARTESIAN_POINT('Origin',(6.,0.,4.15));
#4965=CARTESIAN_POINT('Origin',(5.74833147735479,0.,4.15));
#4966=CARTESIAN_POINT('Origin',(5.33259176771324,0.,4.15));
#4967=CARTESIAN_POINT('Origin',(5.74833147735479,0.,4.15));
#4968=CARTESIAN_POINT('Origin',(5.74833147735479,0.,4.15));
#4969=CARTESIAN_POINT('',(5.33259176771324,-1.94745760955894,6.33615909188247));
#4970=CARTESIAN_POINT('Ctrl Pts',(5.74833147735479,-2.01127059507201,6.57431239599989));
#4971=CARTESIAN_POINT('Ctrl Pts',(5.68875922061836,-2.01127059507201,6.57431239599989));
#4972=CARTESIAN_POINT('Ctrl Pts',(5.61883225784693,-2.00742672434885,6.55996687516333));
#4973=CARTESIAN_POINT('Ctrl Pts',(5.50687780540023,-1.99476850814491,6.51272576915702));
#4974=CARTESIAN_POINT('Ctrl Pts',(5.44585280894301,-1.98343135742324,6.4704149466507));
#4975=CARTESIAN_POINT('Ctrl Pts',(5.37775558091811,-1.96471368506743,6.40055964241938));
#4976=CARTESIAN_POINT('Ctrl Pts',(5.35311667121053,-1.95635679871213,6.36937131794834));
#4977=CARTESIAN_POINT('Ctrl Pts',(5.33259176771324,-1.94745760955894,6.33615909188247));
#4978=CARTESIAN_POINT('Origin',(5.33259176771324,0.,4.15));
#4979=CARTESIAN_POINT('Origin',(5.74833147735479,0.,4.15));
#4980=CARTESIAN_POINT('',(5.33259176771324,-0.593468216730129,1.283001884936));
#4981=CARTESIAN_POINT('Ctrl Pts',(5.33259176771324,-0.593468216730129,1.283001884936));
#4982=CARTESIAN_POINT('Ctrl Pts',(5.35311667121054,-0.584569027576937,1.24978965887012));
#4983=CARTESIAN_POINT('Ctrl Pts',(5.37775558091811,-0.576212141221642,1.21860133439908));
#4984=CARTESIAN_POINT('Ctrl Pts',(5.44585280894301,-0.557494468865829,1.14874603016776));
#4985=CARTESIAN_POINT('Ctrl Pts',(5.50687780540023,-0.546157318144165,1.10643520766144));
#4986=CARTESIAN_POINT('Ctrl Pts',(5.61883225784693,-0.533499101940221,1.05919410165513));
#4987=CARTESIAN_POINT('Ctrl Pts',(5.68875922061836,-0.529655231217063,1.04484858081858));
#4988=CARTESIAN_POINT('Ctrl Pts',(5.74833147735479,-0.529655231217063,1.04484858081858));
#4989=CARTESIAN_POINT('Origin',(5.33259176771324,0.,4.15));
#4990=CARTESIAN_POINT('Origin',(5.,0.,4.15));
#4991=CARTESIAN_POINT('Origin',(4.66740823228676,0.,4.15));
#4992=CARTESIAN_POINT('Origin',(5.,0.,4.15));
#4993=CARTESIAN_POINT('',(4.66740823228676,-1.94745760955894,6.33615909188247));
#4994=CARTESIAN_POINT('Ctrl Pts',(5.33259176771324,-1.94745760955894,6.33615909188247));
#4995=CARTESIAN_POINT('Ctrl Pts',(5.31616882203597,-1.9403369475761,6.30958441957899));
#4996=CARTESIAN_POINT('Ctrl Pts',(5.2965712514958,-1.93364041667298,6.28459262601407));
#4997=CARTESIAN_POINT('Ctrl Pts',(5.24203591598699,-1.91842715420464,6.22781595753335));
#4998=CARTESIAN_POINT('Ctrl Pts',(5.19292808817338,-1.90907858397279,6.19292661844998));
#4999=CARTESIAN_POINT('Ctrl Pts',(5.10318203800044,-1.89869463235331,6.15417318342272));
#5000=CARTESIAN_POINT('Ctrl Pts',(5.04750487738337,-1.89552770824053,6.1423540617301));
#5001=CARTESIAN_POINT('Ctrl Pts',(4.95249512261663,-1.89552770824053,6.1423540617301));
#5002=CARTESIAN_POINT('Ctrl Pts',(4.89681796199956,-1.89869463235331,6.15417318342272));
#5003=CARTESIAN_POINT('Ctrl Pts',(4.80707191182662,-1.90907858397279,6.19292661844998));
#5004=CARTESIAN_POINT('Ctrl Pts',(4.75796408401301,-1.91842715420464,6.22781595753335));
#5005=CARTESIAN_POINT('Ctrl Pts',(4.7034287485042,-1.93364041667298,6.28459262601407));
#5006=CARTESIAN_POINT('Ctrl Pts',(4.68383117796403,-1.9403369475761,6.30958441957898));
#5007=CARTESIAN_POINT('Ctrl Pts',(4.66740823228676,-1.94745760955894,6.33615909188247));
#5008=CARTESIAN_POINT('Origin',(4.66740823228676,0.,4.15));
#5009=CARTESIAN_POINT('Origin',(5.,0.,4.15));
#5010=CARTESIAN_POINT('',(4.66740823228676,-0.593468216730129,1.283001884936));
#5011=CARTESIAN_POINT('Ctrl Pts',(4.66740823228676,-0.593468216730129,1.283001884936));
#5012=CARTESIAN_POINT('Ctrl Pts',(4.68383117796403,-0.600588878712968,1.30957655723948));
#5013=CARTESIAN_POINT('Ctrl Pts',(4.7034287485042,-0.607285409616094,1.3345683508044));
#5014=CARTESIAN_POINT('Ctrl Pts',(4.75796408401301,-0.622498672084431,1.39134501928511));
#5015=CARTESIAN_POINT('Ctrl Pts',(4.80707191182662,-0.631847242316276,1.42623435836848));
#5016=CARTESIAN_POINT('Ctrl Pts',(4.89681796199956,-0.642231193935763,1.46498779339574));
#5017=CARTESIAN_POINT('Ctrl Pts',(4.95249512261663,-0.645398118048544,1.47680691508836));
#5018=CARTESIAN_POINT('Ctrl Pts',(5.04750487738337,-0.645398118048544,1.47680691508836));
#5019=CARTESIAN_POINT('Ctrl Pts',(5.10318203800044,-0.642231193935763,1.46498779339574));
#5020=CARTESIAN_POINT('Ctrl Pts',(5.19292808817338,-0.631847242316276,1.42623435836848));
#5021=CARTESIAN_POINT('Ctrl Pts',(5.24203591598699,-0.622498672084431,1.39134501928511));
#5022=CARTESIAN_POINT('Ctrl Pts',(5.2965712514958,-0.607285409616094,1.3345683508044));
#5023=CARTESIAN_POINT('Ctrl Pts',(5.31616882203597,-0.600588878712968,1.30957655723948));
#5024=CARTESIAN_POINT('Ctrl Pts',(5.33259176771324,-0.593468216730129,1.283001884936));
#5025=CARTESIAN_POINT('Origin',(4.66740823228676,0.,4.15));
#5026=CARTESIAN_POINT('Origin',(4.25166852264521,0.,4.15));
#5027=CARTESIAN_POINT('Ctrl Pts',(4.66740823228676,-0.323156662941729,1.24011125861387));
#5028=CARTESIAN_POINT('Ctrl Pts',(4.64754742355194,-0.314897146926064,1.20928632519748));
#5029=CARTESIAN_POINT('Ctrl Pts',(4.62401526065548,-0.30717538234614,1.18046830746111));
#5030=CARTESIAN_POINT('Ctrl Pts',(4.55692137779509,-0.289132946649088,1.11313302074742));
#5031=CARTESIAN_POINT('Ctrl Pts',(4.49567636726455,-0.278047523733621,1.07176165920351));
#5032=CARTESIAN_POINT('Ctrl Pts',(4.3829509775448,-0.265544977101042,1.02510151994673));
#5033=CARTESIAN_POINT('Ctrl Pts',(4.31202845698802,-0.261737791278697,1.01089290902388));
#5034=CARTESIAN_POINT('Ctrl Pts',(4.25166852264521,-0.261737791278697,1.01089290902388));
#5035=CARTESIAN_POINT('',(4.25166852264521,0.0200761827676522,1.00006397733454));
#5036=CARTESIAN_POINT('Origin',(4.25166852264521,0.,4.15));
#5037=CARTESIAN_POINT('',(4.25166852264521,0.571226830171945,1.0522266208627));
#5038=CARTESIAN_POINT('Origin',(4.25166852264521,0.,4.15));
#5039=CARTESIAN_POINT('Ctrl Pts',(4.25166852264521,0.571226830171945,1.0522266208627));
#5040=CARTESIAN_POINT('Ctrl Pts',(4.31330574153735,0.571226830171945,1.0522266208627));
#5041=CARTESIAN_POINT('Ctrl Pts',(4.38584311460942,0.567484224161064,1.06619421664802));
#5042=CARTESIAN_POINT('Ctrl Pts',(4.49979624668243,0.555245868894753,1.11186838030297));
#5043=CARTESIAN_POINT('Ctrl Pts',(4.56134988891389,0.544575536349109,1.15169060349697));
#5044=CARTESIAN_POINT('Ctrl Pts',(4.62688440918545,0.527580001959037,1.21511880134251));
#5045=CARTESIAN_POINT('Ctrl Pts',(4.6486550963979,0.520806535774253,1.24039772128747));
#5046=CARTESIAN_POINT('Ctrl Pts',(4.66740823228676,0.513515600847954,1.2676078608671));
#5047=CARTESIAN_POINT('Origin',(4.25166852264521,0.,4.15));
#5048=CARTESIAN_POINT('Ctrl Pts',(4.25166852264521,-1.79622512186584,6.73767759034584));
#5049=CARTESIAN_POINT('Ctrl Pts',(4.31202845698802,-1.79622512186584,6.73767759034584));
#5050=CARTESIAN_POINT('Ctrl Pts',(4.3829509775448,-1.79241793604349,6.72346897942299));
#5051=CARTESIAN_POINT('Ctrl Pts',(4.49567636726455,-1.77991538941091,6.67680884016621));
#5052=CARTESIAN_POINT('Ctrl Pts',(4.55692137779509,-1.76882996649545,6.6354374786223));
#5053=CARTESIAN_POINT('Ctrl Pts',(4.62401526065548,-1.7507875307984,6.56810219190861));
#5054=CARTESIAN_POINT('Ctrl Pts',(4.64754742355194,-1.74306576621847,6.53928417417224));
#5055=CARTESIAN_POINT('Ctrl Pts',(4.66740823228676,-1.73480625020281,6.50845924075585));
#5056=CARTESIAN_POINT('Origin',(4.25166852264521,0.,4.15));
#5057=CARTESIAN_POINT('',(4.25166852264521,-2.01127059507201,6.57431239599989));
#5058=CARTESIAN_POINT('Ctrl Pts',(4.66740823228676,-1.94745760955894,6.33615909188247));
#5059=CARTESIAN_POINT('Ctrl Pts',(4.64893897508829,-1.95546551144018,6.36604498856526));
#5060=CARTESIAN_POINT('Ctrl Pts',(4.62729693281562,-1.96298488453257,6.39410767098714));
#5061=CARTESIAN_POINT('Ctrl Pts',(4.56200274358767,-1.9817824457049,6.46426112434066));
#5062=CARTESIAN_POINT('Ctrl Pts',(4.49981624537005,-1.99378495603026,6.50905510269328));
#5063=CARTESIAN_POINT('Ctrl Pts',(4.38495687555162,-2.00719507388478,6.55910234386182));
#5064=CARTESIAN_POINT('Ctrl Pts',(4.31302843557256,-2.01127059507201,6.57431239599989));
#5065=CARTESIAN_POINT('Ctrl Pts',(4.25166852264521,-2.01127059507201,6.57431239599989));
#5066=CARTESIAN_POINT('Origin',(4.25166852264521,0.,4.15));
#5067=CARTESIAN_POINT('Origin',(4.25166852264521,0.,4.15));
#5068=CARTESIAN_POINT('',(4.25166852264521,-0.529655231217063,1.04484858081858));
#5069=CARTESIAN_POINT('Ctrl Pts',(4.25166852264521,-0.529655231217063,1.04484858081858));
#5070=CARTESIAN_POINT('Ctrl Pts',(4.31302843557256,-0.529655231217063,1.04484858081858));
#5071=CARTESIAN_POINT('Ctrl Pts',(4.38495687555162,-0.533730752404292,1.06005863295664));
#5072=CARTESIAN_POINT('Ctrl Pts',(4.49981624537005,-0.547140870258809,1.11010587412518));
#5073=CARTESIAN_POINT('Ctrl Pts',(4.56200274358767,-0.559143380584169,1.1548998524778));
#5074=CARTESIAN_POINT('Ctrl Pts',(4.62729693281562,-0.577940941756501,1.22505330583132));
#5075=CARTESIAN_POINT('Ctrl Pts',(4.64893897508829,-0.585460314848894,1.2531159882532));
#5076=CARTESIAN_POINT('Ctrl Pts',(4.66740823228676,-0.593468216730129,1.283001884936));
#5077=CARTESIAN_POINT('Origin',(4.25166852264521,0.,4.15));
#5078=CARTESIAN_POINT('Origin',(-5.8,0.,4.15));
#5079=CARTESIAN_POINT('',(-6.,-2.01127059507201,6.57431239599989));
#5080=CARTESIAN_POINT('',(-6.24365521278937,-1.94587866640925,6.33026639582554));
#5081=CARTESIAN_POINT('Ctrl Pts',(-6.,-2.01127059507201,6.57431239599989));
#5082=CARTESIAN_POINT('Ctrl Pts',(-6.05278254052017,-2.00470901888514,6.54982426029274));
#5083=CARTESIAN_POINT('Ctrl Pts',(-6.10660576857532,-1.99426917044361,6.51086221548564));
#5084=CARTESIAN_POINT('Ctrl Pts',(-6.18340232182931,-1.97319648130045,6.43221786895126));
#5085=CARTESIAN_POINT('Ctrl Pts',(-6.21925489870841,-1.95948552303164,6.38104787607162));
#5086=CARTESIAN_POINT('Ctrl Pts',(-6.24365521278937,-1.94587866640925,6.33026639582554));
#5087=CARTESIAN_POINT('Origin',(-6.,0.,4.15));
#5088=CARTESIAN_POINT('',(-6.24365521278937,-1.73329194214557,6.50280776614792));
#5089=CARTESIAN_POINT('Ctrl Pts',(-6.24365521278937,-1.73329194214557,6.50280776614792));
#5090=CARTESIAN_POINT('Ctrl Pts',(-6.21960226395295,-1.74615480831768,6.5508126362332));
#5091=CARTESIAN_POINT('Ctrl Pts',(-6.18483118305025,-1.75898151154234,6.59868254436126));
#5092=CARTESIAN_POINT('Ctrl Pts',(-6.10867178982454,-1.77944008576819,6.67503498282254));
#5093=CARTESIAN_POINT('Ctrl Pts',(-6.05349356499217,-1.78980428562672,6.71371470327438));
#5094=CARTESIAN_POINT('Ctrl Pts',(-6.,-1.79622512186584,6.73767759034584));
#5095=CARTESIAN_POINT('Origin',(-6.24365521278937,0.,4.15));
#5096=CARTESIAN_POINT('Origin',(-5.8,0.,4.15));
#5097=CARTESIAN_POINT('',(-6.24365521278937,-0.595047159879824,1.28889458099292));
#5098=CARTESIAN_POINT('',(-6.,-0.529655231217063,1.04484858081858));
#5099=CARTESIAN_POINT('Ctrl Pts',(-6.24365521278937,-0.595047159879824,
1.28889458099292));
#5100=CARTESIAN_POINT('Ctrl Pts',(-6.21925489870841,-0.58144030325743,1.23811310074684));
#5101=CARTESIAN_POINT('Ctrl Pts',(-6.18340232182931,-0.567729344988623,
1.1869431078672));
#5102=CARTESIAN_POINT('Ctrl Pts',(-6.10660576857532,-0.546656655845463,
1.10829876133282));
#5103=CARTESIAN_POINT('Ctrl Pts',(-6.05278254052017,-0.536216807403935,
1.06933671652572));
#5104=CARTESIAN_POINT('Ctrl Pts',(-6.,-0.529655231217063,1.04484858081858));
#5105=CARTESIAN_POINT('',(-6.24365521278937,-0.32467097099897,1.2457627332218));
#5106=CARTESIAN_POINT('Origin',(-6.24365521278937,0.,4.15));
#5107=CARTESIAN_POINT('Ctrl Pts',(-6.,-0.261737791278697,1.01089290902388));
#5108=CARTESIAN_POINT('Ctrl Pts',(-6.05349356499217,-0.268158627517813,
1.03485579609534));
#5109=CARTESIAN_POINT('Ctrl Pts',(-6.10867178982453,-0.278522827376346,
1.07353551654718));
#5110=CARTESIAN_POINT('Ctrl Pts',(-6.18483118305025,-0.298981401602193,
1.14988795500846));
#5111=CARTESIAN_POINT('Ctrl Pts',(-6.21960226395294,-0.311808104826859,
1.19775786313652));
#5112=CARTESIAN_POINT('Ctrl Pts',(-6.24365521278937,-0.32467097099897,1.2457627332218));
#5113=CARTESIAN_POINT('Origin',(-6.,0.,4.15));
#5114=CARTESIAN_POINT('Origin',(0.,0.,4.15));
#5115=CARTESIAN_POINT('Origin',(4.25166852264521,0.,4.15));
#5116=CARTESIAN_POINT('Origin',(0.,0.,4.15));
#5117=CARTESIAN_POINT('',(0.,-2.01127059507201,6.57431239599989));
#5118=CARTESIAN_POINT('Origin',(0.,0.,4.15));
#5119=CARTESIAN_POINT('',(0.,-0.529655231217063,1.04484858081858));
#5120=CARTESIAN_POINT('Origin',(-6.3,0.,4.15));
#5121=CARTESIAN_POINT('',(-6.3,-0.881757939112058,6.11086790396826));
#5122=CARTESIAN_POINT('',(-6.3,-0.744341714350969,5.59802357137557));
#5123=CARTESIAN_POINT('Origin',(-6.3,0.,4.15));
#5124=CARTESIAN_POINT('',(-6.3,-0.216809176779021,6.28904038785256));
#5125=CARTESIAN_POINT('',(-6.3,-0.0793929520156608,5.77619605525139));
#5126=CARTESIAN_POINT('Origin',(-6.3,0.,4.15));
#5127=CARTESIAN_POINT('Origin',(-6.3,0.,4.15));
#5128=CARTESIAN_POINT('',(-6.3,0.881757939062053,2.18913209600926));
#5129=CARTESIAN_POINT('',(-6.3,-0.0793929520156608,5.77619605525139));
#5130=CARTESIAN_POINT('',(-6.3,-2.63299061816681E-16,6.3));
#5131=CARTESIAN_POINT('Origin',(-6.3,0.,4.15));
#5132=CARTESIAN_POINT('Origin',(-6.3,0.,4.15));
#5133=CARTESIAN_POINT('Origin',(-6.3,0.,4.15));
#5134=CARTESIAN_POINT('',(-6.3,0.216809176724473,2.01095961214192));
#5135=CARTESIAN_POINT('',(-6.3,-0.744341714350969,5.59802357137557));
#5136=CARTESIAN_POINT('Origin',(-6.3,0.,4.15));
#5137=CARTESIAN_POINT('Origin',(-6.3,0.,4.15));
#5138=CARTESIAN_POINT('Origin',(-5.8,0.,4.15));
#5139=CARTESIAN_POINT('Origin',(-6.,0.,4.15));
#5140=CARTESIAN_POINT('',(-6.14420280741946,-0.790538288268343,7.10032905704144));
#5141=CARTESIAN_POINT('Ctrl Pts',(-6.14420280741946,-0.790538288268343,
7.10032905704144));
#5142=CARTESIAN_POINT('Ctrl Pts',(-6.10341640252321,-0.839953895022257,
7.1271640447308));
#5143=CARTESIAN_POINT('Ctrl Pts',(-6.05402319304927,-0.895711717247538,
7.14441436349822));
#5144=CARTESIAN_POINT('Ctrl Pts',(-6.00628953541303,-0.946991370416301,
7.15136394374223));
#5145=CARTESIAN_POINT('Ctrl Pts',(-6.00316089618213,-0.950341351003188,
7.15177810775978));
#5146=CARTESIAN_POINT('Ctrl Pts',(-6.,-0.953714474308444,7.15215401028904));
#5147=CARTESIAN_POINT('Ctrl Pts',(-6.,-0.675136042489404,7.22679887612625));
#5148=CARTESIAN_POINT('Ctrl Pts',(-6.00316089618201,-0.677869301697107,
7.22478677333396));
#5149=CARTESIAN_POINT('Ctrl Pts',(-6.0062895354128,-0.68056338797865,7.22275310648001));
#5150=CARTESIAN_POINT('Ctrl Pts',(-6.0540231930491,-0.721498080197904,7.1910947668579));
#5151=CARTESIAN_POINT('Ctrl Pts',(-6.10341640252316,-0.761160611320869,
7.14827664146838));
#5152=CARTESIAN_POINT('Ctrl Pts',(-6.14420280741946,-0.790538288268344,
7.10032905704144));
#5153=CARTESIAN_POINT('Origin',(-6.,0.,4.15));
#5154=CARTESIAN_POINT('Origin',(-5.8,0.,4.15));
#5155=CARTESIAN_POINT('Origin',(-5.8,0.,4.15));
#5156=CARTESIAN_POINT('',(-6.14420280741946,0.790538288216067,1.19967094294455));
#5157=CARTESIAN_POINT('Ctrl Pts',(-6.,0.675136042436486,1.07320112386214));
#5158=CARTESIAN_POINT('Ctrl Pts',(-6.00316089618213,0.677869301644304,1.07521322665445));
#5159=CARTESIAN_POINT('Ctrl Pts',(-6.00628953541303,0.680563387925958,1.07724689350843));
#5160=CARTESIAN_POINT('Ctrl Pts',(-6.05402319304927,0.721498080145357,1.10890523312976));
#5161=CARTESIAN_POINT('Ctrl Pts',(-6.10341640252332,0.761160611268615,1.15172335851815));
#5162=CARTESIAN_POINT('Ctrl Pts',(-6.14420280741946,0.790538288216067,1.19967094294455));
#5163=CARTESIAN_POINT('Ctrl Pts',(-6.14420280741946,0.790538288216067,1.19967094294455));
#5164=CARTESIAN_POINT('Ctrl Pts',(-6.10341640252304,0.839953894970271,1.17283595525473));
#5165=CARTESIAN_POINT('Ctrl Pts',(-6.0540231930491,0.895711717195862,1.15558563648619));
#5166=CARTESIAN_POINT('Ctrl Pts',(-6.0062895354128,0.946991370364885,1.14863605624144));
#5167=CARTESIAN_POINT('Ctrl Pts',(-6.00316089618201,0.950341350951664,1.14822189222385));
#5168=CARTESIAN_POINT('Ctrl Pts',(-6.,0.953714474256809,1.14784598969456));
#5169=CARTESIAN_POINT('Origin',(-5.8,0.,4.15));
#5170=CARTESIAN_POINT('Origin',(-5.8,0.,4.15));
#5171=CARTESIAN_POINT('Origin',(-6.,0.,4.15));
#5172=CARTESIAN_POINT('Origin',(0.,0.,4.15));
#5173=CARTESIAN_POINT('Origin',(0.,0.,4.15));
#5174=CARTESIAN_POINT('Origin',(0.,0.,4.15));
#5175=CARTESIAN_POINT('Origin',(-6.,0.,4.15));
#5176=CARTESIAN_POINT('Origin',(0.,0.,4.15));
#5177=CARTESIAN_POINT('Origin',(4.25166852264521,0.,4.15));
#5178=CARTESIAN_POINT('Origin',(0.,0.,4.15));
#5179=CARTESIAN_POINT('Origin',(0.,0.,4.15));
#5180=CARTESIAN_POINT('Origin',(0.,0.,4.15));
#5181=CARTESIAN_POINT('Origin',(0.,0.,4.15));
#5182=CARTESIAN_POINT('Origin',(0.,0.,4.15));
#5183=CARTESIAN_POINT('Origin',(0.,0.,4.15));
#5184=CARTESIAN_POINT('Origin',(0.,0.,4.15));
#5185=CARTESIAN_POINT('Origin',(0.,0.,4.15));
#5186=CARTESIAN_POINT('Origin',(0.,0.,4.15));
#5187=CARTESIAN_POINT('Origin',(0.,0.,4.15));
#5188=CARTESIAN_POINT('Origin',(0.,0.,4.15));
#5189=CARTESIAN_POINT('Origin',(0.,0.,4.15));
#5190=CARTESIAN_POINT('Origin',(0.,0.,4.15));
#5191=CARTESIAN_POINT('Origin',(0.,0.,4.15));
#5192=CARTESIAN_POINT('Origin',(4.25166852264521,0.,4.15));
#5193=CARTESIAN_POINT('Origin',(4.25166852264521,0.,4.15));
#5194=CARTESIAN_POINT('Origin',(4.25166852264521,0.,4.15));
#5195=CARTESIAN_POINT('Origin',(4.25166852264521,0.,4.15));
#5196=CARTESIAN_POINT('Origin',(0.,0.,4.15));
#5197=CARTESIAN_POINT('',(3.45579719258054,-0.815279992099078,7.19266635280356));
#5198=CARTESIAN_POINT('Origin',(3.4557971926076,0.,4.15));
#5199=CARTESIAN_POINT('Origin',(3.45579719255348,0.,4.15));
#5200=CARTESIAN_POINT('',(4.,-1.05418974331648,7.11836385658604));
#5201=CARTESIAN_POINT('',(0.,-1.05418974331649,7.11836385658604));
#5202=CARTESIAN_POINT('',(4.,-0.571226830171951,7.2477733791373));
#5203=CARTESIAN_POINT('Origin',(4.,0.,4.15));
#5204=CARTESIAN_POINT('',(0.,-0.571226830171961,7.2477733791373));
#5205=CARTESIAN_POINT('Origin',(0.,0.,4.15));
#5206=CARTESIAN_POINT('',(3.45579719258054,0.815279992046802,1.10733364718243));
#5207=CARTESIAN_POINT('Origin',(3.4557971926076,0.,4.15));
#5208=CARTESIAN_POINT('',(4.,1.05418974331648,1.18163614341396));
#5209=CARTESIAN_POINT('',(0.,1.05418974331647,1.18163614341396));
#5210=CARTESIAN_POINT('',(4.,0.571226830171945,1.0522266208627));
#5211=CARTESIAN_POINT('Origin',(4.,0.,4.15));
#5212=CARTESIAN_POINT('',(0.,0.571226830171937,1.0522266208627));
#5213=CARTESIAN_POINT('Origin',(3.45579719255348,0.,4.15));
#5214=CARTESIAN_POINT('Origin',(0.,0.,4.15));
#5215=CARTESIAN_POINT('Origin',(0.,0.,4.15));
#5216=CARTESIAN_POINT('Origin',(0.,0.,4.15));
#5217=CARTESIAN_POINT('Origin',(4.25166852264521,0.,4.15));
#5218=CARTESIAN_POINT('Origin',(0.,0.,4.15));
#5219=CARTESIAN_POINT('Origin',(-6.,0.,4.15));
#5220=CARTESIAN_POINT('Origin',(5.,0.,4.15));
#5221=CARTESIAN_POINT('Origin',(5.33259176771324,0.,4.15));
#5222=CARTESIAN_POINT('Origin',(4.66740823228676,0.,4.15));
#5223=CARTESIAN_POINT('Origin',(5.,0.,4.15));
#5224=CARTESIAN_POINT('Origin',(4.66740823228676,0.,4.15));
#5225=CARTESIAN_POINT('Origin',(4.25166852264521,0.,4.15));
#5226=CARTESIAN_POINT('Origin',(4.25166852264521,0.,4.15));
#5227=CARTESIAN_POINT('Origin',(4.25166852264521,0.,4.15));
#5228=CARTESIAN_POINT('Origin',(4.66740823228676,0.,4.15));
#5229=CARTESIAN_POINT('Origin',(4.25166852264521,0.,4.15));
#5230=CARTESIAN_POINT('Origin',(5.74833147735479,0.,4.15));
#5231=CARTESIAN_POINT('Origin',(5.74833147735479,0.,4.15));
#5232=CARTESIAN_POINT('Origin',(5.74833147735479,0.,4.15));
#5233=CARTESIAN_POINT('Origin',(5.74833147735479,0.,4.15));
#5234=CARTESIAN_POINT('Origin',(5.8,0.,4.15));
#5235=CARTESIAN_POINT('',(6.,0.675136042436483,1.07320112386214));
#5236=CARTESIAN_POINT('Origin',(6.,0.,4.15));
#5237=CARTESIAN_POINT('',(6.3,0.258055495382846,1.47065592476805));
#5238=CARTESIAN_POINT('Ctrl Pts',(6.3,0.258055495382846,1.47065592476805));
#5239=CARTESIAN_POINT('Ctrl Pts',(6.3,0.27311204872082,1.41446410272386));
#5240=CARTESIAN_POINT('Ctrl Pts',(6.28768369871452,0.302505108483087,1.3523542442852));
#5241=CARTESIAN_POINT('Ctrl Pts',(6.24769049977931,0.371334013545757,1.25000312847171));
#5242=CARTESIAN_POINT('Ctrl Pts',(6.20935424633067,0.425571334175374,1.19570660137241));
#5243=CARTESIAN_POINT('Ctrl Pts',(6.12591056484306,0.532474691241351,1.11913946926057));
#5244=CARTESIAN_POINT('Ctrl Pts',(6.06351171314741,0.605514083669836,1.08764339529795));
#5245=CARTESIAN_POINT('Ctrl Pts',(6.00495986556177,0.669718443473676,1.07425642948225));
#5246=CARTESIAN_POINT('Ctrl Pts',(6.00249087479857,0.672418839049493,1.07371786376492));
#5247=CARTESIAN_POINT('Ctrl Pts',(6.,0.675136042436483,1.07320112386214));
#5248=CARTESIAN_POINT('Origin',(6.3,0.,4.15));
#5249=CARTESIAN_POINT('Origin',(5.8,0.,4.15));
#5250=CARTESIAN_POINT('',(6.,0.953714474256812,1.14784598969456));
#5251=CARTESIAN_POINT('',(6.3,1.11618942297832,1.70059221765563));
#5252=CARTESIAN_POINT('Ctrl Pts',(6.,0.953714474256812,1.14784598969456));
#5253=CARTESIAN_POINT('Ctrl Pts',(6.00249087479871,0.955809271465928,1.14965210127107));
#5254=CARTESIAN_POINT('Ctrl Pts',(6.00495986556204,0.957878599776315,1.15146871065185));
#5255=CARTESIAN_POINT('Ctrl Pts',(6.06351171314766,1.00678772349254,1.19516434302881));
#5256=CARTESIAN_POINT('Ctrl Pts',(6.12591056484325,1.05429365583152,1.258960439413));
#5257=CARTESIAN_POINT('Ctrl Pts',(6.20935424633076,1.10859111274492,1.37872119944811));
#5258=CARTESIAN_POINT('Ctrl Pts',(6.24769049977933,1.1284137466939,1.45286203156725));
#5259=CARTESIAN_POINT('Ctrl Pts',(6.28768369871454,1.13684576908638,1.57591515049769));
#5260=CARTESIAN_POINT('Ctrl Pts',(6.3,1.13124597631621,1.64440039561176));
#5261=CARTESIAN_POINT('Ctrl Pts',(6.3,1.11618942297832,1.70059221765563));
#5262=CARTESIAN_POINT('Origin',(6.3,0.,4.15));
#5263=CARTESIAN_POINT('Origin',(6.,0.,4.15));
#5264=CARTESIAN_POINT('Origin',(5.8,0.,4.15));
#5265=CARTESIAN_POINT('',(6.3,1.45145009840316,1.88311448810856));
#5266=CARTESIAN_POINT('Ctrl Pts',(6.3,1.45145009840316,1.88311448810856));
#5267=CARTESIAN_POINT('Ctrl Pts',(6.3,1.46839394474507,1.8198791926849));
#5268=CARTESIAN_POINT('Ctrl Pts',(6.28522273390709,1.48836360679766,1.74535139929465));
#5269=CARTESIAN_POINT('Ctrl Pts',(6.24045021379464,1.51698687618399,1.63852790366616));
#5270=CARTESIAN_POINT('Ctrl Pts',(6.20805220845987,1.53095209618449,1.58640899308542));
#5271=CARTESIAN_POINT('Ctrl Pts',(6.17107718468054,1.54195557937716,1.54534343475012));
#5272=CARTESIAN_POINT('Origin',(6.3,0.,4.15));
#5273=CARTESIAN_POINT('Origin',(6.,0.,4.15));
#5274=CARTESIAN_POINT('Origin',(5.8,0.,4.15));
#5275=CARTESIAN_POINT('',(6.3,0.123549901596842,6.83890548997045));
#5276=CARTESIAN_POINT('Ctrl Pts',(6.17107718468055,0.0330444206228378,7.1766765433289));
#5277=CARTESIAN_POINT('Ctrl Pts',(6.20805220845987,0.0440479038155132,7.1356109849936));
#5278=CARTESIAN_POINT('Ctrl Pts',(6.24045021379464,0.0580131238160139,7.08349207441285));
#5279=CARTESIAN_POINT('Ctrl Pts',(6.28522273390709,0.0866363932023375,6.97666857878436));
#5280=CARTESIAN_POINT('Ctrl Pts',(6.3,0.106606055254927,6.90214078539412));
#5281=CARTESIAN_POINT('Ctrl Pts',(6.3,0.123549901596842,6.83890548997045));
#5282=CARTESIAN_POINT('',(6.,-0.675136042489401,7.22679887612625));
#5283=CARTESIAN_POINT('Origin',(6.,0.,4.15));
#5284=CARTESIAN_POINT('',(6.3,-0.258055495437466,6.82934407522669));
#5285=CARTESIAN_POINT('Ctrl Pts',(6.3,-0.258055495437466,6.82934407522669));
#5286=CARTESIAN_POINT('Ctrl Pts',(6.3,-0.273112048775354,6.88553589727056));
#5287=CARTESIAN_POINT('Ctrl Pts',(6.28768369871454,-0.302505108537492,6.94764575570884));
#5288=CARTESIAN_POINT('Ctrl Pts',(6.24769049977933,-0.371334013599878,7.04999687152126));
#5289=CARTESIAN_POINT('Ctrl Pts',(6.20935424633076,-0.425571334229186,7.10429339861967));
#5290=CARTESIAN_POINT('Ctrl Pts',(6.12591056484325,-0.532474691294637,7.18086053072991));
#5291=CARTESIAN_POINT('Ctrl Pts',(6.06351171314766,-0.605514083722756,7.2123566046914));
#5292=CARTESIAN_POINT('Ctrl Pts',(6.00495986556204,-0.669718443526319,7.22574357050617));
#5293=CARTESIAN_POINT('Ctrl Pts',(6.00249087479871,-0.672418839102274,7.22628213622348));
#5294=CARTESIAN_POINT('Ctrl Pts',(6.,-0.675136042489401,7.22679887612625));
#5295=CARTESIAN_POINT('Origin',(6.3,0.,4.15));
#5296=CARTESIAN_POINT('Origin',(5.8,0.,4.15));
#5297=CARTESIAN_POINT('Origin',(6.3,0.,4.15));
#5298=CARTESIAN_POINT('Origin',(6.,0.,4.15));
#5299=CARTESIAN_POINT('Origin',(5.8,0.,4.15));
#5300=CARTESIAN_POINT('',(6.,-0.953714474308446,7.15215401028904));
#5301=CARTESIAN_POINT('Origin',(6.,0.,4.15));
#5302=CARTESIAN_POINT('',(6.3,-1.11618942302825,6.59940778232162));
#5303=CARTESIAN_POINT('Ctrl Pts',(6.,-0.953714474308446,7.15215401028904));
#5304=CARTESIAN_POINT('Ctrl Pts',(6.00249087479857,-0.955809271517436,7.15034789871259));
#5305=CARTESIAN_POINT('Ctrl Pts',(6.00495986556177,-0.957878599827699,7.14853128933187));
#5306=CARTESIAN_POINT('Ctrl Pts',(6.06351171314741,-1.00678772354369,7.10483565695396));
#5307=CARTESIAN_POINT('Ctrl Pts',(6.12591056484306,-1.05429365588243,7.04103956056861));
#5308=CARTESIAN_POINT('Ctrl Pts',(6.20935424633067,-1.10859111279548,6.92127880053184));
#5309=CARTESIAN_POINT('Ctrl Pts',(6.24769049977931,-1.12841374674428,6.84713796841177));
#5310=CARTESIAN_POINT('Ctrl Pts',(6.28768369871452,-1.13684576913648,6.72408484948028));
#5311=CARTESIAN_POINT('Ctrl Pts',(6.3,-1.13124597636622,6.65559960436581));
#5312=CARTESIAN_POINT('Ctrl Pts',(6.3,-1.11618942302825,6.59940778232162));
#5313=CARTESIAN_POINT('Origin',(6.3,0.,4.15));
#5314=CARTESIAN_POINT('Origin',(5.8,0.,4.15));
#5315=CARTESIAN_POINT('Origin',(0.,0.,4.15));
#5316=CARTESIAN_POINT('',(5.85579719258054,0.815279992046802,1.10733364718243));
#5317=CARTESIAN_POINT('Origin',(5.8557971926076,0.,4.15));
#5318=CARTESIAN_POINT('Origin',(5.85579719255348,0.,4.15));
#5319=CARTESIAN_POINT('Origin',(0.,0.,4.15));
#5320=CARTESIAN_POINT('Origin',(0.,0.,4.15));
#5321=CARTESIAN_POINT('Origin',(0.,0.,4.15));
#5322=CARTESIAN_POINT('',(5.85579719258054,-0.815279992099078,7.19266635280356));
#5323=CARTESIAN_POINT('Origin',(5.8557971926076,0.,4.15));
#5324=CARTESIAN_POINT('Origin',(5.85579719255348,0.,4.15));
#5325=CARTESIAN_POINT('Origin',(0.,0.,4.15));
#5326=CARTESIAN_POINT('Origin',(6.,0.,4.15));
#5327=CARTESIAN_POINT('',(6.,-1.95,4.15));
#5328=CARTESIAN_POINT('Origin',(6.,0.,4.15));
#5329=CARTESIAN_POINT('Origin',(6.1,0.,4.15));
#5330=CARTESIAN_POINT('',(6.3,-2.63299061816681E-16,2.));
#5331=CARTESIAN_POINT('Origin',(6.3,0.,4.15));
#5332=CARTESIAN_POINT('',(6.1,-2.38806125833734E-16,2.2));
#5333=CARTESIAN_POINT('Origin',(6.1,-2.63299061816681E-16,2.));
#5334=CARTESIAN_POINT('',(6.1,-1.95,4.15));
#5335=CARTESIAN_POINT('Origin',(6.1,0.,4.15));
#5336=CARTESIAN_POINT('Origin',(6.1,0.,4.15));
#5337=CARTESIAN_POINT('Origin',(6.,0.,4.15));
#5338=CARTESIAN_POINT('',(6.,-1.95,4.15));
#5339=CARTESIAN_POINT('Origin',(5.8,0.,4.15));
#5340=CARTESIAN_POINT('Origin',(6.3,0.,4.15));
#5341=CARTESIAN_POINT('Origin',(6.,0.,4.15));
#5342=CARTESIAN_POINT('Origin',(6.3,0.,4.15));
#5343=CARTESIAN_POINT('Origin',(-6.1,0.,4.15));
#5344=CARTESIAN_POINT('',(-6.1,-1.19403062916867E-16,6.1));
#5345=CARTESIAN_POINT('Origin',(-6.1,-2.63299061816681E-16,6.3));
#5346=CARTESIAN_POINT('',(-6.1,1.95,4.15));
#5347=CARTESIAN_POINT('Origin',(-6.1,0.,4.15));
#5348=CARTESIAN_POINT('Origin',(-6.1,0.,4.15));
#5349=CARTESIAN_POINT('Origin',(-6.3,0.,4.15));
#5350=CARTESIAN_POINT('Origin',(-6.,0.,4.15));
#5351=CARTESIAN_POINT('',(-6.,1.95,4.15));
#5352=CARTESIAN_POINT('',(-6.,1.95,4.15));
#5353=CARTESIAN_POINT('Origin',(-6.,0.,4.15));
#5354=CARTESIAN_POINT('Origin',(-5.8,0.,4.15));
#5355=CARTESIAN_POINT('Origin',(-6.3,0.,4.15));
#5356=CARTESIAN_POINT('Origin',(-6.3,0.,4.15));
#5357=CARTESIAN_POINT('Origin',(4.25166852264521,0.,4.15));
#5358=CARTESIAN_POINT('Origin',(5.,0.,4.15));
#5359=CARTESIAN_POINT('Origin',(5.74833147735479,0.,4.15));
#5360=CARTESIAN_POINT('Origin',(5.74833147735479,0.,4.15));
#5361=CARTESIAN_POINT('Origin',(0.,0.,4.15));
#5362=CARTESIAN_POINT('Origin',(-6.,0.,4.15));
#5363=CARTESIAN_POINT('Origin',(0.,0.,4.15));
#5364=CARTESIAN_POINT('Origin',(-6.2,-1.23259516440783E-31,4.15));
#5365=CARTESIAN_POINT('',(-6.4,7.34788079488411E-17,4.55));
#5366=CARTESIAN_POINT('Origin',(-6.4,2.4492935982947E-17,4.15));
#5367=CARTESIAN_POINT('',(-6.2,7.34788079488411E-17,4.75));
#5368=CARTESIAN_POINT('Origin',(-6.2,4.8985871965894E-17,4.55));
#5369=CARTESIAN_POINT('',(-6.2,0.6,4.15));
#5370=CARTESIAN_POINT('Origin',(-6.2,-1.23259516440783E-31,4.15));
#5371=CARTESIAN_POINT('Origin',(-6.2,-1.23259516440783E-31,4.15));
#5372=CARTESIAN_POINT('Origin',(-5.8,-4.89858719658943E-17,4.15));
#5373=CARTESIAN_POINT('',(-5.8,0.6,4.15));
#5374=CARTESIAN_POINT('',(-5.8,0.6,4.15));
#5375=CARTESIAN_POINT('Origin',(-5.8,-4.89858719658943E-17,4.15));
#5376=CARTESIAN_POINT('Origin',(-6.4,2.4492935982947E-17,4.15));
#5377=CARTESIAN_POINT('Origin',(-5.8,-4.89858719658943E-17,4.15));
#5378=CARTESIAN_POINT('',(0.,0.,0.));
#5379=CARTESIAN_POINT('',(0.,0.,0.));
#5380=UNCERTAINTY_MEASURE_WITH_UNIT(LENGTH_MEASURE(0.01),#5388,
'DISTANCE_ACCURACY_VALUE',
'Maximum model space distance between geometric entities at asserted c
onnectivities');
#5381=UNCERTAINTY_MEASURE_WITH_UNIT(LENGTH_MEASURE(0.01),#5388,
'DISTANCE_ACCURACY_VALUE',
'Maximum model space distance between geometric entities at asserted c
onnectivities');
#5382=UNCERTAINTY_MEASURE_WITH_UNIT(LENGTH_MEASURE(0.01),#5388,
'DISTANCE_ACCURACY_VALUE',
'Maximum model space distance between geometric entities at asserted c
onnectivities');
#5383=UNCERTAINTY_MEASURE_WITH_UNIT(LENGTH_MEASURE(0.01),#5388,
'DISTANCE_ACCURACY_VALUE',
'Maximum model space distance between geometric entities at asserted c
onnectivities');
#5384=(
GEOMETRIC_REPRESENTATION_CONTEXT(3)
GLOBAL_UNCERTAINTY_ASSIGNED_CONTEXT((#5380))
GLOBAL_UNIT_ASSIGNED_CONTEXT((#5388,#5390,#5391))
REPRESENTATION_CONTEXT('','3D')
);
#5385=(
GEOMETRIC_REPRESENTATION_CONTEXT(3)
GLOBAL_UNCERTAINTY_ASSIGNED_CONTEXT((#5381))
GLOBAL_UNIT_ASSIGNED_CONTEXT((#5388,#5390,#5391))
REPRESENTATION_CONTEXT('','3D')
);
#5386=(
GEOMETRIC_REPRESENTATION_CONTEXT(3)
GLOBAL_UNCERTAINTY_ASSIGNED_CONTEXT((#5382))
GLOBAL_UNIT_ASSIGNED_CONTEXT((#5388,#5390,#5391))
REPRESENTATION_CONTEXT('','3D')
);
#5387=(
GEOMETRIC_REPRESENTATION_CONTEXT(3)
GLOBAL_UNCERTAINTY_ASSIGNED_CONTEXT((#5383))
GLOBAL_UNIT_ASSIGNED_CONTEXT((#5388,#5390,#5391))
REPRESENTATION_CONTEXT('','3D')
);
#5388=(
LENGTH_UNIT()
NAMED_UNIT(*)
SI_UNIT(.MILLI.,.METRE.)
);
#5389=(
LENGTH_UNIT()
NAMED_UNIT(*)
SI_UNIT($,.METRE.)
);
#5390=(
NAMED_UNIT(*)
PLANE_ANGLE_UNIT()
SI_UNIT($,.RADIAN.)
);
#5391=(
NAMED_UNIT(*)
SI_UNIT($,.STERADIAN.)
SOLID_ANGLE_UNIT()
);
#5392=SHAPE_DEFINITION_REPRESENTATION(#5395,#5400);
#5393=SHAPE_DEFINITION_REPRESENTATION(#5396,#5401);
#5394=SHAPE_DEFINITION_REPRESENTATION(#5397,#5402);
#5395=PRODUCT_DEFINITION_SHAPE('',$,#5404);
#5396=PRODUCT_DEFINITION_SHAPE('',$,#5405);
#5397=PRODUCT_DEFINITION_SHAPE('',$,#5406);
#5398=PRODUCT_DEFINITION_SHAPE($,$,#17);
#5399=PRODUCT_DEFINITION_SHAPE($,$,#18);
#5400=SHAPE_REPRESENTATION('',(#2612,#2988),#5384);
#5401=SHAPE_REPRESENTATION('',(#2613,#2987),#5385);
#5402=SHAPE_REPRESENTATION('',(#2614),#5386);
#5403=PRODUCT_DEFINITION_CONTEXT('part definition',#5414,'design');
#5404=PRODUCT_DEFINITION('CAP-TH_BD6.3-L12.0-P20.32-D0.6',
'CAP-TH_BD6.3-L12.0-P20.32-D0.6 v8',#5407,#5403);
#5405=PRODUCT_DEFINITION('Body','Body',#5408,#5403);
#5406=PRODUCT_DEFINITION('Legs','Legs',#5409,#5403);
#5407=PRODUCT_DEFINITION_FORMATION('',$,#5416);
#5408=PRODUCT_DEFINITION_FORMATION('',$,#5417);
#5409=PRODUCT_DEFINITION_FORMATION('',$,#5418);
#5410=PRODUCT_RELATED_PRODUCT_CATEGORY(
'CAP-TH_BD6.3-L12.0-P20.32-D0.6 v8','CAP-TH_BD6.3-L12.0-P20.32-D0.6 v8',
(#5416));
#5411=PRODUCT_RELATED_PRODUCT_CATEGORY('Body','Body',(#5417));
#5412=PRODUCT_RELATED_PRODUCT_CATEGORY('Legs','Legs',(#5418));
#5413=APPLICATION_PROTOCOL_DEFINITION('international standard',
'automotive_design',2009,#5414);
#5414=APPLICATION_CONTEXT(
'Core Data for Automotive Mechanical Design Process');
#5415=PRODUCT_CONTEXT('part definition',#5414,'mechanical');
#5416=PRODUCT('CAP-TH_BD6.3-L12.0-P20.32-D0.6',
'CAP-TH_BD6.3-L12.0-P20.32-D0.6 v8',$,(#5415));
#5417=PRODUCT('Body','Body',$,(#5415));
#5418=PRODUCT('Legs','Legs',$,(#5415));
#5419=PRESENTATION_STYLE_ASSIGNMENT((#5424));
#5420=PRESENTATION_STYLE_ASSIGNMENT((#5425));
#5421=PRESENTATION_STYLE_ASSIGNMENT((#5426));
#5422=PRESENTATION_STYLE_ASSIGNMENT((#5427));
#5423=PRESENTATION_STYLE_ASSIGNMENT((#5428));
#5424=SURFACE_STYLE_USAGE(.BOTH.,#5429);
#5425=SURFACE_STYLE_USAGE(.BOTH.,#5430);
#5426=SURFACE_STYLE_USAGE(.BOTH.,#5431);
#5427=SURFACE_STYLE_USAGE(.BOTH.,#5432);
#5428=SURFACE_STYLE_USAGE(.BOTH.,#5433);
#5429=SURFACE_SIDE_STYLE('',(#5434));
#5430=SURFACE_SIDE_STYLE('',(#5435));
#5431=SURFACE_SIDE_STYLE('',(#5436));
#5432=SURFACE_SIDE_STYLE('',(#5437));
#5433=SURFACE_SIDE_STYLE('',(#5438));
#5434=SURFACE_STYLE_FILL_AREA(#5439);
#5435=SURFACE_STYLE_FILL_AREA(#5440);
#5436=SURFACE_STYLE_FILL_AREA(#5441);
#5437=SURFACE_STYLE_FILL_AREA(#5442);
#5438=SURFACE_STYLE_FILL_AREA(#5443);
#5439=FILL_AREA_STYLE('Steel - Satin',(#5444));
#5440=FILL_AREA_STYLE('Capacitor Blue',(#5445));
#5441=FILL_AREA_STYLE('Paint - Enamel Glossy (Black)',(#5446));
#5442=FILL_AREA_STYLE('Silver - Polished',(#5447));
#5443=FILL_AREA_STYLE('Aluminum - Satin',(#5448));
#5444=FILL_AREA_STYLE_COLOUR('Steel - Satin',#5449);
#5445=FILL_AREA_STYLE_COLOUR('Capacitor Blue',#5450);
#5446=FILL_AREA_STYLE_COLOUR('Paint - Enamel Glossy (Black)',#5451);
#5447=FILL_AREA_STYLE_COLOUR('Silver - Polished',#5452);
#5448=FILL_AREA_STYLE_COLOUR('Aluminum - Satin',#5453);
#5449=COLOUR_RGB('Steel - Satin',0.627450980392157,0.627450980392157,0.627450980392157);
#5450=COLOUR_RGB('Capacitor Blue',0.145098039215686,0.701960784313725,0.992156862745098);
#5451=COLOUR_RGB('Paint - Enamel Glossy (Black)',0.0980392156862745,0.0980392156862745,
0.0980392156862745);
#5452=COLOUR_RGB('Silver - Polished',0.83921568627451,0.83921568627451,
0.843137254901961);
#5453=COLOUR_RGB('Aluminum - Satin',0.83921568627451,0.83921568627451,0.843137254901961);
ENDSEC;
END-ISO-10303-21;
