ISO-10303-21;
HEADER;
FILE_DESCRIPTION (( 'STEP AP214' ),
    '1' );
FILE_NAME ('SHM-1260-H.STEP',
    '2024-05-21T06:58:11',
    ( '' ),
    ( '' ),
    'SwSTEP 2.0',
    'SolidWorks 2019',
    '' );
FILE_SCHEMA (( 'AUTOMOTIVE_DESIGN' ));
ENDSEC;

DATA;
#1 = ORIENTED_EDGE ( 'NONE', *, *, #7418, .F. ) ;
#2 = AXIS2_PLACEMENT_3D ( 'NONE', #5925, #4158, #641 ) ;
#3 = ORIENTED_EDGE ( 'NONE', *, *, #3018, .T. ) ;
#4 = VECTOR ( 'NONE', #2535, 1000.000000000000000 ) ;
#5 = DIRECTION ( 'NONE',  ( -0.0000000000000000000, -1.000000000000000000, -0.0000000000000000000 ) ) ;
#6 = CARTESIAN_POINT ( 'NONE',  ( -2.249999999999999112, -2.200000000000000178, 2.649999999999998579 ) ) ;
#7 = EDGE_CURVE ( 'NONE', #6842, #954, #98, .T. ) ;
#8 = VERTEX_POINT ( 'NONE', #3028 ) ;
#9 = ORIENTED_EDGE ( 'NONE', *, *, #2908, .F. ) ;
#10 = VERTEX_POINT ( 'NONE', #2487 ) ;
#11 = DIRECTION ( 'NONE',  ( -0.0000000000000000000, -1.000000000000000000, -0.0000000000000000000 ) ) ;
#12 = PRESENTATION_STYLE_ASSIGNMENT (( #2943 ) ) ;
#13 = DIRECTION ( 'NONE',  ( -0.0000000000000000000, -1.000000000000000000, -0.0000000000000000000 ) ) ;
#14 = PRESENTATION_LAYER_ASSIGNMENT (  '', '', ( #6652 ) ) ;
#15 = CARTESIAN_POINT ( 'NONE',  ( -2.149999999999999023, -2.200000000000000178, 1.749999999999998890 ) ) ;
#16 = SURFACE_STYLE_FILL_AREA ( #625 ) ;
#17 = MANIFOLD_SOLID_BREP ( 'Body-Move/Copy2[2]', #4070 ) ;
#18 = UNCERTAINTY_MEASURE_WITH_UNIT (LENGTH_MEASURE( 1.000000000000000082E-05 ), #2423, 'distance_accuracy_value', 'NONE');
#19 = ORIENTED_EDGE ( 'NONE', *, *, #2750, .T. ) ;
#20 = DIRECTION ( 'NONE',  ( 0.0000000000000000000, 0.0000000000000000000, 1.000000000000000000 ) ) ;
#21 = ORIENTED_EDGE ( 'NONE', *, *, #2755, .F. ) ;
#22 = EDGE_CURVE ( 'NONE', #4253, #2898, #6602, .T. ) ;
#23 = LINE ( 'NONE', #7075, #3182 ) ;
#24 = ORIENTED_EDGE ( 'NONE', *, *, #7559, .T. ) ;
#25 = DIRECTION ( 'NONE',  ( 0.0000000000000000000, 0.0000000000000000000, 1.000000000000000000 ) ) ;
#26 = STYLED_ITEM ( 'NONE', ( #5025 ), #6531 ) ;
#27 = ORIENTED_EDGE ( 'NONE', *, *, #418, .F. ) ;
#28 = UNCERTAINTY_MEASURE_WITH_UNIT (LENGTH_MEASURE( 1.000000000000000082E-05 ), #1076, 'distance_accuracy_value', 'NONE');
#29 = AXIS2_PLACEMENT_3D ( 'NONE', #4752, #740, #4823 ) ;
#30 = EDGE_CURVE ( 'NONE', #4290, #5221, #3837, .T. ) ;
#31 = MANIFOLD_SOLID_BREP ( 'Boss-Extrude4[1]', #2489 ) ;
#32 = FILL_AREA_STYLE_COLOUR ( '', #1805 ) ;
#33 = ORIENTED_EDGE ( 'NONE', *, *, #4552, .T. ) ;
#34 = CARTESIAN_POINT ( 'NONE',  ( 2.250000000000000000, 0.2000000000000000111, -1.149999999999999911 ) ) ;
#35 = FACE_OUTER_BOUND ( 'NONE', #4822, .T. ) ;
#36 = CARTESIAN_POINT ( 'NONE',  ( -2.849999999999998757, -2.500000000000000000, -2.250000000000000888 ) ) ;
#37 = ADVANCED_FACE ( 'NONE', ( #210 ), #1931, .F. ) ;
#38 = DIRECTION ( 'NONE',  ( -1.000000000000000000, 0.0000000000000000000, 0.0000000000000000000 ) ) ;
#39 = EDGE_CURVE ( 'NONE', #1675, #5994, #3174, .T. ) ;
#40 =( GEOMETRIC_REPRESENTATION_CONTEXT ( 3 ) GLOBAL_UNCERTAINTY_ASSIGNED_CONTEXT ( ( #3411 ) ) GLOBAL_UNIT_ASSIGNED_CONTEXT ( ( #3931, #2774, #6819 ) ) REPRESENTATION_CONTEXT ( 'NONE', 'WORKASPACE' ) );
#41 = ORIENTED_EDGE ( 'NONE', *, *, #80, .T. ) ;
#42 = FACE_OUTER_BOUND ( 'NONE', #6589, .T. ) ;
#43 = CARTESIAN_POINT ( 'NONE',  ( -3.950000000000001066, 9.486769009248163798E-17, 0.8499999999999994227 ) ) ;
#44 = CARTESIAN_POINT ( 'NONE',  ( -3.919999999999999929, 0.1999999999999999833, -0.9499999999999998446 ) ) ;
#45 = VERTEX_POINT ( 'NONE', #6681 ) ;
#46 = MECHANICAL_DESIGN_GEOMETRIC_PRESENTATION_REPRESENTATION (  '', ( #786 ), #5566 ) ;
#47 = SURFACE_STYLE_FILL_AREA ( #4712 ) ;
#48 = ORIENTED_EDGE ( 'NONE', *, *, #917, .F. ) ;
#49 = ORIENTED_EDGE ( 'NONE', *, *, #3160, .F. ) ;
#50 = EDGE_CURVE ( 'NONE', #6810, #2806, #6792, .T. ) ;
#51 = PLANE ( 'NONE',  #4084 ) ;
#52 = DIRECTION ( 'NONE',  ( 1.000000000000000000, 0.0000000000000000000, 0.0000000000000000000 ) ) ;
#53 = EDGE_CURVE ( 'NONE', #7164, #5809, #3863, .T. ) ;
#54 = CARTESIAN_POINT ( 'NONE',  ( 3.969999999999999751, 0.2000000000000000111, -1.370000000000000551 ) ) ;
#55 = FILL_AREA_STYLE_COLOUR ( '', #6795 ) ;
#56 = VERTEX_POINT ( 'NONE', #2562 ) ;
#57 = CARTESIAN_POINT ( 'NONE',  ( -4.249999999999999112, -3.299999999999999822, -1.749999999999999778 ) ) ;
#58 = ORIENTED_EDGE ( 'NONE', *, *, #1983, .F. ) ;
#59 = FILL_AREA_STYLE_COLOUR ( '', #4529 ) ;
#60 = DIRECTION ( 'NONE',  ( -0.0000000000000000000, -1.000000000000000000, -0.0000000000000000000 ) ) ;
#61 =( NAMED_UNIT ( * ) PLANE_ANGLE_UNIT ( ) SI_UNIT ( $, .RADIAN. ) );
#62 = ORIENTED_EDGE ( 'NONE', *, *, #1338, .F. ) ;
#63 = CARTESIAN_POINT ( 'NONE',  ( -3.950000000000001066, 9.486769009248163798E-17, 0.8499999999999994227 ) ) ;
#64 =( GEOMETRIC_REPRESENTATION_CONTEXT ( 3 ) GLOBAL_UNCERTAINTY_ASSIGNED_CONTEXT ( ( #1118 ) ) GLOBAL_UNIT_ASSIGNED_CONTEXT ( ( #7040, #546, #2790 ) ) REPRESENTATION_CONTEXT ( 'NONE', 'WORKASPACE' ) );
#65 = CARTESIAN_POINT ( 'NONE',  ( 4.050000000000001599, -0.8000000000000001554, 1.749999999999998890 ) ) ;
#66 = EDGE_LOOP ( 'NONE', ( #7179, #4920, #6698, #637 ) ) ;
#67 = LINE ( 'NONE', #638, #1194 ) ;
#68 = LINE ( 'NONE', #6076, #5404 ) ;
#69 = CARTESIAN_POINT ( 'NONE',  ( 2.999999999999998668, 0.0000000000000000000, -1.320000000000000506 ) ) ;
#70 = DIRECTION ( 'NONE',  ( 0.0000000000000000000, 0.0000000000000000000, -1.000000000000000000 ) ) ;
#71 = MECHANICAL_DESIGN_GEOMETRIC_PRESENTATION_REPRESENTATION (  '', ( #6707 ), #2537 ) ;
#72 = LINE ( 'NONE', #7129, #3063 ) ;
#73 = FILL_AREA_STYLE ('',( #5349 ) ) ;
#74 = VECTOR ( 'NONE', #3265, 1000.000000000000000 ) ;
#75 = STYLED_ITEM ( 'NONE', ( #6844 ), #1274 ) ;
#76 = ORIENTED_EDGE ( 'NONE', *, *, #3254, .F. ) ;
#77 = FILL_AREA_STYLE_COLOUR ( '', #5357 ) ;
#78 = FACE_OUTER_BOUND ( 'NONE', #887, .T. ) ;
#79 = ORIENTED_EDGE ( 'NONE', *, *, #7561, .T. ) ;
#80 = EDGE_CURVE ( 'NONE', #4976, #2700, #6716, .T. ) ;
#81 = VECTOR ( 'NONE', #4283, 1000.000000000000000 ) ;
#82 = CARTESIAN_POINT ( 'NONE',  ( -4.250000000000000888, -1.800000000000000044, -1.750000000000000888 ) ) ;
#83 = VERTEX_POINT ( 'NONE', #7417 ) ;
#84 = ORIENTED_EDGE ( 'NONE', *, *, #5709, .T. ) ;
#85 = VECTOR ( 'NONE', #3154, 1000.000000000000000 ) ;
#86 = CARTESIAN_POINT ( 'NONE',  ( 3.950000000000001066, 9.486769009248163798E-17, -0.8500000000000013101 ) ) ;
#87 = FACE_OUTER_BOUND ( 'NONE', #3808, .T. ) ;
#88 = ADVANCED_FACE ( 'NONE', ( #3294 ), #1969, .F. ) ;
#89 = CARTESIAN_POINT ( 'NONE',  ( 4.050000000000001599, -0.8000000000000000444, 0.8999999999999993561 ) ) ;
#90 = PRESENTATION_STYLE_ASSIGNMENT (( #2479 ) ) ;
#91 = VERTEX_POINT ( 'NONE', #7302 ) ;
#92 = CYLINDRICAL_SURFACE ( 'NONE', #7404, 0.2500000000000002220 ) ;
#93 = ORIENTED_EDGE ( 'NONE', *, *, #1603, .T. ) ;
#94 = LINE ( 'NONE', #7115, #4903 ) ;
#95 = CARTESIAN_POINT ( 'NONE',  ( -3.000000000000000000, 0.2000000000000000111, -1.319999999999999396 ) ) ;
#96 = SURFACE_STYLE_USAGE ( .BOTH. , #6031 ) ;
#97 = DIRECTION ( 'NONE',  ( 0.0000000000000000000, -1.000000000000000000, 0.0000000000000000000 ) ) ;
#98 = LINE ( 'NONE', #2370, #7411 ) ;
#99 = PLANE ( 'NONE',  #6037 ) ;
#100 = EDGE_CURVE ( 'NONE', #3628, #4039, #5590, .T. ) ;
#101 = COLOUR_RGB ( '',0.7529411764705882248, 0.7529411764705882248, 0.7529411764705882248 ) ;
#102 = LINE ( 'NONE', #3181, #1442 ) ;
#103 = ORIENTED_EDGE ( 'NONE', *, *, #491, .T. ) ;
#104 = CARTESIAN_POINT ( 'NONE',  ( -3.969999999999999751, 0.0000000000000000000, -1.370000000000000551 ) ) ;
#105 = PLANE ( 'NONE',  #1711 ) ;
#106 = CARTESIAN_POINT ( 'NONE',  ( -3.049999999999999822, 0.2000000000000000111, 1.750000000000000222 ) ) ;
#107 = PRESENTATION_LAYER_ASSIGNMENT (  '', '', ( #1569 ) ) ;
#108 = PRESENTATION_LAYER_ASSIGNMENT (  '', '', ( #963 ) ) ;
#109 = PRESENTATION_LAYER_ASSIGNMENT (  '', '', ( #1451 ) ) ;
#110 = AXIS2_PLACEMENT_3D ( 'NONE', #7125, #5424, #801 ) ;
#111 = FACE_OUTER_BOUND ( 'NONE', #4337, .T. ) ;
#112 = ORIENTED_EDGE ( 'NONE', *, *, #6099, .T. ) ;
#113 = DIRECTION ( 'NONE',  ( -0.0000000000000000000, 1.000000000000000000, 1.084202172485504681E-16 ) ) ;
#114 = VECTOR ( 'NONE', #4440, 1000.000000000000000 ) ;
#115 = LINE ( 'NONE', #4346, #6630 ) ;
#116 = CARTESIAN_POINT ( 'NONE',  ( -0.2749999999999999667, 1.724999999999999867, -1.000000000000000222 ) ) ;
#117 = ADVANCED_FACE ( 'NONE', ( #1469 ), #3791, .F. ) ;
#118 = ORIENTED_EDGE ( 'NONE', *, *, #6457, .T. ) ;
#119 = VECTOR ( 'NONE', #5450, 1000.000000000000000 ) ;
#120 = DIRECTION ( 'NONE',  ( 0.0000000000000000000, 0.0000000000000000000, -1.000000000000000000 ) ) ;
#121 = VECTOR ( 'NONE', #949, 1000.000000000000000 ) ;
#122 = ADVANCED_FACE ( 'NONE', ( #565 ), #5856, .T. ) ;
#123 = EDGE_LOOP ( 'NONE', ( #517, #2557, #1342, #2829 ) ) ;
#124 = VERTEX_POINT ( 'NONE', #1153 ) ;
#125 = EDGE_CURVE ( 'NONE', #4975, #4435, #7139, .T. ) ;
#126 =( NAMED_UNIT ( * ) SI_UNIT ( $, .STERADIAN. ) SOLID_ANGLE_UNIT ( ) );
#127 = CARTESIAN_POINT ( 'NONE',  ( 2.250000000000001332, -2.200000000000000178, 2.649999999999998579 ) ) ;
#128 = EDGE_CURVE ( 'NONE', #3943, #6848, #6344, .T. ) ;
#129 = VECTOR ( 'NONE', #6957, 1000.000000000000114 ) ;
#130 = PRESENTATION_STYLE_ASSIGNMENT (( #5947 ) ) ;
#131 =( LENGTH_UNIT ( ) NAMED_UNIT ( * ) SI_UNIT ( .MILLI., .METRE. ) );
#132 = ORIENTED_EDGE ( 'NONE', *, *, #5148, .T. ) ;
#133 = CARTESIAN_POINT ( 'NONE',  ( 0.0000000000000000000, 0.0000000000000000000, 0.0000000000000000000 ) ) ;
#134 = VERTEX_POINT ( 'NONE', #4131 ) ;
#135 = CARTESIAN_POINT ( 'NONE',  ( -2.000000000000000000, 2.000000000000000000, 1.000000000000000000 ) ) ;
#137 = COLOUR_RGB ( '',0.2509803921568627416, 0.2509803921568627416, 0.2509803921568627416 ) ;
#136 = CARTESIAN_POINT ( 'NONE',  ( 3.969999999999999751, 0.0000000000000000000, -0.8999999999999999112 ) ) ;
#138 = CARTESIAN_POINT ( 'NONE',  ( 3.919999999999999929, 0.0000000000000000000, -0.9500000000000013989 ) ) ;
#139 = VERTEX_POINT ( 'NONE', #2934 ) ;
#140 = DIRECTION ( 'NONE',  ( -0.0000000000000000000, -0.0000000000000000000, 1.000000000000000000 ) ) ;
#141 = AXIS2_PLACEMENT_3D ( 'NONE', #7347, #2042, #363 ) ;
#142 = VERTEX_POINT ( 'NONE', #7549 ) ;
#143 = FACE_OUTER_BOUND ( 'NONE', #5429, .T. ) ;
#144 = MECHANICAL_DESIGN_GEOMETRIC_PRESENTATION_REPRESENTATION (  '', ( #2355 ), #5673 ) ;
#145 = EDGE_LOOP ( 'NONE', ( #5949, #1241, #7486, #5128 ) ) ;
#146 = EDGE_CURVE ( 'NONE', #2731, #1548, #2850, .T. ) ;
#147 = CARTESIAN_POINT ( 'NONE',  ( 3.919999999999999929, 0.2000000000000000111, -0.8500000000000013101 ) ) ;
#148 = DIRECTION ( 'NONE',  ( 0.0000000000000000000, 1.000000000000000000, 0.0000000000000000000 ) ) ;
#149 = EDGE_CURVE ( 'NONE', #1350, #5392, #2265, .T. ) ;
#150 = CARTESIAN_POINT ( 'NONE',  ( -0.3250000000000001776, 2.000000000000000000, 1.000000000000000000 ) ) ;
#151 = VECTOR ( 'NONE', #1881, 1000.000000000000000 ) ;
#152 = FACE_OUTER_BOUND ( 'NONE', #938, .T. ) ;
#153 = ORIENTED_EDGE ( 'NONE', *, *, #739, .T. ) ;
#154 = CARTESIAN_POINT ( 'NONE',  ( -2.250000000000000000, 0.2000000000000000111, -1.149999999999999911 ) ) ;
#155 = MECHANICAL_DESIGN_GEOMETRIC_PRESENTATION_REPRESENTATION (  '', ( #891 ), #6168 ) ;
#156 = LINE ( 'NONE', #7246, #6204 ) ;
#157 = PRESENTATION_STYLE_ASSIGNMENT (( #3663 ) ) ;
#158 = VECTOR ( 'NONE', #7527, 1000.000000000000000 ) ;
#159 = ORIENTED_EDGE ( 'NONE', *, *, #3794, .F. ) ;
#160 =( LENGTH_UNIT ( ) NAMED_UNIT ( * ) SI_UNIT ( .MILLI., .METRE. ) );
#161 = ORIENTED_EDGE ( 'NONE', *, *, #1045, .T. ) ;
#162 = VERTEX_POINT ( 'NONE', #2893 ) ;
#163 = CARTESIAN_POINT ( 'NONE',  ( 2.850000000000000977, -2.200000000000000178, -1.750000000000000222 ) ) ;
#164 = VECTOR ( 'NONE', #656, 1000.000000000000000 ) ;
#165 = SURFACE_STYLE_FILL_AREA ( #5911 ) ;
#166 = DIRECTION ( 'NONE',  ( 0.7071067811865473507, -0.7071067811865477948, -7.666467083416869458E-17 ) ) ;
#167 = ORIENTED_EDGE ( 'NONE', *, *, #569, .F. ) ;
#168 = SURFACE_SIDE_STYLE ('',( #1398 ) ) ;
#169 = ORIENTED_EDGE ( 'NONE', *, *, #7422, .T. ) ;
#170 = EDGE_CURVE ( 'NONE', #3263, #5276, #4746, .T. ) ;
#171 = FACE_OUTER_BOUND ( 'NONE', #2175, .T. ) ;
#172 = DIRECTION ( 'NONE',  ( -3.883709274574939937E-15, -1.000000000000000000, 0.0000000000000000000 ) ) ;
#173 = LINE ( 'NONE', #630, #2260 ) ;
#174 = EDGE_CURVE ( 'NONE', #4904, #3507, #1114, .T. ) ;
#175 = EDGE_LOOP ( 'NONE', ( #1080, #1410, #1670, #2146 ) ) ;
#176 = DIRECTION ( 'NONE',  ( 1.000000000000000000, 0.0000000000000000000, 0.0000000000000000000 ) ) ;
#177 = LINE ( 'NONE', #4874, #7177 ) ;
#178 = EDGE_CURVE ( 'NONE', #3299, #2155, #1794, .T. ) ;
#179 = EDGE_CURVE ( 'NONE', #2832, #1662, #3593, .T. ) ;
#180 = ORIENTED_EDGE ( 'NONE', *, *, #3709, .F. ) ;
#181 = LINE ( 'NONE', #3693, #453 ) ;
#182 = ORIENTED_EDGE ( 'NONE', *, *, #1303, .T. ) ;
#183 = LINE ( 'NONE', #2533, #6203 ) ;
#184 = CARTESIAN_POINT ( 'NONE',  ( -0.3250000000000001776, 2.000000000000000000, -2.250000000000000888 ) ) ;
#185 = AXIS2_PLACEMENT_3D ( 'NONE', #6994, #5113, #5756 ) ;
#186 = AXIS2_PLACEMENT_3D ( 'NONE', #6750, #2076, #1541 ) ;
#187 = SURFACE_SIDE_STYLE ('',( #3620 ) ) ;
#188 = VERTEX_POINT ( 'NONE', #3010 ) ;
#189 = LINE ( 'NONE', #3810, #440 ) ;
#190 = DIRECTION ( 'NONE',  ( 0.0000000000000000000, 0.0000000000000000000, 1.000000000000000000 ) ) ;
#191 = DIRECTION ( 'NONE',  ( 0.7071067811865474617, 0.7071067811865474617, 0.0000000000000000000 ) ) ;
#192 = DIRECTION ( 'NONE',  ( 1.000000000000000000, 0.0000000000000000000, 0.0000000000000000000 ) ) ;
#193 = ORIENTED_EDGE ( 'NONE', *, *, #1278, .F. ) ;
#194 = PRESENTATION_STYLE_ASSIGNMENT (( #4935 ) ) ;
#195 = VECTOR ( 'NONE', #3799, 1000.000000000000000 ) ;
#196 = VECTOR ( 'NONE', #728, 1000.000000000000000 ) ;
#197 =( NAMED_UNIT ( * ) PLANE_ANGLE_UNIT ( ) SI_UNIT ( $, .RADIAN. ) );
#198 = ORIENTED_EDGE ( 'NONE', *, *, #5593, .T. ) ;
#199 = ORIENTED_EDGE ( 'NONE', *, *, #3832, .F. ) ;
#200 = CARTESIAN_POINT ( 'NONE',  ( -4.050000000000001599, -0.7999999999999998224, -0.9000000000000000222 ) ) ;
#201 = AXIS2_PLACEMENT_3D ( 'NONE', #379, #5097, #414 ) ;
#202 = UNCERTAINTY_MEASURE_WITH_UNIT (LENGTH_MEASURE( 1.000000000000000082E-05 ), #1689, 'distance_accuracy_value', 'NONE');
#203 = EDGE_CURVE ( 'NONE', #5754, #1799, #2349, .T. ) ;
#204 = ORIENTED_EDGE ( 'NONE', *, *, #5344, .F. ) ;
#205 = AXIS2_PLACEMENT_3D ( 'NONE', #7282, #294, #1484 ) ;
#206 = DIRECTION ( 'NONE',  ( 0.0000000000000000000, 1.000000000000000000, 0.0000000000000000000 ) ) ;
#207 = ORIENTED_EDGE ( 'NONE', *, *, #1908, .F. ) ;
#208 = LINE ( 'NONE', #5548, #2809 ) ;
#209 =( NAMED_UNIT ( * ) PLANE_ANGLE_UNIT ( ) SI_UNIT ( $, .RADIAN. ) );
#210 = FACE_OUTER_BOUND ( 'NONE', #5306, .T. ) ;
#211 = SURFACE_SIDE_STYLE ('',( #1329 ) ) ;
#212 = VECTOR ( 'NONE', #4230, 1000.000000000000000 ) ;
#213 = ADVANCED_FACE ( 'NONE', ( #78 ), #2426, .F. ) ;
#214 = CARTESIAN_POINT ( 'NONE',  ( -0.9999999999999995559, 2.000000000000000000, -2.250000000000000888 ) ) ;
#215 = ORIENTED_EDGE ( 'NONE', *, *, #5021, .F. ) ;
#216 = LINE ( 'NONE', #675, #3178 ) ;
#217 = EDGE_LOOP ( 'NONE', ( #4632, #2262, #4393, #5793 ) ) ;
#218 = CARTESIAN_POINT ( 'NONE',  ( 4.250000000000000888, -3.299999999999999822, 1.749999999999998890 ) ) ;
#219 = LINE ( 'NONE', #3115, #4 ) ;
#220 = VECTOR ( 'NONE', #326, 1000.000000000000000 ) ;
#221 = EDGE_CURVE ( 'NONE', #2070, #139, #5974, .T. ) ;
#222 = EDGE_LOOP ( 'NONE', ( #668, #5812, #1562, #764 ) ) ;
#223 = LINE ( 'NONE', #261, #7457 ) ;
#224 =( LENGTH_UNIT ( ) NAMED_UNIT ( * ) SI_UNIT ( .MILLI., .METRE. ) );
#225 = FACE_OUTER_BOUND ( 'NONE', #175, .T. ) ;
#226 =( GEOMETRIC_REPRESENTATION_CONTEXT ( 3 ) GLOBAL_UNCERTAINTY_ASSIGNED_CONTEXT ( ( #4694 ) ) GLOBAL_UNIT_ASSIGNED_CONTEXT ( ( #613, #493, #2348 ) ) REPRESENTATION_CONTEXT ( 'NONE', 'WORKASPACE' ) );
#227 = ORIENTED_EDGE ( 'NONE', *, *, #338, .T. ) ;
#228 = CARTESIAN_POINT ( 'NONE',  ( -4.250000000000007105, -1.799999999999971401, 0.0000000000000000000 ) ) ;
#229 = VECTOR ( 'NONE', #645, 1000.000000000000000 ) ;
#230 = ORIENTED_EDGE ( 'NONE', *, *, #2499, .F. ) ;
#231 = ORIENTED_EDGE ( 'NONE', *, *, #125, .T. ) ;
#232 = AXIS2_PLACEMENT_3D ( 'NONE', #1577, #6824, #2779 ) ;
#233 = VECTOR ( 'NONE', #2075, 1000.000000000000000 ) ;
#234 = DIRECTION ( 'NONE',  ( 0.7071067811865470176, 0.0000000000000000000, -0.7071067811865481278 ) ) ;
#235 = EDGE_CURVE ( 'NONE', #878, #7176, #774, .T. ) ;
#236 = VECTOR ( 'NONE', #1919, 1000.000000000000000 ) ;
#237 = VECTOR ( 'NONE', #4835, 1000.000000000000000 ) ;
#238 =( LENGTH_UNIT ( ) NAMED_UNIT ( * ) SI_UNIT ( .MILLI., .METRE. ) );
#239 = VECTOR ( 'NONE', #3827, 1000.000000000000000 ) ;
#240 = DIRECTION ( 'NONE',  ( -3.883709274574939937E-15, -1.000000000000000000, 0.0000000000000000000 ) ) ;
#241 = VERTEX_POINT ( 'NONE', #4818 ) ;
#242 = LINE ( 'NONE', #5950, #2604 ) ;
#243 =( NAMED_UNIT ( * ) PLANE_ANGLE_UNIT ( ) SI_UNIT ( $, .RADIAN. ) );
#244 = VECTOR ( 'NONE', #2476, 1000.000000000000000 ) ;
#245 = LINE ( 'NONE', #7228, #3439 ) ;
#246 = FILL_AREA_STYLE ('',( #933 ) ) ;
#247 = VECTOR ( 'NONE', #795, 1000.000000000000000 ) ;
#248 = CARTESIAN_POINT ( 'NONE',  ( -4.250000000000007105, -1.780000000000000027, -0.8499999999999998668 ) ) ;
#249 = FILL_AREA_STYLE_COLOUR ( '', #3939 ) ;
#250 =( NAMED_UNIT ( * ) PLANE_ANGLE_UNIT ( ) SI_UNIT ( $, .RADIAN. ) );
#251 = PRESENTATION_LAYER_ASSIGNMENT (  '', '', ( #1110 ) ) ;
#252 = EDGE_CURVE ( 'NONE', #7236, #4244, #1912, .T. ) ;
#253 = ORIENTED_EDGE ( 'NONE', *, *, #1149, .T. ) ;
#254 = CARTESIAN_POINT ( 'NONE',  ( -4.249999999999999112, 0.0000000000000000000, -0.8999999999999999112 ) ) ;
#255 = ORIENTED_EDGE ( 'NONE', *, *, #849, .F. ) ;
#256 = PRESENTATION_STYLE_ASSIGNMENT (( #3869 ) ) ;
#257 = DIRECTION ( 'NONE',  ( -1.000000000000000000, 0.0000000000000000000, 0.0000000000000000000 ) ) ;
#258 = EDGE_CURVE ( 'NONE', #1424, #1675, #6697, .T. ) ;
#259 = SURFACE_SIDE_STYLE ('',( #5461 ) ) ;
#260 = ORIENTED_EDGE ( 'NONE', *, *, #6284, .T. ) ;
#261 = CARTESIAN_POINT ( 'NONE',  ( 4.249999999999997335, 0.2000000000000000111, -0.8999999999999999112 ) ) ;
#262 = ADVANCED_FACE ( 'NONE', ( #2582 ), #4315, .T. ) ;
#263 = CARTESIAN_POINT ( 'NONE',  ( -2.499999999999999112, -2.200000000000000178, 5.399999999999998579 ) ) ;
#264 = EDGE_CURVE ( 'NONE', #8, #945, #6661, .T. ) ;
#265 = FACE_OUTER_BOUND ( 'NONE', #5621, .T. ) ;
#266 = ORIENTED_EDGE ( 'NONE', *, *, #1527, .F. ) ;
#267 = CARTESIAN_POINT ( 'NONE',  ( -4.250000000000006217, -2.949999999999999734, 1.749999999999998890 ) ) ;
#268 = ADVANCED_FACE ( 'NONE', ( #225 ), #6548, .T. ) ;
#269 = DIRECTION ( 'NONE',  ( -0.7071067811865474617, 0.7071067811865474617, 0.0000000000000000000 ) ) ;
#270 = ORIENTED_EDGE ( 'NONE', *, *, #50, .F. ) ;
#271 = ORIENTED_EDGE ( 'NONE', *, *, #4195, .T. ) ;
#272 = LINE ( 'NONE', #3285, #818 ) ;
#273 = DIRECTION ( 'NONE',  ( -0.0000000000000000000, -1.000000000000000000, -0.0000000000000000000 ) ) ;
#274 = AXIS2_PLACEMENT_3D ( 'NONE', #6283, #3941, #6946 ) ;
#275 = CYLINDRICAL_SURFACE ( 'NONE', #5537, 0.2999999999999999334 ) ;
#276 = ORIENTED_EDGE ( 'NONE', *, *, #4833, .F. ) ;
#277 = VECTOR ( 'NONE', #4274, 1000.000000000000114 ) ;
#278 =( NAMED_UNIT ( * ) PLANE_ANGLE_UNIT ( ) SI_UNIT ( $, .RADIAN. ) );
#279 = EDGE_CURVE ( 'NONE', #1377, #5679, #6049, .T. ) ;
#280 = PRESENTATION_LAYER_ASSIGNMENT (  '', '', ( #6675 ) ) ;
#281 = DIRECTION ( 'NONE',  ( 0.0000000000000000000, 0.0000000000000000000, -1.000000000000000000 ) ) ;
#282 =( NAMED_UNIT ( * ) SI_UNIT ( $, .STERADIAN. ) SOLID_ANGLE_UNIT ( ) );
#283 = DIRECTION ( 'NONE',  ( 3.410973126920686698E-15, 1.000000000000000000, -0.0000000000000000000 ) ) ;
#284 =( LENGTH_UNIT ( ) NAMED_UNIT ( * ) SI_UNIT ( .MILLI., .METRE. ) );
#285 = SURFACE_SIDE_STYLE ('',( #7340 ) ) ;
#286 = ORIENTED_EDGE ( 'NONE', *, *, #4695, .F. ) ;
#287 =( NAMED_UNIT ( * ) SI_UNIT ( $, .STERADIAN. ) SOLID_ANGLE_UNIT ( ) );
#288 = CARTESIAN_POINT ( 'NONE',  ( -4.250000000000000888, -0.09999999999999914513, 0.8499999999999994227 ) ) ;
#289 = LINE ( 'NONE', #1551, #2720 ) ;
#290 =( LENGTH_UNIT ( ) NAMED_UNIT ( * ) SI_UNIT ( .MILLI., .METRE. ) );
#291 =( GEOMETRIC_REPRESENTATION_CONTEXT ( 3 ) GLOBAL_UNCERTAINTY_ASSIGNED_CONTEXT ( ( #4671 ) ) GLOBAL_UNIT_ASSIGNED_CONTEXT ( ( #4689, #2287, #4525 ) ) REPRESENTATION_CONTEXT ( 'NONE', 'WORKASPACE' ) );
#292 = ORIENTED_EDGE ( 'NONE', *, *, #6528, .F. ) ;
#293 = CARTESIAN_POINT ( 'NONE',  ( 2.150000000000001243, -2.500000000000000000, 2.549999999999998934 ) ) ;
#294 = DIRECTION ( 'NONE',  ( 1.000000000000000000, 0.0000000000000000000, -2.032879073410321553E-16 ) ) ;
#295 = CARTESIAN_POINT ( 'NONE',  ( -3.919999999999999929, 0.2000000000000000111, -0.9499999999999998446 ) ) ;
#296 = EDGE_CURVE ( 'NONE', #840, #878, #7355, .T. ) ;
#297 = CARTESIAN_POINT ( 'NONE',  ( -2.149999999999999023, -2.200000000000000178, -1.750000000000000222 ) ) ;
#298 = VERTEX_POINT ( 'NONE', #2099 ) ;
#299 = COLOUR_RGB ( '',0.2509803921568627416, 0.2509803921568627416, 0.2509803921568627416 ) ;
#300 = DIRECTION ( 'NONE',  ( 0.0000000000000000000, 6.123233995736766036E-17, -1.000000000000000000 ) ) ;
#301 = ORIENTED_EDGE ( 'NONE', *, *, #489, .F. ) ;
#302 = ORIENTED_EDGE ( 'NONE', *, *, #53, .T. ) ;
#303 = VECTOR ( 'NONE', #2003, 1000.000000000000000 ) ;
#304 = LINE ( 'NONE', #6702, #3288 ) ;
#305 = LINE ( 'NONE', #4281, #236 ) ;
#306 = EDGE_CURVE ( 'NONE', #6810, #2070, #4464, .T. ) ;
#307 = FILL_AREA_STYLE_COLOUR ( '', #869 ) ;
#308 = DIRECTION ( 'NONE',  ( 0.0000000000000000000, 0.0000000000000000000, -1.000000000000000000 ) ) ;
#309 = ORIENTED_EDGE ( 'NONE', *, *, #5722, .T. ) ;
#310 = CARTESIAN_POINT ( 'NONE',  ( -3.049999999999999822, 0.2000000000000000111, -1.370000000000000551 ) ) ;
#311 = UNCERTAINTY_MEASURE_WITH_UNIT (LENGTH_MEASURE( 1.000000000000000082E-05 ), #2103, 'distance_accuracy_value', 'NONE');
#312 = CARTESIAN_POINT ( 'NONE',  ( 4.050000000000007816, -1.780000000000000693, -1.730000000000000870 ) ) ;
#313 = AXIS2_PLACEMENT_3D ( 'NONE', #2761, #3878, #2690 ) ;
#314 = FILL_AREA_STYLE ('',( #423 ) ) ;
#315 = EDGE_CURVE ( 'NONE', #716, #5752, #1561, .T. ) ;
#316 =( LENGTH_UNIT ( ) NAMED_UNIT ( * ) SI_UNIT ( .MILLI., .METRE. ) );
#317 = FILL_AREA_STYLE_COLOUR ( '', #4251 ) ;
#318 = DIRECTION ( 'NONE',  ( -1.379893674072460211E-16, 0.0000000000000000000, -1.000000000000000000 ) ) ;
#319 = CARTESIAN_POINT ( 'NONE',  ( -3.850000000000001421, 9.486769009248163798E-17, 0.9499999999999995115 ) ) ;
#320 = FILL_AREA_STYLE ('',( #6796 ) ) ;
#321 = ORIENTED_EDGE ( 'NONE', *, *, #4599, .T. ) ;
#322 = CARTESIAN_POINT ( 'NONE',  ( -3.969999999999999751, 0.2000000000000000111, 1.370000000000000107 ) ) ;
#323 = SURFACE_STYLE_FILL_AREA ( #6799 ) ;
#324 = EDGE_CURVE ( 'NONE', #2806, #1168, #4387, .T. ) ;
#325 = DIRECTION ( 'NONE',  ( -1.000000000000000000, -0.0000000000000000000, -0.0000000000000000000 ) ) ;
#326 = DIRECTION ( 'NONE',  ( -1.000000000000000000, -0.0000000000000000000, -0.0000000000000000000 ) ) ;
#327 = ORIENTED_EDGE ( 'NONE', *, *, #921, .F. ) ;
#328 = DIRECTION ( 'NONE',  ( 1.000000000000000000, 3.388131789017192679E-15, 0.0000000000000000000 ) ) ;
#329 = SURFACE_SIDE_STYLE ('',( #1556 ) ) ;
#330 = AXIS2_PLACEMENT_3D ( 'NONE', #4028, #6535, #1261 ) ;
#331 = CARTESIAN_POINT ( 'NONE',  ( 2.850000000000000977, -2.500000000000000000, -2.250000000000000888 ) ) ;
#332 = FILL_AREA_STYLE_COLOUR ( '', #3686 ) ;
#333 = ORIENTED_EDGE ( 'NONE', *, *, #936, .T. ) ;
#334 = VECTOR ( 'NONE', #6607, 1000.000000000000000 ) ;
#335 = SURFACE_STYLE_FILL_AREA ( #1565 ) ;
#336 = EDGE_LOOP ( 'NONE', ( #5613, #3528, #6569, #3180 ) ) ;
#337 = VERTEX_POINT ( 'NONE', #5093 ) ;
#338 = EDGE_CURVE ( 'NONE', #1145, #3361, #5651, .T. ) ;
#339 = FILL_AREA_STYLE_COLOUR ( '', #4760 ) ;
#340 = CARTESIAN_POINT ( 'NONE',  ( 3.850000000000001421, 9.486769009248163798E-17, 0.9499999999999990674 ) ) ;
#341 = EDGE_CURVE ( 'NONE', #3118, #672, #1619, .T. ) ;
#342 = CARTESIAN_POINT ( 'NONE',  ( -0.2125000000000002998, 1.887500000000000178, 1.000000000000000000 ) ) ;
#343 = VECTOR ( 'NONE', #4205, 1000.000000000000000 ) ;
#344 = EDGE_CURVE ( 'NONE', #6725, #799, #5574, .T. ) ;
#345 =( LENGTH_UNIT ( ) NAMED_UNIT ( * ) SI_UNIT ( .MILLI., .METRE. ) );
#346 = VECTOR ( 'NONE', #2831, 1000.000000000000000 ) ;
#347 = ADVANCED_FACE ( 'NONE', ( #5055 ), #4539, .F. ) ;
#348 = VECTOR ( 'NONE', #729, 1000.000000000000000 ) ;
#349 = ORIENTED_EDGE ( 'NONE', *, *, #4811, .T. ) ;
#350 = COLOUR_RGB ( '',0.7529411764705882248, 0.7529411764705882248, 0.7529411764705882248 ) ;
#351 = ADVANCED_FACE ( 'NONE', ( #6263 ), #3240, .F. ) ;
#352 = DIRECTION ( 'NONE',  ( -0.0000000000000000000, -1.000000000000000000, -0.0000000000000000000 ) ) ;
#353 = CARTESIAN_POINT ( 'NONE',  ( -4.050000000000007816, -1.779999999999971605, 1.729999999999998872 ) ) ;
#354 = LINE ( 'NONE', #5628, #3016 ) ;
#355 = PRESENTATION_LAYER_ASSIGNMENT (  '', '', ( #7621 ) ) ;
#356 =( NAMED_UNIT ( * ) SI_UNIT ( $, .STERADIAN. ) SOLID_ANGLE_UNIT ( ) );
#357 = DIRECTION ( 'NONE',  ( 1.000000000000000000, 0.0000000000000000000, -2.032879073410321553E-16 ) ) ;
#358 = VECTOR ( 'NONE', #6807, 1000.000000000000000 ) ;
#359 = LINE ( 'NONE', #4485, #3305 ) ;
#360 = VECTOR ( 'NONE', #4491, 1000.000000000000000 ) ;
#361 = EDGE_LOOP ( 'NONE', ( #4546, #6820, #2363, #3435 ) ) ;
#362 = SURFACE_SIDE_STYLE ('',( #3300 ) ) ;
#363 = DIRECTION ( 'NONE',  ( 0.0000000000000000000, 0.0000000000000000000, -1.000000000000000000 ) ) ;
#364 = COLOUR_RGB ( '',0.7529411764705882248, 0.7529411764705882248, 0.7529411764705882248 ) ;
#365 = LINE ( 'NONE', #3839, #7121 ) ;
#366 = EDGE_LOOP ( 'NONE', ( #2328, #4711, #1792, #2258 ) ) ;
#367 = DIRECTION ( 'NONE',  ( -1.000000000000000000, -0.0000000000000000000, -0.0000000000000000000 ) ) ;
#368 = ADVANCED_FACE ( 'NONE', ( #6927 ), #4120, .F. ) ;
#369 = COLOUR_RGB ( '',0.7529411764705882248, 0.7529411764705882248, 0.7529411764705882248 ) ;
#370 = CARTESIAN_POINT ( 'NONE',  ( 3.850000000000001421, 9.486769009248163798E-17, -0.8500000000000013101 ) ) ;
#371 = CARTESIAN_POINT ( 'NONE',  ( -4.050000000000007816, -1.779999999999971605, 1.729999999999998872 ) ) ;
#372 = FILL_AREA_STYLE_COLOUR ( '', #4175 ) ;
#373 = FILL_AREA_STYLE_COLOUR ( '', #1986 ) ;
#374 = ORIENTED_EDGE ( 'NONE', *, *, #5772, .F. ) ;
#375 = DIRECTION ( 'NONE',  ( 1.000000000000000000, 0.0000000000000000000, 0.0000000000000000000 ) ) ;
#376 = VECTOR ( 'NONE', #4455, 1000.000000000000000 ) ;
#377 = VERTEX_POINT ( 'NONE', #555 ) ;
#378 = VERTEX_POINT ( 'NONE', #644 ) ;
#379 = CARTESIAN_POINT ( 'NONE',  ( -1.112499999999999600, 1.887500000000000178, -2.250000000000000888 ) ) ;
#380 = COLOUR_RGB ( '',0.7529411764705882248, 0.7529411764705882248, 0.7529411764705882248 ) ;
#381 = DIRECTION ( 'NONE',  ( 0.0000000000000000000, 1.000000000000000000, 6.123233995736766036E-17 ) ) ;
#382 =( NAMED_UNIT ( * ) PLANE_ANGLE_UNIT ( ) SI_UNIT ( $, .RADIAN. ) );
#383 = FACE_OUTER_BOUND ( 'NONE', #6117, .T. ) ;
#384 =( LENGTH_UNIT ( ) NAMED_UNIT ( * ) SI_UNIT ( .MILLI., .METRE. ) );
#385 = ORIENTED_EDGE ( 'NONE', *, *, #1934, .F. ) ;
#386 = PLANE ( 'NONE',  #5194 ) ;
#387 = DIRECTION ( 'NONE',  ( -0.0000000000000000000, -1.000000000000000000, -0.0000000000000000000 ) ) ;
#388 = PRESENTATION_STYLE_ASSIGNMENT (( #4439 ) ) ;
#389 = PLANE ( 'NONE',  #2138 ) ;
#390 = VECTOR ( 'NONE', #504, 1000.000000000000000 ) ;
#391 = COLOUR_RGB ( '',0.7529411764705882248, 0.7529411764705882248, 0.7529411764705882248 ) ;
#392 = CARTESIAN_POINT ( 'NONE',  ( -3.919999999999999929, 0.2000000000000000111, -1.319999999999999174 ) ) ;
#393 = STYLED_ITEM ( 'NONE', ( #3251 ), #7306 ) ;
#394 = CARTESIAN_POINT ( 'NONE',  ( 2.299999999999999822, 0.0000000000000000000, -1.199999999999999956 ) ) ;
#395 = ORIENTED_EDGE ( 'NONE', *, *, #7102, .F. ) ;
#396 =( NAMED_UNIT ( * ) PLANE_ANGLE_UNIT ( ) SI_UNIT ( $, .RADIAN. ) );
#397 = ORIENTED_EDGE ( 'NONE', *, *, #4695, .T. ) ;
#398 = LINE ( 'NONE', #3409, #7449 ) ;
#399 = SURFACE_STYLE_USAGE ( .BOTH. , #6877 ) ;
#400 = EDGE_CURVE ( 'NONE', #2132, #6370, #7620, .T. ) ;
#401 = FILL_AREA_STYLE ('',( #1020 ) ) ;
#402 = LINE ( 'NONE', #5045, #2304 ) ;
#403 = ORIENTED_EDGE ( 'NONE', *, *, #2101, .T. ) ;
#404 = LINE ( 'NONE', #5644, #7409 ) ;
#405 = DIRECTION ( 'NONE',  ( 0.7071067811865472397, -0.7071067811865479058, -7.666467083416866993E-17 ) ) ;
#406 = LINE ( 'NONE', #5052, #2658 ) ;
#407 = DIRECTION ( 'NONE',  ( 1.000000000000000000, 3.410973126920686698E-15, 0.0000000000000000000 ) ) ;
#408 = SURFACE_STYLE_FILL_AREA ( #7436 ) ;
#409 = DIRECTION ( 'NONE',  ( 0.0000000000000000000, 0.0000000000000000000, 1.000000000000000000 ) ) ;
#410 = ORIENTED_EDGE ( 'NONE', *, *, #3488, .T. ) ;
#411 = SURFACE_STYLE_USAGE ( .BOTH. , #1641 ) ;
#412 = VERTEX_POINT ( 'NONE', #4579 ) ;
#413 = ORIENTED_EDGE ( 'NONE', *, *, #1731, .F. ) ;
#414 = DIRECTION ( 'NONE',  ( 0.7071067811865474617, 0.7071067811865474617, 0.0000000000000000000 ) ) ;
#415 = CARTESIAN_POINT ( 'NONE',  ( -4.250000000000006217, -2.949999999999999734, 0.8249999999999991784 ) ) ;
#416 = SURFACE_STYLE_USAGE ( .BOTH. , #2142 ) ;
#417 = STYLED_ITEM ( 'NONE', ( #6680 ), #2429 ) ;
#418 = EDGE_CURVE ( 'NONE', #7062, #3943, #1068, .T. ) ;
#419 = PRESENTATION_STYLE_ASSIGNMENT (( #4475 ) ) ;
#420 = VERTEX_POINT ( 'NONE', #603 ) ;
#421 = VERTEX_POINT ( 'NONE', #2967 ) ;
#422 = DIRECTION ( 'NONE',  ( 0.0000000000000000000, 0.0000000000000000000, -1.000000000000000000 ) ) ;
#423 = FILL_AREA_STYLE_COLOUR ( '', #3758 ) ;
#424 = CARTESIAN_POINT ( 'NONE',  ( -4.050000000000001599, -0.7999999999999998224, -0.9000000000000000222 ) ) ;
#425 = CARTESIAN_POINT ( 'NONE',  ( -0.2499999999999989175, -2.500000000000000000, 2.649999999999998579 ) ) ;
#426 = COLOUR_RGB ( '',0.7529411764705882248, 0.7529411764705882248, 0.7529411764705882248 ) ;
#427 = CARTESIAN_POINT ( 'NONE',  ( -3.969999999999999751, 0.0000000000000000000, 0.8999999999999994671 ) ) ;
#428 = FACE_OUTER_BOUND ( 'NONE', #4983, .T. ) ;
#429 = VECTOR ( 'NONE', #1899, 1000.000000000000000 ) ;
#430 = PRESENTATION_LAYER_ASSIGNMENT (  '', '', ( #6712 ) ) ;
#431 = PLANE ( 'NONE',  #2805 ) ;
#432 = ORIENTED_EDGE ( 'NONE', *, *, #3712, .T. ) ;
#433 = EDGE_LOOP ( 'NONE', ( #1834, #6935, #1609, #7080 ) ) ;
#434 = SURFACE_STYLE_FILL_AREA ( #6318 ) ;
#435 = ADVANCED_FACE ( 'NONE', ( #1790 ), #4160, .T. ) ;
#436 = PRESENTATION_STYLE_ASSIGNMENT (( #3413 ) ) ;
#437 = LINE ( 'NONE', #7385, #6405 ) ;
#438 = VECTOR ( 'NONE', #6019, 1000.000000000000000 ) ;
#439 = LINE ( 'NONE', #3307, #1679 ) ;
#440 = VECTOR ( 'NONE', #1411, 1000.000000000000000 ) ;
#441 = ORIENTED_EDGE ( 'NONE', *, *, #5471, .T. ) ;
#442 = SURFACE_STYLE_USAGE ( .BOTH. , #5727 ) ;
#443 = CARTESIAN_POINT ( 'NONE',  ( -3.919999999999999929, 0.0000000000000000000, 1.320000000000000284 ) ) ;
#444 = DIRECTION ( 'NONE',  ( 0.0000000000000000000, 1.971276677246374477E-16, -1.000000000000000000 ) ) ;
#445 = FILL_AREA_STYLE ('',( #2839 ) ) ;
#446 = ORIENTED_EDGE ( 'NONE', *, *, #5922, .T. ) ;
#447 =( NAMED_UNIT ( * ) SI_UNIT ( $, .STERADIAN. ) SOLID_ANGLE_UNIT ( ) );
#448 = VERTEX_POINT ( 'NONE', #1639 ) ;
#449 = ORIENTED_EDGE ( 'NONE', *, *, #3243, .F. ) ;
#450 = PRESENTATION_STYLE_ASSIGNMENT (( #2224 ) ) ;
#451 = DIRECTION ( 'NONE',  ( 1.000000000000000000, 0.0000000000000000000, 0.0000000000000000000 ) ) ;
#452 = DIRECTION ( 'NONE',  ( 1.084202172485504434E-16, -0.0000000000000000000, 1.000000000000000000 ) ) ;
#453 = VECTOR ( 'NONE', #6686, 1000.000000000000000 ) ;
#454 = FILL_AREA_STYLE_COLOUR ( '', #4097 ) ;
#455 = ORIENTED_EDGE ( 'NONE', *, *, #6513, .F. ) ;
#456 = ORIENTED_EDGE ( 'NONE', *, *, #5214, .F. ) ;
#457 = UNCERTAINTY_MEASURE_WITH_UNIT (LENGTH_MEASURE( 1.000000000000000082E-05 ), #3091, 'distance_accuracy_value', 'NONE');
#458 = EDGE_CURVE ( 'NONE', #448, #821, #5808, .T. ) ;
#459 = COLOUR_RGB ( '',0.7529411764705882248, 0.7529411764705882248, 0.7529411764705882248 ) ;
#460 = CARTESIAN_POINT ( 'NONE',  ( 3.850000000000001421, 0.2000000000000000111, -0.9500000000000013989 ) ) ;
#461 = SURFACE_SIDE_STYLE ('',( #1506 ) ) ;
#462 = EDGE_CURVE ( 'NONE', #4147, #5319, #3003, .T. ) ;
#463 = AXIS2_PLACEMENT_3D ( 'NONE', #6246, #3376, #5678 ) ;
#464 = VECTOR ( 'NONE', #3587, 1000.000000000000000 ) ;
#465 = FILL_AREA_STYLE ('',( #2324 ) ) ;
#466 = ORIENTED_EDGE ( 'NONE', *, *, #2903, .T. ) ;
#467 = VECTOR ( 'NONE', #3786, 1000.000000000000000 ) ;
#468 = CARTESIAN_POINT ( 'NONE',  ( -0.7249999999999996447, 2.724999999999999645, -1.000000000000000222 ) ) ;
#469 = EDGE_LOOP ( 'NONE', ( #5901, #1938, #5875, #6437 ) ) ;
#470 = DIRECTION ( 'NONE',  ( -0.0000000000000000000, -0.0000000000000000000, 1.000000000000000000 ) ) ;
#471 =( LENGTH_UNIT ( ) NAMED_UNIT ( * ) SI_UNIT ( .MILLI., .METRE. ) );
#472 = UNCERTAINTY_MEASURE_WITH_UNIT (LENGTH_MEASURE( 1.000000000000000082E-05 ), #284, 'distance_accuracy_value', 'NONE');
#473 = UNCERTAINTY_MEASURE_WITH_UNIT (LENGTH_MEASURE( 1.000000000000000082E-05 ), #2471, 'distance_accuracy_value', 'NONE');
#474 = VECTOR ( 'NONE', #5835, 1000.000000000000000 ) ;
#475 = PLANE ( 'NONE',  #2713 ) ;
#476 = EDGE_CURVE ( 'NONE', #2374, #7231, #2219, .T. ) ;
#477 = LINE ( 'NONE', #4612, #1438 ) ;
#478 = ORIENTED_EDGE ( 'NONE', *, *, #831, .F. ) ;
#479 = LINE ( 'NONE', #2759, #635 ) ;
#480 = CARTESIAN_POINT ( 'NONE',  ( -3.919999999999999929, 0.0000000000000000000, 1.320000000000000284 ) ) ;
#481 =( LENGTH_UNIT ( ) NAMED_UNIT ( * ) SI_UNIT ( .MILLI., .METRE. ) );
#482 = CARTESIAN_POINT ( 'NONE',  ( -2.149999999999999911, 0.0000000000000000000, 1.050000000000000044 ) ) ;
#483 = COLOUR_RGB ( '',0.2509803921568627416, 0.2509803921568627416, 0.2509803921568627416 ) ;
#484 = CARTESIAN_POINT ( 'NONE',  ( -0.6624999999999998668, 1.887500000000000178, -1.000000000000000222 ) ) ;
#485 = DIRECTION ( 'NONE',  ( 0.0000000000000000000, 0.0000000000000000000, 1.000000000000000000 ) ) ;
#486 = VERTEX_POINT ( 'NONE', #7581 ) ;
#487 = ORIENTED_EDGE ( 'NONE', *, *, #5232, .F. ) ;
#488 =( GEOMETRIC_REPRESENTATION_CONTEXT ( 3 ) GLOBAL_UNCERTAINTY_ASSIGNED_CONTEXT ( ( #1628 ) ) GLOBAL_UNIT_ASSIGNED_CONTEXT ( ( #2360, #1656, #7480 ) ) REPRESENTATION_CONTEXT ( 'NONE', 'WORKASPACE' ) );
#489 = EDGE_CURVE ( 'NONE', #6079, #124, #2297, .T. ) ;
#490 = ORIENTED_EDGE ( 'NONE', *, *, #3286, .T. ) ;
#491 = EDGE_CURVE ( 'NONE', #4904, #2644, #4660, .T. ) ;
#492 = EDGE_CURVE ( 'NONE', #994, #6931, #6420, .T. ) ;
#493 =( NAMED_UNIT ( * ) PLANE_ANGLE_UNIT ( ) SI_UNIT ( $, .RADIAN. ) );
#494 = EDGE_CURVE ( 'NONE', #4465, #3961, #5348, .T. ) ;
#495 = VECTOR ( 'NONE', #2840, 1000.000000000000000 ) ;
#496 = VERTEX_POINT ( 'NONE', #7128 ) ;
#497 = ORIENTED_EDGE ( 'NONE', *, *, #6839, .F. ) ;
#498 = SURFACE_STYLE_FILL_AREA ( #2777 ) ;
#499 = SURFACE_SIDE_STYLE ('',( #3440 ) ) ;
#500 = PRESENTATION_STYLE_ASSIGNMENT (( #1271 ) ) ;
#501 = DIRECTION ( 'NONE',  ( 0.0000000000000000000, -1.000000000000000000, 0.0000000000000000000 ) ) ;
#502 =( GEOMETRIC_REPRESENTATION_CONTEXT ( 3 ) GLOBAL_UNCERTAINTY_ASSIGNED_CONTEXT ( ( #202 ) ) GLOBAL_UNIT_ASSIGNED_CONTEXT ( ( #1689, #3438, #4050 ) ) REPRESENTATION_CONTEXT ( 'NONE', 'WORKASPACE' ) );
#503 = DIRECTION ( 'NONE',  ( -3.388131789017202342E-16, -0.0000000000000000000, -1.000000000000000000 ) ) ;
#504 = DIRECTION ( 'NONE',  ( 1.379893674072460458E-16, -0.0000000000000000000, 1.000000000000000000 ) ) ;
#505 = EDGE_CURVE ( 'NONE', #377, #1844, #4526, .T. ) ;
#506 = MECHANICAL_DESIGN_GEOMETRIC_PRESENTATION_REPRESENTATION (  '', ( #3087 ), #3637 ) ;
#507 = VERTEX_POINT ( 'NONE', #5225 ) ;
#508 = COLOUR_RGB ( '',0.7529411764705882248, 0.7529411764705882248, 0.7529411764705882248 ) ;
#509 = ORIENTED_EDGE ( 'NONE', *, *, #3356, .T. ) ;
#510 = DIRECTION ( 'NONE',  ( 1.000000000000000000, -3.410973126920686698E-15, 0.0000000000000000000 ) ) ;
#511 = DIRECTION ( 'NONE',  ( -3.410973126920687092E-15, 1.000000000000000000, -2.464095846557966371E-16 ) ) ;
#512 = FILL_AREA_STYLE_COLOUR ( '', #5962 ) ;
#513 = CARTESIAN_POINT ( 'NONE',  ( -1.449999999999999289, 2.000000000000000000, -2.250000000000000888 ) ) ;
#514 = DIRECTION ( 'NONE',  ( -0.0000000000000000000, 1.000000000000000000, 0.0000000000000000000 ) ) ;
#515 = UNCERTAINTY_MEASURE_WITH_UNIT (LENGTH_MEASURE( 1.000000000000000082E-05 ), #1693, 'distance_accuracy_value', 'NONE');
#516 = CARTESIAN_POINT ( 'NONE',  ( -3.969999999999999751, 0.2000000000000000111, 1.370000000000000107 ) ) ;
#517 = ORIENTED_EDGE ( 'NONE', *, *, #2996, .F. ) ;
#518 = LINE ( 'NONE', #2293, #1125 ) ;
#519 = COLOUR_RGB ( '',0.7529411764705882248, 0.7529411764705882248, 0.7529411764705882248 ) ;
#520 = PLANE ( 'NONE',  #3930 ) ;
#521 = CARTESIAN_POINT ( 'NONE',  ( 2.999999999999998668, 0.0000000000000000000, 1.699999999999999956 ) ) ;
#522 = VERTEX_POINT ( 'NONE', #7569 ) ;
#523 = DIRECTION ( 'NONE',  ( 0.0000000000000000000, -0.0000000000000000000, -1.000000000000000000 ) ) ;
#524 = EDGE_LOOP ( 'NONE', ( #2544, #3021, #5343, #2431 ) ) ;
#525 = ORIENTED_EDGE ( 'NONE', *, *, #7185, .T. ) ;
#526 = CARTESIAN_POINT ( 'NONE',  ( -2.000000000000000000, 2.000000000000000000, -1.000000000000000000 ) ) ;
#527 = EDGE_CURVE ( 'NONE', #5319, #6527, #7492, .T. ) ;
#528 = FILL_AREA_STYLE_COLOUR ( '', #4962 ) ;
#529 = EDGE_LOOP ( 'NONE', ( #3370, #7573, #6851, #4665 ) ) ;
#530 = ORIENTED_EDGE ( 'NONE', *, *, #2253, .T. ) ;
#531 = PRESENTATION_STYLE_ASSIGNMENT (( #4553 ) ) ;
#532 = STYLED_ITEM ( 'NONE', ( #5267 ), #2170 ) ;
#533 = DIRECTION ( 'NONE',  ( -0.7071067811865470176, 0.0000000000000000000, -0.7071067811865481278 ) ) ;
#534 = CARTESIAN_POINT ( 'NONE',  ( -4.050000000000007816, -1.779999999999971605, -1.730000000000000870 ) ) ;
#535 = LINE ( 'NONE', #7028, #3189 ) ;
#536 = CARTESIAN_POINT ( 'NONE',  ( -4.250000000000006217, -2.949999999999999734, -1.500000000000000666 ) ) ;
#537 =( NAMED_UNIT ( * ) SI_UNIT ( $, .STERADIAN. ) SOLID_ANGLE_UNIT ( ) );
#538 = UNCERTAINTY_MEASURE_WITH_UNIT (LENGTH_MEASURE( 1.000000000000000082E-05 ), #3471, 'distance_accuracy_value', 'NONE');
#539 = ADVANCED_FACE ( 'NONE', ( #2159 ), #3531, .F. ) ;
#540 = ORIENTED_EDGE ( 'NONE', *, *, #221, .T. ) ;
#541 = CARTESIAN_POINT ( 'NONE',  ( -2.849999999999999201, -2.200000000000000178, 1.749999999999998890 ) ) ;
#542 = COLOUR_RGB ( '',0.7529411764705882248, 0.7529411764705882248, 0.7529411764705882248 ) ;
#543 = ORIENTED_EDGE ( 'NONE', *, *, #4242, .T. ) ;
#544 = SURFACE_SIDE_STYLE ('',( #5222 ) ) ;
#545 = CARTESIAN_POINT ( 'NONE',  ( -2.249999999999999112, -2.200000000000000178, 2.649999999999998579 ) ) ;
#546 =( NAMED_UNIT ( * ) PLANE_ANGLE_UNIT ( ) SI_UNIT ( $, .RADIAN. ) );
#547 = PRESENTATION_STYLE_ASSIGNMENT (( #7609 ) ) ;
#548 = AXIS2_PLACEMENT_3D ( 'NONE', #5877, #6448, #2330 ) ;
#549 = AXIS2_PLACEMENT_3D ( 'NONE', #1122, #5177, #6350 ) ;
#550 = ORIENTED_EDGE ( 'NONE', *, *, #6479, .T. ) ;
#551 = EDGE_CURVE ( 'NONE', #4220, #6370, #3380, .T. ) ;
#552 = CARTESIAN_POINT ( 'NONE',  ( -2.250000000000000000, 0.0000000000000000000, -1.149999999999999911 ) ) ;
#553 = AXIS2_PLACEMENT_3D ( 'NONE', #3206, #2737, #7325 ) ;
#554 = DIRECTION ( 'NONE',  ( 0.0000000000000000000, 0.0000000000000000000, -1.000000000000000000 ) ) ;
#555 = CARTESIAN_POINT ( 'NONE',  ( -0.8874999999999997335, 1.887500000000000178, -1.000000000000000222 ) ) ;
#556 = ORIENTED_EDGE ( 'NONE', *, *, #6568, .T. ) ;
#557 = CARTESIAN_POINT ( 'NONE',  ( -3.969999999999999751, 0.0000000000000000000, -0.8999999999999999112 ) ) ;
#558 =( GEOMETRIC_REPRESENTATION_CONTEXT ( 3 ) GLOBAL_UNCERTAINTY_ASSIGNED_CONTEXT ( ( #4100 ) ) GLOBAL_UNIT_ASSIGNED_CONTEXT ( ( #2933, #4587, #4002 ) ) REPRESENTATION_CONTEXT ( 'NONE', 'WORKASPACE' ) );
#559 = DIRECTION ( 'NONE',  ( -0.7071067811865474617, -0.7071067811865474617, 0.0000000000000000000 ) ) ;
#560 = ORIENTED_EDGE ( 'NONE', *, *, #7022, .T. ) ;
#561 = ORIENTED_EDGE ( 'NONE', *, *, #2684, .F. ) ;
#562 = CARTESIAN_POINT ( 'NONE',  ( 2.150000000000001243, -2.200000000000000178, 2.549999999999998934 ) ) ;
#563 = CARTESIAN_POINT ( 'NONE',  ( 3.919999999999999929, 0.2000000000000000111, -1.320000000000000728 ) ) ;
#564 = VECTOR ( 'NONE', #678, 1000.000000000000000 ) ;
#565 = FACE_OUTER_BOUND ( 'NONE', #1000, .T. ) ;
#566 = ORIENTED_EDGE ( 'NONE', *, *, #4598, .F. ) ;
#567 = DIRECTION ( 'NONE',  ( -1.000000000000000000, -0.0000000000000000000, -0.0000000000000000000 ) ) ;
#568 = UNCERTAINTY_MEASURE_WITH_UNIT (LENGTH_MEASURE( 1.000000000000000082E-05 ), #1085, 'distance_accuracy_value', 'NONE');
#569 = EDGE_CURVE ( 'NONE', #994, #2353, #1135, .T. ) ;
#570 = VERTEX_POINT ( 'NONE', #6879 ) ;
#571 = ORIENTED_EDGE ( 'NONE', *, *, #4786, .T. ) ;
#572 = ADVANCED_FACE ( 'NONE', ( #1706 ), #5268, .F. ) ;
#573 = DIRECTION ( 'NONE',  ( -0.0000000000000000000, 1.000000000000000000, 0.0000000000000000000 ) ) ;
#574 = SURFACE_SIDE_STYLE ('',( #2900 ) ) ;
#575 = DIRECTION ( 'NONE',  ( 0.0000000000000000000, 0.0000000000000000000, 1.000000000000000000 ) ) ;
#576 = CARTESIAN_POINT ( 'NONE',  ( 4.050000000000001599, -1.800000000000000488, 0.0000000000000000000 ) ) ;
#577 = AXIS2_PLACEMENT_3D ( 'NONE', #6003, #2012, #2500 ) ;
#578 = VECTOR ( 'NONE', #451, 1000.000000000000000 ) ;
#579 = EDGE_CURVE ( 'NONE', #1441, #945, #5757, .T. ) ;
#580 = PRESENTATION_STYLE_ASSIGNMENT (( #5829 ) ) ;
#581 = FACE_OUTER_BOUND ( 'NONE', #4145, .T. ) ;
#582 = VERTEX_POINT ( 'NONE', #2332 ) ;
#583 = CIRCLE ( 'NONE', #2443, 0.1000000000000002554 ) ;
#584 = ORIENTED_EDGE ( 'NONE', *, *, #4552, .F. ) ;
#585 = EDGE_CURVE ( 'NONE', #7144, #626, #4691, .T. ) ;
#586 = DIRECTION ( 'NONE',  ( -0.0000000000000000000, -1.000000000000000000, -0.0000000000000000000 ) ) ;
#587 = EDGE_LOOP ( 'NONE', ( #2444, #1328, #7341, #550 ) ) ;
#588 = SURFACE_STYLE_USAGE ( .BOTH. , #544 ) ;
#589 = SURFACE_STYLE_USAGE ( .BOTH. , #6485 ) ;
#590 =( GEOMETRIC_REPRESENTATION_CONTEXT ( 3 ) GLOBAL_UNCERTAINTY_ASSIGNED_CONTEXT ( ( #7553 ) ) GLOBAL_UNIT_ASSIGNED_CONTEXT ( ( #4188, #1855, #3573 ) ) REPRESENTATION_CONTEXT ( 'NONE', 'WORKASPACE' ) );
#591 =( LENGTH_UNIT ( ) NAMED_UNIT ( * ) SI_UNIT ( .MILLI., .METRE. ) );
#592 = DIRECTION ( 'NONE',  ( 0.0000000000000000000, 1.000000000000000000, 6.123233995736766036E-17 ) ) ;
#593 =( LENGTH_UNIT ( ) NAMED_UNIT ( * ) SI_UNIT ( .MILLI., .METRE. ) );
#594 = VECTOR ( 'NONE', #5612, 1000.000000000000000 ) ;
#595 = VECTOR ( 'NONE', #6711, 1000.000000000000000 ) ;
#596 = PRESENTATION_LAYER_ASSIGNMENT (  '', '', ( #6016 ) ) ;
#597 =( LENGTH_UNIT ( ) NAMED_UNIT ( * ) SI_UNIT ( .MILLI., .METRE. ) );
#598 = ORIENTED_EDGE ( 'NONE', *, *, #4309, .T. ) ;
#600 = CIRCLE ( 'NONE', #7369, 0.1000000000000002554 ) ;
#599 = CARTESIAN_POINT ( 'NONE',  ( -1.674999999999998934, 2.000000000000000000, -2.250000000000000888 ) ) ;
#601 = VECTOR ( 'NONE', #6992, 1000.000000000000114 ) ;
#602 = SURFACE_STYLE_FILL_AREA ( #3541 ) ;
#603 = CARTESIAN_POINT ( 'NONE',  ( 3.969999999999999751, 0.2000000000000000111, -0.8999999999999999112 ) ) ;
#604 = VECTOR ( 'NONE', #52, 1000.000000000000000 ) ;
#605 = ORIENTED_EDGE ( 'NONE', *, *, #1128, .F. ) ;
#606 = LINE ( 'NONE', #4741, #4289 ) ;
#607 = EDGE_CURVE ( 'NONE', #5288, #1069, #2288, .T. ) ;
#608 = ORIENTED_EDGE ( 'NONE', *, *, #2051, .F. ) ;
#609 = ORIENTED_EDGE ( 'NONE', *, *, #921, .T. ) ;
#610 = CARTESIAN_POINT ( 'NONE',  ( 4.250000000000003553, -0.8200000000000001732, 1.729999999999998872 ) ) ;
#611 = UNCERTAINTY_MEASURE_WITH_UNIT (LENGTH_MEASURE( 1.000000000000000082E-05 ), #4053, 'distance_accuracy_value', 'NONE');
#612 = PRESENTATION_LAYER_ASSIGNMENT (  '', '', ( #6143 ) ) ;
#613 =( LENGTH_UNIT ( ) NAMED_UNIT ( * ) SI_UNIT ( .MILLI., .METRE. ) );
#614 = SURFACE_STYLE_USAGE ( .BOTH. , #7061 ) ;
#615 = ORIENTED_EDGE ( 'NONE', *, *, #1077, .T. ) ;
#616 = DIRECTION ( 'NONE',  ( 1.000000000000000000, 0.0000000000000000000, 0.0000000000000000000 ) ) ;
#617 = VECTOR ( 'NONE', #5582, 1000.000000000000000 ) ;
#618 = ORIENTED_EDGE ( 'NONE', *, *, #3143, .F. ) ;
#619 = ORIENTED_EDGE ( 'NONE', *, *, #149, .T. ) ;
#620 = LINE ( 'NONE', #2475, #151 ) ;
#621 = FACE_OUTER_BOUND ( 'NONE', #6623, .T. ) ;
#622 =( LENGTH_UNIT ( ) NAMED_UNIT ( * ) SI_UNIT ( .MILLI., .METRE. ) );
#623 = VECTOR ( 'NONE', #2667, 1000.000000000000000 ) ;
#624 = DIRECTION ( 'NONE',  ( 0.7071067811865472397, 0.7071067811865479058, 0.0000000000000000000 ) ) ;
#625 = FILL_AREA_STYLE ('',( #55 ) ) ;
#626 = VERTEX_POINT ( 'NONE', #5720 ) ;
#627 = ORIENTED_EDGE ( 'NONE', *, *, #776, .T. ) ;
#628 = LINE ( 'NONE', #2989, #1576 ) ;
#629 = SURFACE_SIDE_STYLE ('',( #7039 ) ) ;
#630 = CARTESIAN_POINT ( 'NONE',  ( 2.300000000000000266, 0.2000000000000000111, 1.199999999999999956 ) ) ;
#631 = VECTOR ( 'NONE', #896, 1000.000000000000000 ) ;
#632 = EDGE_CURVE ( 'NONE', #4918, #993, #7608, .T. ) ;
#633 =( LENGTH_UNIT ( ) NAMED_UNIT ( * ) SI_UNIT ( .MILLI., .METRE. ) );
#634 = DIRECTION ( 'NONE',  ( 0.0000000000000000000, 6.123233995736766036E-17, -1.000000000000000000 ) ) ;
#635 = VECTOR ( 'NONE', #6805, 1000.000000000000000 ) ;
#636 = LINE ( 'NONE', #65, #5141 ) ;
#637 = ORIENTED_EDGE ( 'NONE', *, *, #100, .T. ) ;
#638 = CARTESIAN_POINT ( 'NONE',  ( -1.449999999999999289, 2.000000000000000000, 1.000000000000000000 ) ) ;
#639 = EDGE_CURVE ( 'NONE', #1449, #7359, #2872, .T. ) ;
#640 = LINE ( 'NONE', #766, #7493 ) ;
#641 = DIRECTION ( 'NONE',  ( 1.000000000000000000, 0.0000000000000000000, -0.0000000000000000000 ) ) ;
#642 = AXIS2_PLACEMENT_3D ( 'NONE', #3726, #3829, #3142 ) ;
#643 = DIRECTION ( 'NONE',  ( -1.000000000000000000, -0.0000000000000000000, -0.0000000000000000000 ) ) ;
#644 = CARTESIAN_POINT ( 'NONE',  ( -2.999999999999999556, 0.2000000000000000111, 1.320000000000000284 ) ) ;
#645 = DIRECTION ( 'NONE',  ( 0.0000000000000000000, 0.0000000000000000000, 1.000000000000000000 ) ) ;
#646 =( GEOMETRIC_REPRESENTATION_CONTEXT ( 3 ) GLOBAL_UNCERTAINTY_ASSIGNED_CONTEXT ( ( #2811 ) ) GLOBAL_UNIT_ASSIGNED_CONTEXT ( ( #2694, #1028, #4703 ) ) REPRESENTATION_CONTEXT ( 'NONE', 'WORKASPACE' ) );
#647 = COLOUR_RGB ( '',0.7529411764705882248, 0.7529411764705882248, 0.7529411764705882248 ) ;
#648 = CARTESIAN_POINT ( 'NONE',  ( -1.899999999999999023, 2.000000000000000000, 1.000000000000000000 ) ) ;
#649 = AXIS2_PLACEMENT_3D ( 'NONE', #1727, #3595, #5976 ) ;
#650 = ORIENTED_EDGE ( 'NONE', *, *, #4044, .F. ) ;
#651 = ADVANCED_FACE ( 'NONE', ( #1057 ), #7042, .F. ) ;
#652 = CARTESIAN_POINT ( 'NONE',  ( 4.250000000000000888, -3.299999999999999822, -1.750000000000000666 ) ) ;
#653 = FILL_AREA_STYLE ('',( #1839 ) ) ;
#654 = ORIENTED_EDGE ( 'NONE', *, *, #5484, .F. ) ;
#655 = VECTOR ( 'NONE', #778, 1000.000000000000000 ) ;
#656 = DIRECTION ( 'NONE',  ( -1.000000000000000000, 3.410973126920686698E-15, 0.0000000000000000000 ) ) ;
#657 = ORIENTED_EDGE ( 'NONE', *, *, #2280, .T. ) ;
#658 = VERTEX_POINT ( 'NONE', #1663 ) ;
#659 = CARTESIAN_POINT ( 'NONE',  ( 3.919999999999999929, 0.2000000000000000111, -1.320000000000000728 ) ) ;
#660 = CARTESIAN_POINT ( 'NONE',  ( 2.149999999999999911, 0.0000000000000000000, 1.050000000000000044 ) ) ;
#661 = EDGE_CURVE ( 'NONE', #2803, #7231, #6952, .T. ) ;
#662 = SURFACE_STYLE_FILL_AREA ( #4722 ) ;
#663 = CARTESIAN_POINT ( 'NONE',  ( -4.249999999999999112, 0.2000000000000000111, -0.8999999999999999112 ) ) ;
#664 = DIRECTION ( 'NONE',  ( -0.0000000000000000000, -1.000000000000000000, -0.0000000000000000000 ) ) ;
#665 = EDGE_LOOP ( 'NONE', ( #9, #5596, #4940, #3183 ) ) ;
#666 =( GEOMETRIC_REPRESENTATION_CONTEXT ( 3 ) GLOBAL_UNCERTAINTY_ASSIGNED_CONTEXT ( ( #4046 ) ) GLOBAL_UNIT_ASSIGNED_CONTEXT ( ( #2683, #6250, #3302 ) ) REPRESENTATION_CONTEXT ( 'NONE', 'WORKASPACE' ) );
#667 = DIRECTION ( 'NONE',  ( 1.000000000000000000, -0.0000000000000000000, -0.0000000000000000000 ) ) ;
#668 = ORIENTED_EDGE ( 'NONE', *, *, #6279, .T. ) ;
#669 = DIRECTION ( 'NONE',  ( 0.0000000000000000000, 0.0000000000000000000, 1.000000000000000000 ) ) ;
#670 = FILL_AREA_STYLE ('',( #1857 ) ) ;
#671 = LINE ( 'NONE', #4226, #4980 ) ;
#672 = VERTEX_POINT ( 'NONE', #7038 ) ;
#673 = FACE_OUTER_BOUND ( 'NONE', #2530, .T. ) ;
#674 = PRESENTATION_LAYER_ASSIGNMENT (  '', '', ( #4246 ) ) ;
#675 = CARTESIAN_POINT ( 'NONE',  ( 4.249999999999997335, 0.2000000000000000111, 0.8999999999999994671 ) ) ;
#677 = EDGE_CURVE ( 'NONE', #2269, #5039, #7116, .T. ) ;
#676 = ORIENTED_EDGE ( 'NONE', *, *, #252, .T. ) ;
#678 = DIRECTION ( 'NONE',  ( 1.000000000000000000, -0.0000000000000000000, -0.0000000000000000000 ) ) ;
#679 = DIRECTION ( 'NONE',  ( 0.0000000000000000000, 0.0000000000000000000, 1.000000000000000000 ) ) ;
#680 = PRODUCT_DEFINITION ( 'UNKNOWN', '', #6300, #1093 ) ;
#681 = EDGE_CURVE ( 'NONE', #2765, #2100, #2405, .T. ) ;
#682 = LINE ( 'NONE', #4705, #6242 ) ;
#683 = DIRECTION ( 'NONE',  ( 0.0000000000000000000, 0.0000000000000000000, 1.000000000000000000 ) ) ;
#684 = VECTOR ( 'NONE', #2446, 1000.000000000000000 ) ;
#685 = COLOUR_RGB ( '',0.7529411764705882248, 0.7529411764705882248, 0.7529411764705882248 ) ;
#686 = ORIENTED_EDGE ( 'NONE', *, *, #2577, .F. ) ;
#687 = DIRECTION ( 'NONE',  ( 1.000000000000000000, 0.0000000000000000000, 0.0000000000000000000 ) ) ;
#688 = SURFACE_SIDE_STYLE ('',( #4816 ) ) ;
#689 = PLANE ( 'NONE',  #7613 ) ;
#690 = CARTESIAN_POINT ( 'NONE',  ( -2.849999999999999201, -2.200000000000000178, 1.749999999999998890 ) ) ;
#691 = ORIENTED_EDGE ( 'NONE', *, *, #4027, .T. ) ;
#692 = MECHANICAL_DESIGN_GEOMETRIC_PRESENTATION_REPRESENTATION (  '', ( #2414 ), #6598 ) ;
#693 = DIRECTION ( 'NONE',  ( 0.0000000000000000000, 0.0000000000000000000, 1.000000000000000000 ) ) ;
#694 = ORIENTED_EDGE ( 'NONE', *, *, #494, .F. ) ;
#695 = ORIENTED_EDGE ( 'NONE', *, *, #2184, .T. ) ;
#696 = PLANE ( 'NONE',  #5439 ) ;
#697 =( GEOMETRIC_REPRESENTATION_CONTEXT ( 3 ) GLOBAL_UNCERTAINTY_ASSIGNED_CONTEXT ( ( #2946 ) ) GLOBAL_UNIT_ASSIGNED_CONTEXT ( ( #5049, #6146, #6258 ) ) REPRESENTATION_CONTEXT ( 'NONE', 'WORKASPACE' ) );
#698 = FILL_AREA_STYLE ('',( #2978 ) ) ;
#699 = DIRECTION ( 'NONE',  ( -0.0000000000000000000, -1.000000000000000000, -0.0000000000000000000 ) ) ;
#700 = CARTESIAN_POINT ( 'NONE',  ( -2.849999999999998757, -2.500000000000000000, -2.250000000000000888 ) ) ;
#701 = PLANE ( 'NONE',  #2211 ) ;
#702 = DIRECTION ( 'NONE',  ( 0.0000000000000000000, 1.000000000000000000, 0.0000000000000000000 ) ) ;
#703 = EDGE_CURVE ( 'NONE', #7202, #4260, #6358, .T. ) ;
#704 = ORIENTED_EDGE ( 'NONE', *, *, #3291, .F. ) ;
#705 = DIRECTION ( 'NONE',  ( 1.000000000000000000, 0.0000000000000000000, -0.0000000000000000000 ) ) ;
#706 = EDGE_CURVE ( 'NONE', #5986, #7622, #3450, .T. ) ;
#707 = ORIENTED_EDGE ( 'NONE', *, *, #527, .T. ) ;
#708 =( GEOMETRIC_REPRESENTATION_CONTEXT ( 3 ) GLOBAL_UNCERTAINTY_ASSIGNED_CONTEXT ( ( #6787 ) ) GLOBAL_UNIT_ASSIGNED_CONTEXT ( ( #3417, #3911, #2162 ) ) REPRESENTATION_CONTEXT ( 'NONE', 'WORKASPACE' ) );
#709 = SURFACE_STYLE_USAGE ( .BOTH. , #5990 ) ;
#710 = LINE ( 'NONE', #3722, #6753 ) ;
#711 =( LENGTH_UNIT ( ) NAMED_UNIT ( * ) SI_UNIT ( .MILLI., .METRE. ) );
#712 = CARTESIAN_POINT ( 'NONE',  ( 4.050000000000001599, -0.8000000000000001554, 1.749999999999998890 ) ) ;
#713 = ORIENTED_EDGE ( 'NONE', *, *, #4833, .T. ) ;
#714 = AXIS2_PLACEMENT_3D ( 'NONE', #2393, #5980, #5944 ) ;
#715 = PLANE ( 'NONE',  #6235 ) ;
#716 = VERTEX_POINT ( 'NONE', #2329 ) ;
#717 = PLANE ( 'NONE',  #6849 ) ;
#718 = CARTESIAN_POINT ( 'NONE',  ( -3.850000000000001421, 9.486769009248163798E-17, -0.9499999999999998446 ) ) ;
#719 = AXIS2_PLACEMENT_3D ( 'NONE', #133, #7263, #6526 ) ;
#720 = DIRECTION ( 'NONE',  ( -1.000000000000000000, 0.0000000000000000000, 1.807003620809174632E-16 ) ) ;
#721 = MECHANICAL_DESIGN_GEOMETRIC_PRESENTATION_REPRESENTATION (  '', ( #1569 ), #3684 ) ;
#722 = MECHANICAL_DESIGN_GEOMETRIC_PRESENTATION_REPRESENTATION (  '', ( #846 ), #226 ) ;
#723 =( GEOMETRIC_REPRESENTATION_CONTEXT ( 3 ) GLOBAL_UNCERTAINTY_ASSIGNED_CONTEXT ( ( #6162 ) ) GLOBAL_UNIT_ASSIGNED_CONTEXT ( ( #5851, #2463, #5280 ) ) REPRESENTATION_CONTEXT ( 'NONE', 'WORKASPACE' ) );
#724 = VECTOR ( 'NONE', #1223, 1000.000000000000000 ) ;
#725 = VERTEX_POINT ( 'NONE', #1169 ) ;
#726 = DIRECTION ( 'NONE',  ( 0.0000000000000000000, 0.0000000000000000000, 1.000000000000000000 ) ) ;
#727 = VECTOR ( 'NONE', #6164, 999.9999999999998863 ) ;
#728 = DIRECTION ( 'NONE',  ( -1.000000000000000000, 0.0000000000000000000, 0.0000000000000000000 ) ) ;
#729 = DIRECTION ( 'NONE',  ( 0.7071067811865469066, -0.7071067811865482389, -7.666467083416863295E-17 ) ) ;
#730 = VERTEX_POINT ( 'NONE', #4064 ) ;
#731 = MECHANICAL_DESIGN_GEOMETRIC_PRESENTATION_REPRESENTATION (  '', ( #2458 ), #1825 ) ;
#732 = CARTESIAN_POINT ( 'NONE',  ( -4.249999999999999112, 0.2000000000000000111, -1.749999999999999778 ) ) ;
#733 = EDGE_CURVE ( 'NONE', #2962, #6306, #5795, .T. ) ;
#734 =( GEOMETRIC_REPRESENTATION_CONTEXT ( 3 ) GLOBAL_UNCERTAINTY_ASSIGNED_CONTEXT ( ( #2919 ) ) GLOBAL_UNIT_ASSIGNED_CONTEXT ( ( #1026, #4657, #2799 ) ) REPRESENTATION_CONTEXT ( 'NONE', 'WORKASPACE' ) );
#735 = LINE ( 'NONE', #3245, #5677 ) ;
#736 = ORIENTED_EDGE ( 'NONE', *, *, #838, .T. ) ;
#737 = ORIENTED_EDGE ( 'NONE', *, *, #5498, .F. ) ;
#738 = STYLED_ITEM ( 'NONE', ( #4882 ), #4696 ) ;
#739 = EDGE_CURVE ( 'NONE', #840, #2884, #1813, .T. ) ;
#740 = DIRECTION ( 'NONE',  ( -0.7071067811865475727, -0.7071067811865475727, 0.0000000000000000000 ) ) ;
#741 = DIRECTION ( 'NONE',  ( 0.7071067811865474617, 0.7071067811865474617, 0.0000000000000000000 ) ) ;
#742 = AXIS2_PLACEMENT_3D ( 'NONE', #4086, #4781, #3551 ) ;
#743 = DIRECTION ( 'NONE',  ( -1.000000000000000000, -0.0000000000000000000, 0.0000000000000000000 ) ) ;
#744 = EDGE_CURVE ( 'NONE', #377, #4918, #5876, .T. ) ;
#745 = ADVANCED_FACE ( 'NONE', ( #3408 ), #2833, .F. ) ;
#746 = LINE ( 'NONE', #2316, #4011 ) ;
#747 = PRESENTATION_LAYER_ASSIGNMENT (  '', '', ( #6394 ) ) ;
#748 = DIRECTION ( 'NONE',  ( 0.0000000000000000000, 1.000000000000000000, 0.0000000000000000000 ) ) ;
#749 = UNCERTAINTY_MEASURE_WITH_UNIT (LENGTH_MEASURE( 1.000000000000000082E-05 ), #4642, 'distance_accuracy_value', 'NONE');
#750 = DIRECTION ( 'NONE',  ( -1.000000000000000000, -3.410973126920686698E-15, 0.0000000000000000000 ) ) ;
#751 = EDGE_LOOP ( 'NONE', ( #1998, #1040, #4707, #2411 ) ) ;
#752 = DIRECTION ( 'NONE',  ( 0.0000000000000000000, 0.0000000000000000000, 1.000000000000000000 ) ) ;
#753 = ORIENTED_EDGE ( 'NONE', *, *, #744, .F. ) ;
#754 = COLOUR_RGB ( '',0.7529411764705882248, 0.7529411764705882248, 0.7529411764705882248 ) ;
#755 = CARTESIAN_POINT ( 'NONE',  ( -4.000000000000001776, 0.2000000000000000111, 0.8499999999999994227 ) ) ;
#756 = DIRECTION ( 'NONE',  ( -1.000000000000000000, 3.410973126920686698E-15, 0.0000000000000000000 ) ) ;
#757 = LINE ( 'NONE', #3100, #6191 ) ;
#758 = DIRECTION ( 'NONE',  ( 0.0000000000000000000, 0.0000000000000000000, 1.000000000000000000 ) ) ;
#759 = DIRECTION ( 'NONE',  ( 0.0000000000000000000, 0.0000000000000000000, -1.000000000000000000 ) ) ;
#760 = EDGE_CURVE ( 'NONE', #1220, #5009, #2915, .T. ) ;
#761 = AXIS2_PLACEMENT_3D ( 'NONE', #2136, #4499, #4538 ) ;
#762 = ORIENTED_EDGE ( 'NONE', *, *, #3995, .T. ) ;
#763 = FILL_AREA_STYLE ('',( #1865 ) ) ;
#764 = ORIENTED_EDGE ( 'NONE', *, *, #5841, .F. ) ;
#765 = CARTESIAN_POINT ( 'NONE',  ( 3.969999999999999751, 0.2000000000000000111, 0.8999999999999994671 ) ) ;
#766 = CARTESIAN_POINT ( 'NONE',  ( 3.919999999999999929, 0.2000000000000000389, 0.9499999999999990674 ) ) ;
#767 = DIRECTION ( 'NONE',  ( -0.0000000000000000000, -0.0000000000000000000, 1.000000000000000000 ) ) ;
#768 =( GEOMETRIC_REPRESENTATION_CONTEXT ( 3 ) GLOBAL_UNCERTAINTY_ASSIGNED_CONTEXT ( ( #1359 ) ) GLOBAL_UNIT_ASSIGNED_CONTEXT ( ( #4974, #197, #7357 ) ) REPRESENTATION_CONTEXT ( 'NONE', 'WORKASPACE' ) );
#769 = CARTESIAN_POINT ( 'NONE',  ( 0.0000000000000000000, 2.000000000000000000, -1.000000000000000222 ) ) ;
#770 = ORIENTED_EDGE ( 'NONE', *, *, #4127, .T. ) ;
#771 = DIRECTION ( 'NONE',  ( 0.0000000000000000000, -0.0000000000000000000, 1.000000000000000000 ) ) ;
#772 = COLOUR_RGB ( '',0.7529411764705882248, 0.7529411764705882248, 0.7529411764705882248 ) ;
#773 = SURFACE_STYLE_FILL_AREA ( #4345 ) ;
#774 = LINE ( 'NONE', #3123, #3613 ) ;
#775 = AXIS2_PLACEMENT_3D ( 'NONE', #3502, #7539, #1227 ) ;
#776 = EDGE_CURVE ( 'NONE', #5752, #6552, #1777, .T. ) ;
#777 = ORIENTED_EDGE ( 'NONE', *, *, #2451, .T. ) ;
#778 = DIRECTION ( 'NONE',  ( 0.0000000000000000000, 0.0000000000000000000, 1.000000000000000000 ) ) ;
#779 = MECHANICAL_DESIGN_GEOMETRIC_PRESENTATION_REPRESENTATION (  '', ( #393 ), #1388 ) ;
#780 = FILL_AREA_STYLE_COLOUR ( '', #5077 ) ;
#781 = ORIENTED_EDGE ( 'NONE', *, *, #1523, .F. ) ;
#782 = ORIENTED_EDGE ( 'NONE', *, *, #1474, .F. ) ;
#783 = CARTESIAN_POINT ( 'NONE',  ( 2.250000000000001332, -2.200000000000000178, 2.649999999999998579 ) ) ;
#784 = EDGE_CURVE ( 'NONE', #3580, #5694, #628, .T. ) ;
#785 = DIRECTION ( 'NONE',  ( 0.7071067811865474617, 0.7071067811865474617, 0.0000000000000000000 ) ) ;
#786 = STYLED_ITEM ( 'NONE', ( #5654 ), #3379 ) ;
#787 = CARTESIAN_POINT ( 'NONE',  ( -4.050000000000001599, -1.800000000000000044, -1.750000000000000888 ) ) ;
#788 = LINE ( 'NONE', #6159, #6558 ) ;
#789 = ORIENTED_EDGE ( 'NONE', *, *, #6945, .T. ) ;
#790 = DIRECTION ( 'NONE',  ( -1.000000000000000000, 3.410973126920686698E-15, 0.0000000000000000000 ) ) ;
#791 = EDGE_LOOP ( 'NONE', ( #6264, #7057, #4227, #1764 ) ) ;
#792 = FACE_OUTER_BOUND ( 'NONE', #5518, .T. ) ;
#793 = CARTESIAN_POINT ( 'NONE',  ( -3.850000000000001421, 9.486769009248163798E-17, -0.9499999999999998446 ) ) ;
#794 = SURFACE_STYLE_USAGE ( .BOTH. , #6070 ) ;
#795 = DIRECTION ( 'NONE',  ( -0.0000000000000000000, -0.0000000000000000000, 1.000000000000000000 ) ) ;
#796 = CARTESIAN_POINT ( 'NONE',  ( 3.950000000000001066, 9.486769009248163798E-17, 0.8499999999999989786 ) ) ;
#797 = ORIENTED_EDGE ( 'NONE', *, *, #296, .T. ) ;
#798 = PLANE ( 'NONE',  #2438 ) ;
#799 = VERTEX_POINT ( 'NONE', #2245 ) ;
#800 = CARTESIAN_POINT ( 'NONE',  ( 4.050000000000001599, -1.800000000000000044, 0.6500000000000000222 ) ) ;
#801 = DIRECTION ( 'NONE',  ( 1.000000000000000000, 0.0000000000000000000, 0.0000000000000000000 ) ) ;
#802 = AXIS2_PLACEMENT_3D ( 'NONE', #7568, #1092, #4610 ) ;
#803 = LINE ( 'NONE', #5490, #6033 ) ;
#804 = EDGE_CURVE ( 'NONE', #2889, #6079, #4608, .T. ) ;
#805 = ORIENTED_EDGE ( 'NONE', *, *, #6944, .T. ) ;
#806 = FILL_AREA_STYLE ('',( #4886 ) ) ;
#807 = SURFACE_STYLE_USAGE ( .BOTH. , #6080 ) ;
#808 = FILL_AREA_STYLE ('',( #6081 ) ) ;
#809 = PRESENTATION_STYLE_ASSIGNMENT (( #5534 ) ) ;
#810 = ORIENTED_EDGE ( 'NONE', *, *, #324, .F. ) ;
#811 = LINE ( 'NONE', #5497, #4846 ) ;
#812 = VECTOR ( 'NONE', #3730, 1000.000000000000000 ) ;
#813 = CIRCLE ( 'NONE', #549, 0.2999999999999999334 ) ;
#814 = LINE ( 'NONE', #2060, #5200 ) ;
#815 = ORIENTED_EDGE ( 'NONE', *, *, #3505, .F. ) ;
#816 = VERTEX_POINT ( 'NONE', #6069 ) ;
#817 = CARTESIAN_POINT ( 'NONE',  ( -3.950000000000001066, 0.2000000000000000944, -0.8499999999999998668 ) ) ;
#818 = VECTOR ( 'NONE', #5541, 1000.000000000000000 ) ;
#819 = EDGE_CURVE ( 'NONE', #964, #4715, #6565, .T. ) ;
#820 =( NAMED_UNIT ( * ) SI_UNIT ( $, .STERADIAN. ) SOLID_ANGLE_UNIT ( ) );
#821 = VERTEX_POINT ( 'NONE', #4224 ) ;
#822 = MECHANICAL_DESIGN_GEOMETRIC_PRESENTATION_REPRESENTATION (  '', ( #2420 ), #6105 ) ;
#823 = DIRECTION ( 'NONE',  ( 0.0000000000000000000, 1.971276677246374231E-16, -1.000000000000000000 ) ) ;
#824 = EDGE_CURVE ( 'NONE', #5288, #2325, #710, .T. ) ;
#825 = PLANE ( 'NONE',  #4544 ) ;
#826 = CARTESIAN_POINT ( 'NONE',  ( -2.000000000000000000, 2.000000000000000000, 1.000000000000000000 ) ) ;
#827 = ADVANCED_FACE ( 'NONE', ( #1966 ), #825, .F. ) ;
#828 = FILL_AREA_STYLE ('',( #4733 ) ) ;
#829 = SURFACE_SIDE_STYLE ('',( #3338 ) ) ;
#830 = CARTESIAN_POINT ( 'NONE',  ( 2.250000000000001332, -2.500000000000000000, 2.649999999999998579 ) ) ;
#831 = EDGE_CURVE ( 'NONE', #1220, #1786, #3060, .T. ) ;
#832 = ORIENTED_EDGE ( 'NONE', *, *, #22, .T. ) ;
#833 =( LENGTH_UNIT ( ) NAMED_UNIT ( * ) SI_UNIT ( .MILLI., .METRE. ) );
#834 = EDGE_CURVE ( 'NONE', #4631, #7236, #245, .T. ) ;
#835 = ORIENTED_EDGE ( 'NONE', *, *, #6839, .T. ) ;
#836 = DIRECTION ( 'NONE',  ( 0.0000000000000000000, -0.0000000000000000000, 1.000000000000000000 ) ) ;
#837 = CARTESIAN_POINT ( 'NONE',  ( 3.969999999999999751, 0.0000000000000000000, 0.8999999999999994671 ) ) ;
#838 = EDGE_CURVE ( 'NONE', #4674, #3568, #4256, .T. ) ;
#839 = MECHANICAL_DESIGN_GEOMETRIC_PRESENTATION_REPRESENTATION (  '', ( #3422 ), #5387 ) ;
#840 = VERTEX_POINT ( 'NONE', #4190 ) ;
#841 = LINE ( 'NONE', #1064, #6604 ) ;
#842 = CARTESIAN_POINT ( 'NONE',  ( -3.000000000000000000, 0.2000000000000000111, -1.699999999999999512 ) ) ;
#843 = AXIS2_PLACEMENT_3D ( 'NONE', #4105, #5953, #6028 ) ;
#844 = DIRECTION ( 'NONE',  ( -1.000000000000000000, 0.0000000000000000000, 1.020425574104004122E-16 ) ) ;
#845 = SURFACE_STYLE_USAGE ( .BOTH. , #3624 ) ;
#846 = STYLED_ITEM ( 'NONE', ( #4166 ), #4303 ) ;
#847 = ORIENTED_EDGE ( 'NONE', *, *, #4930, .F. ) ;
#848 = COLOUR_RGB ( '',0.7529411764705882248, 0.7529411764705882248, 0.7529411764705882248 ) ;
#849 = EDGE_CURVE ( 'NONE', #4505, #6744, #2445, .T. ) ;
#850 =( LENGTH_UNIT ( ) NAMED_UNIT ( * ) SI_UNIT ( .MILLI., .METRE. ) );
#851 = ORIENTED_EDGE ( 'NONE', *, *, #505, .F. ) ;
#852 = ORIENTED_EDGE ( 'NONE', *, *, #6822, .F. ) ;
#853 = PRESENTATION_LAYER_ASSIGNMENT (  '', '', ( #4794 ) ) ;
#854 = FILL_AREA_STYLE ('',( #339 ) ) ;
#855 = PRESENTATION_LAYER_ASSIGNMENT (  '', '', ( #7259 ) ) ;
#856 = AXIS2_PLACEMENT_3D ( 'NONE', #5123, #407, #7462 ) ;
#857 = PRESENTATION_STYLE_ASSIGNMENT (( #6708 ) ) ;
#858 = ORIENTED_EDGE ( 'NONE', *, *, #4930, .T. ) ;
#859 = LINE ( 'NONE', #2071, #1859 ) ;
#860 = UNCERTAINTY_MEASURE_WITH_UNIT (LENGTH_MEASURE( 1.000000000000000082E-05 ), #3466, 'distance_accuracy_value', 'NONE');
#861 = CARTESIAN_POINT ( 'NONE',  ( -0.2499999999999989175, -2.200000000000000178, 2.649999999999998579 ) ) ;
#862 = COLOUR_RGB ( '',0.7529411764705882248, 0.7529411764705882248, 0.7529411764705882248 ) ;
#863 = CARTESIAN_POINT ( 'NONE',  ( -4.250000000000000888, -0.7999999999999998224, -1.750000000000000666 ) ) ;
#864 = PLANE ( 'NONE',  #186 ) ;
#865 = STYLED_ITEM ( 'NONE', ( #1470 ), #5078 ) ;
#866 = PRESENTATION_STYLE_ASSIGNMENT (( #6131 ) ) ;
#867 = CARTESIAN_POINT ( 'NONE',  ( -4.050000000000001599, 1.364389250768275310E-14, 0.0000000000000000000 ) ) ;
#868 = DIRECTION ( 'NONE',  ( -0.0000000000000000000, -0.0000000000000000000, 1.000000000000000000 ) ) ;
#869 = COLOUR_RGB ( '',0.7529411764705882248, 0.7529411764705882248, 0.7529411764705882248 ) ;
#870 = CARTESIAN_POINT ( 'NONE',  ( -2.149999999999999023, -2.200000000000000178, 1.749999999999998890 ) ) ;
#871 = EDGE_CURVE ( 'NONE', #3668, #2569, #1224, .T. ) ;
#872 = ORIENTED_EDGE ( 'NONE', *, *, #3038, .F. ) ;
#873 = CARTESIAN_POINT ( 'NONE',  ( 4.250000000000000888, -3.299999999999999822, 0.8249999999999991784 ) ) ;
#874 = LINE ( 'NONE', #6209, #7618 ) ;
#875 = LINE ( 'NONE', #4376, #7033 ) ;
#876 = LINE ( 'NONE', #3229, #4651 ) ;
#877 = EDGE_CURVE ( 'NONE', #4674, #4664, #1292, .T. ) ;
#878 = VERTEX_POINT ( 'NONE', #3643 ) ;
#879 = CARTESIAN_POINT ( 'NONE',  ( -4.250000000000000888, -0.8000000000000000444, 0.8999999999999993561 ) ) ;
#880 = PLANE ( 'NONE',  #205 ) ;
#881 = CARTESIAN_POINT ( 'NONE',  ( -2.849999999999999201, -2.500000000000000000, 1.749999999999998890 ) ) ;
#882 = FACE_OUTER_BOUND ( 'NONE', #2671, .T. ) ;
#883 = VERTEX_POINT ( 'NONE', #1856 ) ;
#884 = CARTESIAN_POINT ( 'NONE',  ( 3.049999999999998934, 0.0000000000000000000, -1.370000000000000551 ) ) ;
#885 = EDGE_CURVE ( 'NONE', #7062, #1879, #3682, .T. ) ;
#886 = ORIENTED_EDGE ( 'NONE', *, *, #341, .T. ) ;
#887 = EDGE_LOOP ( 'NONE', ( #5904, #5794, #1270, #6797 ) ) ;
#888 = AXIS2_PLACEMENT_3D ( 'NONE', #4278, #5576, #4938 ) ;
#889 = DIRECTION ( 'NONE',  ( -3.491481338843133355E-15, -1.000000000000000000, 0.0000000000000000000 ) ) ;
#890 = CARTESIAN_POINT ( 'NONE',  ( -0.3499999999999990896, -2.200000000000000178, 1.749999999999998890 ) ) ;
#891 = STYLED_ITEM ( 'NONE', ( #90 ), #7279 ) ;
#892 =( NAMED_UNIT ( * ) SI_UNIT ( $, .STERADIAN. ) SOLID_ANGLE_UNIT ( ) );
#893 = CARTESIAN_POINT ( 'NONE',  ( -3.850000000000001421, 0.2000000000000000111, 0.8499999999999994227 ) ) ;
#894 = ORIENTED_EDGE ( 'NONE', *, *, #1994, .F. ) ;
#895 = ADVANCED_FACE ( 'NONE', ( #171 ), #7266, .T. ) ;
#896 = DIRECTION ( 'NONE',  ( -0.0000000000000000000, -0.0000000000000000000, 1.000000000000000000 ) ) ;
#897 =( GEOMETRIC_REPRESENTATION_CONTEXT ( 3 ) GLOBAL_UNCERTAINTY_ASSIGNED_CONTEXT ( ( #6955 ) ) GLOBAL_UNIT_ASSIGNED_CONTEXT ( ( #5820, #4630, #7592 ) ) REPRESENTATION_CONTEXT ( 'NONE', 'WORKASPACE' ) );
#898 = LINE ( 'NONE', #3257, #7093 ) ;
#899 = PLANE ( 'NONE',  #6751 ) ;
#900 = SURFACE_STYLE_FILL_AREA ( #246 ) ;
#901 =( LENGTH_UNIT ( ) NAMED_UNIT ( * ) SI_UNIT ( .MILLI., .METRE. ) );
#902 = DIRECTION ( 'NONE',  ( -1.000000000000000000, 0.0000000000000000000, 0.0000000000000000000 ) ) ;
#903 = CARTESIAN_POINT ( 'NONE',  ( -4.249999999999999112, -3.299999999999999822, -1.749999999999999778 ) ) ;
#904 = ORIENTED_EDGE ( 'NONE', *, *, #3090, .F. ) ;
#905 = CARTESIAN_POINT ( 'NONE',  ( 3.919999999999999929, 0.0000000000000000000, 1.319999999999999840 ) ) ;
#906 = DIRECTION ( 'NONE',  ( 0.7071067811865472397, -0.7071067811865479058, 0.0000000000000000000 ) ) ;
#907 = DIRECTION ( 'NONE',  ( 0.0000000000000000000, -1.000000000000000000, 0.0000000000000000000 ) ) ;
#908 = CARTESIAN_POINT ( 'NONE',  ( -2.149999999999999023, -2.500000000000000000, -1.750000000000000222 ) ) ;
#909 = EDGE_CURVE ( 'NONE', #1242, #1405, #1399, .T. ) ;
#910 = LINE ( 'NONE', #7388, #5270 ) ;
#911 = COLOUR_RGB ( '',0.7529411764705882248, 0.7529411764705882248, 0.7529411764705882248 ) ;
#912 = EDGE_LOOP ( 'NONE', ( #7274, #2470, #1482, #5058 ) ) ;
#913 = CARTESIAN_POINT ( 'NONE',  ( -2.849999999999998757, -2.200000000000000178, -1.750000000000000222 ) ) ;
#914 = LINE ( 'NONE', #3272, #5010 ) ;
#915 = DIRECTION ( 'NONE',  ( 0.0000000000000000000, 0.0000000000000000000, 1.000000000000000000 ) ) ;
#916 = LINE ( 'NONE', #6730, #5166 ) ;
#917 = EDGE_CURVE ( 'NONE', #5814, #4104, #3826, .T. ) ;
#918 = CARTESIAN_POINT ( 'NONE',  ( 2.150000000000001243, -2.200000000000000178, -1.750000000000000222 ) ) ;
#919 = SURFACE_SIDE_STYLE ('',( #5008 ) ) ;
#920 = ORIENTED_EDGE ( 'NONE', *, *, #5666, .T. ) ;
#921 = EDGE_CURVE ( 'NONE', #1518, #1548, #6825, .T. ) ;
#922 = DIRECTION ( 'NONE',  ( -1.000000000000000000, 0.0000000000000000000, 0.0000000000000000000 ) ) ;
#923 = ORIENTED_EDGE ( 'NONE', *, *, #3633, .F. ) ;
#924 = ORIENTED_EDGE ( 'NONE', *, *, #2416, .T. ) ;
#925 = LINE ( 'NONE', #1420, #4380 ) ;
#926 =( NAMED_UNIT ( * ) SI_UNIT ( $, .STERADIAN. ) SOLID_ANGLE_UNIT ( ) );
#927 = VECTOR ( 'NONE', #5587, 999.9999999999998863 ) ;
#928 = EDGE_LOOP ( 'NONE', ( #4831, #6543, #1051, #4939 ) ) ;
#929 = AXIS2_PLACEMENT_3D ( 'NONE', #3493, #4524, #4609 ) ;
#930 = LINE ( 'NONE', #1004, #5284 ) ;
#931 =( GEOMETRIC_REPRESENTATION_CONTEXT ( 3 ) GLOBAL_UNCERTAINTY_ASSIGNED_CONTEXT ( ( #6463 ) ) GLOBAL_UNIT_ASSIGNED_CONTEXT ( ( #481, #5090, #5198 ) ) REPRESENTATION_CONTEXT ( 'NONE', 'WORKASPACE' ) );
#932 = CARTESIAN_POINT ( 'NONE',  ( 2.150000000000000799, -2.500000000000000000, 1.749999999999998890 ) ) ;
#933 = FILL_AREA_STYLE_COLOUR ( '', #7205 ) ;
#934 = LINE ( 'NONE', #3295, #2861 ) ;
#935 = ADVANCED_FACE ( 'NONE', ( #7413 ), #1578, .F. ) ;
#936 = EDGE_CURVE ( 'NONE', #6786, #5002, #3335, .T. ) ;
#937 = DIRECTION ( 'NONE',  ( -0.0000000000000000000, -0.0000000000000000000, 1.000000000000000000 ) ) ;
#938 = EDGE_LOOP ( 'NONE', ( #847, #2998, #6767, #7014 ) ) ;
#939 = FILL_AREA_STYLE_COLOUR ( '', #1214 ) ;
#940 = FACE_OUTER_BOUND ( 'NONE', #1158, .T. ) ;
#941 = SURFACE_STYLE_USAGE ( .BOTH. , #6104 ) ;
#942 =( GEOMETRIC_REPRESENTATION_CONTEXT ( 3 ) GLOBAL_UNCERTAINTY_ASSIGNED_CONTEXT ( ( #1772 ) ) GLOBAL_UNIT_ASSIGNED_CONTEXT ( ( #7535, #5233, #6294 ) ) REPRESENTATION_CONTEXT ( 'NONE', 'WORKASPACE' ) );
#943 = DIRECTION ( 'NONE',  ( 0.7071067811865472397, 0.7071067811865479058, -7.666467083416866993E-17 ) ) ;
#944 = CARTESIAN_POINT ( 'NONE',  ( -4.250000000000006217, -3.299999999999999822, 1.499999999999998890 ) ) ;
#945 = VERTEX_POINT ( 'NONE', #5670 ) ;
#946 = DIRECTION ( 'NONE',  ( 0.0000000000000000000, 0.0000000000000000000, 1.000000000000000000 ) ) ;
#947 = FILL_AREA_STYLE ('',( #1519 ) ) ;
#948 = VECTOR ( 'NONE', #1061, 1000.000000000000000 ) ;
#949 = DIRECTION ( 'NONE',  ( -3.614007241618347587E-15, -1.000000000000000000, 0.0000000000000000000 ) ) ;
#950 = ORIENTED_EDGE ( 'NONE', *, *, #4404, .F. ) ;
#951 = SURFACE_SIDE_STYLE ('',( #4466 ) ) ;
#952 = COLOUR_RGB ( '',0.7529411764705882248, 0.7529411764705882248, 0.7529411764705882248 ) ;
#953 = LINE ( 'NONE', #7543, #6371 ) ;
#954 = VERTEX_POINT ( 'NONE', #1465 ) ;
#955 = VERTEX_POINT ( 'NONE', #5069 ) ;
#956 = DIRECTION ( 'NONE',  ( -0.0000000000000000000, -1.000000000000000000, -0.0000000000000000000 ) ) ;
#957 = STYLED_ITEM ( 'NONE', ( #7425 ), #1380 ) ;
#958 = PLANE ( 'NONE',  #5042 ) ;
#959 =( LENGTH_UNIT ( ) NAMED_UNIT ( * ) SI_UNIT ( .MILLI., .METRE. ) );
#960 = DIRECTION ( 'NONE',  ( 0.0000000000000000000, 0.0000000000000000000, -1.000000000000000000 ) ) ;
#961 = DIRECTION ( 'NONE',  ( -1.000000000000000000, 0.0000000000000000000, 7.228014483236699514E-17 ) ) ;
#962 = PRESENTATION_LAYER_ASSIGNMENT (  '', '', ( #5768 ) ) ;
#963 = STYLED_ITEM ( 'NONE', ( #157 ), #4450 ) ;
#964 = VERTEX_POINT ( 'NONE', #5137 ) ;
#965 = DIRECTION ( 'NONE',  ( -0.0000000000000000000, -1.000000000000000000, -0.0000000000000000000 ) ) ;
#966 = PRESENTATION_LAYER_ASSIGNMENT (  '', '', ( #5515 ) ) ;
#967 = ADVANCED_FACE ( 'NONE', ( #2001 ), #1505, .T. ) ;
#968 = EDGE_CURVE ( 'NONE', #5134, #134, #898, .T. ) ;
#969 = VECTOR ( 'NONE', #6094, 1000.000000000000000 ) ;
#970 = PLANE ( 'NONE',  #3804 ) ;
#971 = LINE ( 'NONE', #353, #5406 ) ;
#972 = FACE_OUTER_BOUND ( 'NONE', #3741, .T. ) ;
#973 = COLOUR_RGB ( '',0.7529411764705882248, 0.7529411764705882248, 0.7529411764705882248 ) ;
#974 = PLANE ( 'NONE',  #3340 ) ;
#975 = PLANE ( 'NONE',  #5325 ) ;
#976 = COLOUR_RGB ( '',0.7529411764705882248, 0.7529411764705882248, 0.7529411764705882248 ) ;
#977 = LINE ( 'NONE', #2038, #2310 ) ;
#978 = ORIENTED_EDGE ( 'NONE', *, *, #53, .F. ) ;
#979 = COLOUR_RGB ( '',0.7529411764705882248, 0.7529411764705882248, 0.7529411764705882248 ) ;
#980 = ORIENTED_EDGE ( 'NONE', *, *, #5232, .T. ) ;
#981 = DIRECTION ( 'NONE',  ( 0.0000000000000000000, 0.0000000000000000000, 1.000000000000000000 ) ) ;
#982 = DIRECTION ( 'NONE',  ( 0.0000000000000000000, 0.0000000000000000000, 1.000000000000000000 ) ) ;
#983 = PLANE ( 'NONE',  #6633 ) ;
#984 = PLANE ( 'NONE',  #141 ) ;
#985 =( GEOMETRIC_REPRESENTATION_CONTEXT ( 3 ) GLOBAL_UNCERTAINTY_ASSIGNED_CONTEXT ( ( #2247 ) ) GLOBAL_UNIT_ASSIGNED_CONTEXT ( ( #901, #7338, #6717 ) ) REPRESENTATION_CONTEXT ( 'NONE', 'WORKASPACE' ) );
#986 = LINE ( 'NONE', #6213, #5020 ) ;
#987 = ORIENTED_EDGE ( 'NONE', *, *, #1304, .F. ) ;
#988 = FACE_OUTER_BOUND ( 'NONE', #2407, .T. ) ;
#989 = LINE ( 'NONE', #552, #2921 ) ;
#990 = VECTOR ( 'NONE', #503, 1000.000000000000000 ) ;
#991 = DIRECTION ( 'NONE',  ( 0.7071067811865475727, -0.7071067811865475727, 0.0000000000000000000 ) ) ;
#992 = CARTESIAN_POINT ( 'NONE',  ( -4.250000000000000888, -1.800000000000000488, 0.0000000000000000000 ) ) ;
#993 = VERTEX_POINT ( 'NONE', #6196 ) ;
#994 = VERTEX_POINT ( 'NONE', #3975 ) ;
#995 = ORIENTED_EDGE ( 'NONE', *, *, #3395, .F. ) ;
#996 = FILL_AREA_STYLE_COLOUR ( '', #3653 ) ;
#997 = VECTOR ( 'NONE', #6145, 1000.000000000000000 ) ;
#998 = FILL_AREA_STYLE_COLOUR ( '', #5688 ) ;
#999 = MECHANICAL_DESIGN_GEOMETRIC_PRESENTATION_REPRESENTATION (  '', ( #2609 ), #2852 ) ;
#1000 = EDGE_LOOP ( 'NONE', ( #215, #3427, #694, #1330 ) ) ;
#1001 = ORIENTED_EDGE ( 'NONE', *, *, #2436, .T. ) ;
#1002 = EDGE_CURVE ( 'NONE', #672, #7401, #6007, .T. ) ;
#1003 = FILL_AREA_STYLE_COLOUR ( '', #1605 ) ;
#1004 = CARTESIAN_POINT ( 'NONE',  ( -4.249999999999999112, -3.299999999999999822, -1.749999999999999778 ) ) ;
#1005 = CARTESIAN_POINT ( 'NONE',  ( -4.000000000000001776, 9.486769009248163798E-17, -0.9499999999999998446 ) ) ;
#1006 = CARTESIAN_POINT ( 'NONE',  ( -1.899999999999999023, 2.000000000000000000, -1.000000000000000000 ) ) ;
#1007 = LINE ( 'NONE', #6400, #1893 ) ;
#1008 = VECTOR ( 'NONE', #7448, 1000.000000000000000 ) ;
#1009 = AXIS2_PLACEMENT_3D ( 'NONE', #992, #7437, #6732 ) ;
#1010 = FACE_OUTER_BOUND ( 'NONE', #4048, .T. ) ;
#1011 = DIRECTION ( 'NONE',  ( -1.000000000000000000, -9.757819552369514663E-15, 0.0000000000000000000 ) ) ;
#1012 = ORIENTED_EDGE ( 'NONE', *, *, #178, .T. ) ;
#1013 = DIRECTION ( 'NONE',  ( 1.000000000000000000, -0.0000000000000000000, 0.0000000000000000000 ) ) ;
#1014 = EDGE_LOOP ( 'NONE', ( #4550, #309, #4965, #193 ) ) ;
#1015 = PLANE ( 'NONE',  #5759 ) ;
#1016 = FACE_OUTER_BOUND ( 'NONE', #1490, .T. ) ;
#1017 = UNCERTAINTY_MEASURE_WITH_UNIT (LENGTH_MEASURE( 1.000000000000000082E-05 ), #2343, 'distance_accuracy_value', 'NONE');
#1018 = EDGE_CURVE ( 'NONE', #1649, #7587, #5215, .T. ) ;
#1019 = FILL_AREA_STYLE ('',( #2249 ) ) ;
#1020 = FILL_AREA_STYLE_COLOUR ( '', #1368 ) ;
#1021 = PLANE ( 'NONE',  #5637 ) ;
#1022 = VERTEX_POINT ( 'NONE', #1043 ) ;
#1023 = FILL_AREA_STYLE ('',( #2214 ) ) ;
#1024 = LINE ( 'NONE', #480, #6343 ) ;
#1025 = SURFACE_SIDE_STYLE ('',( #1521 ) ) ;
#1026 =( LENGTH_UNIT ( ) NAMED_UNIT ( * ) SI_UNIT ( .MILLI., .METRE. ) );
#1027 =( NAMED_UNIT ( * ) SI_UNIT ( $, .STERADIAN. ) SOLID_ANGLE_UNIT ( ) );
#1028 =( NAMED_UNIT ( * ) PLANE_ANGLE_UNIT ( ) SI_UNIT ( $, .RADIAN. ) );
#1029 = ORIENTED_EDGE ( 'NONE', *, *, #739, .F. ) ;
#1030 = EDGE_CURVE ( 'NONE', #1599, #7508, #6981, .T. ) ;
#1031 = EDGE_CURVE ( 'NONE', #1209, #6971, #4013, .T. ) ;
#1032 = FILL_AREA_STYLE_COLOUR ( '', #4532 ) ;
#1033 = ORIENTED_EDGE ( 'NONE', *, *, #3711, .T. ) ;
#1034 = ORIENTED_EDGE ( 'NONE', *, *, #3086, .F. ) ;
#1035 = PLANE ( 'NONE',  #5251 ) ;
#1036 = LINE ( 'NONE', #3394, #578 ) ;
#1037 = UNCERTAINTY_MEASURE_WITH_UNIT (LENGTH_MEASURE( 1.000000000000000082E-05 ), #6408, 'distance_accuracy_value', 'NONE');
#1038 = CARTESIAN_POINT ( 'NONE',  ( -4.250000000000006217, -3.299999999999999822, 0.8249999999999991784 ) ) ;
#1039 = MECHANICAL_DESIGN_GEOMETRIC_PRESENTATION_REPRESENTATION (  '', ( #417 ), #6940 ) ;
#1040 = ORIENTED_EDGE ( 'NONE', *, *, #4936, .T. ) ;
#1041 = ORIENTED_EDGE ( 'NONE', *, *, #4123, .F. ) ;
#1042 = DIRECTION ( 'NONE',  ( -1.000000000000000000, 0.0000000000000000000, -0.0000000000000000000 ) ) ;
#1043 = CARTESIAN_POINT ( 'NONE',  ( 2.750000000000001776, -2.200000000000000178, 5.399999999999998579 ) ) ;
#1044 = DIRECTION ( 'NONE',  ( 0.0000000000000000000, 0.0000000000000000000, -1.000000000000000000 ) ) ;
#1045 = EDGE_CURVE ( 'NONE', #1714, #7035, #2233, .T. ) ;
#1046 = VECTOR ( 'NONE', #6147, 1000.000000000000000 ) ;
#1047 = CARTESIAN_POINT ( 'NONE',  ( 0.0000000000000000000, 0.0000000000000000000, 0.0000000000000000000 ) ) ;
#1048 =( LENGTH_UNIT ( ) NAMED_UNIT ( * ) SI_UNIT ( .MILLI., .METRE. ) );
#1049 = COLOUR_RGB ( '',0.7529411764705882248, 0.7529411764705882248, 0.7529411764705882248 ) ;
#1050 = VECTOR ( 'NONE', #3345, 1000.000000000000000 ) ;
#1051 = ORIENTED_EDGE ( 'NONE', *, *, #6944, .F. ) ;
#1052 = ADVANCED_FACE ( 'NONE', ( #1692 ), #3662, .F. ) ;
#1053 =( NAMED_UNIT ( * ) SI_UNIT ( $, .STERADIAN. ) SOLID_ANGLE_UNIT ( ) );
#1054 = ORIENTED_EDGE ( 'NONE', *, *, #3437, .T. ) ;
#1055 = DIRECTION ( 'NONE',  ( 1.807003620809174139E-16, 0.0000000000000000000, 1.000000000000000000 ) ) ;
#1056 = SURFACE_STYLE_FILL_AREA ( #3347 ) ;
#1057 = FACE_OUTER_BOUND ( 'NONE', #5206, .T. ) ;
#1058 = VECTOR ( 'NONE', #956, 1000.000000000000000 ) ;
#1059 = EDGE_CURVE ( 'NONE', #5832, #3478, #7137, .T. ) ;
#1060 = EDGE_CURVE ( 'NONE', #2427, #2388, #1837, .T. ) ;
#1061 = DIRECTION ( 'NONE',  ( -0.0000000000000000000, -0.0000000000000000000, 1.000000000000000000 ) ) ;
#1062 = ORIENTED_EDGE ( 'NONE', *, *, #5816, .T. ) ;
#1063 = PLANE ( 'NONE',  #6785 ) ;
#1064 = CARTESIAN_POINT ( 'NONE',  ( 4.050000000000001599, -0.09999999999999982514, -0.8500000000000013101 ) ) ;
#1065 = EDGE_CURVE ( 'NONE', #993, #3498, #7477, .T. ) ;
#1066 = PLANE ( 'NONE',  #6962 ) ;
#1067 = PLANE ( 'NONE',  #1228 ) ;
#1068 = LINE ( 'NONE', #1185, #1268 ) ;
#1069 = VERTEX_POINT ( 'NONE', #460 ) ;
#1070 = SURFACE_STYLE_FILL_AREA ( #1600 ) ;
#1071 = ORIENTED_EDGE ( 'NONE', *, *, #6056, .F. ) ;
#1072 =( GEOMETRIC_REPRESENTATION_CONTEXT ( 3 ) GLOBAL_UNCERTAINTY_ASSIGNED_CONTEXT ( ( #5547 ) ) GLOBAL_UNIT_ASSIGNED_CONTEXT ( ( #1946, #3658, #6654 ) ) REPRESENTATION_CONTEXT ( 'NONE', 'WORKASPACE' ) );
#1073 = ORIENTED_EDGE ( 'NONE', *, *, #2642, .F. ) ;
#1074 = DIRECTION ( 'NONE',  ( 0.0000000000000000000, 0.0000000000000000000, 1.000000000000000000 ) ) ;
#1075 = DIRECTION ( 'NONE',  ( 1.000000000000000000, 0.0000000000000000000, -1.084202172485504434E-16 ) ) ;
#1076 =( LENGTH_UNIT ( ) NAMED_UNIT ( * ) SI_UNIT ( .MILLI., .METRE. ) );
#1077 = EDGE_CURVE ( 'NONE', #1601, #6384, #813, .T. ) ;
#1078 = COLOUR_RGB ( '',0.7529411764705882248, 0.7529411764705882248, 0.7529411764705882248 ) ;
#1079 = ORIENTED_EDGE ( 'NONE', *, *, #760, .T. ) ;
#1080 = ORIENTED_EDGE ( 'NONE', *, *, #3747, .T. ) ;
#1081 = UNCERTAINTY_MEASURE_WITH_UNIT (LENGTH_MEASURE( 1.000000000000000082E-05 ), #2154, 'distance_accuracy_value', 'NONE');
#1082 = LINE ( 'NONE', #4012, #4293 ) ;
#1083 = MECHANICAL_DESIGN_GEOMETRIC_PRESENTATION_REPRESENTATION (  '', ( #4785 ), #4405 ) ;
#1084 = PLANE ( 'NONE',  #2016 ) ;
#1085 =( LENGTH_UNIT ( ) NAMED_UNIT ( * ) SI_UNIT ( .MILLI., .METRE. ) );
#1086 = VECTOR ( 'NONE', #4386, 1000.000000000000000 ) ;
#1087 = CARTESIAN_POINT ( 'NONE',  ( -4.250000000000003553, -0.8199999999999707523, -0.8500000000000013101 ) ) ;
#1088 = CARTESIAN_POINT ( 'NONE',  ( 3.950000000000001066, 9.486769009248163798E-17, 0.8499999999999989786 ) ) ;
#1089 = VERTEX_POINT ( 'NONE', #2858 ) ;
#1090 = EDGE_LOOP ( 'NONE', ( #6154, #4787, #6514, #2661 ) ) ;
#1091 = DIRECTION ( 'NONE',  ( 3.614007241618348376E-15, -1.000000000000000000, -0.0000000000000000000 ) ) ;
#1092 = DIRECTION ( 'NONE',  ( 0.0000000000000000000, -1.000000000000000000, 0.0000000000000000000 ) ) ;
#1093 = PRODUCT_DEFINITION_CONTEXT ( 'detailed design', #3119, 'design' ) ;
#1094 = DIRECTION ( 'NONE',  ( -0.7071067811865475727, -0.7071067811865475727, 0.0000000000000000000 ) ) ;
#1095 = CARTESIAN_POINT ( 'NONE',  ( 4.050000000000001599, -0.7999999999999998224, -1.750000000000000666 ) ) ;
#1096 = VECTOR ( 'NONE', #1522, 1000.000000000000000 ) ;
#1097 = VECTOR ( 'NONE', #6455, 1000.000000000000000 ) ;
#1098 = DIRECTION ( 'NONE',  ( 1.000000000000000000, 0.0000000000000000000, -0.0000000000000000000 ) ) ;
#1099 = ORIENTED_EDGE ( 'NONE', *, *, #4032, .T. ) ;
#1100 = LINE ( 'NONE', #3460, #5321 ) ;
#1101 =( LENGTH_UNIT ( ) NAMED_UNIT ( * ) SI_UNIT ( .MILLI., .METRE. ) );
#1102 = VECTOR ( 'NONE', #4650, 1000.000000000000114 ) ;
#1103 = FACE_OUTER_BOUND ( 'NONE', #2657, .T. ) ;
#1104 =( NAMED_UNIT ( * ) PLANE_ANGLE_UNIT ( ) SI_UNIT ( $, .RADIAN. ) );
#1105 = ORIENTED_EDGE ( 'NONE', *, *, #7152, .F. ) ;
#1106 = CARTESIAN_POINT ( 'NONE',  ( -0.2499999999999989175, -2.200000000000000178, 2.649999999999998579 ) ) ;
#1107 = ADVANCED_FACE ( 'NONE', ( #5389 ), #1084, .F. ) ;
#1108 = CARTESIAN_POINT ( 'NONE',  ( 4.250000000000000888, -3.299999999999999822, -0.8250000000000008438 ) ) ;
#1109 = VERTEX_POINT ( 'NONE', #881 ) ;
#1110 = STYLED_ITEM ( 'NONE', ( #580 ), #5126 ) ;
#1111 = VERTEX_POINT ( 'NONE', #842 ) ;
#1112 = MECHANICAL_DESIGN_GEOMETRIC_PRESENTATION_REPRESENTATION (  '', ( #6772 ), #7394 ) ;
#1113 = DIRECTION ( 'NONE',  ( 1.000000000000000000, 0.0000000000000000000, 0.0000000000000000000 ) ) ;
#1114 = LINE ( 'NONE', #6, #3332 ) ;
#1115 = VECTOR ( 'NONE', #3871, 1000.000000000000000 ) ;
#1116 = PLANE ( 'NONE',  #6684 ) ;
#1117 = EDGE_CURVE ( 'NONE', #6370, #3692, #7316, .T. ) ;
#1118 = UNCERTAINTY_MEASURE_WITH_UNIT (LENGTH_MEASURE( 1.000000000000000082E-05 ), #7040, 'distance_accuracy_value', 'NONE');
#1119 = ORIENTED_EDGE ( 'NONE', *, *, #3474, .T. ) ;
#1120 = ORIENTED_EDGE ( 'NONE', *, *, #7043, .F. ) ;
#1121 = COLOUR_RGB ( '',0.7529411764705882248, 0.7529411764705882248, 0.7529411764705882248 ) ;
#1122 = CARTESIAN_POINT ( 'NONE',  ( 3.950000000000001066, -0.1000000000000001721, -0.8500000000000013101 ) ) ;
#1123 = DIRECTION ( 'NONE',  ( 0.0000000000000000000, 3.696143769836947338E-16, -1.000000000000000000 ) ) ;
#1124 = CARTESIAN_POINT ( 'NONE',  ( -4.250000000000000888, -0.7999999999999998224, -0.9000000000000000222 ) ) ;
#1125 = VECTOR ( 'NONE', #4654, 1000.000000000000000 ) ;
#1126 = LINE ( 'NONE', #536, #5917 ) ;
#1127 =( LENGTH_UNIT ( ) NAMED_UNIT ( * ) SI_UNIT ( .MILLI., .METRE. ) );
#1128 = EDGE_CURVE ( 'NONE', #4352, #1441, #7352, .T. ) ;
#1129 = EDGE_LOOP ( 'NONE', ( #2565, #6357, #5997, #103 ) ) ;
#1130 = AXIS2_PLACEMENT_3D ( 'NONE', #6167, #902, #4370 ) ;
#1131 = ORIENTED_EDGE ( 'NONE', *, *, #1782, .T. ) ;
#1132 = CARTESIAN_POINT ( 'NONE',  ( 4.250000000000000888, -3.299999999999999822, -1.500000000000000666 ) ) ;
#1133 = SURFACE_SIDE_STYLE ('',( #5224 ) ) ;
#1134 = STYLED_ITEM ( 'NONE', ( #3883 ), #347 ) ;
#1135 = LINE ( 'NONE', #2792, #6423 ) ;
#1136 = DIRECTION ( 'NONE',  ( 0.0000000000000000000, -0.0000000000000000000, 1.000000000000000000 ) ) ;
#1137 = AXIS2_PLACEMENT_3D ( 'NONE', #5356, #2428, #1841 ) ;
#1138 = UNCERTAINTY_MEASURE_WITH_UNIT (LENGTH_MEASURE( 1.000000000000000082E-05 ), #2801, 'distance_accuracy_value', 'NONE');
#1139 = VERTEX_POINT ( 'NONE', #3812 ) ;
#1140 = LINE ( 'NONE', #5846, #5863 ) ;
#1141 = CARTESIAN_POINT ( 'NONE',  ( -0.3499999999999989231, -2.500000000000000000, 2.549999999999998934 ) ) ;
#1142 = EDGE_CURVE ( 'NONE', #2024, #799, #3235, .T. ) ;
#1143 = CARTESIAN_POINT ( 'NONE',  ( -4.050000000000004263, -0.8199999999999718625, 1.729999999999998872 ) ) ;
#1144 =( NAMED_UNIT ( * ) SI_UNIT ( $, .STERADIAN. ) SOLID_ANGLE_UNIT ( ) );
#1145 = VERTEX_POINT ( 'NONE', #5494 ) ;
#1146 =( NAMED_UNIT ( * ) SI_UNIT ( $, .STERADIAN. ) SOLID_ANGLE_UNIT ( ) );
#1147 = EDGE_CURVE ( 'NONE', #3426, #1371, #156, .T. ) ;
#1148 = VERTEX_POINT ( 'NONE', #6729 ) ;
#1149 = EDGE_CURVE ( 'NONE', #4800, #4904, #1784, .T. ) ;
#1150 = ORIENTED_EDGE ( 'NONE', *, *, #1142, .T. ) ;
#1151 = LINE ( 'NONE', #5240, #7455 ) ;
#1152 = EDGE_CURVE ( 'NONE', #6275, #1518, #2617, .T. ) ;
#1153 = CARTESIAN_POINT ( 'NONE',  ( 4.050000000000001599, 0.0000000000000000000, -0.8999999999999999112 ) ) ;
#1154 = VERTEX_POINT ( 'NONE', #6620 ) ;
#1155 = EDGE_CURVE ( 'NONE', #3628, #56, #5570, .T. ) ;
#1156 = LINE ( 'NONE', #3476, #3849 ) ;
#1157 = ORIENTED_EDGE ( 'NONE', *, *, #7420, .T. ) ;
#1158 = EDGE_LOOP ( 'NONE', ( #253, #5438, #6144, #3851, #540, #7402, #3468, #1054 ) ) ;
#1159 = PLANE ( 'NONE',  #4215 ) ;
#1160 = PRESENTATION_STYLE_ASSIGNMENT (( #5908 ) ) ;
#1161 = LINE ( 'NONE', #3486, #990 ) ;
#1162 = PLANE ( 'NONE',  #5684 ) ;
#1163 = UNCERTAINTY_MEASURE_WITH_UNIT (LENGTH_MEASURE( 1.000000000000000082E-05 ), #3301, 'distance_accuracy_value', 'NONE');
#1164 = MECHANICAL_DESIGN_GEOMETRIC_PRESENTATION_REPRESENTATION (  '', ( #4490 ), #1526 ) ;
#1165 = LINE ( 'NONE', #1624, #3909 ) ;
#1166 = ORIENTED_EDGE ( 'NONE', *, *, #1172, .T. ) ;
#1167 = FACE_OUTER_BOUND ( 'NONE', #6014, .T. ) ;
#1168 = VERTEX_POINT ( 'NONE', #1982 ) ;
#1169 = CARTESIAN_POINT ( 'NONE',  ( -4.249999999999999112, 0.2000000000000000111, 0.8999999999999994671 ) ) ;
#1170 = LINE ( 'NONE', #2406, #3150 ) ;
#1171 = DIRECTION ( 'NONE',  ( -0.0000000000000000000, -0.0000000000000000000, 1.000000000000000000 ) ) ;
#1172 = EDGE_CURVE ( 'NONE', #3884, #5203, #5005, .T. ) ;
#1173 = CARTESIAN_POINT ( 'NONE',  ( -2.999999999999999556, 0.2000000000000000111, 1.320000000000000284 ) ) ;
#1174 = SURFACE_STYLE_FILL_AREA ( #6451 ) ;
#1175 = EDGE_CURVE ( 'NONE', #1154, #3135, #2052, .T. ) ;
#1176 = STYLED_ITEM ( 'NONE', ( #256 ), #3329 ) ;
#1177 = VECTOR ( 'NONE', #2273, 999.9999999999998863 ) ;
#1178 = UNCERTAINTY_MEASURE_WITH_UNIT (LENGTH_MEASURE( 1.000000000000000082E-05 ), #633, 'distance_accuracy_value', 'NONE');
#1179 = DIRECTION ( 'NONE',  ( 1.000000000000000000, -0.0000000000000000000, -0.0000000000000000000 ) ) ;
#1180 = ORIENTED_EDGE ( 'NONE', *, *, #170, .F. ) ;
#1181 = PLANE ( 'NONE',  #5869 ) ;
#1182 = LINE ( 'NONE', #3539, #6252 ) ;
#1183 = CARTESIAN_POINT ( 'NONE',  ( -4.250000000000006217, -3.299999999999999822, -1.500000000000000666 ) ) ;
#1184 = CARTESIAN_POINT ( 'NONE',  ( 4.250000000000000888, -2.949999999999999734, -1.750000000000000666 ) ) ;
#1185 = CARTESIAN_POINT ( 'NONE',  ( -3.919999999999999929, 0.2000000000000000111, -1.319999999999999174 ) ) ;
#1186 = ORIENTED_EDGE ( 'NONE', *, *, #5017, .F. ) ;
#1187 = FACE_OUTER_BOUND ( 'NONE', #433, .T. ) ;
#1188 = STYLED_ITEM ( 'NONE', ( #2614 ), #2941 ) ;
#1189 = FACE_OUTER_BOUND ( 'NONE', #145, .T. ) ;
#1190 = VERTEX_POINT ( 'NONE', #4420 ) ;
#1191 = ORIENTED_EDGE ( 'NONE', *, *, #476, .F. ) ;
#1192 = DIRECTION ( 'NONE',  ( -0.7071067811865481278, 0.0000000000000000000, 0.7071067811865470176 ) ) ;
#1193 = LINE ( 'NONE', #2849, #3062 ) ;
#1194 = VECTOR ( 'NONE', #7237, 1000.000000000000114 ) ;
#1195 = ORIENTED_EDGE ( 'NONE', *, *, #7484, .T. ) ;
#1196 = ORIENTED_EDGE ( 'NONE', *, *, #733, .F. ) ;
#1197 = ORIENTED_EDGE ( 'NONE', *, *, #1854, .F. ) ;
#1198 = LINE ( 'NONE', #3195, #997 ) ;
#1199 = DIRECTION ( 'NONE',  ( -0.7071067811865481278, 0.0000000000000000000, 0.7071067811865470176 ) ) ;
#1200 = DIRECTION ( 'NONE',  ( 1.000000000000000000, 0.0000000000000000000, -0.0000000000000000000 ) ) ;
#1201 = PRESENTATION_STYLE_ASSIGNMENT (( #3052 ) ) ;
#1202 = AXIS2_PLACEMENT_3D ( 'NONE', #516, #6369, #1098 ) ;
#1203 = AXIS2_PLACEMENT_3D ( 'NONE', #6556, #533, #1199 ) ;
#1204 = SURFACE_STYLE_FILL_AREA ( #3602 ) ;
#1205 = FACE_BOUND ( 'NONE', #7523, .T. ) ;
#1206 = EDGE_CURVE ( 'NONE', #6552, #3158, #3738, .T. ) ;
#1207 = ORIENTED_EDGE ( 'NONE', *, *, #2709, .T. ) ;
#1208 =( NAMED_UNIT ( * ) PLANE_ANGLE_UNIT ( ) SI_UNIT ( $, .RADIAN. ) );
#1209 = VERTEX_POINT ( 'NONE', #1485 ) ;
#1210 = SURFACE_STYLE_FILL_AREA ( #3642 ) ;
#1211 = ORIENTED_EDGE ( 'NONE', *, *, #6513, .T. ) ;
#1212 = DIRECTION ( 'NONE',  ( 1.000000000000000000, 0.0000000000000000000, 0.0000000000000000000 ) ) ;
#1213 = PRESENTATION_STYLE_ASSIGNMENT (( #589 ) ) ;
#1214 = COLOUR_RGB ( '',0.7529411764705882248, 0.7529411764705882248, 0.7529411764705882248 ) ;
#1215 = CARTESIAN_POINT ( 'NONE',  ( -3.850000000000001421, 9.486769009248163798E-17, 0.8499999999999994227 ) ) ;
#1216 = VECTOR ( 'NONE', #2655, 1000.000000000000000 ) ;
#1217 = ORIENTED_EDGE ( 'NONE', *, *, #7304, .F. ) ;
#1218 = CARTESIAN_POINT ( 'NONE',  ( -0.8874999999999997335, 1.887500000000000178, 1.000000000000000000 ) ) ;
#1219 = STYLED_ITEM ( 'NONE', ( #6747 ), #1563 ) ;
#1220 = VERTEX_POINT ( 'NONE', #3844 ) ;
#1222 = MECHANICAL_DESIGN_GEOMETRIC_PRESENTATION_REPRESENTATION (  '', ( #3690 ), #6374 ) ;
#1221 = FACE_OUTER_BOUND ( 'NONE', #3056, .T. ) ;
#1223 = DIRECTION ( 'NONE',  ( -1.000000000000000000, 0.0000000000000000000, 0.0000000000000000000 ) ) ;
#1224 = CIRCLE ( 'NONE', #5516, 0.6700000000000000400 ) ;
#1225 = LINE ( 'NONE', #7127, #6259 ) ;
#1226 =( LENGTH_UNIT ( ) NAMED_UNIT ( * ) SI_UNIT ( .MILLI., .METRE. ) );
#1227 = DIRECTION ( 'NONE',  ( 0.0000000000000000000, 0.0000000000000000000, 1.000000000000000000 ) ) ;
#1228 = AXIS2_PLACEMENT_3D ( 'NONE', #482, #6963, #7086 ) ;
#1229 = LINE ( 'NONE', #4036, #3559 ) ;
#1230 = VECTOR ( 'NONE', #4667, 1000.000000000000114 ) ;
#1231 = EDGE_CURVE ( 'NONE', #6275, #2731, #3703, .T. ) ;
#1232 = CARTESIAN_POINT ( 'NONE',  ( -0.04999999999999936440, 2.049999999999999822, -1.000000000000000222 ) ) ;
#1233 = AXIS2_PLACEMENT_3D ( 'NONE', #5091, #2654, #5006 ) ;
#1234 = ORIENTED_EDGE ( 'NONE', *, *, #338, .F. ) ;
#1235 =( NAMED_UNIT ( * ) PLANE_ANGLE_UNIT ( ) SI_UNIT ( $, .RADIAN. ) );
#1236 = CARTESIAN_POINT ( 'NONE',  ( 0.3500000000000008660, -2.200000000000000178, -1.750000000000000222 ) ) ;
#1237 = SURFACE_STYLE_FILL_AREA ( #653 ) ;
#1238 = ORIENTED_EDGE ( 'NONE', *, *, #7560, .F. ) ;
#1239 = CARTESIAN_POINT ( 'NONE',  ( 4.050000000000001599, -0.7999999999999998224, -1.750000000000000666 ) ) ;
#1240 = STYLED_ITEM ( 'NONE', ( #2067 ), #5398 ) ;
#1241 = ORIENTED_EDGE ( 'NONE', *, *, #4849, .F. ) ;
#1242 = VERTEX_POINT ( 'NONE', #1344 ) ;
#1243 = CARTESIAN_POINT ( 'NONE',  ( -3.850000000000001421, 0.2000000000000000389, -0.9499999999999998446 ) ) ;
#1244 =( LENGTH_UNIT ( ) NAMED_UNIT ( * ) SI_UNIT ( .MILLI., .METRE. ) );
#1245 = CARTESIAN_POINT ( 'NONE',  ( -1.899999999999999023, 2.000000000000000000, 1.000000000000000000 ) ) ;
#1246 = PRESENTATION_LAYER_ASSIGNMENT (  '', '', ( #3590 ) ) ;
#1247 = CARTESIAN_POINT ( 'NONE',  ( 2.999999999999998668, 0.2000000000000000111, 1.699999999999999956 ) ) ;
#1248 = FACE_OUTER_BOUND ( 'NONE', #7054, .T. ) ;
#1249 = ADVANCED_FACE ( 'NONE', ( #4853 ), #7210, .F. ) ;
#1250 = ORIENTED_EDGE ( 'NONE', *, *, #3007, .F. ) ;
#1251 =( NAMED_UNIT ( * ) PLANE_ANGLE_UNIT ( ) SI_UNIT ( $, .RADIAN. ) );
#1252 = ORIENTED_EDGE ( 'NONE', *, *, #2640, .T. ) ;
#1253 = EDGE_CURVE ( 'NONE', #522, #5288, #4535, .T. ) ;
#1254 = SURFACE_STYLE_FILL_AREA ( #4328 ) ;
#1255 = DIRECTION ( 'NONE',  ( 1.000000000000000000, 0.0000000000000000000, -0.0000000000000000000 ) ) ;
#1256 = FACE_OUTER_BOUND ( 'NONE', #4469, .T. ) ;
#1257 = STYLED_ITEM ( 'NONE', ( #531 ), #6580 ) ;
#1258 = CARTESIAN_POINT ( 'NONE',  ( -4.250000000000006217, -2.949999999999999734, 1.749999999999998890 ) ) ;
#1259 = AXIS2_PLACEMENT_3D ( 'NONE', #3740, #5391, #2469 ) ;
#1260 = MECHANICAL_DESIGN_GEOMETRIC_PRESENTATION_REPRESENTATION (  '', ( #3477 ), #1375 ) ;
#1261 = DIRECTION ( 'NONE',  ( 0.0000000000000000000, 0.0000000000000000000, 1.000000000000000000 ) ) ;
#1262 = ORIENTED_EDGE ( 'NONE', *, *, #1496, .T. ) ;
#1263 = DIRECTION ( 'NONE',  ( -1.000000000000000000, 0.0000000000000000000, 0.0000000000000000000 ) ) ;
#1264 = PLANE ( 'NONE',  #6880 ) ;
#1265 = VECTOR ( 'NONE', #1472, 1000.000000000000000 ) ;
#1266 = DIRECTION ( 'NONE',  ( 0.0000000000000000000, 0.0000000000000000000, 1.000000000000000000 ) ) ;
#1267 = CARTESIAN_POINT ( 'NONE',  ( -2.149999999999999911, 0.2000000000000000111, 1.050000000000000044 ) ) ;
#1268 = VECTOR ( 'NONE', #5888, 1000.000000000000000 ) ;
#1269 = DIRECTION ( 'NONE',  ( 0.7071067811865474617, -0.7071067811865474617, 0.0000000000000000000 ) ) ;
#1270 = ORIENTED_EDGE ( 'NONE', *, *, #1520, .T. ) ;
#1271 = SURFACE_STYLE_USAGE ( .BOTH. , #688 ) ;
#1272 = CARTESIAN_POINT ( 'NONE',  ( -4.249999999999999112, -3.299999999999999822, 1.749999999999999778 ) ) ;
#1273 = SURFACE_STYLE_FILL_AREA ( #3473 ) ;
#1274 = ADVANCED_FACE ( 'NONE', ( #5767 ), #1066, .F. ) ;
#1275 = ORIENTED_EDGE ( 'NONE', *, *, #6845, .T. ) ;
#1276 = STYLED_ITEM ( 'NONE', ( #194 ), #7547 ) ;
#1277 = LINE ( 'NONE', #6469, #6801 ) ;
#1278 = EDGE_CURVE ( 'NONE', #3749, #6842, #406, .T. ) ;
#1279 = ORIENTED_EDGE ( 'NONE', *, *, #4269, .F. ) ;
#1280 = EDGE_LOOP ( 'NONE', ( #7330, #5687, #1252, #4091 ) ) ;
#1281 = DIRECTION ( 'NONE',  ( 0.7071067811865482389, -0.0000000000000000000, -0.7071067811865469066 ) ) ;
#1282 = SURFACE_STYLE_USAGE ( .BOTH. , #574 ) ;
#1283 = LINE ( 'NONE', #2979, #604 ) ;
#1284 = CARTESIAN_POINT ( 'NONE',  ( 3.950000000000001066, 0.2000000000000000944, 0.8499999999999989786 ) ) ;
#1285 = DIRECTION ( 'NONE',  ( 0.0000000000000000000, -1.275531967630005739E-16, 1.000000000000000000 ) ) ;
#1286 = DIRECTION ( 'NONE',  ( -0.0000000000000000000, -0.0000000000000000000, 1.000000000000000000 ) ) ;
#1287 = ORIENTED_EDGE ( 'NONE', *, *, #6132, .F. ) ;
#1288 = VECTOR ( 'NONE', #2331, 1000.000000000000000 ) ;
#1289 = PLANE ( 'NONE',  #2093 ) ;
#1290 = ORIENTED_EDGE ( 'NONE', *, *, #6331, .T. ) ;
#1291 = LINE ( 'NONE', #5372, #2317 ) ;
#1292 = LINE ( 'NONE', #7157, #6511 ) ;
#1293 = SURFACE_STYLE_FILL_AREA ( #670 ) ;
#1294 = LINE ( 'NONE', #4149, #6083 ) ;
#1295 = SURFACE_SIDE_STYLE ('',( #6570 ) ) ;
#1296 = COLOUR_RGB ( '',0.2509803921568627416, 0.2509803921568627416, 0.2509803921568627416 ) ;
#1297 = ORIENTED_EDGE ( 'NONE', *, *, #703, .F. ) ;
#1298 = LINE ( 'NONE', #2963, #2551 ) ;
#1299 = ADVANCED_FACE ( 'NONE', ( #3916 ), #5121, .F. ) ;
#1300 =( NAMED_UNIT ( * ) SI_UNIT ( $, .STERADIAN. ) SOLID_ANGLE_UNIT ( ) );
#1301 = MECHANICAL_DESIGN_GEOMETRIC_PRESENTATION_REPRESENTATION (  '', ( #5595 ), #5723 ) ;
#1302 = LINE ( 'NONE', #1869, #3431 ) ;
#1303 = EDGE_CURVE ( 'NONE', #1307, #1069, #5156, .T. ) ;
#1304 = EDGE_CURVE ( 'NONE', #2973, #7216, #1636, .T. ) ;
#1305 = PRESENTATION_STYLE_ASSIGNMENT (( #7241 ) ) ;
#1306 = ADVANCED_FACE ( 'NONE', ( #3420 ), #2255, .F. ) ;
#1307 = VERTEX_POINT ( 'NONE', #3868 ) ;
#1308 = CARTESIAN_POINT ( 'NONE',  ( -2.849999999999999201, -2.500000000000000000, 1.749999999999998890 ) ) ;
#1309 = FILL_AREA_STYLE ('',( #7174 ) ) ;
#1310 = CARTESIAN_POINT ( 'NONE',  ( 2.500000000000000888, -2.200000000000000178, 5.399999999999998579 ) ) ;
#1311 = CARTESIAN_POINT ( 'NONE',  ( 0.0000000000000000000, -2.200000000000000178, 0.0000000000000000000 ) ) ;
#1312 = ORIENTED_EDGE ( 'NONE', *, *, #1394, .T. ) ;
#1313 =( GEOMETRIC_REPRESENTATION_CONTEXT ( 3 ) GLOBAL_UNCERTAINTY_ASSIGNED_CONTEXT ( ( #7032 ) ) GLOBAL_UNIT_ASSIGNED_CONTEXT ( ( #6781, #2025, #4355 ) ) REPRESENTATION_CONTEXT ( 'NONE', 'WORKASPACE' ) );
#1314 = ORIENTED_EDGE ( 'NONE', *, *, #4916, .F. ) ;
#1315 = VERTEX_POINT ( 'NONE', #6171 ) ;
#1316 = DIRECTION ( 'NONE',  ( 0.0000000000000000000, 0.0000000000000000000, 1.000000000000000000 ) ) ;
#1317 = MECHANICAL_DESIGN_GEOMETRIC_PRESENTATION_REPRESENTATION (  '', ( #4017 ), #942 ) ;
#1318 = LINE ( 'NONE', #3746, #6114 ) ;
#1319 = EDGE_CURVE ( 'NONE', #5468, #4243, #2125, .T. ) ;
#1320 = LINE ( 'NONE', #5363, #7584 ) ;
#1321 = ORIENTED_EDGE ( 'NONE', *, *, #1934, .T. ) ;
#1322 = LINE ( 'NONE', #3678, #4037 ) ;
#1323 = ORIENTED_EDGE ( 'NONE', *, *, #4150, .T. ) ;
#1324 =( NAMED_UNIT ( * ) PLANE_ANGLE_UNIT ( ) SI_UNIT ( $, .RADIAN. ) );
#1325 = DIRECTION ( 'NONE',  ( 3.614007241618349165E-15, 1.000000000000000000, 0.0000000000000000000 ) ) ;
#1326 =( LENGTH_UNIT ( ) NAMED_UNIT ( * ) SI_UNIT ( .MILLI., .METRE. ) );
#1327 = CARTESIAN_POINT ( 'NONE',  ( -3.969999999999999751, 0.2000000000000000111, -0.8999999999999999112 ) ) ;
#1328 = ORIENTED_EDGE ( 'NONE', *, *, #3840, .F. ) ;
#1329 = SURFACE_STYLE_FILL_AREA ( #6072 ) ;
#1330 = ORIENTED_EDGE ( 'NONE', *, *, #7199, .F. ) ;
#1331 = DIRECTION ( 'NONE',  ( -0.0000000000000000000, -1.000000000000000000, -0.0000000000000000000 ) ) ;
#1332 = EDGE_LOOP ( 'NONE', ( #5174, #2345, #7133, #2483 ) ) ;
#1333 = LINE ( 'NONE', #2456, #1550 ) ;
#1334 = DIRECTION ( 'NONE',  ( -1.000000000000000000, -0.0000000000000000000, -0.0000000000000000000 ) ) ;
#1335 = COLOUR_RGB ( '',0.7529411764705882248, 0.7529411764705882248, 0.7529411764705882248 ) ;
#1336 = CARTESIAN_POINT ( 'NONE',  ( -3.950000000000001066, -0.1000000000000001721, 0.8499999999999994227 ) ) ;
#1337 = AXIS2_PLACEMENT_3D ( 'NONE', #6390, #4627, #1838 ) ;
#1338 = EDGE_CURVE ( 'NONE', #241, #3096, #6798, .T. ) ;
#1339 = MECHANICAL_DESIGN_GEOMETRIC_PRESENTATION_REPRESENTATION (  '', ( #6868 ), #2322 ) ;
#1340 = COLOUR_RGB ( '',0.7529411764705882248, 0.7529411764705882248, 0.7529411764705882248 ) ;
#1341 = DIRECTION ( 'NONE',  ( -1.000000000000000000, 0.0000000000000000000, 1.182766006347823109E-16 ) ) ;
#1342 = ORIENTED_EDGE ( 'NONE', *, *, #2301, .T. ) ;
#1343 = CIRCLE ( 'NONE', #6506, 0.2500000000000002220 ) ;
#1344 = CARTESIAN_POINT ( 'NONE',  ( 2.150000000000001243, -2.200000000000000178, 2.549999999999998934 ) ) ;
#1345 = DIRECTION ( 'NONE',  ( 0.0000000000000000000, -0.0000000000000000000, 1.000000000000000000 ) ) ;
#1346 = DIRECTION ( 'NONE',  ( 1.020425574104004122E-16, -0.0000000000000000000, 1.000000000000000000 ) ) ;
#1347 = ORIENTED_EDGE ( 'NONE', *, *, #1705, .T. ) ;
#1348 = LINE ( 'NONE', #1878, #3117 ) ;
#1349 = SURFACE_SIDE_STYLE ('',( #6626 ) ) ;
#1350 = VERTEX_POINT ( 'NONE', #6914 ) ;
#1351 = ORIENTED_EDGE ( 'NONE', *, *, #2338, .F. ) ;
#1352 = AXIS2_PLACEMENT_3D ( 'NONE', #3585, #5926, #2882 ) ;
#1353 = PLANE ( 'NONE',  #4914 ) ;
#1354 = VECTOR ( 'NONE', #1683, 1000.000000000000000 ) ;
#1355 = FACE_OUTER_BOUND ( 'NONE', #1386, .T. ) ;
#1356 = EDGE_CURVE ( 'NONE', #5994, #5238, #7342, .T. ) ;
#1357 = COLOUR_RGB ( '',0.7529411764705882248, 0.7529411764705882248, 0.7529411764705882248 ) ;
#1358 = CARTESIAN_POINT ( 'NONE',  ( 4.050000000000001599, -1.800000000000000044, -0.6500000000000000222 ) ) ;
#1359 = UNCERTAINTY_MEASURE_WITH_UNIT (LENGTH_MEASURE( 1.000000000000000082E-05 ), #4974, 'distance_accuracy_value', 'NONE');
#1360 = ORIENTED_EDGE ( 'NONE', *, *, #264, .T. ) ;
#1361 = EDGE_LOOP ( 'NONE', ( #584, #4522, #5186, #704 ) ) ;
#1362 = DIRECTION ( 'NONE',  ( -3.883709274574940726E-15, 1.000000000000000000, 0.0000000000000000000 ) ) ;
#1363 =( NAMED_UNIT ( * ) PLANE_ANGLE_UNIT ( ) SI_UNIT ( $, .RADIAN. ) );
#1364 =( NAMED_UNIT ( * ) PLANE_ANGLE_UNIT ( ) SI_UNIT ( $, .RADIAN. ) );
#1365 = VERTEX_POINT ( 'NONE', #322 ) ;
#1366 = FACE_OUTER_BOUND ( 'NONE', #6979, .T. ) ;
#1367 = ADVANCED_FACE ( 'NONE', ( #1477 ), #1015, .F. ) ;
#1368 = COLOUR_RGB ( '',0.7529411764705882248, 0.7529411764705882248, 0.7529411764705882248 ) ;
#1369 = ORIENTED_EDGE ( 'NONE', *, *, #7010, .F. ) ;
#1370 =( NAMED_UNIT ( * ) PLANE_ANGLE_UNIT ( ) SI_UNIT ( $, .RADIAN. ) );
#1371 = VERTEX_POINT ( 'NONE', #5680 ) ;
#1372 = DIRECTION ( 'NONE',  ( -0.7071067811865479058, -0.7071067811865472397, 0.0000000000000000000 ) ) ;
#1373 = CARTESIAN_POINT ( 'NONE',  ( -3.049999999999999822, 0.0000000000000000000, -1.370000000000000551 ) ) ;
#1374 = CARTESIAN_POINT ( 'NONE',  ( -3.000000000000000000, 0.0000000000000000000, -1.319999999999999396 ) ) ;
#1375 =( GEOMETRIC_REPRESENTATION_CONTEXT ( 3 ) GLOBAL_UNCERTAINTY_ASSIGNED_CONTEXT ( ( #4901 ) ) GLOBAL_UNIT_ASSIGNED_CONTEXT ( ( #4459, #2164, #5154 ) ) REPRESENTATION_CONTEXT ( 'NONE', 'WORKASPACE' ) );
#1376 = DIRECTION ( 'NONE',  ( -0.0000000000000000000, -1.000000000000000000, -0.0000000000000000000 ) ) ;
#1377 = VERTEX_POINT ( 'NONE', #1587 ) ;
#1378 = DIRECTION ( 'NONE',  ( -1.000000000000000000, -0.0000000000000000000, -0.0000000000000000000 ) ) ;
#1379 = VECTOR ( 'NONE', #2863, 1000.000000000000000 ) ;
#1380 = ADVANCED_FACE ( 'NONE', ( #7488 ), #3448, .T. ) ;
#1381 = DIRECTION ( 'NONE',  ( 1.000000000000000000, -3.410973126920686698E-15, 0.0000000000000000000 ) ) ;
#1382 = FACE_OUTER_BOUND ( 'NONE', #4035, .T. ) ;
#1383 = DIRECTION ( 'NONE',  ( 0.7071067811865482389, -0.0000000000000000000, 0.7071067811865469066 ) ) ;
#1384 = VECTOR ( 'NONE', #6321, 1000.000000000000000 ) ;
#1385 = ADVANCED_FACE ( 'NONE', ( #6990 ), #5143, .T. ) ;
#1386 = EDGE_LOOP ( 'NONE', ( #7473, #2172, #4136, #4766 ) ) ;
#1387 = PLANE ( 'NONE',  #4102 ) ;
#1388 =( GEOMETRIC_REPRESENTATION_CONTEXT ( 3 ) GLOBAL_UNCERTAINTY_ASSIGNED_CONTEXT ( ( #2248 ) ) GLOBAL_UNIT_ASSIGNED_CONTEXT ( ( #5444, #5506, #7294 ) ) REPRESENTATION_CONTEXT ( 'NONE', 'WORKASPACE' ) );
#1389 = EDGE_CURVE ( 'NONE', #2399, #5417, #2123, .T. ) ;
#1390 = ORIENTED_EDGE ( 'NONE', *, *, #6998, .F. ) ;
#1391 = VERTEX_POINT ( 'NONE', #4562 ) ;
#1392 = ADVANCED_FACE ( 'NONE', ( #4487 ), #6831, .F. ) ;
#1393 = CARTESIAN_POINT ( 'NONE',  ( 2.150000000000001243, -2.500000000000000000, 2.549999999999998934 ) ) ;
#1394 = EDGE_CURVE ( 'NONE', #139, #1109, #5833, .T. ) ;
#1395 = CARTESIAN_POINT ( 'NONE',  ( 4.250000000000000888, -0.8000000000000000444, 0.8999999999999993561 ) ) ;
#1396 = ADVANCED_FACE ( 'NONE', ( #1661 ), #5714, .F. ) ;
#1397 = ORIENTED_EDGE ( 'NONE', *, *, #1304, .T. ) ;
#1398 = SURFACE_STYLE_FILL_AREA ( #1963 ) ;
#1399 = LINE ( 'NONE', #2598, #927 ) ;
#1400 = LINE ( 'NONE', #4292, #4540 ) ;
#1401 = FACE_OUTER_BOUND ( 'NONE', #4353, .T. ) ;
#1402 = DIRECTION ( 'NONE',  ( 0.0000000000000000000, 0.0000000000000000000, 1.000000000000000000 ) ) ;
#1403 = ORIENTED_EDGE ( 'NONE', *, *, #784, .T. ) ;
#1404 = DIRECTION ( 'NONE',  ( 1.000000000000000000, -0.0000000000000000000, -0.0000000000000000000 ) ) ;
#1405 = VERTEX_POINT ( 'NONE', #5337 ) ;
#1406 = CARTESIAN_POINT ( 'NONE',  ( -1.337499999999999245, 1.887500000000000178, 1.000000000000000000 ) ) ;
#1407 = PRESENTATION_LAYER_ASSIGNMENT (  '', '', ( #417 ) ) ;
#1408 = ADVANCED_FACE ( 'NONE', ( #1167 ), #7156, .F. ) ;
#1409 = DIRECTION ( 'NONE',  ( 1.000000000000000000, 0.0000000000000000000, -0.0000000000000000000 ) ) ;
#1410 = ORIENTED_EDGE ( 'NONE', *, *, #5743, .F. ) ;
#1411 = DIRECTION ( 'NONE',  ( 1.000000000000000000, 3.410973126920686698E-15, 0.0000000000000000000 ) ) ;
#1412 =( NAMED_UNIT ( * ) SI_UNIT ( $, .STERADIAN. ) SOLID_ANGLE_UNIT ( ) );
#1413 = ORIENTED_EDGE ( 'NONE', *, *, #252, .F. ) ;
#1414 = LINE ( 'NONE', #732, #655 ) ;
#1415 = MECHANICAL_DESIGN_GEOMETRIC_PRESENTATION_REPRESENTATION (  '', ( #1535 ), #5600 ) ;
#1416 = MECHANICAL_DESIGN_GEOMETRIC_PRESENTATION_REPRESENTATION (  '', ( #6712 ), #4378 ) ;
#1417 = FACE_OUTER_BOUND ( 'NONE', #3556, .T. ) ;
#1418 = EDGE_LOOP ( 'NONE', ( #5196, #2877, #5271, #6579 ) ) ;
#1419 = ORIENTED_EDGE ( 'NONE', *, *, #491, .F. ) ;
#1420 = CARTESIAN_POINT ( 'NONE',  ( -4.249999999999999112, -3.299999999999999822, 1.749999999999999778 ) ) ;
#1421 = CARTESIAN_POINT ( 'NONE',  ( -4.050000000000007816, -1.780000000000000693, 0.6697014260101297189 ) ) ;
#1422 = VECTOR ( 'NONE', #5865, 1000.000000000000000 ) ;
#1423 = DIRECTION ( 'NONE',  ( 0.7071067811865472397, -0.7071067811865479058, -7.666467083416866993E-17 ) ) ;
#1424 = VERTEX_POINT ( 'NONE', #3059 ) ;
#1425 = VECTOR ( 'NONE', #3419, 1000.000000000000000 ) ;
#1426 =( LENGTH_UNIT ( ) NAMED_UNIT ( * ) SI_UNIT ( .MILLI., .METRE. ) );
#1427 = DIRECTION ( 'NONE',  ( 0.0000000000000000000, -1.000000000000000000, -6.123233995736766036E-17 ) ) ;
#1428 = SURFACE_STYLE_USAGE ( .BOTH. , #2002 ) ;
#1429 = CARTESIAN_POINT ( 'NONE',  ( 4.250000000000000888, -0.09999999999999914513, -0.8500000000000013101 ) ) ;
#1430 = SURFACE_SIDE_STYLE ('',( #2118 ) ) ;
#1431 = FILL_AREA_STYLE ('',( #249 ) ) ;
#1432 = LINE ( 'NONE', #319, #6917 ) ;
#1433 = ADVANCED_FACE ( 'NONE', ( #4729 ), #4685, .F. ) ;
#1434 = FACE_OUTER_BOUND ( 'NONE', #6044, .T. ) ;
#1435 = ORIENTED_EDGE ( 'NONE', *, *, #585, .F. ) ;
#1436 = PLANE ( 'NONE',  #4755 ) ;
#1437 = DIRECTION ( 'NONE',  ( 0.0000000000000000000, 0.0000000000000000000, -1.000000000000000000 ) ) ;
#1438 = VECTOR ( 'NONE', #1331, 1000.000000000000000 ) ;
#1439 = EDGE_CURVE ( 'NONE', #378, #3068, #2403, .T. ) ;
#1440 = CARTESIAN_POINT ( 'NONE',  ( 4.050000000000004263, -0.8200000000000005063, -1.730000000000000870 ) ) ;
#1441 = VERTEX_POINT ( 'NONE', #2953 ) ;
#1442 = VECTOR ( 'NONE', #2454, 1000.000000000000000 ) ;
#1443 = CARTESIAN_POINT ( 'NONE',  ( -2.849999999999999201, -2.200000000000000178, 1.749999999999998890 ) ) ;
#1444 = DIRECTION ( 'NONE',  ( -1.182766006347823109E-16, -0.0000000000000000000, -1.000000000000000000 ) ) ;
#1445 = LINE ( 'NONE', #2762, #5413 ) ;
#1446 = PLANE ( 'NONE',  #4407 ) ;
#1447 = SURFACE_STYLE_FILL_AREA ( #1524 ) ;
#1448 = VECTOR ( 'NONE', #4745, 1000.000000000000000 ) ;
#1449 = VERTEX_POINT ( 'NONE', #4762 ) ;
#1450 = DIRECTION ( 'NONE',  ( 0.0000000000000000000, -0.0000000000000000000, 1.000000000000000000 ) ) ;
#1451 = STYLED_ITEM ( 'NONE', ( #2383 ), #5623 ) ;
#1452 = EDGE_CURVE ( 'NONE', #5110, #5832, #94, .T. ) ;
#1453 =( NAMED_UNIT ( * ) SI_UNIT ( $, .STERADIAN. ) SOLID_ANGLE_UNIT ( ) );
#1454 = ORIENTED_EDGE ( 'NONE', *, *, #2010, .F. ) ;
#1455 = ORIENTED_EDGE ( 'NONE', *, *, #1635, .T. ) ;
#1456 = COLOUR_RGB ( '',0.7529411764705882248, 0.7529411764705882248, 0.7529411764705882248 ) ;
#1457 = VECTOR ( 'NONE', #7301, 1000.000000000000000 ) ;
#1458 = SURFACE_STYLE_USAGE ( .BOTH. , #6155 ) ;
#1459 = CARTESIAN_POINT ( 'NONE',  ( 0.3500000000000008660, -2.500000000000000000, -2.250000000000000888 ) ) ;
#1460 = CARTESIAN_POINT ( 'NONE',  ( -4.250000000000000888, -1.800000000000000266, 1.749999999999998446 ) ) ;
#1461 = AXIS2_PLACEMENT_3D ( 'NONE', #3634, #1803, #4720 ) ;
#1462 = ORIENTED_EDGE ( 'NONE', *, *, #4454, .T. ) ;
#1463 = SURFACE_STYLE_USAGE ( .BOTH. , #2033 ) ;
#1464 = UNCERTAINTY_MEASURE_WITH_UNIT (LENGTH_MEASURE( 1.000000000000000082E-05 ), #7521, 'distance_accuracy_value', 'NONE');
#1465 = CARTESIAN_POINT ( 'NONE',  ( -1.674999999999998934, 2.000000000000000000, -1.000000000000000222 ) ) ;
#1466 =( NAMED_UNIT ( * ) PLANE_ANGLE_UNIT ( ) SI_UNIT ( $, .RADIAN. ) );
#1467 = DIRECTION ( 'NONE',  ( -0.0000000000000000000, -1.000000000000000000, -0.0000000000000000000 ) ) ;
#1468 = VECTOR ( 'NONE', #1970, 1000.000000000000000 ) ;
#1469 = FACE_OUTER_BOUND ( 'NONE', #1280, .T. ) ;
#1470 = PRESENTATION_STYLE_ASSIGNMENT (( #3645 ) ) ;
#1471 = ADVANCED_FACE ( 'NONE', ( #3024 ), #5263, .F. ) ;
#1472 = DIRECTION ( 'NONE',  ( 0.0000000000000000000, 1.000000000000000000, 0.0000000000000000000 ) ) ;
#1473 = VECTOR ( 'NONE', #7069, 999.9999999999998863 ) ;
#1474 = EDGE_CURVE ( 'NONE', #7540, #4039, #23, .T. ) ;
#1475 = DIRECTION ( 'NONE',  ( 0.0000000000000000000, 0.0000000000000000000, -1.000000000000000000 ) ) ;
#1476 = EDGE_LOOP ( 'NONE', ( #4424, #5971, #6334, #1150 ) ) ;
#1477 = FACE_OUTER_BOUND ( 'NONE', #4254, .T. ) ;
#1478 = PLANE ( 'NONE',  #5477 ) ;
#1479 = CARTESIAN_POINT ( 'NONE',  ( -2.149999999999999023, -2.200000000000000178, 1.749999999999998890 ) ) ;
#1480 = LINE ( 'NONE', #2129, #360 ) ;
#1481 =( GEOMETRIC_REPRESENTATION_CONTEXT ( 3 ) GLOBAL_UNCERTAINTY_ASSIGNED_CONTEXT ( ( #3946 ) ) GLOBAL_UNIT_ASSIGNED_CONTEXT ( ( #2498, #6539, #6000 ) ) REPRESENTATION_CONTEXT ( 'NONE', 'WORKASPACE' ) );
#1482 = ORIENTED_EDGE ( 'NONE', *, *, #39, .F. ) ;
#1483 = DIRECTION ( 'NONE',  ( 0.0000000000000000000, 0.0000000000000000000, -1.000000000000000000 ) ) ;
#1484 = DIRECTION ( 'NONE',  ( -2.032879073410321553E-16, 0.0000000000000000000, -1.000000000000000000 ) ) ;
#1485 = CARTESIAN_POINT ( 'NONE',  ( -0.3499999999999989231, -2.500000000000000000, -2.250000000000000888 ) ) ;
#1486 =( LENGTH_UNIT ( ) NAMED_UNIT ( * ) SI_UNIT ( .MILLI., .METRE. ) );
#1487 = AXIS2_PLACEMENT_3D ( 'NONE', #5862, #573, #2942 ) ;
#1488 = DIRECTION ( 'NONE',  ( -0.0000000000000000000, -0.0000000000000000000, 1.000000000000000000 ) ) ;
#1489 = SURFACE_STYLE_USAGE ( .BOTH. , #3360 ) ;
#1490 = EDGE_LOOP ( 'NONE', ( #7467, #2626, #159, #4759 ) ) ;
#1491 = DIRECTION ( 'NONE',  ( -3.410973126920686698E-15, 1.000000000000000000, -0.0000000000000000000 ) ) ;
#1492 = ORIENTED_EDGE ( 'NONE', *, *, #6838, .T. ) ;
#1493 = ORIENTED_EDGE ( 'NONE', *, *, #6754, .F. ) ;
#1494 = CARTESIAN_POINT ( 'NONE',  ( 2.150000000000000799, -2.200000000000000178, 1.749999999999998890 ) ) ;
#1495 = SURFACE_STYLE_FILL_AREA ( #6855 ) ;
#1496 = EDGE_CURVE ( 'NONE', #3299, #3962, #1291, .T. ) ;
#1497 = FACE_OUTER_BOUND ( 'NONE', #3246, .T. ) ;
#1498 = ADVANCED_FACE ( 'NONE', ( #1812 ), #4255, .T. ) ;
#1499 = AXIS2_PLACEMENT_3D ( 'NONE', #2080, #4446, #1932 ) ;
#1500 = FILL_AREA_STYLE ('',( #454 ) ) ;
#1501 = ORIENTED_EDGE ( 'NONE', *, *, #5255, .T. ) ;
#1502 = SURFACE_STYLE_USAGE ( .BOTH. , #5585 ) ;
#1503 = PRESENTATION_LAYER_ASSIGNMENT (  '', '', ( #3732 ) ) ;
#1504 = DIRECTION ( 'NONE',  ( 0.7071067811865470176, 0.0000000000000000000, -0.7071067811865481278 ) ) ;
#1505 = PLANE ( 'NONE',  #3522 ) ;
#1506 = SURFACE_STYLE_FILL_AREA ( #6790 ) ;
#1507 = DIRECTION ( 'NONE',  ( 2.032879073410321307E-16, -0.0000000000000000000, 1.000000000000000000 ) ) ;
#1508 = DIRECTION ( 'NONE',  ( 1.000000000000000000, -3.410973126920686698E-15, 0.0000000000000000000 ) ) ;
#1509 = DIRECTION ( 'NONE',  ( 0.0000000000000000000, 0.0000000000000000000, 1.000000000000000000 ) ) ;
#1510 = DIRECTION ( 'NONE',  ( -1.000000000000000000, 0.0000000000000000000, -0.0000000000000000000 ) ) ;
#1511 = ORIENTED_EDGE ( 'NONE', *, *, #607, .F. ) ;
#1512 = ORIENTED_EDGE ( 'NONE', *, *, #2026, .T. ) ;
#1513 = CARTESIAN_POINT ( 'NONE',  ( -2.499999999999999112, -2.200000000000000178, 5.399999999999998579 ) ) ;
#1514 = CARTESIAN_POINT ( 'NONE',  ( 2.999999999999998668, 0.0000000000000000000, -1.320000000000000506 ) ) ;
#1515 = LINE ( 'NONE', #2011, #5669 ) ;
#1516 = FILL_AREA_STYLE ('',( #6803 ) ) ;
#1517 = AXIS2_PLACEMENT_3D ( 'NONE', #3027, #5375, #6530 ) ;
#1518 = VERTEX_POINT ( 'NONE', #4986 ) ;
#1519 = FILL_AREA_STYLE_COLOUR ( '', #7232 ) ;
#1520 = EDGE_CURVE ( 'NONE', #1139, #5754, #208, .T. ) ;
#1521 = SURFACE_STYLE_FILL_AREA ( #2727 ) ;
#1522 = DIRECTION ( 'NONE',  ( 1.000000000000000000, 0.0000000000000000000, 0.0000000000000000000 ) ) ;
#1523 = EDGE_CURVE ( 'NONE', #716, #5782, #7370, .T. ) ;
#1524 = FILL_AREA_STYLE ('',( #373 ) ) ;
#1525 = ORIENTED_EDGE ( 'NONE', *, *, #4454, .F. ) ;
#1526 =( GEOMETRIC_REPRESENTATION_CONTEXT ( 3 ) GLOBAL_UNCERTAINTY_ASSIGNED_CONTEXT ( ( #3515 ) ) GLOBAL_UNIT_ASSIGNED_CONTEXT ( ( #2781, #5672, #3977 ) ) REPRESENTATION_CONTEXT ( 'NONE', 'WORKASPACE' ) );
#1527 = EDGE_CURVE ( 'NONE', #1799, #1209, #5510, .T. ) ;
#1528 = EDGE_CURVE ( 'NONE', #4976, #7104, #7335, .T. ) ;
#1529 = FACE_OUTER_BOUND ( 'NONE', #4132, .T. ) ;
#1530 = ORIENTED_EDGE ( 'NONE', *, *, #2090, .T. ) ;
#1531 = ORIENTED_EDGE ( 'NONE', *, *, #6112, .F. ) ;
#1532 = LINE ( 'NONE', #5579, #5602 ) ;
#1533 = CARTESIAN_POINT ( 'NONE',  ( 4.000000000000001776, 0.2000000000000000111, -0.8500000000000013101 ) ) ;
#1534 = LINE ( 'NONE', #6120, #617 ) ;
#1535 = STYLED_ITEM ( 'NONE', ( #5188 ), #3475 ) ;
#1536 = STYLED_ITEM ( 'NONE', ( #2780 ), #935 ) ;
#1537 = VERTEX_POINT ( 'NONE', #2674 ) ;
#1538 = DIRECTION ( 'NONE',  ( 0.0000000000000000000, 0.0000000000000000000, -1.000000000000000000 ) ) ;
#1539 = ADVANCED_FACE ( 'NONE', ( #792 ), #5028, .T. ) ;
#1540 = MECHANICAL_DESIGN_GEOMETRIC_PRESENTATION_REPRESENTATION (  '', ( #6211 ), #558 ) ;
#1541 = DIRECTION ( 'NONE',  ( 0.0000000000000000000, 0.0000000000000000000, -1.000000000000000000 ) ) ;
#1542 = CARTESIAN_POINT ( 'NONE',  ( -4.050000000000001599, -0.8000000000000000444, 0.8999999999999993561 ) ) ;
#1543 = LINE ( 'NONE', #2197, #2364 ) ;
#1544 = STYLED_ITEM ( 'NONE', ( #3076 ), #2847 ) ;
#1545 = CARTESIAN_POINT ( 'NONE',  ( -4.249999999999999112, 0.2000000000000000111, 0.8999999999999994671 ) ) ;
#1546 = ORIENTED_EDGE ( 'NONE', *, *, #6542, .T. ) ;
#1547 = SURFACE_SIDE_STYLE ('',( #2913 ) ) ;
#1548 = VERTEX_POINT ( 'NONE', #2559 ) ;
#1549 = DIRECTION ( 'NONE',  ( -0.0000000000000000000, -0.0000000000000000000, -1.000000000000000000 ) ) ;
#1550 = VECTOR ( 'NONE', #2496, 1000.000000000000114 ) ;
#1551 = CARTESIAN_POINT ( 'NONE',  ( 0.3500000000000008660, -2.200000000000000178, 1.749999999999998890 ) ) ;
#1552 = EDGE_CURVE ( 'NONE', #1350, #7515, #6788, .T. ) ;
#1553 = SURFACE_SIDE_STYLE ('',( #7456 ) ) ;
#1554 = VERTEX_POINT ( 'NONE', #4437 ) ;
#1555 = PLANE ( 'NONE',  #5805 ) ;
#1556 = SURFACE_STYLE_FILL_AREA ( #947 ) ;
#1557 = VECTOR ( 'NONE', #4379, 1000.000000000000000 ) ;
#1558 = CARTESIAN_POINT ( 'NONE',  ( -3.919999999999999929, 0.2000000000000000111, -1.319999999999999174 ) ) ;
#1559 = PRESENTATION_LAYER_ASSIGNMENT (  '', '', ( #3690 ) ) ;
#1560 = DIRECTION ( 'NONE',  ( 0.0000000000000000000, 0.0000000000000000000, -1.000000000000000000 ) ) ;
#1561 = LINE ( 'NONE', #6809, #6691 ) ;
#1562 = ORIENTED_EDGE ( 'NONE', *, *, #2746, .T. ) ;
#1563 = ADVANCED_FACE ( 'NONE', ( #2634 ), #5586, .F. ) ;
#1564 = PRESENTATION_LAYER_ASSIGNMENT (  '', '', ( #4284 ) ) ;
#1565 = FILL_AREA_STYLE ('',( #1032 ) ) ;
#1566 = ORIENTED_EDGE ( 'NONE', *, *, #2875, .F. ) ;
#1567 = VERTEX_POINT ( 'NONE', #3751 ) ;
#1568 = LINE ( 'NONE', #4977, #5735 ) ;
#1569 = STYLED_ITEM ( 'NONE', ( #4452 ), #1367 ) ;
#1570 = DIRECTION ( 'NONE',  ( 1.000000000000000000, -0.0000000000000000000, -0.0000000000000000000 ) ) ;
#1571 = SURFACE_SIDE_STYLE ('',( #4007 ) ) ;
#1572 = MECHANICAL_DESIGN_GEOMETRIC_PRESENTATION_REPRESENTATION (  '', ( #6016 ), #7002 ) ;
#1573 = VERTEX_POINT ( 'NONE', #6195 ) ;
#1574 = ADVANCED_FACE ( 'NONE', ( #6126 ), #3169, .F. ) ;
#1575 = LINE ( 'NONE', #2114, #6047 ) ;
#1576 = VECTOR ( 'NONE', #7524, 1000.000000000000000 ) ;
#1577 = CARTESIAN_POINT ( 'NONE',  ( 3.850000000000001421, 9.486769009248163798E-17, -0.9500000000000013989 ) ) ;
#1578 = PLANE ( 'NONE',  #5479 ) ;
#1579 = CARTESIAN_POINT ( 'NONE',  ( 4.250000000000000888, -3.299999999999999822, -1.500000000000000888 ) ) ;
#1580 = SURFACE_STYLE_FILL_AREA ( #4515 ) ;
#1581 = CARTESIAN_POINT ( 'NONE',  ( 2.150000000000001243, -2.200000000000000178, 2.549999999999998934 ) ) ;
#1582 = STYLED_ITEM ( 'NONE', ( #6440 ), #3873 ) ;
#1583 = LINE ( 'NONE', #903, #4170 ) ;
#1584 = ORIENTED_EDGE ( 'NONE', *, *, #6706, .T. ) ;
#1585 = SURFACE_STYLE_USAGE ( .BOTH. , #4062 ) ;
#1586 = VERTEX_POINT ( 'NONE', #5449 ) ;
#1587 = CARTESIAN_POINT ( 'NONE',  ( -2.149999999999999023, -2.200000000000000178, -1.750000000000000222 ) ) ;
#1588 = DIRECTION ( 'NONE',  ( 0.0000000000000000000, 0.0000000000000000000, 1.000000000000000000 ) ) ;
#1589 = CARTESIAN_POINT ( 'NONE',  ( 4.050000000000001599, -1.800000000000000266, 1.749999999999998446 ) ) ;
#1590 = ADVANCED_FACE ( 'NONE', ( #4595 ), #5624, .T. ) ;
#1591 = DIRECTION ( 'NONE',  ( -0.0000000000000000000, -0.0000000000000000000, 1.000000000000000000 ) ) ;
#1592 = AXIS2_PLACEMENT_3D ( 'NONE', #1047, #3403, #4058 ) ;
#1593 = LINE ( 'NONE', #944, #1927 ) ;
#1594 = EDGE_LOOP ( 'NONE', ( #1062, #19, #5633, #2718, #7143, #2651 ) ) ;
#1595 = DIRECTION ( 'NONE',  ( -1.000000000000000000, 0.0000000000000000000, 0.0000000000000000000 ) ) ;
#1596 = CARTESIAN_POINT ( 'NONE',  ( -0.5500000000000000444, 2.000000000000000000, -2.250000000000000888 ) ) ;
#1597 = DIRECTION ( 'NONE',  ( -1.000000000000000000, -0.0000000000000000000, -0.0000000000000000000 ) ) ;
#1598 = PRESENTATION_STYLE_ASSIGNMENT (( #6773 ) ) ;
#1599 = VERTEX_POINT ( 'NONE', #2232 ) ;
#1600 = FILL_AREA_STYLE ('',( #4773 ) ) ;
#1601 = VERTEX_POINT ( 'NONE', #5747 ) ;
#1602 = ORIENTED_EDGE ( 'NONE', *, *, #3616, .F. ) ;
#1603 = EDGE_CURVE ( 'NONE', #5056, #1554, #5896, .T. ) ;
#1604 = DIRECTION ( 'NONE',  ( -0.0000000000000000000, -1.000000000000000000, -0.0000000000000000000 ) ) ;
#1605 = COLOUR_RGB ( '',0.7529411764705882248, 0.7529411764705882248, 0.7529411764705882248 ) ;
#1606 = LINE ( 'NONE', #3324, #2059 ) ;
#1607 = PRESENTATION_STYLE_ASSIGNMENT (( #5099 ) ) ;
#1608 = EDGE_CURVE ( 'NONE', #1111, #5860, #3372, .T. ) ;
#1609 = ORIENTED_EDGE ( 'NONE', *, *, #235, .F. ) ;
#1610 = ORIENTED_EDGE ( 'NONE', *, *, #7559, .F. ) ;
#1611 = UNCERTAINTY_MEASURE_WITH_UNIT (LENGTH_MEASURE( 1.000000000000000082E-05 ), #1690, 'distance_accuracy_value', 'NONE');
#1612 = CARTESIAN_POINT ( 'NONE',  ( 2.850000000000000977, -2.200000000000000178, 1.749999999999998890 ) ) ;
#1613 = CARTESIAN_POINT ( 'NONE',  ( -4.250000000000006217, -2.949999999999999734, 1.499999999999998890 ) ) ;
#1614 = DIRECTION ( 'NONE',  ( -1.000000000000000000, 0.0000000000000000000, 0.0000000000000000000 ) ) ;
#1615 = SURFACE_SIDE_STYLE ('',( #1580 ) ) ;
#1616 = EDGE_CURVE ( 'NONE', #6426, #7540, #5067, .T. ) ;
#1617 = EDGE_CURVE ( 'NONE', #5417, #142, #1082, .T. ) ;
#1618 = FACE_BOUND ( 'NONE', #529, .T. ) ;
#1619 = CIRCLE ( 'NONE', #1009, 0.6500000000000000222 ) ;
#1620 = CARTESIAN_POINT ( 'NONE',  ( -2.999999999999999556, 0.0000000000000000000, 1.700000000000000400 ) ) ;
#1621 =( GEOMETRIC_REPRESENTATION_CONTEXT ( 3 ) GLOBAL_UNCERTAINTY_ASSIGNED_CONTEXT ( ( #4113 ) ) GLOBAL_UNIT_ASSIGNED_CONTEXT ( ( #4933, #1985, #1412 ) ) REPRESENTATION_CONTEXT ( 'NONE', 'WORKASPACE' ) );
#1622 = EDGE_CURVE ( 'NONE', #6380, #1722, #930, .T. ) ;
#1623 = MECHANICAL_DESIGN_GEOMETRIC_PRESENTATION_REPRESENTATION (  '', ( #7536 ), #897 ) ;
#1624 = CARTESIAN_POINT ( 'NONE',  ( -2.999999999999999556, 0.2000000000000000111, 1.320000000000000284 ) ) ;
#1625 = PRESENTATION_STYLE_ASSIGNMENT (( #3904 ) ) ;
#1626 = ORIENTED_EDGE ( 'NONE', *, *, #7162, .F. ) ;
#1627 = SURFACE_SIDE_STYLE ('',( #2156 ) ) ;
#1628 = UNCERTAINTY_MEASURE_WITH_UNIT (LENGTH_MEASURE( 1.000000000000000082E-05 ), #2360, 'distance_accuracy_value', 'NONE');
#1629 = UNCERTAINTY_MEASURE_WITH_UNIT (LENGTH_MEASURE( 1.000000000000000082E-05 ), #1127, 'distance_accuracy_value', 'NONE');
#1630 = DIRECTION ( 'NONE',  ( 0.7071067811865474617, -0.7071067811865474617, 0.0000000000000000000 ) ) ;
#1631 = DIRECTION ( 'NONE',  ( 0.7071067811865501263, 0.7071067811865449082, 0.0000000000000000000 ) ) ;
#1632 = ORIENTED_EDGE ( 'NONE', *, *, #2793, .F. ) ;
#1633 = LINE ( 'NONE', #3952, #2981 ) ;
#1634 = CARTESIAN_POINT ( 'NONE',  ( -4.249999999999999112, 0.2000000000000000111, -0.8999999999999999112 ) ) ;
#1635 = EDGE_CURVE ( 'NONE', #7113, #6875, #4636, .T. ) ;
#1636 = LINE ( 'NONE', #3989, #6212 ) ;
#1637 = FACE_OUTER_BOUND ( 'NONE', #1780, .T. ) ;
#1638 =( NAMED_UNIT ( * ) PLANE_ANGLE_UNIT ( ) SI_UNIT ( $, .RADIAN. ) );
#1639 = CARTESIAN_POINT ( 'NONE',  ( 2.999999999999998668, 0.0000000000000000000, 1.699999999999999956 ) ) ;
#1640 = EDGE_LOOP ( 'NONE', ( #6627, #3639, #924, #455, #5558, #2795 ) ) ;
#1641 = SURFACE_SIDE_STYLE ('',( #1070 ) ) ;
#1642 = ORIENTED_EDGE ( 'NONE', *, *, #3176, .T. ) ;
#1643 = ORIENTED_EDGE ( 'NONE', *, *, #296, .F. ) ;
#1644 = ORIENTED_EDGE ( 'NONE', *, *, #4269, .T. ) ;
#1645 =( NAMED_UNIT ( * ) PLANE_ANGLE_UNIT ( ) SI_UNIT ( $, .RADIAN. ) );
#1646 = FILL_AREA_STYLE_COLOUR ( '', #5524 ) ;
#1647 = PRESENTATION_LAYER_ASSIGNMENT (  '', '', ( #4984 ) ) ;
#1648 = CARTESIAN_POINT ( 'NONE',  ( 2.149999999999999911, 0.0000000000000000000, 1.050000000000000044 ) ) ;
#1649 = VERTEX_POINT ( 'NONE', #4478 ) ;
#1650 = ORIENTED_EDGE ( 'NONE', *, *, #2300, .F. ) ;
#1651 = SURFACE_STYLE_USAGE ( .BOTH. , #6939 ) ;
#1652 = CARTESIAN_POINT ( 'NONE',  ( -0.4375000000000000555, 1.887500000000000178, 1.000000000000000000 ) ) ;
#1653 =( NAMED_UNIT ( * ) SI_UNIT ( $, .STERADIAN. ) SOLID_ANGLE_UNIT ( ) );
#1654 = VECTOR ( 'NONE', #2504, 1000.000000000000000 ) ;
#1655 = ADVANCED_FACE ( 'NONE', ( #6234 ), #970, .F. ) ;
#1656 =( NAMED_UNIT ( * ) PLANE_ANGLE_UNIT ( ) SI_UNIT ( $, .RADIAN. ) );
#1657 = CARTESIAN_POINT ( 'NONE',  ( 2.149999999999999911, 0.2000000000000000111, 1.050000000000000044 ) ) ;
#1658 = VECTOR ( 'NONE', #3581, 1000.000000000000000 ) ;
#1659 = AXIS2_PLACEMENT_3D ( 'NONE', #5636, #6287, #3225 ) ;
#1660 = ORIENTED_EDGE ( 'NONE', *, *, #6668, .T. ) ;
#1661 = FACE_OUTER_BOUND ( 'NONE', #1129, .T. ) ;
#1662 = VERTEX_POINT ( 'NONE', #1652 ) ;
#1663 = CARTESIAN_POINT ( 'NONE',  ( 4.050000000000004263, -0.8200000000000008393, 1.729999999999998872 ) ) ;
#1664 = CARTESIAN_POINT ( 'NONE',  ( -2.500000000000000000, -2.200000000000000178, 0.0000000000000000000 ) ) ;
#1665 = CARTESIAN_POINT ( 'NONE',  ( -0.7749999999999998002, 2.000000000000000000, -2.250000000000000888 ) ) ;
#1666 = ADVANCED_FACE ( 'NONE', ( #3400 ), #3895, .F. ) ;
#1667 = COLOUR_RGB ( '',0.7529411764705882248, 0.7529411764705882248, 0.7529411764705882248 ) ;
#1668 = DIRECTION ( 'NONE',  ( 1.000000000000000000, 0.0000000000000000000, -2.356961244533705420E-16 ) ) ;
#1669 = PRESENTATION_LAYER_ASSIGNMENT (  '', '', ( #1544 ) ) ;
#1670 = ORIENTED_EDGE ( 'NONE', *, *, #5564, .F. ) ;
#1671 = CARTESIAN_POINT ( 'NONE',  ( 4.250000000000000888, -1.800000000000000488, 0.0000000000000000000 ) ) ;
#1672 = ADVANCED_FACE ( 'NONE', ( #621 ), #1802, .T. ) ;
#1673 = CARTESIAN_POINT ( 'NONE',  ( -2.849999999999998757, -2.200000000000000178, -2.250000000000000888 ) ) ;
#1674 = FILL_AREA_STYLE ('',( #2381 ) ) ;
#1675 = VERTEX_POINT ( 'NONE', #660 ) ;
#1676 = CARTESIAN_POINT ( 'NONE',  ( 4.050000000000001599, -1.800000000000000044, -1.750000000000000888 ) ) ;
#1677 = FILL_AREA_STYLE ('',( #5811 ) ) ;
#1678 = ORIENTED_EDGE ( 'NONE', *, *, #4270, .F. ) ;
#1679 = VECTOR ( 'NONE', #5001, 1000.000000000000000 ) ;
#1680 = ORIENTED_EDGE ( 'NONE', *, *, #2815, .F. ) ;
#1681 = LINE ( 'NONE', #7546, #6837 ) ;
#1682 = DIRECTION ( 'NONE',  ( 2.356961244533702462E-16, -0.0000000000000000000, 1.000000000000000000 ) ) ;
#1683 = DIRECTION ( 'NONE',  ( 0.0000000000000000000, -1.000000000000000000, -6.123233995736766036E-17 ) ) ;
#1684 = ADVANCED_FACE ( 'NONE', ( #5907 ), #4824, .F. ) ;
#1685 = CARTESIAN_POINT ( 'NONE',  ( -4.050000000000004263, -0.8199999999999715294, 0.8499999999999989786 ) ) ;
#1686 = PRESENTATION_LAYER_ASSIGNMENT (  '', '', ( #5147 ) ) ;
#1687 = ORIENTED_EDGE ( 'NONE', *, *, #5936, .T. ) ;
#1688 = ORIENTED_EDGE ( 'NONE', *, *, #5182, .F. ) ;
#1689 =( LENGTH_UNIT ( ) NAMED_UNIT ( * ) SI_UNIT ( .MILLI., .METRE. ) );
#1690 =( LENGTH_UNIT ( ) NAMED_UNIT ( * ) SI_UNIT ( .MILLI., .METRE. ) );
#1691 = COLOUR_RGB ( '',0.7529411764705882248, 0.7529411764705882248, 0.7529411764705882248 ) ;
#1692 = FACE_OUTER_BOUND ( 'NONE', #6936, .T. ) ;
#1693 =( LENGTH_UNIT ( ) NAMED_UNIT ( * ) SI_UNIT ( .MILLI., .METRE. ) );
#1694 =( GEOMETRIC_REPRESENTATION_CONTEXT ( 3 ) GLOBAL_UNCERTAINTY_ASSIGNED_CONTEXT ( ( #6937 ) ) GLOBAL_UNIT_ASSIGNED_CONTEXT ( ( #3343, #396, #1053 ) ) REPRESENTATION_CONTEXT ( 'NONE', 'WORKASPACE' ) );
#1695 = DIRECTION ( 'NONE',  ( 1.000000000000000000, 0.0000000000000000000, 0.0000000000000000000 ) ) ;
#1696 =( GEOMETRIC_REPRESENTATION_CONTEXT ( 3 ) GLOBAL_UNCERTAINTY_ASSIGNED_CONTEXT ( ( #3456 ) ) GLOBAL_UNIT_ASSIGNED_CONTEXT ( ( #224, #1911, #5390 ) ) REPRESENTATION_CONTEXT ( 'NONE', 'WORKASPACE' ) );
#1697 = DIRECTION ( 'NONE',  ( 1.000000000000000000, 0.0000000000000000000, -7.228014483236698281E-17 ) ) ;
#1698 = PRESENTATION_LAYER_ASSIGNMENT (  '', '', ( #4177 ) ) ;
#1699 = VECTOR ( 'NONE', #273, 1000.000000000000000 ) ;
#1700 = VERTEX_POINT ( 'NONE', #86 ) ;
#1701 = EDGE_CURVE ( 'NONE', #5860, #4715, #1733, .T. ) ;
#1702 = STYLED_ITEM ( 'NONE', ( #12 ), #3787 ) ;
#1703 = ORIENTED_EDGE ( 'NONE', *, *, #3238, .T. ) ;
#1704 = DIRECTION ( 'NONE',  ( -0.0000000000000000000, -1.000000000000000000, -0.0000000000000000000 ) ) ;
#1705 = EDGE_CURVE ( 'NONE', #6779, #4239, #5252, .T. ) ;
#1706 = FACE_OUTER_BOUND ( 'NONE', #5496, .T. ) ;
#1707 = VECTOR ( 'NONE', #5918, 1000.000000000000000 ) ;
#1708 = DIRECTION ( 'NONE',  ( 0.0000000000000000000, 0.0000000000000000000, 1.000000000000000000 ) ) ;
#1709 = VECTOR ( 'NONE', #4385, 1000.000000000000000 ) ;
#1710 = EDGE_CURVE ( 'NONE', #1554, #2569, #2313, .T. ) ;
#1711 = AXIS2_PLACEMENT_3D ( 'NONE', #6078, #3618, #4202 ) ;
#1712 =( NAMED_UNIT ( * ) SI_UNIT ( $, .STERADIAN. ) SOLID_ANGLE_UNIT ( ) );
#1713 = VECTOR ( 'NONE', #5211, 1000.000000000000000 ) ;
#1714 = VERTEX_POINT ( 'NONE', #1393 ) ;
#1715 = DIRECTION ( 'NONE',  ( 0.0000000000000000000, 0.0000000000000000000, 1.000000000000000000 ) ) ;
#1716 = EDGE_CURVE ( 'NONE', #3568, #3194, #7290, .T. ) ;
#1717 = LINE ( 'NONE', #2380, #4438 ) ;
#1718 = CARTESIAN_POINT ( 'NONE',  ( -2.249999999999998668, -2.200000000000000178, 5.399999999999998579 ) ) ;
#1719 = ORIENTED_EDGE ( 'NONE', *, *, #2029, .T. ) ;
#1720 = DIRECTION ( 'NONE',  ( 0.0000000000000000000, 0.0000000000000000000, -1.000000000000000000 ) ) ;
#1721 = CARTESIAN_POINT ( 'NONE',  ( -1.899999999999999023, 2.000000000000000000, 1.000000000000000000 ) ) ;
#1722 = VERTEX_POINT ( 'NONE', #5016 ) ;
#1723 = MECHANICAL_DESIGN_GEOMETRIC_PRESENTATION_REPRESENTATION (  '', ( #3455 ), #7030 ) ;
#1724 = ORIENTED_EDGE ( 'NONE', *, *, #4809, .T. ) ;
#1725 = PLANE ( 'NONE',  #1337 ) ;
#1726 = ORIENTED_EDGE ( 'NONE', *, *, #1735, .T. ) ;
#1727 = CARTESIAN_POINT ( 'NONE',  ( 4.050000000000007816, -1.780000000000000693, 1.729999999999998872 ) ) ;
#1728 = UNCERTAINTY_MEASURE_WITH_UNIT (LENGTH_MEASURE( 1.000000000000000082E-05 ), #7405, 'distance_accuracy_value', 'NONE');
#1729 = ORIENTED_EDGE ( 'NONE', *, *, #5519, .T. ) ;
#1730 = ORIENTED_EDGE ( 'NONE', *, *, #6431, .T. ) ;
#1731 = EDGE_CURVE ( 'NONE', #3096, #3252, #4356, .T. ) ;
#1732 = LINE ( 'NONE', #7474, #3223 ) ;
#1733 = LINE ( 'NONE', #1882, #2044 ) ;
#1734 = SURFACE_STYLE_USAGE ( .BOTH. , #5253 ) ;
#1735 = EDGE_CURVE ( 'NONE', #7587, #2506, #6017, .T. ) ;
#1736 = DIRECTION ( 'NONE',  ( 1.000000000000000000, -0.0000000000000000000, -0.0000000000000000000 ) ) ;
#1737 = STYLED_ITEM ( 'NONE', ( #4391 ), #6901 ) ;
#1738 = CARTESIAN_POINT ( 'NONE',  ( 0.3500000000000011435, -2.200000000000000178, 2.549999999999998934 ) ) ;
#1739 = CARTESIAN_POINT ( 'NONE',  ( -0.2125000000000002998, 1.887500000000000178, -1.000000000000000222 ) ) ;
#1740 = ORIENTED_EDGE ( 'NONE', *, *, #1142, .F. ) ;
#1741 = PRESENTATION_STYLE_ASSIGNMENT (( #7036 ) ) ;
#1742 = ORIENTED_EDGE ( 'NONE', *, *, #1231, .T. ) ;
#1743 = CARTESIAN_POINT ( 'NONE',  ( -2.299999999999999822, 0.2000000000000000111, -1.199999999999999956 ) ) ;
#1744 = DIRECTION ( 'NONE',  ( -0.0000000000000000000, -1.000000000000000000, -0.0000000000000000000 ) ) ;
#1745 = AXIS2_PLACEMENT_3D ( 'NONE', #5022, #3132, #240 ) ;
#1746 = UNCERTAINTY_MEASURE_WITH_UNIT (LENGTH_MEASURE( 1.000000000000000082E-05 ), #4431, 'distance_accuracy_value', 'NONE');
#1747 = ORIENTED_EDGE ( 'NONE', *, *, #5922, .F. ) ;
#1748 = CARTESIAN_POINT ( 'NONE',  ( -2.149999999999999911, 0.2000000000000000111, -1.050000000000000044 ) ) ;
#1749 = CARTESIAN_POINT ( 'NONE',  ( -2.249999999999999112, -2.500000000000000000, 2.649999999999998579 ) ) ;
#1750 = DIRECTION ( 'NONE',  ( -1.000000000000000000, 0.0000000000000000000, 0.0000000000000000000 ) ) ;
#1751 = SURFACE_STYLE_USAGE ( .BOTH. , #5201 ) ;
#1752 = SURFACE_STYLE_FILL_AREA ( #1674 ) ;
#1753 = ORIENTED_EDGE ( 'NONE', *, *, #4072, .T. ) ;
#1754 = CARTESIAN_POINT ( 'NONE',  ( 4.250000000000000888, -3.299999999999999822, -1.750000000000000666 ) ) ;
#1755 = CARTESIAN_POINT ( 'NONE',  ( -2.749999999999999112, -2.200000000000000178, 2.649999999999998579 ) ) ;
#1756 = ORIENTED_EDGE ( 'NONE', *, *, #2026, .F. ) ;
#1757 = ORIENTED_EDGE ( 'NONE', *, *, #1964, .T. ) ;
#1758 = PLANE ( 'NONE',  #3039 ) ;
#1759 = UNCERTAINTY_MEASURE_WITH_UNIT (LENGTH_MEASURE( 1.000000000000000082E-05 ), #2798, 'distance_accuracy_value', 'NONE');
#1760 = CARTESIAN_POINT ( 'NONE',  ( -4.000000000000001776, 0.0000000000000000000, 0.8499999999999994227 ) ) ;
#1761 = ORIENTED_EDGE ( 'NONE', *, *, #2732, .T. ) ;
#1762 = ADVANCED_FACE ( 'NONE', ( #6119 ), #2663, .F. ) ;
#1763 = ORIENTED_EDGE ( 'NONE', *, *, #5966, .F. ) ;
#1764 = ORIENTED_EDGE ( 'NONE', *, *, #1356, .T. ) ;
#1765 = FACE_OUTER_BOUND ( 'NONE', #2023, .T. ) ;
#1766 = AXIS2_PLACEMENT_3D ( 'NONE', #2991, #97, #4804 ) ;
#1767 = DIRECTION ( 'NONE',  ( 1.000000000000000000, 3.410973126920686698E-15, 0.0000000000000000000 ) ) ;
#1768 = CARTESIAN_POINT ( 'NONE',  ( 3.049999999999998934, 0.2000000000000000111, -1.370000000000000551 ) ) ;
#1769 = LINE ( 'NONE', #1804, #1422 ) ;
#1770 = PLANE ( 'NONE',  #5308 ) ;
#1771 = PLANE ( 'NONE',  #5946 ) ;
#1772 = UNCERTAINTY_MEASURE_WITH_UNIT (LENGTH_MEASURE( 1.000000000000000082E-05 ), #7535, 'distance_accuracy_value', 'NONE');
#1773 = ORIENTED_EDGE ( 'NONE', *, *, #146, .F. ) ;
#1774 = VERTEX_POINT ( 'NONE', #4897 ) ;
#1775 = DIRECTION ( 'NONE',  ( 0.0000000000000000000, 0.0000000000000000000, 1.000000000000000000 ) ) ;
#1776 = ORIENTED_EDGE ( 'NONE', *, *, #7145, .T. ) ;
#1777 = LINE ( 'NONE', #5187, #1707 ) ;
#1778 = SURFACE_STYLE_FILL_AREA ( #4764 ) ;
#1779 = DIRECTION ( 'NONE',  ( -1.020425574104004122E-16, 0.0000000000000000000, -1.000000000000000000 ) ) ;
#1780 = EDGE_LOOP ( 'NONE', ( #5133, #1041, #5164, #2422 ) ) ;
#1781 = CARTESIAN_POINT ( 'NONE',  ( 0.0000000000000000000, 2.000000000000000000, 1.000000000000000000 ) ) ;
#1782 = EDGE_CURVE ( 'NONE', #6931, #2583, #1318, .T. ) ;
#1783 = VECTOR ( 'NONE', #2682, 1000.000000000000000 ) ;
#1784 = CIRCLE ( 'NONE', #5977, 0.2500000000000002220 ) ;
#1785 = DIRECTION ( 'NONE',  ( -1.000000000000000000, -0.0000000000000000000, -7.228014483236703458E-16 ) ) ;
#1786 = VERTEX_POINT ( 'NONE', #817 ) ;
#1787 = LINE ( 'NONE', #3695, #1658 ) ;
#1788 = CARTESIAN_POINT ( 'NONE',  ( 4.250000000000000888, -0.09999999999999914513, 0.8499999999999989786 ) ) ;
#1789 = DIRECTION ( 'NONE',  ( -0.0000000000000000000, -0.0000000000000000000, 1.000000000000000000 ) ) ;
#1790 = FACE_OUTER_BOUND ( 'NONE', #4451, .T. ) ;
#1791 = DIRECTION ( 'NONE',  ( 0.7071067811865474617, -0.7071067811865474617, -7.666467083416870691E-17 ) ) ;
#1792 = ORIENTED_EDGE ( 'NONE', *, *, #306, .F. ) ;
#1793 = FILL_AREA_STYLE_COLOUR ( '', #5742 ) ;
#1794 = LINE ( 'NONE', #4167, #6265 ) ;
#1795 = ADVANCED_FACE ( 'NONE', ( #3671 ), #2511, .F. ) ;
#1796 = ORIENTED_EDGE ( 'NONE', *, *, #5939, .T. ) ;
#1797 = CARTESIAN_POINT ( 'NONE',  ( 2.999999999999998668, 0.2000000000000000111, 1.319999999999999840 ) ) ;
#1798 = EDGE_CURVE ( 'NONE', #3852, #5309, #3128, .T. ) ;
#1799 = VERTEX_POINT ( 'NONE', #1459 ) ;
#1800 = ORIENTED_EDGE ( 'NONE', *, *, #706, .T. ) ;
#1801 = DIRECTION ( 'NONE',  ( -1.000000000000000000, 0.0000000000000000000, 2.356961244533702462E-16 ) ) ;
#1802 = PLANE ( 'NONE',  #714 ) ;
#1803 = DIRECTION ( 'NONE',  ( -0.0000000000000000000, -0.0000000000000000000, -1.000000000000000000 ) ) ;
#1804 = CARTESIAN_POINT ( 'NONE',  ( 0.3500000000000008660, -2.200000000000000178, 1.749999999999998890 ) ) ;
#1805 = COLOUR_RGB ( '',0.7529411764705882248, 0.7529411764705882248, 0.7529411764705882248 ) ;
#1806 = AXIS2_PLACEMENT_3D ( 'NONE', #4719, #5361, #7067 ) ;
#1807 = FILL_AREA_STYLE_COLOUR ( '', #754 ) ;
#1808 = ORIENTED_EDGE ( 'NONE', *, *, #6998, .T. ) ;
#1809 = VECTOR ( 'NONE', #3830, 1000.000000000000000 ) ;
#1810 = CARTESIAN_POINT ( 'NONE',  ( 0.0000000000000000000, 0.0000000000000000000, 1.000000000000000000 ) ) ;
#1811 = ORIENTED_EDGE ( 'NONE', *, *, #3711, .F. ) ;
#1812 = FACE_OUTER_BOUND ( 'NONE', #665, .T. ) ;
#1813 = LINE ( 'NONE', #4687, #4051 ) ;
#1814 = PLANE ( 'NONE',  #3322 ) ;
#1815 = ORIENTED_EDGE ( 'NONE', *, *, #6431, .F. ) ;
#1816 = LINE ( 'NONE', #4912, #1468 ) ;
#1817 = MECHANICAL_DESIGN_GEOMETRIC_PRESENTATION_REPRESENTATION (  '', ( #7252 ), #2058 ) ;
#1818 = STYLED_ITEM ( 'NONE', ( #4988 ), #3577 ) ;
#1819 = FACE_OUTER_BOUND ( 'NONE', #5087, .T. ) ;
#1820 = EDGE_LOOP ( 'NONE', ( #79, #5386, #1687, #1757, #4049, #6244 ) ) ;
#1821 = EDGE_CURVE ( 'NONE', #337, #5814, #5542, .T. ) ;
#1823 =( GEOMETRIC_REPRESENTATION_CONTEXT ( 3 ) GLOBAL_UNCERTAINTY_ASSIGNED_CONTEXT ( ( #457 ) ) GLOBAL_UNIT_ASSIGNED_CONTEXT ( ( #3091, #6703, #3780 ) ) REPRESENTATION_CONTEXT ( 'NONE', 'WORKASPACE' ) );
#1822 = CARTESIAN_POINT ( 'NONE',  ( 3.919999999999999929, 0.2000000000000000111, 0.9499999999999990674 ) ) ;
#1824 = PLANE ( 'NONE',  #7258 ) ;
#1825 =( GEOMETRIC_REPRESENTATION_CONTEXT ( 3 ) GLOBAL_UNCERTAINTY_ASSIGNED_CONTEXT ( ( #4589 ) ) GLOBAL_UNIT_ASSIGNED_CONTEXT ( ( #5838, #5878, #6956 ) ) REPRESENTATION_CONTEXT ( 'NONE', 'WORKASPACE' ) );
#1826 = FILL_AREA_STYLE_COLOUR ( '', #4307 ) ;
#1827 = EDGE_CURVE ( 'NONE', #5959, #5002, #305, .T. ) ;
#1828 = DIRECTION ( 'NONE',  ( 1.000000000000000000, 0.0000000000000000000, -0.0000000000000000000 ) ) ;
#1829 = CARTESIAN_POINT ( 'NONE',  ( 3.919999999999999929, 0.0000000000000000000, 0.8499999999999989786 ) ) ;
#1830 = VECTOR ( 'NONE', #1597, 1000.000000000000000 ) ;
#1831 = PLANE ( 'NONE',  #2813 ) ;
#1832 = COLOUR_RGB ( '',0.7529411764705882248, 0.7529411764705882248, 0.7529411764705882248 ) ;
#1833 = DIRECTION ( 'NONE',  ( 0.0000000000000000000, 1.000000000000000000, -3.097720492815726673E-16 ) ) ;
#1834 = ORIENTED_EDGE ( 'NONE', *, *, #5870, .F. ) ;
#1835 = SURFACE_STYLE_USAGE ( .BOTH. , #5463 ) ;
#1836 = AXIS2_PLACEMENT_3D ( 'NONE', #5482, #634, #1892 ) ;
#1837 = LINE ( 'NONE', #1613, #3151 ) ;
#1838 = DIRECTION ( 'NONE',  ( -1.000000000000000000, 0.0000000000000000000, 0.0000000000000000000 ) ) ;
#1839 = FILL_AREA_STYLE_COLOUR ( '', #542 ) ;
#1840 = ORIENTED_EDGE ( 'NONE', *, *, #4936, .F. ) ;
#1841 = DIRECTION ( 'NONE',  ( 1.000000000000000000, 0.0000000000000000000, -0.0000000000000000000 ) ) ;
#1842 = ADVANCED_FACE ( 'NONE', ( #6631 ), #1353, .F. ) ;
#1843 = ORIENTED_EDGE ( 'NONE', *, *, #344, .T. ) ;
#1844 = VERTEX_POINT ( 'NONE', #6782 ) ;
#1845 = CARTESIAN_POINT ( 'NONE',  ( -4.000000000000001776, 0.2000000000000000111, 0.8499999999999994227 ) ) ;
#1846 = DIRECTION ( 'NONE',  ( 0.0000000000000000000, 0.0000000000000000000, 1.000000000000000000 ) ) ;
#1847 = CARTESIAN_POINT ( 'NONE',  ( 2.250000000000001776, -2.200000000000000178, 5.399999999999998579 ) ) ;
#1848 = DIRECTION ( 'NONE',  ( 1.000000000000000000, 3.410973126920686698E-15, -0.0000000000000000000 ) ) ;
#1849 = CARTESIAN_POINT ( 'NONE',  ( 3.850000000000001421, 0.0000000000000000000, -0.9500000000000013989 ) ) ;
#1850 = FILL_AREA_STYLE ('',( #5407 ) ) ;
#1851 = ORIENTED_EDGE ( 'NONE', *, *, #3650, .F. ) ;
#1852 =( NAMED_UNIT ( * ) PLANE_ANGLE_UNIT ( ) SI_UNIT ( $, .RADIAN. ) );
#1853 = VERTEX_POINT ( 'NONE', #6271 ) ;
#1854 = EDGE_CURVE ( 'NONE', #6085, #7164, #1606, .T. ) ;
#1855 =( NAMED_UNIT ( * ) PLANE_ANGLE_UNIT ( ) SI_UNIT ( $, .RADIAN. ) );
#1856 = CARTESIAN_POINT ( 'NONE',  ( 3.049999999999998934, 0.0000000000000000000, -1.750000000000000444 ) ) ;
#1857 = FILL_AREA_STYLE_COLOUR ( '', #5158 ) ;
#1858 = CARTESIAN_POINT ( 'NONE',  ( 4.250000000000000888, -3.299999999999999822, -1.750000000000000666 ) ) ;
#1859 = VECTOR ( 'NONE', #4477, 1000.000000000000000 ) ;
#1860 = ADVANCED_FACE ( 'NONE', ( #7468 ), #5700, .F. ) ;
#1861 = ADVANCED_FACE ( 'NONE', ( #5659 ), #4472, .F. ) ;
#1862 =( NAMED_UNIT ( * ) SI_UNIT ( $, .STERADIAN. ) SOLID_ANGLE_UNIT ( ) );
#1863 = EDGE_CURVE ( 'NONE', #3252, #5276, #3965, .T. ) ;
#1864 = CLOSED_SHELL ( 'NONE', ( #5114, #6365, #6020, #3872, #2270, #262, #4863, #1539, #5165, #6399, #5480, #2513, #3767, #4218, #2844, #1655, #7243, #7120, #6777, #3209, #6969, #6135, #88, #5970, #827, #7505, #2085, #5249, #4502, #3237, #5526, #5311, #572, #4025, #6690, #7109, #4716, #4184, #7001, #1870, #1574, #1471, #7600, #4948, #4266, #7346, #4375, #3881, #7009, #2177, #2521, #1299, #2771, #4769, #5082, #2988, #3303, #435, #3675, #5440, #1861, #37, #4130, #1392, #7528, #6182, #2028, #5246, #3108, #1433, #3442, #4473, #7188, #2721, #2241, #4426, #539, #1762, #3190, #2670, #6637, #6616 ) ) ;
#1865 = FILL_AREA_STYLE_COLOUR ( '', #1078 ) ;
#1866 = ORIENTED_EDGE ( 'NONE', *, *, #3472, .F. ) ;
#1867 = DIRECTION ( 'NONE',  ( 0.0000000000000000000, 0.0000000000000000000, -1.000000000000000000 ) ) ;
#1868 = CARTESIAN_POINT ( 'NONE',  ( -4.050000000000001599, -1.800000000000000488, 0.0000000000000000000 ) ) ;
#1869 = CARTESIAN_POINT ( 'NONE',  ( -2.849999999999998757, -2.200000000000000178, -1.750000000000000222 ) ) ;
#1870 = ADVANCED_FACE ( 'NONE', ( #6227 ), #958, .F. ) ;
#1871 = CARTESIAN_POINT ( 'NONE',  ( 2.750000000000001776, -2.200000000000000178, 5.399999999999998579 ) ) ;
#1872 = EDGE_LOOP ( 'NONE', ( #374, #3664, #5024, #4417 ) ) ;
#1873 = DIRECTION ( 'NONE',  ( -0.0000000000000000000, -0.0000000000000000000, 1.000000000000000000 ) ) ;
#1874 = LINE ( 'NONE', #6696, #6247 ) ;
#1875 = SURFACE_STYLE_FILL_AREA ( #7285 ) ;
#1876 = VERTEX_POINT ( 'NONE', #5273 ) ;
#1877 = COLOUR_RGB ( '',0.2509803921568627416, 0.2509803921568627416, 0.2509803921568627416 ) ;
#1878 = CARTESIAN_POINT ( 'NONE',  ( 4.050000000000001599, -1.800000000000000044, -1.750000000000000888 ) ) ;
#1879 = VERTEX_POINT ( 'NONE', #6305 ) ;
#1880 = ORIENTED_EDGE ( 'NONE', *, *, #125, .F. ) ;
#1881 = DIRECTION ( 'NONE',  ( 2.032879073410321307E-16, -0.0000000000000000000, 1.000000000000000000 ) ) ;
#1882 = CARTESIAN_POINT ( 'NONE',  ( -3.000000000000000000, 0.0000000000000000000, -1.699999999999999512 ) ) ;
#1883 =( NAMED_UNIT ( * ) PLANE_ANGLE_UNIT ( ) SI_UNIT ( $, .RADIAN. ) );
#1884 = CARTESIAN_POINT ( 'NONE',  ( -0.3499999999999989231, -2.500000000000000000, -1.750000000000000222 ) ) ;
#1885 = DIRECTION ( 'NONE',  ( -1.000000000000000000, -0.0000000000000000000, -0.0000000000000000000 ) ) ;
#1886 = ORIENTED_EDGE ( 'NONE', *, *, #3325, .F. ) ;
#1887 = PRESENTATION_LAYER_ASSIGNMENT (  '', '', ( #4240 ) ) ;
#1888 = ORIENTED_EDGE ( 'NONE', *, *, #2338, .T. ) ;
#1889 = CARTESIAN_POINT ( 'NONE',  ( -4.050000000000007816, -1.780000000000000693, -0.0000000000000000000 ) ) ;
#1890 = CARTESIAN_POINT ( 'NONE',  ( -4.050000000000001599, -1.800000000000000488, 0.0000000000000000000 ) ) ;
#1891 = SURFACE_STYLE_USAGE ( .BOTH. , #5919 ) ;
#1892 = DIRECTION ( 'NONE',  ( 0.0000000000000000000, 1.000000000000000000, 6.123233995736766036E-17 ) ) ;
#1893 = VECTOR ( 'NONE', #2822, 1000.000000000000000 ) ;
#1894 = EDGE_CURVE ( 'NONE', #821, #241, #1036, .T. ) ;
#1895 =( GEOMETRIC_REPRESENTATION_CONTEXT ( 3 ) GLOBAL_UNCERTAINTY_ASSIGNED_CONTEXT ( ( #2961 ) ) GLOBAL_UNIT_ASSIGNED_CONTEXT ( ( #7337, #7374, #356 ) ) REPRESENTATION_CONTEXT ( 'NONE', 'WORKASPACE' ) );
#1896 = ORIENTED_EDGE ( 'NONE', *, *, #1710, .T. ) ;
#1897 = DIRECTION ( 'NONE',  ( -0.0000000000000000000, -1.000000000000000000, -0.0000000000000000000 ) ) ;
#1898 = VERTEX_POINT ( 'NONE', #1749 ) ;
#1899 = DIRECTION ( 'NONE',  ( 0.0000000000000000000, 0.0000000000000000000, -1.000000000000000000 ) ) ;
#1900 = EDGE_CURVE ( 'NONE', #1069, #6348, #1182, .T. ) ;
#1901 = DIRECTION ( 'NONE',  ( 1.000000000000000000, 0.0000000000000000000, 0.0000000000000000000 ) ) ;
#1902 = MECHANICAL_DESIGN_GEOMETRIC_PRESENTATION_REPRESENTATION (  '', ( #7091 ), #2021 ) ;
#1903 = AXIS2_PLACEMENT_3D ( 'NONE', #6942, #5352, #5785 ) ;
#1904 = DIRECTION ( 'NONE',  ( 1.182766006347823109E-16, 0.0000000000000000000, 1.000000000000000000 ) ) ;
#1905 = PRESENTATION_LAYER_ASSIGNMENT (  '', '', ( #1535 ) ) ;
#1906 = VECTOR ( 'NONE', #5690, 1000.000000000000000 ) ;
#1907 = ORIENTED_EDGE ( 'NONE', *, *, #5545, .F. ) ;
#1908 = EDGE_CURVE ( 'NONE', #2593, #3857, #3000, .T. ) ;
#1909 = DIRECTION ( 'NONE',  ( -1.000000000000000000, -0.0000000000000000000, -0.0000000000000000000 ) ) ;
#1910 = DIRECTION ( 'NONE',  ( -1.000000000000000000, -0.0000000000000000000, -0.0000000000000000000 ) ) ;
#1911 =( NAMED_UNIT ( * ) PLANE_ANGLE_UNIT ( ) SI_UNIT ( $, .RADIAN. ) );
#1912 = LINE ( 'NONE', #116, #277 ) ;
#1913 = EDGE_LOOP ( 'NONE', ( #7604, #2227, #6445, #6709, #3951, #4743 ) ) ;
#1914 = STYLED_ITEM ( 'NONE', ( #2768 ), #2666 ) ;
#1915 = CARTESIAN_POINT ( 'NONE',  ( 2.250000000000000000, 0.0000000000000000000, -1.149999999999999911 ) ) ;
#1916 = ORIENTED_EDGE ( 'NONE', *, *, #4101, .T. ) ;
#1917 = EDGE_LOOP ( 'NONE', ( #4348, #3571, #276, #1413 ) ) ;
#1918 = CIRCLE ( 'NONE', #2153, 0.6500000000000000222 ) ;
#1919 = DIRECTION ( 'NONE',  ( -1.000000000000000000, 0.0000000000000000000, 0.0000000000000000000 ) ) ;
#1920 = EDGE_CURVE ( 'NONE', #7515, #3118, #68, .T. ) ;
#1921 = CARTESIAN_POINT ( 'NONE',  ( 2.750000000000001332, -2.500000000000000000, 2.649999999999998579 ) ) ;
#1922 = DIRECTION ( 'NONE',  ( -0.0000000000000000000, -1.000000000000000000, -0.0000000000000000000 ) ) ;
#1923 = CARTESIAN_POINT ( 'NONE',  ( -0.5000000000000002220, 1.500000000000000222, -1.000000000000000222 ) ) ;
#1924 = ORIENTED_EDGE ( 'NONE', *, *, #7420, .F. ) ;
#1925 =( NAMED_UNIT ( * ) SI_UNIT ( $, .STERADIAN. ) SOLID_ANGLE_UNIT ( ) );
#1926 = ORIENTED_EDGE ( 'NONE', *, *, #5478, .F. ) ;
#1927 = VECTOR ( 'NONE', #3950, 1000.000000000000000 ) ;
#1928 = CARTESIAN_POINT ( 'NONE',  ( 4.050000000000007816, -1.800000000000000933, 0.0000000000000000000 ) ) ;
#1929 = CARTESIAN_POINT ( 'NONE',  ( -3.969999999999999751, 0.2000000000000000111, -0.8999999999999999112 ) ) ;
#1930 = CARTESIAN_POINT ( 'NONE',  ( 4.250000000000007105, -1.780000000000000027, -0.8500000000000013101 ) ) ;
#1931 = PLANE ( 'NONE',  #6581 ) ;
#1932 = DIRECTION ( 'NONE',  ( 0.0000000000000000000, 0.0000000000000000000, 1.000000000000000000 ) ) ;
#1933 = VECTOR ( 'NONE', #6719, 1000.000000000000000 ) ;
#1934 = EDGE_CURVE ( 'NONE', #6054, #6931, #4183, .T. ) ;
#1935 = VERTEX_POINT ( 'NONE', #4231 ) ;
#1936 = LINE ( 'NONE', #4371, #5504 ) ;
#1937 =( GEOMETRIC_REPRESENTATION_CONTEXT ( 3 ) GLOBAL_UNCERTAINTY_ASSIGNED_CONTEXT ( ( #5783 ) ) GLOBAL_UNIT_ASSIGNED_CONTEXT ( ( #4834, #1324, #2520 ) ) REPRESENTATION_CONTEXT ( 'NONE', 'WORKASPACE' ) );
#1939 = EDGE_CURVE ( 'NONE', #5276, #2353, #4738, .T. ) ;
#1938 = ORIENTED_EDGE ( 'NONE', *, *, #2616, .T. ) ;
#1940 = DIRECTION ( 'NONE',  ( -0.0000000000000000000, -0.0000000000000000000, 1.000000000000000000 ) ) ;
#1941 = DIRECTION ( 'NONE',  ( 0.7071067811865473507, -0.7071067811865477948, 0.0000000000000000000 ) ) ;
#1942 = PLANE ( 'NONE',  #5791 ) ;
#1943 = EDGE_CURVE ( 'NONE', #1935, #1220, #600, .T. ) ;
#1944 = VECTOR ( 'NONE', #4780, 1000.000000000000000 ) ;
#1945 = STYLED_ITEM ( 'NONE', ( #4996 ), #2147 ) ;
#1946 =( LENGTH_UNIT ( ) NAMED_UNIT ( * ) SI_UNIT ( .MILLI., .METRE. ) );
#1947 = VECTOR ( 'NONE', #6030, 1000.000000000000000 ) ;
#1948 = ORIENTED_EDGE ( 'NONE', *, *, #2673, .T. ) ;
#1949 =( NAMED_UNIT ( * ) PLANE_ANGLE_UNIT ( ) SI_UNIT ( $, .RADIAN. ) );
#1950 = DIRECTION ( 'NONE',  ( 0.0000000000000000000, 1.000000000000000000, 0.0000000000000000000 ) ) ;
#1951 = CARTESIAN_POINT ( 'NONE',  ( -0.2499999999999985290, -2.200000000000000178, 5.399999999999998579 ) ) ;
#1952 = ORIENTED_EDGE ( 'NONE', *, *, #1608, .F. ) ;
#1953 = SURFACE_SIDE_STYLE ('',( #3816 ) ) ;
#1954 = VECTOR ( 'NONE', #6417, 1000.000000000000000 ) ;
#1955 = ORIENTED_EDGE ( 'NONE', *, *, #489, .T. ) ;
#1956 = ORIENTED_EDGE ( 'NONE', *, *, #146, .T. ) ;
#1957 = PRESENTATION_LAYER_ASSIGNMENT (  '', '', ( #738 ) ) ;
#1958 = SURFACE_STYLE_FILL_AREA ( #7257 ) ;
#1959 = UNCERTAINTY_MEASURE_WITH_UNIT (LENGTH_MEASURE( 1.000000000000000082E-05 ), #5554, 'distance_accuracy_value', 'NONE');
#1960 = FILL_AREA_STYLE_COLOUR ( '', #519 ) ;
#1961 = EDGE_CURVE ( 'NONE', #7458, #6725, #6612, .T. ) ;
#1962 = VERTEX_POINT ( 'NONE', #7238 ) ;
#1963 = FILL_AREA_STYLE ('',( #4186 ) ) ;
#1964 = EDGE_CURVE ( 'NONE', #2263, #725, #2413, .T. ) ;
#1965 = VERTEX_POINT ( 'NONE', #1373 ) ;
#1966 = FACE_OUTER_BOUND ( 'NONE', #3048, .T. ) ;
#1967 = CARTESIAN_POINT ( 'NONE',  ( -2.250000000000000000, 0.2000000000000000111, -1.149999999999999911 ) ) ;
#1968 = LINE ( 'NONE', #6198, #3750 ) ;
#1969 = PLANE ( 'NONE',  #3268 ) ;
#1970 = DIRECTION ( 'NONE',  ( 0.0000000000000000000, 1.971276677246374231E-16, -1.000000000000000000 ) ) ;
#1971 = CARTESIAN_POINT ( 'NONE',  ( 8.673617379884035472E-16, -2.200000000000000178, 5.399999999999998579 ) ) ;
#1972 = EDGE_LOOP ( 'NONE', ( #5476, #1314, #6338, #2539 ) ) ;
#1973 = MECHANICAL_DESIGN_GEOMETRIC_PRESENTATION_REPRESENTATION (  '', ( #6659 ), #3350 ) ;
#1974 = VERTEX_POINT ( 'NONE', #1788 ) ;
#1975 = LINE ( 'NONE', #5597, #812 ) ;
#1976 = DIRECTION ( 'NONE',  ( -1.000000000000000000, -0.0000000000000000000, -0.0000000000000000000 ) ) ;
#1977 = FACE_OUTER_BOUND ( 'NONE', #4593, .T. ) ;
#1978 = COLOUR_RGB ( '',0.7529411764705882248, 0.7529411764705882248, 0.7529411764705882248 ) ;
#1979 = ORIENTED_EDGE ( 'NONE', *, *, #6056, .T. ) ;
#1980 = DIRECTION ( 'NONE',  ( 1.379893674072460458E-16, -0.0000000000000000000, 1.000000000000000000 ) ) ;
#1981 = VECTOR ( 'NONE', #5711, 1000.000000000000000 ) ;
#1982 = CARTESIAN_POINT ( 'NONE',  ( -2.149999999999999023, -2.500000000000000000, 1.749999999999998890 ) ) ;
#1983 = EDGE_CURVE ( 'NONE', #420, #6079, #3148, .T. ) ;
#1984 = LINE ( 'NONE', #2018, #1086 ) ;
#1985 =( NAMED_UNIT ( * ) PLANE_ANGLE_UNIT ( ) SI_UNIT ( $, .RADIAN. ) );
#1986 = COLOUR_RGB ( '',0.7529411764705882248, 0.7529411764705882248, 0.7529411764705882248 ) ;
#1987 = ORIENTED_EDGE ( 'NONE', *, *, #7530, .T. ) ;
#1988 = STYLED_ITEM ( 'NONE', ( #7249 ), #213 ) ;
#1989 = CARTESIAN_POINT ( 'NONE',  ( -4.050000000000001599, -0.7999999999999998224, -0.9000000000000000222 ) ) ;
#1990 = MECHANICAL_DESIGN_GEOMETRIC_PRESENTATION_REPRESENTATION (  '', ( #6067 ), #40 ) ;
#1991 = ORIENTED_EDGE ( 'NONE', *, *, #7329, .T. ) ;
#1992 = ORIENTED_EDGE ( 'NONE', *, *, #4026, .T. ) ;
#1993 = FILL_AREA_STYLE ('',( #996 ) ) ;
#1994 = EDGE_CURVE ( 'NONE', #799, #1786, #5381, .T. ) ;
#1995 = VECTOR ( 'NONE', #3776, 1000.000000000000000 ) ;
#1996 = CARTESIAN_POINT ( 'NONE',  ( 2.149999999999999911, 0.2000000000000000111, -1.050000000000000044 ) ) ;
#1997 = SURFACE_STYLE_FILL_AREA ( #4982 ) ;
#1998 = ORIENTED_EDGE ( 'NONE', *, *, #703, .T. ) ;
#1999 = PRESENTATION_STYLE_ASSIGNMENT (( #1463 ) ) ;
#2000 = CARTESIAN_POINT ( 'NONE',  ( 4.250000000000000888, 6.982962677686266711E-16, -0.8500000000000013101 ) ) ;
#2001 = FACE_OUTER_BOUND ( 'NONE', #3866, .T. ) ;
#2002 = SURFACE_SIDE_STYLE ('',( #5550 ) ) ;
#2003 = DIRECTION ( 'NONE',  ( -0.0000000000000000000, -1.000000000000000000, -0.0000000000000000000 ) ) ;
#2004 = FILL_AREA_STYLE ('',( #4990 ) ) ;
#2005 = LINE ( 'NONE', #7233, #1265 ) ;
#2006 = CARTESIAN_POINT ( 'NONE',  ( -4.050000000000001599, 0.2000000000000000111, -0.8999999999999999112 ) ) ;
#2007 = ORIENTED_EDGE ( 'NONE', *, *, #3796, .F. ) ;
#2008 = LINE ( 'NONE', #218, #6594 ) ;
#2009 = VECTOR ( 'NONE', #1171, 1000.000000000000000 ) ;
#2010 = EDGE_CURVE ( 'NONE', #4625, #582, #3112, .T. ) ;
#2011 = CARTESIAN_POINT ( 'NONE',  ( -2.849999999999998757, -2.200000000000000178, -1.750000000000000222 ) ) ;
#2012 = DIRECTION ( 'NONE',  ( 0.0000000000000000000, 0.0000000000000000000, -1.000000000000000000 ) ) ;
#2013 = ORIENTED_EDGE ( 'NONE', *, *, #4354, .T. ) ;
#2014 = SURFACE_SIDE_STYLE ('',( #4245 ) ) ;
#2015 = DIRECTION ( 'NONE',  ( -0.0000000000000000000, -1.000000000000000000, -0.0000000000000000000 ) ) ;
#2016 = AXIS2_PLACEMENT_3D ( 'NONE', #4931, #3772, #190 ) ;
#2017 = CARTESIAN_POINT ( 'NONE',  ( -1.674999999999998934, 2.000000000000000000, 1.000000000000000000 ) ) ;
#2018 = CARTESIAN_POINT ( 'NONE',  ( -2.849999999999998757, -2.200000000000000178, 2.549999999999998934 ) ) ;
#2019 = DIRECTION ( 'NONE',  ( 1.000000000000000000, 3.410973126920686698E-15, 0.0000000000000000000 ) ) ;
#2020 = ORIENTED_EDGE ( 'NONE', *, *, #2525, .F. ) ;
#2021 =( GEOMETRIC_REPRESENTATION_CONTEXT ( 3 ) GLOBAL_UNCERTAINTY_ASSIGNED_CONTEXT ( ( #5868 ) ) GLOBAL_UNIT_ASSIGNED_CONTEXT ( ( #471, #6288, #6993 ) ) REPRESENTATION_CONTEXT ( 'NONE', 'WORKASPACE' ) );
#2022 = PLANE ( 'NONE',  #2729 ) ;
#2023 = EDGE_LOOP ( 'NONE', ( #6461, #7379, #1688, #5726 ) ) ;
#2024 = VERTEX_POINT ( 'NONE', #3696 ) ;
#2025 =( NAMED_UNIT ( * ) PLANE_ANGLE_UNIT ( ) SI_UNIT ( $, .RADIAN. ) );
#2026 = EDGE_CURVE ( 'NONE', #3263, #3096, #640, .T. ) ;
#2027 = DIRECTION ( 'NONE',  ( 0.0000000000000000000, -0.0000000000000000000, 1.000000000000000000 ) ) ;
#2028 = ADVANCED_FACE ( 'NONE', ( #35 ), #1824, .F. ) ;
#2029 = EDGE_CURVE ( 'NONE', #4770, #4260, #6574, .T. ) ;
#2030 = CARTESIAN_POINT ( 'NONE',  ( -2.149999999999999023, -2.200000000000000178, -1.750000000000000222 ) ) ;
#2031 = ORIENTED_EDGE ( 'NONE', *, *, #871, .F. ) ;
#2032 = VECTOR ( 'NONE', #5766, 1000.000000000000000 ) ;
#2033 = SURFACE_SIDE_STYLE ('',( #7331 ) ) ;
#2034 = SURFACE_SIDE_STYLE ('',( #3824 ) ) ;
#2035 = DIRECTION ( 'NONE',  ( 2.032879073410321307E-16, -0.0000000000000000000, 1.000000000000000000 ) ) ;
#2036 = CARTESIAN_POINT ( 'NONE',  ( -2.250000000000000000, 0.2000000000000000111, 1.149999999999999911 ) ) ;
#2037 = PLANE ( 'NONE',  #5940 ) ;
#2038 = CARTESIAN_POINT ( 'NONE',  ( 4.250000000000000888, 6.982962677686266711E-16, -0.8500000000000013101 ) ) ;
#2039 = ORIENTED_EDGE ( 'NONE', *, *, #1149, .F. ) ;
#2040 =( NAMED_UNIT ( * ) PLANE_ANGLE_UNIT ( ) SI_UNIT ( $, .RADIAN. ) );
#2041 = LINE ( 'NONE', #2087, #195 ) ;
#2042 = DIRECTION ( 'NONE',  ( 1.000000000000000000, 0.0000000000000000000, 0.0000000000000000000 ) ) ;
#2043 = MECHANICAL_DESIGN_GEOMETRIC_PRESENTATION_REPRESENTATION (  '', ( #5385 ), #6734 ) ;
#2044 = VECTOR ( 'NONE', #1846, 1000.000000000000000 ) ;
#2045 = ADVANCED_FACE ( 'NONE', ( #2497 ), #1264, .F. ) ;
#2046 = DIRECTION ( 'NONE',  ( 0.0000000000000000000, -1.275531967630005739E-16, 1.000000000000000000 ) ) ;
#2047 = ORIENTED_EDGE ( 'NONE', *, *, #3654, .F. ) ;
#2048 = VECTOR ( 'NONE', #3297, 1000.000000000000000 ) ;
#2049 = LINE ( 'NONE', #6555, #3358 ) ;
#2050 = CARTESIAN_POINT ( 'NONE',  ( -1.899999999999999023, 2.000000000000000000, -1.000000000000000000 ) ) ;
#2051 = EDGE_CURVE ( 'NONE', #1567, #5056, #7008, .T. ) ;
#2052 = LINE ( 'NONE', #4313, #7571 ) ;
#2053 = LINE ( 'NONE', #2017, #1709 ) ;
#2054 = LINE ( 'NONE', #3276, #1216 ) ;
#2055 = CARTESIAN_POINT ( 'NONE',  ( 3.049999999999998934, 0.2000000000000000111, 1.750000000000000222 ) ) ;
#2056 = ORIENTED_EDGE ( 'NONE', *, *, #4649, .T. ) ;
#2057 = APPLICATION_PROTOCOL_DEFINITION ( 'draft international standard', 'automotive_design', 1998, #4942 ) ;
#2058 =( GEOMETRIC_REPRESENTATION_CONTEXT ( 3 ) GLOBAL_UNCERTAINTY_ASSIGNED_CONTEXT ( ( #3255 ) ) GLOBAL_UNIT_ASSIGNED_CONTEXT ( ( #5162, #2764, #6223 ) ) REPRESENTATION_CONTEXT ( 'NONE', 'WORKASPACE' ) );
#2059 = VECTOR ( 'NONE', #4507, 1000.000000000000000 ) ;
#2060 = CARTESIAN_POINT ( 'NONE',  ( -0.1000000000000002554, 2.000000000000000000, 1.000000000000000000 ) ) ;
#2061 = ORIENTED_EDGE ( 'NONE', *, *, #4344, .F. ) ;
#2062 = ORIENTED_EDGE ( 'NONE', *, *, #4413, .T. ) ;
#2063 = AXIS2_PLACEMENT_3D ( 'NONE', #6903, #1614, #3976 ) ;
#2064 = CARTESIAN_POINT ( 'NONE',  ( -0.4375000000000000555, 1.887500000000000178, 1.000000000000000000 ) ) ;
#2065 = COLOUR_RGB ( '',0.7529411764705882248, 0.7529411764705882248, 0.7529411764705882248 ) ;
#2066 = SURFACE_STYLE_USAGE ( .BOTH. , #5018 ) ;
#2067 = PRESENTATION_STYLE_ASSIGNMENT (( #3211 ) ) ;
#2068 = VECTOR ( 'NONE', #3462, 1000.000000000000000 ) ;
#2069 = DIRECTION ( 'NONE',  ( -1.000000000000000000, -0.0000000000000000000, -0.0000000000000000000 ) ) ;
#2070 = VERTEX_POINT ( 'NONE', #1479 ) ;
#2071 = CARTESIAN_POINT ( 'NONE',  ( 4.050000000000001599, -0.8000000000000000444, 0.8999999999999993561 ) ) ;
#2072 = UNCERTAINTY_MEASURE_WITH_UNIT (LENGTH_MEASURE( 1.000000000000000082E-05 ), #6424, 'distance_accuracy_value', 'NONE');
#2073 = DIRECTION ( 'NONE',  ( 1.000000000000000000, 0.0000000000000000000, 0.0000000000000000000 ) ) ;
#2074 = SURFACE_STYLE_FILL_AREA ( #6127 ) ;
#2075 = DIRECTION ( 'NONE',  ( 0.0000000000000000000, -0.0000000000000000000, -1.000000000000000000 ) ) ;
#2076 = DIRECTION ( 'NONE',  ( 1.000000000000000000, -0.0000000000000000000, 0.0000000000000000000 ) ) ;
#2077 = VECTOR ( 'NONE', #6533, 1000.000000000000000 ) ;
#2078 = SURFACE_SIDE_STYLE ('',( #6097 ) ) ;
#2079 =( NAMED_UNIT ( * ) SI_UNIT ( $, .STERADIAN. ) SOLID_ANGLE_UNIT ( ) );
#2080 = CARTESIAN_POINT ( 'NONE',  ( -2.149999999999999911, 0.0000000000000000000, -1.050000000000000044 ) ) ;
#2081 = PRESENTATION_LAYER_ASSIGNMENT (  '', '', ( #5662 ) ) ;
#2082 = EDGE_CURVE ( 'NONE', #6779, #6054, #5560, .T. ) ;
#2083 = SURFACE_STYLE_FILL_AREA ( #320 ) ;
#2084 = ORIENTED_EDGE ( 'NONE', *, *, #1821, .F. ) ;
#2085 = ADVANCED_FACE ( 'NONE', ( #5488 ), #983, .F. ) ;
#2086 = ORIENTED_EDGE ( 'NONE', *, *, #4600, .F. ) ;
#2087 = CARTESIAN_POINT ( 'NONE',  ( 4.250000000000000888, -3.299999999999999822, -1.750000000000000666 ) ) ;
#2088 = CARTESIAN_POINT ( 'NONE',  ( 4.250000000000007105, -1.800000000000000488, 0.0000000000000000000 ) ) ;
#2089 = EDGE_CURVE ( 'NONE', #3426, #6617, #3836, .T. ) ;
#2090 = EDGE_CURVE ( 'NONE', #4198, #1391, #4339, .T. ) ;
#2091 = LINE ( 'NONE', #3382, #5428 ) ;
#2092 = VECTOR ( 'NONE', #325, 1000.000000000000000 ) ;
#2093 = AXIS2_PLACEMENT_3D ( 'NONE', #5447, #206, #3167 ) ;
#2094 = DIRECTION ( 'NONE',  ( 0.0000000000000000000, 0.0000000000000000000, 1.000000000000000000 ) ) ;
#2095 = ORIENTED_EDGE ( 'NONE', *, *, #1900, .T. ) ;
#2096 = CARTESIAN_POINT ( 'NONE',  ( -4.250000000000007105, -1.779999999999971161, 1.729999999999998872 ) ) ;
#2097 = PRESENTATION_STYLE_ASSIGNMENT (( #7392 ) ) ;
#2098 = VECTOR ( 'NONE', #7106, 1000.000000000000000 ) ;
#2099 = CARTESIAN_POINT ( 'NONE',  ( -1.112499999999999600, 1.887500000000000178, -1.000000000000000222 ) ) ;
#2100 = VERTEX_POINT ( 'NONE', #7344 ) ;
#2101 = EDGE_CURVE ( 'NONE', #91, #1962, #6763, .T. ) ;
#2102 = CLOSED_SHELL ( 'NONE', ( #2432, #4548, #351, #4668, #117, #122 ) ) ;
#2103 =( LENGTH_UNIT ( ) NAMED_UNIT ( * ) SI_UNIT ( .MILLI., .METRE. ) );
#2104 = ORIENTED_EDGE ( 'NONE', *, *, #3243, .T. ) ;
#2105 = VERTEX_POINT ( 'NONE', #7384 ) ;
#2106 = STYLED_ITEM ( 'NONE', ( #5830 ), #7196 ) ;
#2107 = SURFACE_SIDE_STYLE ('',( #5699 ) ) ;
#2108 = DIRECTION ( 'NONE',  ( 1.000000000000000000, 0.0000000000000000000, 0.0000000000000000000 ) ) ;
#2109 = VECTOR ( 'NONE', #3495, 1000.000000000000000 ) ;
#2110 =( NAMED_UNIT ( * ) SI_UNIT ( $, .STERADIAN. ) SOLID_ANGLE_UNIT ( ) );
#2111 = VECTOR ( 'NONE', #1423, 1000.000000000000000 ) ;
#2112 = DIRECTION ( 'NONE',  ( 0.0000000000000000000, -0.0000000000000000000, 1.000000000000000000 ) ) ;
#2113 = ORIENTED_EDGE ( 'NONE', *, *, #4360, .T. ) ;
#2114 = CARTESIAN_POINT ( 'NONE',  ( -3.969999999999999751, 0.0000000000000000000, 1.370000000000000107 ) ) ;
#2115 = CARTESIAN_POINT ( 'NONE',  ( 2.250000000000000000, 0.2000000000000000111, -1.149999999999999911 ) ) ;
#2116 =( NAMED_UNIT ( * ) PLANE_ANGLE_UNIT ( ) SI_UNIT ( $, .RADIAN. ) );
#2117 = DIRECTION ( 'NONE',  ( -0.0000000000000000000, -1.000000000000000000, -0.0000000000000000000 ) ) ;
#2118 = SURFACE_STYLE_FILL_AREA ( #3218 ) ;
#2119 = EDGE_CURVE ( 'NONE', #2583, #1601, #874, .T. ) ;
#2120 = CIRCLE ( 'NONE', #2377, 0.6700000000000000400 ) ;
#2121 = CARTESIAN_POINT ( 'NONE',  ( 2.150000000000001243, -2.200000000000000178, -1.750000000000000222 ) ) ;
#2122 = ORIENTED_EDGE ( 'NONE', *, *, #607, .T. ) ;
#2123 = LINE ( 'NONE', #468, #2692 ) ;
#2124 = ORIENTED_EDGE ( 'NONE', *, *, #7185, .F. ) ;
#2125 = LINE ( 'NONE', #4409, #1050 ) ;
#2126 =( NAMED_UNIT ( * ) PLANE_ANGLE_UNIT ( ) SI_UNIT ( $, .RADIAN. ) );
#2127 = DIRECTION ( 'NONE',  ( -1.000000000000000000, 3.410973126920687092E-15, 0.0000000000000000000 ) ) ;
#2128 = EDGE_CURVE ( 'NONE', #2975, #124, #7309, .T. ) ;
#2129 = CARTESIAN_POINT ( 'NONE',  ( -4.250000000000007105, -1.780000000000000027, 0.8499999999999994227 ) ) ;
#2130 = DIRECTION ( 'NONE',  ( -1.000000000000000000, 3.410973126920686698E-15, 0.0000000000000000000 ) ) ;
#2131 = STYLED_ITEM ( 'NONE', ( #7195 ), #2199 ) ;
#2132 = VERTEX_POINT ( 'NONE', #3800 ) ;
#2133 = CARTESIAN_POINT ( 'NONE',  ( -2.149999999999999023, -2.200000000000000178, 2.549999999999998934 ) ) ;
#2134 = LINE ( 'NONE', #4495, #2291 ) ;
#2135 = LINE ( 'NONE', #3813, #358 ) ;
#2136 = CARTESIAN_POINT ( 'NONE',  ( -0.3499999999999989231, -2.200000000000000178, -1.750000000000000222 ) ) ;
#2137 = ORIENTED_EDGE ( 'NONE', *, *, #400, .F. ) ;
#2138 = AXIS2_PLACEMENT_3D ( 'NONE', #5105, #1044, #5179 ) ;
#2139 = ORIENTED_EDGE ( 'NONE', *, *, #6194, .F. ) ;
#2140 = ORIENTED_EDGE ( 'NONE', *, *, #3654, .T. ) ;
#2141 = FACE_OUTER_BOUND ( 'NONE', #3999, .T. ) ;
#2142 = SURFACE_SIDE_STYLE ('',( #3287 ) ) ;
#2143 = PRESENTATION_LAYER_ASSIGNMENT (  '', '', ( #7091 ) ) ;
#2144 = AXIS2_PLACEMENT_3D ( 'NONE', #6678, #3752, #756 ) ;
#2145 = CARTESIAN_POINT ( 'NONE',  ( -2.999999999999999556, 0.2000000000000000111, 1.700000000000000400 ) ) ;
#2146 = ORIENTED_EDGE ( 'NONE', *, *, #6194, .T. ) ;
#2147 = ADVANCED_FACE ( 'NONE', ( #3226 ), #7426, .T. ) ;
#2148 = CARTESIAN_POINT ( 'NONE',  ( 4.250000000000000888, -2.949999999999999734, 0.8249999999999991784 ) ) ;
#2149 = AXIS2_PLACEMENT_3D ( 'NONE', #7360, #889, #3890 ) ;
#2150 =( NAMED_UNIT ( * ) PLANE_ANGLE_UNIT ( ) SI_UNIT ( $, .RADIAN. ) );
#2151 = DIRECTION ( 'NONE',  ( 0.7071067811865482389, -0.0000000000000000000, -0.7071067811865469066 ) ) ;
#2152 = FILL_AREA_STYLE_COLOUR ( '', #299 ) ;
#2153 = AXIS2_PLACEMENT_3D ( 'NONE', #1671, #6328, #1715 ) ;
#2154 =( LENGTH_UNIT ( ) NAMED_UNIT ( * ) SI_UNIT ( .MILLI., .METRE. ) );
#2155 = VERTEX_POINT ( 'NONE', #837 ) ;
#2156 = SURFACE_STYLE_FILL_AREA ( #3762 ) ;
#2157 = FACE_OUTER_BOUND ( 'NONE', #5371, .T. ) ;
#2158 = VECTOR ( 'NONE', #1940, 1000.000000000000000 ) ;
#2159 = FACE_OUTER_BOUND ( 'NONE', #6830, .T. ) ;
#2160 = SURFACE_STYLE_USAGE ( .BOTH. , #5721 ) ;
#2161 = EDGE_CURVE ( 'NONE', #2867, #3774, #5522, .T. ) ;
#2162 =( NAMED_UNIT ( * ) SI_UNIT ( $, .STERADIAN. ) SOLID_ANGLE_UNIT ( ) );
#2163 = VERTEX_POINT ( 'NONE', #4489 ) ;
#2164 =( NAMED_UNIT ( * ) PLANE_ANGLE_UNIT ( ) SI_UNIT ( $, .RADIAN. ) );
#2165 = DIRECTION ( 'NONE',  ( -1.000000000000000000, 0.0000000000000000000, 1.182766006347823109E-16 ) ) ;
#2166 = AXIS2_PLACEMENT_3D ( 'NONE', #3152, #1341, #1904 ) ;
#2167 = EDGE_CURVE ( 'NONE', #6527, #821, #7526, .T. ) ;
#2168 =( NAMED_UNIT ( * ) SI_UNIT ( $, .STERADIAN. ) SOLID_ANGLE_UNIT ( ) );
#2169 = PRESENTATION_LAYER_ASSIGNMENT (  '', '', ( #2439 ) ) ;
#2170 = ADVANCED_FACE ( 'NONE', ( #1016 ), #4647, .F. ) ;
#2171 = FACE_OUTER_BOUND ( 'NONE', #3649, .T. ) ;
#2172 = ORIENTED_EDGE ( 'NONE', *, *, #838, .F. ) ;
#2173 = MECHANICAL_DESIGN_GEOMETRIC_PRESENTATION_REPRESENTATION (  '', ( #4284 ), #6005 ) ;
#2174 = SURFACE_STYLE_FILL_AREA ( #2221 ) ;
#2175 = EDGE_LOOP ( 'NONE', ( #1650, #1747, #2717, #1195 ) ) ;
#2176 = ORIENTED_EDGE ( 'NONE', *, *, #4270, .T. ) ;
#2177 = ADVANCED_FACE ( 'NONE', ( #2246 ), #5837, .F. ) ;
#2178 = AXIS2_PLACEMENT_3D ( 'NONE', #135, #4222, #2365 ) ;
#2179 = ADVANCED_FACE ( 'NONE', ( #2157 ), #5189, .F. ) ;
#2180 = SURFACE_STYLE_USAGE ( .BOTH. , #2340 ) ;
#2181 = VECTOR ( 'NONE', #7548, 1000.000000000000000 ) ;
#2182 = FILL_AREA_STYLE_COLOUR ( '', #862 ) ;
#2183 = VECTOR ( 'NONE', #1833, 1000.000000000000000 ) ;
#2184 = EDGE_CURVE ( 'NONE', #162, #4020, #4109, .T. ) ;
#2185 = VECTOR ( 'NONE', #352, 1000.000000000000000 ) ;
#2186 = ORIENTED_EDGE ( 'NONE', *, *, #6728, .F. ) ;
#2187 = ORIENTED_EDGE ( 'NONE', *, *, #3747, .F. ) ;
#2188 = LINE ( 'NONE', #5906, #5689 ) ;
#2189 = VECTOR ( 'NONE', #7276, 1000.000000000000000 ) ;
#2190 = STYLED_ITEM ( 'NONE', ( #2956 ), #745 ) ;
#2191 = SURFACE_SIDE_STYLE ('',( #5784 ) ) ;
#2192 = CARTESIAN_POINT ( 'NONE',  ( -0.7749999999999998002, 2.000000000000000000, 1.000000000000000000 ) ) ;
#2193 = FACE_OUTER_BOUND ( 'NONE', #2602, .T. ) ;
#2194 = CARTESIAN_POINT ( 'NONE',  ( -3.000000000000000000, 0.0000000000000000000, -1.319999999999999396 ) ) ;
#2195 = PRESENTATION_LAYER_ASSIGNMENT (  '', '', ( #5517 ) ) ;
#2196 = DIRECTION ( 'NONE',  ( 0.0000000000000000000, -0.0000000000000000000, -1.000000000000000000 ) ) ;
#2197 = CARTESIAN_POINT ( 'NONE',  ( -0.6624999999999998668, 1.887500000000000178, 1.000000000000000000 ) ) ;
#2198 = MECHANICAL_DESIGN_GEOMETRIC_PRESENTATION_REPRESENTATION (  '', ( #3993 ), #3815 ) ;
#2199 = ADVANCED_FACE ( 'NONE', ( #6360 ), #3452, .T. ) ;
#2200 = AXIS2_PLACEMENT_3D ( 'NONE', #2770, #6856, #3967 ) ;
#2201 = FACE_OUTER_BOUND ( 'NONE', #5230, .T. ) ;
#2202 = VERTEX_POINT ( 'NONE', #5993 ) ;
#2203 = AXIS2_PLACEMENT_3D ( 'NONE', #1542, #5106, #6201 ) ;
#2204 = SURFACE_STYLE_FILL_AREA ( #6949 ) ;
#2205 = ORIENTED_EDGE ( 'NONE', *, *, #6704, .F. ) ;
#2206 = FILL_AREA_STYLE ('',( #939 ) ) ;
#2207 = LINE ( 'NONE', #2869, #3521 ) ;
#2208 = SURFACE_SIDE_STYLE ('',( #434 ) ) ;
#2209 = DIRECTION ( 'NONE',  ( 0.0000000000000000000, 0.0000000000000000000, -1.000000000000000000 ) ) ;
#2210 =( LENGTH_UNIT ( ) NAMED_UNIT ( * ) SI_UNIT ( .MILLI., .METRE. ) );
#2211 = AXIS2_PLACEMENT_3D ( 'NONE', #3636, #5365, #7150 ) ;
#2212 = CARTESIAN_POINT ( 'NONE',  ( -0.3499999999999990896, -2.500000000000000000, 1.749999999999998890 ) ) ;
#2213 = ORIENTED_EDGE ( 'NONE', *, *, #5790, .F. ) ;
#2214 = FILL_AREA_STYLE_COLOUR ( '', #1978 ) ;
#2215 = SURFACE_SIDE_STYLE ('',( #2294 ) ) ;
#2216 = AXIS2_PLACEMENT_3D ( 'NONE', #7015, #3504, #523 ) ;
#2217 = CARTESIAN_POINT ( 'NONE',  ( 4.000000000000001776, 0.0000000000000000000, -0.8500000000000013101 ) ) ;
#2218 =( NAMED_UNIT ( * ) PLANE_ANGLE_UNIT ( ) SI_UNIT ( $, .RADIAN. ) );
#2219 = LINE ( 'NONE', #5235, #3241 ) ;
#2220 = ORIENTED_EDGE ( 'NONE', *, *, #2577, .T. ) ;
#2221 = FILL_AREA_STYLE ('',( #3362 ) ) ;
#2222 = EDGE_LOOP ( 'NONE', ( #5408, #4320, #3, #1321 ) ) ;
#2223 = VERTEX_POINT ( 'NONE', #4765 ) ;
#2224 = SURFACE_STYLE_USAGE ( .BOTH. , #2107 ) ;
#2225 = VECTOR ( 'NONE', #4423, 1000.000000000000000 ) ;
#2226 = FILL_AREA_STYLE ('',( #998 ) ) ;
#2227 = ORIENTED_EDGE ( 'NONE', *, *, #1798, .T. ) ;
#2228 = ORIENTED_EDGE ( 'NONE', *, *, #7326, .T. ) ;
#2229 = UNCERTAINTY_MEASURE_WITH_UNIT (LENGTH_MEASURE( 1.000000000000000082E-05 ), #5111, 'distance_accuracy_value', 'NONE');
#2230 = PLANE ( 'NONE',  #1487 ) ;
#2231 = EDGE_CURVE ( 'NONE', #2700, #4783, #7159, .T. ) ;
#2232 = CARTESIAN_POINT ( 'NONE',  ( -3.850000000000001421, 0.2000000000000000111, 0.9499999999999995115 ) ) ;
#2233 = LINE ( 'NONE', #4637, #1177 ) ;
#2234 = CARTESIAN_POINT ( 'NONE',  ( -4.050000000000004263, -0.8199999999999713074, -0.8500000000000013101 ) ) ;
#2235 = LINE ( 'NONE', #2194, #5584 ) ;
#2236 = AXIS2_PLACEMENT_3D ( 'NONE', #6477, #4758, #6404 ) ;
#2237 = FILL_AREA_STYLE_COLOUR ( '', #4557 ) ;
#2238 = VECTOR ( 'NONE', #3586, 1000.000000000000000 ) ;
#2239 = CARTESIAN_POINT ( 'NONE',  ( -2.749999999999998668, -2.500000000000000000, 5.399999999999998579 ) ) ;
#2240 = VECTOR ( 'NONE', #2591, 1000.000000000000000 ) ;
#2241 = ADVANCED_FACE ( 'NONE', ( #7117 ), #7079, .F. ) ;
#2242 = LINE ( 'NONE', #1088, #7476 ) ;
#2243 = ORIENTED_EDGE ( 'NONE', *, *, #6322, .F. ) ;
#2244 = ORIENTED_EDGE ( 'NONE', *, *, #6869, .T. ) ;
#2245 = CARTESIAN_POINT ( 'NONE',  ( -3.850000000000001421, 0.2000000000000000389, -0.8499999999999998668 ) ) ;
#2246 = FACE_OUTER_BOUND ( 'NONE', #7253, .T. ) ;
#2247 = UNCERTAINTY_MEASURE_WITH_UNIT (LENGTH_MEASURE( 1.000000000000000082E-05 ), #901, 'distance_accuracy_value', 'NONE');
#2248 = UNCERTAINTY_MEASURE_WITH_UNIT (LENGTH_MEASURE( 1.000000000000000082E-05 ), #5444, 'distance_accuracy_value', 'NONE');
#2249 = FILL_AREA_STYLE_COLOUR ( '', #3923 ) ;
#2250 = PLANE ( 'NONE',  #4683 ) ;
#2251 = PLANE ( 'NONE',  #3666 ) ;
#2252 = ORIENTED_EDGE ( 'NONE', *, *, #1603, .F. ) ;
#2253 = EDGE_CURVE ( 'NONE', #2105, #7144, #5340, .T. ) ;
#2254 = LINE ( 'NONE', #7460, #1425 ) ;
#2255 = CYLINDRICAL_SURFACE ( 'NONE', #1659, 0.6700000000000000400 ) ;
#2256 = CARTESIAN_POINT ( 'NONE',  ( -2.149999999999999023, -2.500000000000000000, 2.549999999999998934 ) ) ;
#2257 = PRESENTATION_STYLE_ASSIGNMENT (( #6965 ) ) ;
#2258 = ORIENTED_EDGE ( 'NONE', *, *, #50, .T. ) ;
#2259 = CARTESIAN_POINT ( 'NONE',  ( -4.250000000000006217, -3.299999999999999822, 0.8249999999999991784 ) ) ;
#2260 = VECTOR ( 'NONE', #3685, 1000.000000000000000 ) ;
#2261 = DIRECTION ( 'NONE',  ( 0.0000000000000000000, 0.0000000000000000000, 1.000000000000000000 ) ) ;
#2262 = ORIENTED_EDGE ( 'NONE', *, *, #5538, .F. ) ;
#2263 = VERTEX_POINT ( 'NONE', #4294 ) ;
#2264 = FACE_OUTER_BOUND ( 'NONE', #6184, .T. ) ;
#2265 = LINE ( 'NONE', #6465, #6035 ) ;
#2266 = UNCERTAINTY_MEASURE_WITH_UNIT (LENGTH_MEASURE( 1.000000000000000082E-05 ), #591, 'distance_accuracy_value', 'NONE');
#2267 = VECTOR ( 'NONE', #4952, 1000.000000000000000 ) ;
#2268 = ORIENTED_EDGE ( 'NONE', *, *, #1827, .T. ) ;
#2269 = VERTEX_POINT ( 'NONE', #2957 ) ;
#2270 = ADVANCED_FACE ( 'NONE', ( #1256 ), #3609, .T. ) ;
#2271 =( NAMED_UNIT ( * ) SI_UNIT ( $, .STERADIAN. ) SOLID_ANGLE_UNIT ( ) );
#2272 = PRESENTATION_STYLE_ASSIGNMENT (( #2743 ) ) ;
#2273 = DIRECTION ( 'NONE',  ( 0.7071067811865482389, -0.0000000000000000000, 0.7071067811865469066 ) ) ;
#2274 = CARTESIAN_POINT ( 'NONE',  ( 4.050000000000005151, -1.130000000000001004, 0.0000000000000000000 ) ) ;
#2275 = DIRECTION ( 'NONE',  ( -0.0000000000000000000, -1.000000000000000000, -0.0000000000000000000 ) ) ;
#2276 = PRESENTATION_LAYER_ASSIGNMENT (  '', '', ( #5595 ) ) ;
#2277 = EDGE_CURVE ( 'NONE', #3759, #3724, #173, .T. ) ;
#2278 = LINE ( 'NONE', #5180, #3942 ) ;
#2279 =( NAMED_UNIT ( * ) SI_UNIT ( $, .STERADIAN. ) SOLID_ANGLE_UNIT ( ) );
#2280 = EDGE_CURVE ( 'NONE', #1148, #4890, #6486, .T. ) ;
#2281 = COLOUR_RGB ( '',0.7529411764705882248, 0.7529411764705882248, 0.7529411764705882248 ) ;
#2282 = PLANE ( 'NONE',  #6363 ) ;
#2283 = ORIENTED_EDGE ( 'NONE', *, *, #3953, .F. ) ;
#2284 = ORIENTED_EDGE ( 'NONE', *, *, #579, .F. ) ;
#2285 = DIRECTION ( 'NONE',  ( 3.614007241618349165E-15, 1.000000000000000000, 0.0000000000000000000 ) ) ;
#2286 = LINE ( 'NONE', #3346, #7334 ) ;
#2287 =( NAMED_UNIT ( * ) PLANE_ANGLE_UNIT ( ) SI_UNIT ( $, .RADIAN. ) );
#2288 = LINE ( 'NONE', #4648, #4717 ) ;
#2289 = UNCERTAINTY_MEASURE_WITH_UNIT (LENGTH_MEASURE( 1.000000000000000082E-05 ), #1486, 'distance_accuracy_value', 'NONE');
#2290 = CARTESIAN_POINT ( 'NONE',  ( 0.2500000000000014433, -2.500000000000000000, 5.399999999999998579 ) ) ;
#2291 = VECTOR ( 'NONE', #6843, 1000.000000000000000 ) ;
#2292 = EDGE_LOOP ( 'NONE', ( #3043, #3013, #3641, #7234 ) ) ;
#2293 = CARTESIAN_POINT ( 'NONE',  ( -1.787499999999998979, 1.887500000000000178, -2.250000000000000888 ) ) ;
#2294 = SURFACE_STYLE_FILL_AREA ( #5197 ) ;
#2295 = CARTESIAN_POINT ( 'NONE',  ( -2.999999999999999556, 0.2000000000000000111, 1.700000000000000400 ) ) ;
#2296 = FILL_AREA_STYLE_COLOUR ( '', #3349 ) ;
#2297 = LINE ( 'NONE', #2841, #6063 ) ;
#2298 = VERTEX_POINT ( 'NONE', #1327 ) ;
#2299 = LINE ( 'NONE', #3004, #2450 ) ;
#2300 = EDGE_CURVE ( 'NONE', #6306, #4895, #671, .T. ) ;
#2301 = EDGE_CURVE ( 'NONE', #3759, #1190, #1294, .T. ) ;
#2302 = CARTESIAN_POINT ( 'NONE',  ( 2.150000000000000799, -2.200000000000000178, 1.749999999999998890 ) ) ;
#2303 = ORIENTED_EDGE ( 'NONE', *, *, #6269, .F. ) ;
#2304 = VECTOR ( 'NONE', #2756, 999.9999999999998863 ) ;
#2305 = EDGE_LOOP ( 'NONE', ( #4844, #6090, #5368, #6804 ) ) ;
#2306 = DIRECTION ( 'NONE',  ( -1.000000000000000000, -0.0000000000000000000, -0.0000000000000000000 ) ) ;
#2307 = CARTESIAN_POINT ( 'NONE',  ( -0.5500000000000000444, 2.000000000000000000, 1.000000000000000000 ) ) ;
#2308 = ORIENTED_EDGE ( 'NONE', *, *, #3588, .F. ) ;
#2309 = CARTESIAN_POINT ( 'NONE',  ( -2.299999999999999822, 0.2000000000000000111, -1.199999999999999956 ) ) ;
#2310 = VECTOR ( 'NONE', #4406, 1000.000000000000000 ) ;
#2311 = ORIENTED_EDGE ( 'NONE', *, *, #2451, .F. ) ;
#2312 = ORIENTED_EDGE ( 'NONE', *, *, #2480, .T. ) ;
#2313 = LINE ( 'NONE', #4321, #6490 ) ;
#2314 = AXIS2_PLACEMENT_3D ( 'NONE', #2259, #7583, #6967 ) ;
#2315 = CARTESIAN_POINT ( 'NONE',  ( -4.249999999999999112, -3.299999999999999822, -1.749999999999999778 ) ) ;
#2316 = CARTESIAN_POINT ( 'NONE',  ( -2.999999999999999556, 0.2000000000000000111, 1.700000000000000400 ) ) ;
#2317 = VECTOR ( 'NONE', #1775, 1000.000000000000000 ) ;
#2318 = LINE ( 'NONE', #4640, #7155 ) ;
#2319 = AXIS2_PLACEMENT_3D ( 'NONE', #4817, #2468, #7318 ) ;
#2320 = PLANE ( 'NONE',  #2236 ) ;
#2321 = UNCERTAINTY_MEASURE_WITH_UNIT (LENGTH_MEASURE( 1.000000000000000082E-05 ), #5374, 'distance_accuracy_value', 'NONE');
#2322 =( GEOMETRIC_REPRESENTATION_CONTEXT ( 3 ) GLOBAL_UNCERTAINTY_ASSIGNED_CONTEXT ( ( #5027 ) ) GLOBAL_UNIT_ASSIGNED_CONTEXT ( ( #290, #3734, #4268 ) ) REPRESENTATION_CONTEXT ( 'NONE', 'WORKASPACE' ) );
#2323 = AXIS2_PLACEMENT_3D ( 'NONE', #783, #234, #3207 ) ;
#2324 = FILL_AREA_STYLE_COLOUR ( '', #952 ) ;
#2325 = VERTEX_POINT ( 'NONE', #138 ) ;
#2326 = DIRECTION ( 'NONE',  ( 1.182766006347823109E-16, 0.0000000000000000000, 1.000000000000000000 ) ) ;
#2327 = VECTOR ( 'NONE', #4597, 1000.000000000000000 ) ;
#2328 = ORIENTED_EDGE ( 'NONE', *, *, #324, .T. ) ;
#2329 = CARTESIAN_POINT ( 'NONE',  ( 4.050000000000007816, -1.780000000000000693, -1.730000000000000870 ) ) ;
#2330 = DIRECTION ( 'NONE',  ( -0.7071067811865481278, 0.0000000000000000000, 0.7071067811865470176 ) ) ;
#2331 = DIRECTION ( 'NONE',  ( -0.0000000000000000000, -0.0000000000000000000, 1.000000000000000000 ) ) ;
#2332 = CARTESIAN_POINT ( 'NONE',  ( 4.250000000000000888, -1.800000000000000044, -1.750000000000000888 ) ) ;
#2333 = LINE ( 'NONE', #3414, #6766 ) ;
#2334 = MECHANICAL_DESIGN_GEOMETRIC_PRESENTATION_REPRESENTATION (  '', ( #5649 ), #7380 ) ;
#2335 = EDGE_CURVE ( 'NONE', #2587, #2984, #2485, .T. ) ;
#2336 = ORIENTED_EDGE ( 'NONE', *, *, #4363, .T. ) ;
#2337 = FACE_OUTER_BOUND ( 'NONE', #1917, .T. ) ;
#2338 = EDGE_CURVE ( 'NONE', #7515, #1774, #2641, .T. ) ;
#2339 = EDGE_CURVE ( 'NONE', #1154, #7508, #757, .T. ) ;
#2340 = SURFACE_SIDE_STYLE ('',( #1495 ) ) ;
#2341 = LINE ( 'NONE', #4618, #2068 ) ;
#2342 = PRESENTATION_LAYER_ASSIGNMENT (  '', '', ( #5657 ) ) ;
#2343 =( LENGTH_UNIT ( ) NAMED_UNIT ( * ) SI_UNIT ( .MILLI., .METRE. ) );
#2344 = DIRECTION ( 'NONE',  ( -0.0000000000000000000, -1.000000000000000000, -0.0000000000000000000 ) ) ;
#2345 = ORIENTED_EDGE ( 'NONE', *, *, #4150, .F. ) ;
#2346 = ORIENTED_EDGE ( 'NONE', *, *, #7422, .F. ) ;
#2347 = ORIENTED_EDGE ( 'NONE', *, *, #2089, .F. ) ;
#2348 =( NAMED_UNIT ( * ) SI_UNIT ( $, .STERADIAN. ) SOLID_ANGLE_UNIT ( ) );
#2349 = LINE ( 'NONE', #6391, #6518 ) ;
#2350 = ORIENTED_EDGE ( 'NONE', *, *, #2755, .T. ) ;
#2351 = STYLED_ITEM ( 'NONE', ( #4119 ), #4616 ) ;
#2352 = CARTESIAN_POINT ( 'NONE',  ( -0.3499999999999989231, -2.200000000000000178, -2.250000000000000888 ) ) ;
#2353 = VERTEX_POINT ( 'NONE', #2524 ) ;
#2354 = ORIENTED_EDGE ( 'NONE', *, *, #1338, .T. ) ;
#2355 = STYLED_ITEM ( 'NONE', ( #4634 ), #6591 ) ;
#2356 =( LENGTH_UNIT ( ) NAMED_UNIT ( * ) SI_UNIT ( .MILLI., .METRE. ) );
#2357 = CARTESIAN_POINT ( 'NONE',  ( -2.849999999999998757, -2.500000000000000000, -1.750000000000000222 ) ) ;
#2358 = FILL_AREA_STYLE ('',( #3561 ) ) ;
#2359 =( GEOMETRIC_REPRESENTATION_CONTEXT ( 3 ) GLOBAL_UNCERTAINTY_ASSIGNED_CONTEXT ( ( #6061 ) ) GLOBAL_UNIT_ASSIGNED_CONTEXT ( ( #850, #3777, #1453 ) ) REPRESENTATION_CONTEXT ( 'NONE', 'WORKASPACE' ) );
#2360 =( LENGTH_UNIT ( ) NAMED_UNIT ( * ) SI_UNIT ( .MILLI., .METRE. ) );
#2361 = EDGE_LOOP ( 'NONE', ( #1287, #4458, #7272, #286 ) ) ;
#2362 = FILL_AREA_STYLE_COLOUR ( '', #459 ) ;
#2363 = ORIENTED_EDGE ( 'NONE', *, *, #221, .F. ) ;
#2364 = VECTOR ( 'NONE', #6241, 1000.000000000000000 ) ;
#2365 = DIRECTION ( 'NONE',  ( 0.0000000000000000000, 0.0000000000000000000, -1.000000000000000000 ) ) ;
#2366 = ORIENTED_EDGE ( 'NONE', *, *, #1635, .F. ) ;
#2367 = DIRECTION ( 'NONE',  ( 3.410973126920686698E-15, 1.000000000000000000, 0.0000000000000000000 ) ) ;
#2368 = DIRECTION ( 'NONE',  ( -0.0000000000000000000, 1.000000000000000000, 6.123233995736766036E-17 ) ) ;
#2369 = VECTOR ( 'NONE', #6362, 1000.000000000000000 ) ;
#2370 = CARTESIAN_POINT ( 'NONE',  ( -0.8374999999999994671, 2.837499999999999911, -1.000000000000000222 ) ) ;
#2371 = PRESENTATION_LAYER_ASSIGNMENT (  '', '', ( #6067 ) ) ;
#2372 = COLOUR_RGB ( '',0.7529411764705882248, 0.7529411764705882248, 0.7529411764705882248 ) ;
#2373 = CARTESIAN_POINT ( 'NONE',  ( -2.749999999999998668, -2.200000000000000178, 5.399999999999998579 ) ) ;
#2375 = EDGE_CURVE ( 'NONE', #5752, #1567, #7230, .T. ) ;
#2374 = VERTEX_POINT ( 'NONE', #4870 ) ;
#2376 = DIRECTION ( 'NONE',  ( -0.0000000000000000000, -0.0000000000000000000, -1.000000000000000000 ) ) ;
#2377 = AXIS2_PLACEMENT_3D ( 'NONE', #228, #4241, #2622 ) ;
#2378 = FILL_AREA_STYLE_COLOUR ( '', #1340 ) ;
#2379 = DIRECTION ( 'NONE',  ( 0.0000000000000000000, 1.971276677246374231E-16, -1.000000000000000000 ) ) ;
#2380 = CARTESIAN_POINT ( 'NONE',  ( 4.050000000000007816, -1.780000000000000693, 1.729999999999998872 ) ) ;
#2381 = FILL_AREA_STYLE_COLOUR ( '', #5086 ) ;
#2382 = CARTESIAN_POINT ( 'NONE',  ( 3.049999999999998934, 0.2000000000000000111, -1.750000000000000666 ) ) ;
#2383 = PRESENTATION_STYLE_ASSIGNMENT (( #6929 ) ) ;
#2384 = VERTEX_POINT ( 'NONE', #7415 ) ;
#2385 = SURFACE_SIDE_STYLE ('',( #5388 ) ) ;
#2386 = UNCERTAINTY_MEASURE_WITH_UNIT (LENGTH_MEASURE( 1.000000000000000082E-05 ), #4384, 'distance_accuracy_value', 'NONE');
#2387 = EDGE_CURVE ( 'NONE', #337, #5931, #4402, .T. ) ;
#2388 = VERTEX_POINT ( 'NONE', #3173 ) ;
#2389 = ORIENTED_EDGE ( 'NONE', *, *, #819, .T. ) ;
#2390 = ORIENTED_EDGE ( 'NONE', *, *, #3086, .T. ) ;
#2391 = DIRECTION ( 'NONE',  ( 1.000000000000000000, 0.0000000000000000000, 0.0000000000000000000 ) ) ;
#2392 = MECHANICAL_DESIGN_GEOMETRIC_PRESENTATION_REPRESENTATION (  '', ( #4240 ), #64 ) ;
#2393 = CARTESIAN_POINT ( 'NONE',  ( -4.250000000000007105, -1.780000000000000027, -0.8499999999999998668 ) ) ;
#2394 = LINE ( 'NONE', #5331, #6882 ) ;
#2395 = CARTESIAN_POINT ( 'NONE',  ( -2.749999999999998668, -2.200000000000000178, 5.399999999999998579 ) ) ;
#2396 = CARTESIAN_POINT ( 'NONE',  ( -0.4375000000000000555, 1.887500000000000178, -2.250000000000000888 ) ) ;
#2397 = LINE ( 'NONE', #3487, #4955 ) ;
#2398 = EDGE_CURVE ( 'NONE', #5247, #4220, #3862, .T. ) ;
#2399 = VERTEX_POINT ( 'NONE', #5551 ) ;
#2400 =( NAMED_UNIT ( * ) PLANE_ANGLE_UNIT ( ) SI_UNIT ( $, .RADIAN. ) );
#2401 = EDGE_CURVE ( 'NONE', #5319, #448, #1968, .T. ) ;
#2402 = ORIENTED_EDGE ( 'NONE', *, *, #3802, .T. ) ;
#2403 = LINE ( 'NONE', #5874, #7479 ) ;
#2404 = PRESENTATION_LAYER_ASSIGNMENT (  '', '', ( #5122 ) ) ;
#2405 = LINE ( 'NONE', #1743, #3807 ) ;
#2406 = CARTESIAN_POINT ( 'NONE',  ( -3.969999999999999751, 0.0000000000000000000, 0.8999999999999994671 ) ) ;
#2407 = EDGE_LOOP ( 'NONE', ( #7439, #3889, #4821, #2680 ) ) ;
#2408 = CARTESIAN_POINT ( 'NONE',  ( 2.250000000000000000, 0.0000000000000000000, 1.149999999999999911 ) ) ;
#2409 = VECTOR ( 'NONE', #6139, 1000.000000000000000 ) ;
#2410 = PLANE ( 'NONE',  #1202 ) ;
#2411 = ORIENTED_EDGE ( 'NONE', *, *, #5709, .F. ) ;
#2412 = CARTESIAN_POINT ( 'NONE',  ( -3.049999999999999822, 0.2000000000000000111, 1.370000000000000107 ) ) ;
#2413 = LINE ( 'NONE', #5346, #2576 ) ;
#2414 = STYLED_ITEM ( 'NONE', ( #450 ), #2754 ) ;
#2415 = FACE_OUTER_BOUND ( 'NONE', #3389, .T. ) ;
#2416 = EDGE_CURVE ( 'NONE', #7176, #7288, #354, .T. ) ;
#2417 = LINE ( 'NONE', #3501, #7399 ) ;
#2418 = CARTESIAN_POINT ( 'NONE',  ( 2.850000000000000977, -2.500000000000000000, -1.750000000000000222 ) ) ;
#2419 = LINE ( 'NONE', #6499, #464 ) ;
#2420 = STYLED_ITEM ( 'NONE', ( #3623 ), #2905 ) ;
#2421 = CARTESIAN_POINT ( 'NONE',  ( -1.337499999999999245, 1.887500000000000178, -2.250000000000000888 ) ) ;
#2422 = ORIENTED_EDGE ( 'NONE', *, *, #5395, .T. ) ;
#2423 =( LENGTH_UNIT ( ) NAMED_UNIT ( * ) SI_UNIT ( .MILLI., .METRE. ) );
#2424 = EDGE_CURVE ( 'NONE', #1974, #6384, #2561, .T. ) ;
#2425 = PRESENTATION_STYLE_ASSIGNMENT (( #4596 ) ) ;
#2426 = PLANE ( 'NONE',  #5561 ) ;
#2427 = VERTEX_POINT ( 'NONE', #5511 ) ;
#2428 = DIRECTION ( 'NONE',  ( 0.0000000000000000000, 0.0000000000000000000, 1.000000000000000000 ) ) ;
#2429 = ADVANCED_FACE ( 'NONE', ( #6715 ), #3259, .F. ) ;
#2430 = ORIENTED_EDGE ( 'NONE', *, *, #6036, .T. ) ;
#2431 = ORIENTED_EDGE ( 'NONE', *, *, #5760, .T. ) ;
#2432 = ADVANCED_FACE ( 'NONE', ( #1401 ), #864, .F. ) ;
#2433 =( NAMED_UNIT ( * ) SI_UNIT ( $, .STERADIAN. ) SOLID_ANGLE_UNIT ( ) );
#2434 = PRESENTATION_STYLE_ASSIGNMENT (( #1282 ) ) ;
#2435 = FILL_AREA_STYLE_COLOUR ( '', #5770 ) ;
#2436 = EDGE_CURVE ( 'NONE', #4715, #1879, #2235, .T. ) ;
#2437 =( NAMED_UNIT ( * ) PLANE_ANGLE_UNIT ( ) SI_UNIT ( $, .RADIAN. ) );
#2438 = AXIS2_PLACEMENT_3D ( 'NONE', #4957, #3145, #4335 ) ;
#2439 = STYLED_ITEM ( 'NONE', ( #2434 ), #1672 ) ;
#2440 = DIRECTION ( 'NONE',  ( 1.000000000000000000, 0.0000000000000000000, -0.0000000000000000000 ) ) ;
#2441 = CARTESIAN_POINT ( 'NONE',  ( 4.249999999999997335, 0.2000000000000000111, 0.8999999999999994671 ) ) ;
#2442 = ORIENTED_EDGE ( 'NONE', *, *, #2184, .F. ) ;
#2443 = AXIS2_PLACEMENT_3D ( 'NONE', #6205, #937, #1011 ) ;
#2444 = ORIENTED_EDGE ( 'NONE', *, *, #4445, .T. ) ;
#2445 = LINE ( 'NONE', #7193, #119 ) ;
#2446 = DIRECTION ( 'NONE',  ( 1.000000000000000000, 0.0000000000000000000, 0.0000000000000000000 ) ) ;
#2447 = PRESENTATION_LAYER_ASSIGNMENT (  '', '', ( #3306 ) ) ;
#2448 = VECTOR ( 'NONE', #5, 1000.000000000000000 ) ;
#2449 = LINE ( 'NONE', #6603, #2077 ) ;
#2450 = VECTOR ( 'NONE', #1720, 1000.000000000000000 ) ;
#2451 = EDGE_CURVE ( 'NONE', #1722, #162, #6943, .T. ) ;
#2452 =( GEOMETRIC_REPRESENTATION_CONTEXT ( 3 ) GLOBAL_UNCERTAINTY_ASSIGNED_CONTEXT ( ( #6308 ) ) GLOBAL_UNIT_ASSIGNED_CONTEXT ( ( #2857, #2150, #2820 ) ) REPRESENTATION_CONTEXT ( 'NONE', 'WORKASPACE' ) );
#2453 = PRESENTATION_LAYER_ASSIGNMENT (  '', '', ( #1702 ) ) ;
#2454 = DIRECTION ( 'NONE',  ( -0.0000000000000000000, -0.0000000000000000000, 1.000000000000000000 ) ) ;
#2455 = ORIENTED_EDGE ( 'NONE', *, *, #2398, .F. ) ;
#2456 = CARTESIAN_POINT ( 'NONE',  ( -1.112499999999999600, 1.887500000000000178, 1.000000000000000000 ) ) ;
#2457 = DIRECTION ( 'NONE',  ( 0.0000000000000000000, 0.0000000000000000000, -1.000000000000000000 ) ) ;
#2458 = STYLED_ITEM ( 'NONE', ( #436 ), #651 ) ;
#2459 = FACE_OUTER_BOUND ( 'NONE', #1913, .T. ) ;
#2460 = AXIS2_PLACEMENT_3D ( 'NONE', #371, #3672, #3236 ) ;
#2461 = CARTESIAN_POINT ( 'NONE',  ( 2.500000000000000888, -2.200000000000000178, 5.399999999999998579 ) ) ;
#2462 = PRESENTATION_LAYER_ASSIGNMENT (  '', '', ( #3199 ) ) ;
#2463 =( NAMED_UNIT ( * ) PLANE_ANGLE_UNIT ( ) SI_UNIT ( $, .RADIAN. ) );
#2464 = ORIENTED_EDGE ( 'NONE', *, *, #5405, .F. ) ;
#2465 = FILL_AREA_STYLE ('',( #1793 ) ) ;
#2466 = PRESENTATION_LAYER_ASSIGNMENT (  '', '', ( #5910 ) ) ;
#2467 =( NAMED_UNIT ( * ) PLANE_ANGLE_UNIT ( ) SI_UNIT ( $, .RADIAN. ) );
#2468 = DIRECTION ( 'NONE',  ( -0.7071067811865475727, 0.7071067811865475727, 0.0000000000000000000 ) ) ;
#2469 = DIRECTION ( 'NONE',  ( 0.0000000000000000000, 0.0000000000000000000, -1.000000000000000000 ) ) ;
#2470 = ORIENTED_EDGE ( 'NONE', *, *, #1356, .F. ) ;
#2471 =( LENGTH_UNIT ( ) NAMED_UNIT ( * ) SI_UNIT ( .MILLI., .METRE. ) );
#2472 = VECTOR ( 'NONE', #2782, 1000.000000000000000 ) ;
#2473 = VERTEX_POINT ( 'NONE', #6865 ) ;
#2474 = EDGE_LOOP ( 'NONE', ( #2455, #3576, #2350, #7504 ) ) ;
#2475 = CARTESIAN_POINT ( 'NONE',  ( 2.150000000000001243, -2.200000000000000178, 2.549999999999998934 ) ) ;
#2476 = DIRECTION ( 'NONE',  ( 1.379893674072460458E-16, -0.0000000000000000000, 1.000000000000000000 ) ) ;
#2477 = VECTOR ( 'NONE', #943, 1000.000000000000000 ) ;
#2478 = FACE_OUTER_BOUND ( 'NONE', #1640, .T. ) ;
#2479 = SURFACE_STYLE_USAGE ( .BOTH. , #7187 ) ;
#2480 = EDGE_CURVE ( 'NONE', #2765, #4876, #5750, .T. ) ;
#2481 = ORIENTED_EDGE ( 'NONE', *, *, #7071, .F. ) ;
#2482 = FACE_OUTER_BOUND ( 'NONE', #5583, .T. ) ;
#2483 = ORIENTED_EDGE ( 'NONE', *, *, #1821, .T. ) ;
#2484 = DIRECTION ( 'NONE',  ( -0.0000000000000000000, -0.0000000000000000000, 1.000000000000000000 ) ) ;
#2485 = LINE ( 'NONE', #3530, #7082 ) ;
#2486 = VECTOR ( 'NONE', #6438, 1000.000000000000000 ) ;
#2487 = CARTESIAN_POINT ( 'NONE',  ( -3.950000000000001066, 0.2000000000000000389, 0.8499999999999994227 ) ) ;
#2488 = MANIFOLD_SOLID_BREP ( 'Body-Move/Copy2[1]', #6416 ) ;
#2489 = CLOSED_SHELL ( 'NONE', ( #6466, #3064, #1666, #7196, #3787, #1684, #1563, #368, #2905, #5330 ) ) ;
#2490 = EDGE_CURVE ( 'NONE', #4104, #6491, #2745, .T. ) ;
#2491 = VECTOR ( 'NONE', #5012, 1000.000000000000000 ) ;
#2492 = ORIENTED_EDGE ( 'NONE', *, *, #7092, .F. ) ;
#2493 = CARTESIAN_POINT ( 'NONE',  ( -3.049999999999999822, 0.0000000000000000000, -1.750000000000000000 ) ) ;
#2494 = VECTOR ( 'NONE', #4775, 1000.000000000000000 ) ;
#2495 = ORIENTED_EDGE ( 'NONE', *, *, #5660, .T. ) ;
#2496 = DIRECTION ( 'NONE',  ( 0.7071067811865474617, 0.7071067811865474617, 0.0000000000000000000 ) ) ;
#2497 = FACE_OUTER_BOUND ( 'NONE', #6636, .T. ) ;
#2498 =( LENGTH_UNIT ( ) NAMED_UNIT ( * ) SI_UNIT ( .MILLI., .METRE. ) );
#2499 = EDGE_CURVE ( 'NONE', #1700, #1601, #1007, .T. ) ;
#2500 = DIRECTION ( 'NONE',  ( -1.000000000000000000, 0.0000000000000000000, -0.0000000000000000000 ) ) ;
#2501 = VECTOR ( 'NONE', #567, 1000.000000000000000 ) ;
#2502 = ORIENTED_EDGE ( 'NONE', *, *, #4282, .F. ) ;
#2503 = CARTESIAN_POINT ( 'NONE',  ( -4.250000000000006217, -2.949999999999999734, 1.749999999999998890 ) ) ;
#2504 = DIRECTION ( 'NONE',  ( 0.0000000000000000000, 0.0000000000000000000, -1.000000000000000000 ) ) ;
#2505 =( NAMED_UNIT ( * ) PLANE_ANGLE_UNIT ( ) SI_UNIT ( $, .RADIAN. ) );
#2506 = VERTEX_POINT ( 'NONE', #1124 ) ;
#2507 = PRESENTATION_LAYER_ASSIGNMENT (  '', '', ( #3250 ) ) ;
#2508 = CARTESIAN_POINT ( 'NONE',  ( -3.919999999999999929, 9.486769009248163798E-17, -0.9499999999999998446 ) ) ;
#2509 = ORIENTED_EDGE ( 'NONE', *, *, #1018, .T. ) ;
#2510 = EDGE_LOOP ( 'NONE', ( #5873, #3011, #6664, #5715 ) ) ;
#2511 = PLANE ( 'NONE',  #2323 ) ;
#2512 = DIRECTION ( 'NONE',  ( 0.0000000000000000000, 0.0000000000000000000, -1.000000000000000000 ) ) ;
#2513 = ADVANCED_FACE ( 'NONE', ( #4556 ), #3374, .T. ) ;
#2514 =( NAMED_UNIT ( * ) PLANE_ANGLE_UNIT ( ) SI_UNIT ( $, .RADIAN. ) );
#2515 = UNCERTAINTY_MEASURE_WITH_UNIT (LENGTH_MEASURE( 1.000000000000000082E-05 ), #4436, 'distance_accuracy_value', 'NONE');
#2516 = ADVANCED_FACE ( 'NONE', ( #972 ), #389, .F. ) ;
#2517 = ORIENTED_EDGE ( 'NONE', *, *, #1731, .T. ) ;
#2518 = PRESENTATION_STYLE_ASSIGNMENT (( #4799 ) ) ;
#2519 = ORIENTED_EDGE ( 'NONE', *, *, #2490, .T. ) ;
#2520 =( NAMED_UNIT ( * ) SI_UNIT ( $, .STERADIAN. ) SOLID_ANGLE_UNIT ( ) );
#2521 = ADVANCED_FACE ( 'NONE', ( #4793 ), #7029, .T. ) ;
#2522 =( NAMED_UNIT ( * ) PLANE_ANGLE_UNIT ( ) SI_UNIT ( $, .RADIAN. ) );
#2523 =( LENGTH_UNIT ( ) NAMED_UNIT ( * ) SI_UNIT ( .MILLI., .METRE. ) );
#2524 = CARTESIAN_POINT ( 'NONE',  ( 3.850000000000001421, 0.2000000000000000389, 0.8499999999999989786 ) ) ;
#2525 = EDGE_CURVE ( 'NONE', #4800, #3315, #6441, .T. ) ;
#2526 = DIRECTION ( 'NONE',  ( 0.0000000000000000000, 0.0000000000000000000, 1.000000000000000000 ) ) ;
#2527 = MANIFOLD_SOLID_BREP ( 'Cut-Extrude4', #2715 ) ;
#2528 = CARTESIAN_POINT ( 'NONE',  ( -3.000000000000000000, 0.2000000000000000111, -1.699999999999999512 ) ) ;
#2529 = EDGE_CURVE ( 'NONE', #5462, #3728, #1769, .T. ) ;
#2530 = EDGE_LOOP ( 'NONE', ( #6100, #4605, #6775, #4586, #2758, #7023, #5736, #2007, #3424, #736 ) ) ;
#2531 = CARTESIAN_POINT ( 'NONE',  ( 4.050000000000001599, -0.8000000000000000444, 0.8999999999999993561 ) ) ;
#2532 = ORIENTED_EDGE ( 'NONE', *, *, #128, .F. ) ;
#2533 = CARTESIAN_POINT ( 'NONE',  ( -1.787499999999998979, 1.887500000000000178, 1.000000000000000000 ) ) ;
#2534 = CARTESIAN_POINT ( 'NONE',  ( 3.969999999999999751, 0.2000000000000000111, -0.8999999999999999112 ) ) ;
#2535 = DIRECTION ( 'NONE',  ( 2.032879073410321307E-16, -0.0000000000000000000, 1.000000000000000000 ) ) ;
#2536 = PRESENTATION_LAYER_ASSIGNMENT (  '', '', ( #4259 ) ) ;
#2537 =( GEOMETRIC_REPRESENTATION_CONTEXT ( 3 ) GLOBAL_UNCERTAINTY_ASSIGNED_CONTEXT ( ( #3549 ) ) GLOBAL_UNIT_ASSIGNED_CONTEXT ( ( #5031, #6789, #4513 ) ) REPRESENTATION_CONTEXT ( 'NONE', 'WORKASPACE' ) );
#2538 = AXIS2_PLACEMENT_3D ( 'NONE', #5815, #1074, #4083 ) ;
#2539 = ORIENTED_EDGE ( 'NONE', *, *, #2167, .T. ) ;
#2540 = LINE ( 'NONE', #1308, #5610 ) ;
#2541 = CARTESIAN_POINT ( 'NONE',  ( -2.749999999999999112, -2.200000000000000178, 2.649999999999998579 ) ) ;
#2542 = DIRECTION ( 'NONE',  ( 1.379893674072460458E-16, -0.0000000000000000000, 1.000000000000000000 ) ) ;
#2543 = CARTESIAN_POINT ( 'NONE',  ( -2.149999999999999911, 0.0000000000000000000, 1.050000000000000044 ) ) ;
#2544 = ORIENTED_EDGE ( 'NONE', *, *, #6050, .T. ) ;
#2545 = AXIS2_PLACEMENT_3D ( 'NONE', #1596, #5155, #3355 ) ;
#2546 = LINE ( 'NONE', #4349, #7427 ) ;
#2547 = ADVANCED_FACE ( 'NONE', ( #4140 ), #6520, .T. ) ;
#2548 = CARTESIAN_POINT ( 'NONE',  ( 2.250000000000001776, -2.500000000000000000, 5.399999999999998579 ) ) ;
#2549 = ORIENTED_EDGE ( 'NONE', *, *, #5474, .F. ) ;
#2550 = ORIENTED_EDGE ( 'NONE', *, *, #5171, .F. ) ;
#2551 = VECTOR ( 'NONE', #3615, 1000.000000000000000 ) ;
#2552 = FILL_AREA_STYLE_COLOUR ( '', #2800 ) ;
#2553 =( NAMED_UNIT ( * ) SI_UNIT ( $, .STERADIAN. ) SOLID_ANGLE_UNIT ( ) );
#2554 = DIRECTION ( 'NONE',  ( -0.0000000000000000000, -1.000000000000000000, -0.0000000000000000000 ) ) ;
#2555 = ORIENTED_EDGE ( 'NONE', *, *, #2167, .F. ) ;
#2556 = CARTESIAN_POINT ( 'NONE',  ( -4.250000000000007105, -1.780000000000000027, 0.8499999999999994227 ) ) ;
#2557 = ORIENTED_EDGE ( 'NONE', *, *, #2277, .F. ) ;
#2558 = VECTOR ( 'NONE', #6176, 1000.000000000000000 ) ;
#2559 = CARTESIAN_POINT ( 'NONE',  ( 2.150000000000000799, -2.500000000000000000, 1.749999999999998890 ) ) ;
#2560 = VECTOR ( 'NONE', #381, 1000.000000000000000 ) ;
#2561 = LINE ( 'NONE', #1429, #2886 ) ;
#2562 = CARTESIAN_POINT ( 'NONE',  ( -2.250000000000000000, 0.2000000000000000111, 1.149999999999999911 ) ) ;
#2563 = FACE_OUTER_BOUND ( 'NONE', #336, .T. ) ;
#2564 = VECTOR ( 'NONE', #5378, 1000.000000000000000 ) ;
#2565 = ORIENTED_EDGE ( 'NONE', *, *, #3005, .T. ) ;
#2566 = CARTESIAN_POINT ( 'NONE',  ( -4.050000000000004263, -0.8199999999999713074, -0.8500000000000013101 ) ) ;
#2567 = MECHANICAL_DESIGN_GEOMETRIC_PRESENTATION_REPRESENTATION (  '', ( #3910 ), #6866 ) ;
#2568 = VECTOR ( 'NONE', #2542, 1000.000000000000000 ) ;
#2569 = VERTEX_POINT ( 'NONE', #4249 ) ;
#2570 = DIRECTION ( 'NONE',  ( -0.0000000000000000000, -1.000000000000000000, -0.0000000000000000000 ) ) ;
#2571 = CARTESIAN_POINT ( 'NONE',  ( 4.050000000000001599, 1.364389250768275310E-14, 0.8499999999999989786 ) ) ;
#2572 = VECTOR ( 'NONE', #559, 1000.000000000000114 ) ;
#2573 = SURFACE_STYLE_FILL_AREA ( #3036 ) ;
#2574 = VECTOR ( 'NONE', #823, 1000.000000000000000 ) ;
#2575 = MECHANICAL_DESIGN_GEOMETRIC_PRESENTATION_REPRESENTATION (  '', ( #6122 ), #3825 ) ;
#2576 = VECTOR ( 'NONE', #1334, 1000.000000000000000 ) ;
#2577 = EDGE_CURVE ( 'NONE', #3668, #5056, #1320, .T. ) ;
#2578 = PRESENTATION_LAYER_ASSIGNMENT (  '', '', ( #2190 ) ) ;
#2579 = ORIENTED_EDGE ( 'NONE', *, *, #7169, .F. ) ;
#2580 =( GEOMETRIC_REPRESENTATION_CONTEXT ( 3 ) GLOBAL_UNCERTAINTY_ASSIGNED_CONTEXT ( ( #3566 ) ) GLOBAL_UNIT_ASSIGNED_CONTEXT ( ( #1326, #5992, #4836 ) ) REPRESENTATION_CONTEXT ( 'NONE', 'WORKASPACE' ) );
#2581 = DIRECTION ( 'NONE',  ( 0.0000000000000000000, -1.275531967630005739E-16, 1.000000000000000000 ) ) ;
#2582 = FACE_OUTER_BOUND ( 'NONE', #5096, .T. ) ;
#2583 = VERTEX_POINT ( 'NONE', #1284 ) ;
#2584 =( NAMED_UNIT ( * ) PLANE_ANGLE_UNIT ( ) SI_UNIT ( $, .RADIAN. ) );
#2585 = AXIS2_PLACEMENT_3D ( 'NONE', #3929, #6228, #5701 ) ;
#2586 = ORIENTED_EDGE ( 'NONE', *, *, #1608, .T. ) ;
#2587 = VERTEX_POINT ( 'NONE', #3635 ) ;
#2588 = SURFACE_STYLE_USAGE ( .BOTH. , #3164 ) ;
#2589 = AXIS2_PLACEMENT_3D ( 'NONE', #2396, #4285, #624 ) ;
#2590 = FILL_AREA_STYLE ('',( #307 ) ) ;
#2591 = DIRECTION ( 'NONE',  ( 0.0000000000000000000, 0.0000000000000000000, -1.000000000000000000 ) ) ;
#2592 = PRODUCT ( 'SHM-1260-H', 'SHM-1260-H', '', ( #6222 ) ) ;
#2593 = VERTEX_POINT ( 'NONE', #700 ) ;
#2594 = EDGE_CURVE ( 'NONE', #6744, #1518, #6593, .T. ) ;
#2595 = CARTESIAN_POINT ( 'NONE',  ( -4.250000000000006217, -3.299999999999999822, -1.500000000000000666 ) ) ;
#2596 =( GEOMETRIC_REPRESENTATION_CONTEXT ( 3 ) GLOBAL_UNCERTAINTY_ASSIGNED_CONTEXT ( ( #860 ) ) GLOBAL_UNIT_ASSIGNED_CONTEXT ( ( #3466, #2928, #1146 ) ) REPRESENTATION_CONTEXT ( 'NONE', 'WORKASPACE' ) );
#2597 = DIRECTION ( 'NONE',  ( 1.000000000000000000, -0.0000000000000000000, -0.0000000000000000000 ) ) ;
#2598 = CARTESIAN_POINT ( 'NONE',  ( 2.250000000000001332, -2.200000000000000178, 2.649999999999998579 ) ) ;
#2599 = CARTESIAN_POINT ( 'NONE',  ( 2.150000000000001243, -2.200000000000000178, -1.750000000000000222 ) ) ;
#2600 = CARTESIAN_POINT ( 'NONE',  ( 4.050000000000001599, -0.7999999999999998224, -0.9000000000000000222 ) ) ;
#2601 = LINE ( 'NONE', #4954, #3606 ) ;
#2602 = EDGE_LOOP ( 'NONE', ( #2708, #3814, #449, #3278 ) ) ;
#2603 = CARTESIAN_POINT ( 'NONE',  ( -4.050000000000001599, -0.8000000000000001554, 1.749999999999998890 ) ) ;
#2604 = VECTOR ( 'NONE', #667, 1000.000000000000000 ) ;
#2605 = ORIENTED_EDGE ( 'NONE', *, *, #1031, .F. ) ;
#2606 = DIRECTION ( 'NONE',  ( 0.0000000000000000000, 1.000000000000000000, 0.0000000000000000000 ) ) ;
#2607 = DIRECTION ( 'NONE',  ( 1.000000000000000000, 3.410973126920686698E-15, 0.0000000000000000000 ) ) ;
#2608 = CARTESIAN_POINT ( 'NONE',  ( 2.150000000000001243, -2.200000000000000178, -2.250000000000000888 ) ) ;
#2609 = STYLED_ITEM ( 'NONE', ( #4494 ), #6811 ) ;
#2610 = EDGE_CURVE ( 'NONE', #4147, #5577, #746, .T. ) ;
#2611 = LINE ( 'NONE', #6578, #4395 ) ;
#2612 = ORIENTED_EDGE ( 'NONE', *, *, #2029, .F. ) ;
#2613 = DIRECTION ( 'NONE',  ( -0.0000000000000000000, -1.000000000000000000, -0.0000000000000000000 ) ) ;
#2614 = PRESENTATION_STYLE_ASSIGNMENT (( #4928 ) ) ;
#2615 = VECTOR ( 'NONE', #664, 1000.000000000000000 ) ;
#2616 = EDGE_CURVE ( 'NONE', #3014, #142, #7219, .T. ) ;
#2617 = LINE ( 'NONE', #4272, #6958 ) ;
#2618 = CARTESIAN_POINT ( 'NONE',  ( -4.250000000000007105, -1.780000000000000027, -0.6697014260101297189 ) ) ;
#2619 = DIRECTION ( 'NONE',  ( 0.0000000000000000000, 0.0000000000000000000, -1.000000000000000000 ) ) ;
#2620 = MECHANICAL_DESIGN_GEOMETRIC_PRESENTATION_REPRESENTATION (  '', ( #1134 ), #3611 ) ;
#2621 = ORIENTED_EDGE ( 'NONE', *, *, #2909, .T. ) ;
#2622 = DIRECTION ( 'NONE',  ( -3.883709274574940726E-15, -1.000000000000000000, 0.0000000000000000000 ) ) ;
#2623 = VECTOR ( 'NONE', #166, 999.9999999999998863 ) ;
#2624 = SURFACE_STYLE_FILL_AREA ( #4351 ) ;
#2625 = ORIENTED_EDGE ( 'NONE', *, *, #2746, .F. ) ;
#2626 = ORIENTED_EDGE ( 'NONE', *, *, #1439, .F. ) ;
#2627 = FILL_AREA_STYLE_COLOUR ( '', #2948 ) ;
#2628 = COLOUR_RGB ( '',0.2509803921568627416, 0.2509803921568627416, 0.2509803921568627416 ) ;
#2629 = SURFACE_STYLE_USAGE ( .BOTH. , #4358 ) ;
#2630 = FILL_AREA_STYLE_COLOUR ( '', #4467 ) ;
#2631 = ORIENTED_EDGE ( 'NONE', *, *, #3886, .T. ) ;
#2632 = FILL_AREA_STYLE_COLOUR ( '', #1121 ) ;
#2633 = UNCERTAINTY_MEASURE_WITH_UNIT (LENGTH_MEASURE( 1.000000000000000082E-05 ), #7532, 'distance_accuracy_value', 'NONE');
#2634 = FACE_OUTER_BOUND ( 'NONE', #6123, .T. ) ;
#2635 = CARTESIAN_POINT ( 'NONE',  ( 3.049999999999998934, 0.2000000000000000111, 1.370000000000000107 ) ) ;
#2636 = DIRECTION ( 'NONE',  ( 0.0000000000000000000, 0.0000000000000000000, 1.000000000000000000 ) ) ;
#2637 = DIRECTION ( 'NONE',  ( -0.0000000000000000000, -1.000000000000000000, -0.0000000000000000000 ) ) ;
#2638 = SURFACE_SIDE_STYLE ('',( #3864 ) ) ;
#2639 =( NAMED_UNIT ( * ) SI_UNIT ( $, .STERADIAN. ) SOLID_ANGLE_UNIT ( ) );
#2640 = EDGE_CURVE ( 'NONE', #2984, #1449, #3129, .T. ) ;
#2641 = CIRCLE ( 'NONE', #4362, 0.6500000000000000222 ) ;
#2642 = EDGE_CURVE ( 'NONE', #2955, #4728, #4861, .T. ) ;
#2643 = SURFACE_STYLE_USAGE ( .BOTH. , #285 ) ;
#2644 = VERTEX_POINT ( 'NONE', #6634 ) ;
#2645 = FILL_AREA_STYLE ('',( #1826 ) ) ;
#2646 = CARTESIAN_POINT ( 'NONE',  ( 0.2500000000000011657, -2.200000000000000178, 2.649999999999998579 ) ) ;
#2647 = SURFACE_STYLE_FILL_AREA ( #3763 ) ;
#2648 = VECTOR ( 'NONE', #3898, 1000.000000000000000 ) ;
#2649 = CARTESIAN_POINT ( 'NONE',  ( -3.919999999999999929, 0.2000000000000000111, 1.320000000000000284 ) ) ;
#2650 = VECTOR ( 'NONE', #5513, 1000.000000000000000 ) ;
#2651 = ORIENTED_EDGE ( 'NONE', *, *, #5963, .T. ) ;
#2652 = LINE ( 'NONE', #659, #4449 ) ;
#2653 = CARTESIAN_POINT ( 'NONE',  ( -2.250000000000000000, 0.2000000000000000111, -1.149999999999999911 ) ) ;
#2654 = DIRECTION ( 'NONE',  ( 0.0000000000000000000, 0.0000000000000000000, -1.000000000000000000 ) ) ;
#2655 = DIRECTION ( 'NONE',  ( 0.0000000000000000000, 1.000000000000000000, 6.123233995736766036E-17 ) ) ;
#2656 = CARTESIAN_POINT ( 'NONE',  ( -2.149999999999999023, -2.500000000000000000, 1.749999999999998890 ) ) ;
#2657 = EDGE_LOOP ( 'NONE', ( #3708, #4211, #4009, #1886 ) ) ;
#2658 = VECTOR ( 'NONE', #6217, 1000.000000000000114 ) ;
#2659 = SURFACE_SIDE_STYLE ('',( #3818 ) ) ;
#2660 = ORIENTED_EDGE ( 'NONE', *, *, #505, .T. ) ;
#2661 = ORIENTED_EDGE ( 'NONE', *, *, #5713, .F. ) ;
#2662 = DIRECTION ( 'NONE',  ( -0.0000000000000000000, -0.0000000000000000000, 1.000000000000000000 ) ) ;
#2663 = PLANE ( 'NONE',  #4518 ) ;
#2664 = FILL_AREA_STYLE ('',( #1646 ) ) ;
#2665 = PRESENTATION_LAYER_ASSIGNMENT (  '', '', ( #3524 ) ) ;
#2666 = ADVANCED_FACE ( 'NONE', ( #1355 ), #6854, .T. ) ;
#2667 = DIRECTION ( 'NONE',  ( -1.000000000000000000, 0.0000000000000000000, 0.0000000000000000000 ) ) ;
#2668 = DIRECTION ( 'NONE',  ( -1.000000000000000000, 3.388131789017192679E-15, 0.0000000000000000000 ) ) ;
#2669 = EDGE_CURVE ( 'NONE', #1449, #3961, #4471, .T. ) ;
#2670 = ADVANCED_FACE ( 'NONE', ( #2141 ), #3248, .F. ) ;
#2671 = EDGE_LOOP ( 'NONE', ( #3783, #3127, #3270, #1012 ) ) ;
#2672 = VECTOR ( 'NONE', #7314, 1000.000000000000114 ) ;
#2673 = EDGE_CURVE ( 'NONE', #7104, #4783, #1532, .T. ) ;
#2674 = CARTESIAN_POINT ( 'NONE',  ( 2.999999999999998668, 0.2000000000000000111, -1.700000000000000622 ) ) ;
#2675 =( LENGTH_UNIT ( ) NAMED_UNIT ( * ) SI_UNIT ( .MILLI., .METRE. ) );
#2676 = DIRECTION ( 'NONE',  ( 0.0000000000000000000, 0.0000000000000000000, -1.000000000000000000 ) ) ;
#2677 = PRESENTATION_STYLE_ASSIGNMENT (( #3828 ) ) ;
#2678 =( NAMED_UNIT ( * ) PLANE_ANGLE_UNIT ( ) SI_UNIT ( $, .RADIAN. ) );
#2679 = DIRECTION ( 'NONE',  ( -0.0000000000000000000, -0.0000000000000000000, 1.000000000000000000 ) ) ;
#2680 = ORIENTED_EDGE ( 'NONE', *, *, #5538, .T. ) ;
#2681 = SURFACE_STYLE_FILL_AREA ( #4523 ) ;
#2682 = DIRECTION ( 'NONE',  ( 1.379893674072460458E-16, -0.0000000000000000000, 1.000000000000000000 ) ) ;
#2683 =( LENGTH_UNIT ( ) NAMED_UNIT ( * ) SI_UNIT ( .MILLI., .METRE. ) );
#2684 = EDGE_CURVE ( 'NONE', #7216, #298, #304, .T. ) ;
#2685 = CARTESIAN_POINT ( 'NONE',  ( -3.850000000000001421, 0.0000000000000000000, 0.9499999999999995115 ) ) ;
#2686 = VECTOR ( 'NONE', #1767, 1000.000000000000000 ) ;
#2687 = CARTESIAN_POINT ( 'NONE',  ( -3.000000000000000000, 0.0000000000000000000, -1.699999999999999512 ) ) ;
#2688 = ORIENTED_EDGE ( 'NONE', *, *, #2924, .F. ) ;
#2689 = AXIS2_PLACEMENT_3D ( 'NONE', #5965, #5204, #7541 ) ;
#2690 = DIRECTION ( 'NONE',  ( -1.000000000000000000, 0.0000000000000000000, -0.0000000000000000000 ) ) ;
#2691 = CARTESIAN_POINT ( 'NONE',  ( 0.0000000000000000000, 0.0000000000000000000, -1.000000000000000222 ) ) ;
#2692 = VECTOR ( 'NONE', #7451, 1000.000000000000114 ) ;
#2693 = PLANE ( 'NONE',  #7366 ) ;
#2694 =( LENGTH_UNIT ( ) NAMED_UNIT ( * ) SI_UNIT ( .MILLI., .METRE. ) );
#2695 = ORIENTED_EDGE ( 'NONE', *, *, #5460, .F. ) ;
#2696 =( NAMED_UNIT ( * ) SI_UNIT ( $, .STERADIAN. ) SOLID_ANGLE_UNIT ( ) );
#2697 = AXIS2_PLACEMENT_3D ( 'NONE', #6850, #6187, #4623 ) ;
#2698 = VECTOR ( 'NONE', #3070, 1000.000000000000000 ) ;
#2699 = DIRECTION ( 'NONE',  ( -1.000000000000000000, 0.0000000000000000000, 0.0000000000000000000 ) ) ;
#2700 = VERTEX_POINT ( 'NONE', #6226 ) ;
#2701 = ORIENTED_EDGE ( 'NONE', *, *, #2082, .F. ) ;
#2702 = COLOUR_RGB ( '',0.7529411764705882248, 0.7529411764705882248, 0.7529411764705882248 ) ;
#2703 = CARTESIAN_POINT ( 'NONE',  ( -4.050000000000001599, 0.2000000000000000111, 0.8999999999999994671 ) ) ;
#2704 = DIRECTION ( 'NONE',  ( 0.0000000000000000000, -0.0000000000000000000, 1.000000000000000000 ) ) ;
#2705 = SURFACE_STYLE_FILL_AREA ( #2664 ) ;
#2706 =( NAMED_UNIT ( * ) PLANE_ANGLE_UNIT ( ) SI_UNIT ( $, .RADIAN. ) );
#2707 = VECTOR ( 'NONE', #6377, 999.9999999999998863 ) ;
#2708 = ORIENTED_EDGE ( 'NONE', *, *, #5474, .T. ) ;
#2709 = EDGE_CURVE ( 'NONE', #1662, #4770, #5015, .T. ) ;
#2710 = CARTESIAN_POINT ( 'NONE',  ( 4.250000000000007105, -1.800000000000000488, 0.0000000000000000000 ) ) ;
#2711 =( NAMED_UNIT ( * ) SI_UNIT ( $, .STERADIAN. ) SOLID_ANGLE_UNIT ( ) );
#2712 = CARTESIAN_POINT ( 'NONE',  ( -4.250000000000006217, -2.949999999999999734, -1.500000000000000666 ) ) ;
#2713 = AXIS2_PLACEMENT_3D ( 'NONE', #1781, #5193, #1708 ) ;
#2714 = CARTESIAN_POINT ( 'NONE',  ( -4.250000000000006217, -2.949999999999999734, -0.8250000000000009548 ) ) ;
#2715 = CLOSED_SHELL ( 'NONE', ( #1052, #2666, #5913, #4932, #6591, #1274, #3572, #1408, #1842, #1367, #2516, #1860, #347, #651, #7332, #6922, #1249, #4267, #2045, #5571, #4997, #6010, #2170, #7376, #5779, #4238, #7416, #1590, #1385, #6895, #6531, #5044, #5622, #967, #3577, #2147, #4696, #2754, #6757, #1498, #2847, #6312, #7279, #2547, #1380, #5126, #5398, #7306, #6045, #1672, #745, #5078, #4616, #7398, #3469, #3475, #4153, #1306, #895, #3873, #4303, #3659, #3575 ) ) ;
#2716 = CARTESIAN_POINT ( 'NONE',  ( -3.049999999999999822, 0.2000000000000000111, 1.750000000000000222 ) ) ;
#2717 = ORIENTED_EDGE ( 'NONE', *, *, #3796, .T. ) ;
#2718 = ORIENTED_EDGE ( 'NONE', *, *, #6279, .F. ) ;
#2719 = DIRECTION ( 'NONE',  ( -1.000000000000000000, 0.0000000000000000000, 0.0000000000000000000 ) ) ;
#2720 = VECTOR ( 'NONE', #4998, 1000.000000000000000 ) ;
#2721 = ADVANCED_FACE ( 'NONE', ( #5658 ), #4430, .F. ) ;
#2722 = COLOUR_RGB ( '',0.7529411764705882248, 0.7529411764705882248, 0.7529411764705882248 ) ;
#2723 = CARTESIAN_POINT ( 'NONE',  ( 3.969999999999999751, 0.0000000000000000000, 1.370000000000000107 ) ) ;
#2724 = ORIENTED_EDGE ( 'NONE', *, *, #3877, .T. ) ;
#2725 = SURFACE_STYLE_FILL_AREA ( #1023 ) ;
#2726 = CARTESIAN_POINT ( 'NONE',  ( -4.050000000000001599, 0.0000000000000000000, -0.8999999999999999112 ) ) ;
#2727 = FILL_AREA_STYLE ('',( #6297 ) ) ;
#2728 =( NAMED_UNIT ( * ) PLANE_ANGLE_UNIT ( ) SI_UNIT ( $, .RADIAN. ) );
#2729 = AXIS2_PLACEMENT_3D ( 'NONE', #6115, #300, #6084 ) ;
#2730 =( NAMED_UNIT ( * ) PLANE_ANGLE_UNIT ( ) SI_UNIT ( $, .RADIAN. ) );
#2731 = VERTEX_POINT ( 'NONE', #1494 ) ;
#2732 = EDGE_CURVE ( 'NONE', #4876, #3744, #272, .T. ) ;
#2733 = DIRECTION ( 'NONE',  ( 1.000000000000000000, 3.410973126920686698E-15, -0.0000000000000000000 ) ) ;
#2734 = ORIENTED_EDGE ( 'NONE', *, *, #3286, .F. ) ;
#2735 = EDGE_LOOP ( 'NONE', ( #5336, #1279, #6073, #3098 ) ) ;
#2736 = AXIS2_PLACEMENT_3D ( 'NONE', #1581, #357, #5751 ) ;
#2737 = DIRECTION ( 'NONE',  ( 0.7071067811865475727, -0.7071067811865475727, 0.0000000000000000000 ) ) ;
#2738 = DIRECTION ( 'NONE',  ( -1.000000000000000000, 0.0000000000000000000, 0.0000000000000000000 ) ) ;
#2739 = VECTOR ( 'NONE', #1744, 1000.000000000000000 ) ;
#2740 = CIRCLE ( 'NONE', #1745, 0.6700000000000002620 ) ;
#2741 = PLANE ( 'NONE',  #649 ) ;
#2742 = ORIENTED_EDGE ( 'NONE', *, *, #7386, .T. ) ;
#2743 = SURFACE_STYLE_USAGE ( .BOTH. , #499 ) ;
#2744 = FACE_OUTER_BOUND ( 'NONE', #7582, .T. ) ;
#2745 = LINE ( 'NONE', #425, #6821 ) ;
#2746 = EDGE_CURVE ( 'NONE', #2163, #4958, #925, .T. ) ;
#2747 =( NAMED_UNIT ( * ) PLANE_ANGLE_UNIT ( ) SI_UNIT ( $, .RADIAN. ) );
#2748 = EDGE_CURVE ( 'NONE', #6779, #658, #1568, .T. ) ;
#2749 = DIRECTION ( 'NONE',  ( 0.0000000000000000000, 1.000000000000000000, 0.0000000000000000000 ) ) ;
#2750 = EDGE_CURVE ( 'NONE', #1853, #3426, #3928, .T. ) ;
#2751 = ORIENTED_EDGE ( 'NONE', *, *, #4413, .F. ) ;
#2752 = LINE ( 'NONE', #5112, #684 ) ;
#2753 = SURFACE_STYLE_FILL_AREA ( #401 ) ;
#2754 = ADVANCED_FACE ( 'NONE', ( #6270 ), #7403, .T. ) ;
#2755 = EDGE_CURVE ( 'NONE', #7616, #4750, #6894, .T. ) ;
#2756 = DIRECTION ( 'NONE',  ( 0.7071067811865482389, -0.0000000000000000000, -0.7071067811865469066 ) ) ;
#2757 = PRESENTATION_LAYER_ASSIGNMENT (  '', '', ( #2131 ) ) ;
#2758 = ORIENTED_EDGE ( 'NONE', *, *, #5618, .T. ) ;
#2759 = CARTESIAN_POINT ( 'NONE',  ( 4.050000000000001599, 0.2000000000000000111, 0.8999999999999994671 ) ) ;
#2760 = SURFACE_STYLE_USAGE ( .BOTH. , #2215 ) ;
#2761 = CARTESIAN_POINT ( 'NONE',  ( 2.999999999999998668, 0.2000000000000000111, 1.319999999999999840 ) ) ;
#2762 = CARTESIAN_POINT ( 'NONE',  ( -3.969999999999999751, 0.2000000000000000111, -1.370000000000000551 ) ) ;
#2763 = ORIENTED_EDGE ( 'NONE', *, *, #5936, .F. ) ;
#2764 =( NAMED_UNIT ( * ) PLANE_ANGLE_UNIT ( ) SI_UNIT ( $, .RADIAN. ) );
#2765 = VERTEX_POINT ( 'NONE', #6387 ) ;
#2766 = EDGE_LOOP ( 'NONE', ( #169, #2930, #4193, #7212 ) ) ;
#2767 = VECTOR ( 'NONE', #3482, 1000.000000000000000 ) ;
#2768 = PRESENTATION_STYLE_ASSIGNMENT (( #1458 ) ) ;
#2769 = DIRECTION ( 'NONE',  ( 0.0000000000000000000, 1.000000000000000000, 0.0000000000000000000 ) ) ;
#2770 = CARTESIAN_POINT ( 'NONE',  ( 2.299999999999999822, 0.2000000000000000111, -1.199999999999999956 ) ) ;
#2771 = ADVANCED_FACE ( 'NONE', ( #3964 ), #1035, .F. ) ;
#2772 = VECTOR ( 'NONE', #5041, 1000.000000000000000 ) ;
#2773 = PRESENTATION_LAYER_ASSIGNMENT (  '', '', ( #6707 ) ) ;
#2774 =( NAMED_UNIT ( * ) PLANE_ANGLE_UNIT ( ) SI_UNIT ( $, .RADIAN. ) );
#2775 = ORIENTED_EDGE ( 'NONE', *, *, #6157, .T. ) ;
#2776 = ORIENTED_EDGE ( 'NONE', *, *, #6492, .F. ) ;
#2777 = FILL_AREA_STYLE ('',( #5250 ) ) ;
#2778 =( GEOMETRIC_REPRESENTATION_CONTEXT ( 3 ) GLOBAL_UNCERTAINTY_ASSIGNED_CONTEXT ( ( #6977 ) ) GLOBAL_UNIT_ASSIGNED_CONTEXT ( ( #622, #2437, #7110 ) ) REPRESENTATION_CONTEXT ( 'NONE', 'WORKASPACE' ) );
#2779 = DIRECTION ( 'NONE',  ( 0.0000000000000000000, -1.000000000000000000, -6.123233995736766036E-17 ) ) ;
#2780 = PRESENTATION_STYLE_ASSIGNMENT (( #7371 ) ) ;
#2781 =( LENGTH_UNIT ( ) NAMED_UNIT ( * ) SI_UNIT ( .MILLI., .METRE. ) );
#2782 = DIRECTION ( 'NONE',  ( 1.000000000000000000, 3.410973126920686698E-15, -0.0000000000000000000 ) ) ;
#2783 = CARTESIAN_POINT ( 'NONE',  ( 4.050000000000001599, -1.800000000000000266, 1.749999999999998446 ) ) ;
#2784 = VECTOR ( 'NONE', #1980, 1000.000000000000000 ) ;
#2785 = DIRECTION ( 'NONE',  ( -1.000000000000000000, 0.0000000000000000000, 3.388131789017201849E-16 ) ) ;
#2786 = ORIENTED_EDGE ( 'NONE', *, *, #3356, .F. ) ;
#2787 = FILL_AREA_STYLE ('',( #4606 ) ) ;
#2788 = ORIENTED_EDGE ( 'NONE', *, *, #1894, .F. ) ;
#2789 =( NAMED_UNIT ( * ) SI_UNIT ( $, .STERADIAN. ) SOLID_ANGLE_UNIT ( ) );
#2790 =( NAMED_UNIT ( * ) SI_UNIT ( $, .STERADIAN. ) SOLID_ANGLE_UNIT ( ) );
#2791 = UNCERTAINTY_MEASURE_WITH_UNIT (LENGTH_MEASURE( 1.000000000000000082E-05 ), #3855, 'distance_accuracy_value', 'NONE');
#2792 = CARTESIAN_POINT ( 'NONE',  ( 3.850000000000001421, 9.486769009248163798E-17, 0.8499999999999989786 ) ) ;
#2793 = EDGE_CURVE ( 'NONE', #1242, #1714, #3428, .T. ) ;
#2794 = SURFACE_STYLE_USAGE ( .BOTH. , #1553 ) ;
#2795 = ORIENTED_EDGE ( 'NONE', *, *, #7048, .T. ) ;
#2796 = LINE ( 'NONE', #7497, #5491 ) ;
#2797 = MECHANICAL_DESIGN_GEOMETRIC_PRESENTATION_REPRESENTATION (  '', ( #6113 ), #6984 ) ;
#2798 =( LENGTH_UNIT ( ) NAMED_UNIT ( * ) SI_UNIT ( .MILLI., .METRE. ) );
#2799 =( NAMED_UNIT ( * ) SI_UNIT ( $, .STERADIAN. ) SOLID_ANGLE_UNIT ( ) );
#2800 = COLOUR_RGB ( '',0.7529411764705882248, 0.7529411764705882248, 0.7529411764705882248 ) ;
#2801 =( LENGTH_UNIT ( ) NAMED_UNIT ( * ) SI_UNIT ( .MILLI., .METRE. ) );
#2802 = CARTESIAN_POINT ( 'NONE',  ( -3.850000000000001421, 0.2000000000000000111, 0.0000000000000000000 ) ) ;
#2803 = VERTEX_POINT ( 'NONE', #610 ) ;
#2804 = EDGE_CURVE ( 'NONE', #5462, #337, #1151, .T. ) ;
#2805 = AXIS2_PLACEMENT_3D ( 'NONE', #870, #2785, #7378 ) ;
#2806 = VERTEX_POINT ( 'NONE', #6304 ) ;
#2807 = ORIENTED_EDGE ( 'NONE', *, *, #4649, .F. ) ;
#2808 = SURFACE_SIDE_STYLE ('',( #5777 ) ) ;
#2809 = VECTOR ( 'NONE', #3721, 1000.000000000000000 ) ;
#2810 = VECTOR ( 'NONE', #1113, 1000.000000000000000 ) ;
#2811 = UNCERTAINTY_MEASURE_WITH_UNIT (LENGTH_MEASURE( 1.000000000000000082E-05 ), #2694, 'distance_accuracy_value', 'NONE');
#2812 = FACE_OUTER_BOUND ( 'NONE', #2766, .T. ) ;
#2813 = AXIS2_PLACEMENT_3D ( 'NONE', #1754, #3544, #6540 ) ;
#2814 =( NAMED_UNIT ( * ) SI_UNIT ( $, .STERADIAN. ) SOLID_ANGLE_UNIT ( ) );
#2815 = EDGE_CURVE ( 'NONE', #1190, #2765, #1681, .T. ) ;
#2816 = COLOUR_RGB ( '',0.7529411764705882248, 0.7529411764705882248, 0.7529411764705882248 ) ;
#2817 = VERTEX_POINT ( 'NONE', #3393 ) ;
#2818 = ORIENTED_EDGE ( 'NONE', *, *, #968, .F. ) ;
#2819 = VECTOR ( 'NONE', #2285, 1000.000000000000000 ) ;
#2820 =( NAMED_UNIT ( * ) SI_UNIT ( $, .STERADIAN. ) SOLID_ANGLE_UNIT ( ) );
#2821 = LINE ( 'NONE', #3336, #6254 ) ;
#2822 = DIRECTION ( 'NONE',  ( 0.0000000000000000000, 1.000000000000000000, 0.0000000000000000000 ) ) ;
#2823 = VECTOR ( 'NONE', #7619, 1000.000000000000000 ) ;
#2824 = CARTESIAN_POINT ( 'NONE',  ( 4.250000000000000888, -1.800000000000000044, -1.750000000000000888 ) ) ;
#2825 = CARTESIAN_POINT ( 'NONE',  ( 4.050000000000001599, -1.800000000000000044, -1.750000000000000888 ) ) ;
#2826 = ADVANCED_FACE ( 'NONE', ( #2264 ), #1758, .F. ) ;
#2827 = STYLED_ITEM ( 'NONE', ( #5661 ), #4238 ) ;
#2828 = DIRECTION ( 'NONE',  ( -1.000000000000000000, -3.410973126920686698E-15, 0.0000000000000000000 ) ) ;
#2829 = ORIENTED_EDGE ( 'NONE', *, *, #4603, .T. ) ;
#2830 =( GEOMETRIC_REPRESENTATION_CONTEXT ( 3 ) GLOBAL_UNCERTAINTY_ASSIGNED_CONTEXT ( ( #5719 ) ) GLOBAL_UNIT_ASSIGNED_CONTEXT ( ( #3688, #3725, #4767 ) ) REPRESENTATION_CONTEXT ( 'NONE', 'WORKASPACE' ) );
#2831 = DIRECTION ( 'NONE',  ( -0.0000000000000000000, -1.000000000000000000, -0.0000000000000000000 ) ) ;
#2832 = VERTEX_POINT ( 'NONE', #3548 ) ;
#2833 = PLANE ( 'NONE',  #5046 ) ;
#2834 = DIRECTION ( 'NONE',  ( 0.0000000000000000000, 1.000000000000000000, 6.123233995736766036E-17 ) ) ;
#2835 =( GEOMETRIC_REPRESENTATION_CONTEXT ( 3 ) GLOBAL_UNCERTAINTY_ASSIGNED_CONTEXT ( ( #2791 ) ) GLOBAL_UNIT_ASSIGNED_CONTEXT ( ( #3855, #2706, #5505 ) ) REPRESENTATION_CONTEXT ( 'NONE', 'WORKASPACE' ) );
#2836 = PLANE ( 'NONE',  #6489 ) ;
#2837 = ORIENTED_EDGE ( 'NONE', *, *, #3078, .T. ) ;
#2838 = CARTESIAN_POINT ( 'NONE',  ( -0.3499999999999989231, -2.200000000000000178, -2.250000000000000888 ) ) ;
#2839 = FILL_AREA_STYLE_COLOUR ( '', #4419 ) ;
#2840 = DIRECTION ( 'NONE',  ( -1.000000000000000000, -0.0000000000000000000, -0.0000000000000000000 ) ) ;
#2841 = CARTESIAN_POINT ( 'NONE',  ( 4.249999999999997335, 0.0000000000000000000, -0.8999999999999999112 ) ) ;
#2842 = ORIENTED_EDGE ( 'NONE', *, *, #4350, .F. ) ;
#2843 = FILL_AREA_STYLE_COLOUR ( '', #3214 ) ;
#2844 = ADVANCED_FACE ( 'NONE', ( #5895 ), #5738, .F. ) ;
#2845 = ORIENTED_EDGE ( 'NONE', *, *, #4721, .F. ) ;
#2846 = VERTEX_POINT ( 'NONE', #2503 ) ;
#2847 = ADVANCED_FACE ( 'NONE', ( #6504 ), #7095, .T. ) ;
#2848 =( GEOMETRIC_REPRESENTATION_CONTEXT ( 3 ) GLOBAL_UNCERTAINTY_ASSIGNED_CONTEXT ( ( #3748 ) ) GLOBAL_UNIT_ASSIGNED_CONTEXT ( ( #1426, #278, #4512 ) ) REPRESENTATION_CONTEXT ( 'NONE', 'WORKASPACE' ) );
#2849 = CARTESIAN_POINT ( 'NONE',  ( -0.2499999999999985290, -2.500000000000000000, 5.399999999999998579 ) ) ;
#2850 = LINE ( 'NONE', #5899, #1713 ) ;
#2851 = AXIS2_PLACEMENT_3D ( 'NONE', #3102, #5452, #2526 ) ;
#2852 =( GEOMETRIC_REPRESENTATION_CONTEXT ( 3 ) GLOBAL_UNCERTAINTY_ASSIGNED_CONTEXT ( ( #4286 ) ) GLOBAL_UNIT_ASSIGNED_CONTEXT ( ( #3354, #7534, #4615 ) ) REPRESENTATION_CONTEXT ( 'NONE', 'WORKASPACE' ) );
#2853 = ORIENTED_EDGE ( 'NONE', *, *, #1175, .F. ) ;
#2854 = ORIENTED_EDGE ( 'NONE', *, *, #7484, .F. ) ;
#2855 = UNCERTAINTY_MEASURE_WITH_UNIT (LENGTH_MEASURE( 1.000000000000000082E-05 ), #7265, 'distance_accuracy_value', 'NONE');
#2856 =( NAMED_UNIT ( * ) PLANE_ANGLE_UNIT ( ) SI_UNIT ( $, .RADIAN. ) );
#2857 =( LENGTH_UNIT ( ) NAMED_UNIT ( * ) SI_UNIT ( .MILLI., .METRE. ) );
#2858 = CARTESIAN_POINT ( 'NONE',  ( -4.250000000000006217, -2.949999999999999734, -1.750000000000000666 ) ) ;
#2859 = DIRECTION ( 'NONE',  ( 3.410973126920687092E-15, 1.000000000000000000, -2.464095846557966371E-16 ) ) ;
#2860 = DIRECTION ( 'NONE',  ( 0.0000000000000000000, -0.0000000000000000000, -1.000000000000000000 ) ) ;
#2861 = VECTOR ( 'NONE', #1286, 1000.000000000000000 ) ;
#2862 = LINE ( 'NONE', #2824, #7277 ) ;
#2863 = DIRECTION ( 'NONE',  ( 0.0000000000000000000, -2.464095846557966371E-16, -1.000000000000000000 ) ) ;
#2864 = VECTOR ( 'NONE', #6434, 1000.000000000000000 ) ;
#2865 = EDGE_LOOP ( 'NONE', ( #3546, #1642, #1191, #1 ) ) ;
#2866 =( NAMED_UNIT ( * ) SI_UNIT ( $, .STERADIAN. ) SOLID_ANGLE_UNIT ( ) );
#2867 = VERTEX_POINT ( 'NONE', #4779 ) ;
#2868 = FILL_AREA_STYLE ('',( #4148 ) ) ;
#2869 = CARTESIAN_POINT ( 'NONE',  ( -4.250000000000006217, -2.949999999999999734, -1.750000000000000666 ) ) ;
#2870 = FILL_AREA_STYLE ('',( #512 ) ) ;
#2871 = UNCERTAINTY_MEASURE_WITH_UNIT (LENGTH_MEASURE( 1.000000000000000082E-05 ), #131, 'distance_accuracy_value', 'NONE');
#2872 = LINE ( 'NONE', #6995, #6025 ) ;
#2873 = EDGE_CURVE ( 'NONE', #1168, #1109, #2540, .T. ) ;
#2874 =( NAMED_UNIT ( * ) PLANE_ANGLE_UNIT ( ) SI_UNIT ( $, .RADIAN. ) );
#2875 = EDGE_CURVE ( 'NONE', #1774, #672, #3661, .T. ) ;
#2876 = FILL_AREA_STYLE ('',( #4652 ) ) ;
#2877 = ORIENTED_EDGE ( 'NONE', *, *, #2529, .F. ) ;
#2878 = CARTESIAN_POINT ( 'NONE',  ( -1.787499999999998979, 1.887500000000000178, -1.000000000000000222 ) ) ;
#2879 = DIRECTION ( 'NONE',  ( 1.000000000000000000, 0.0000000000000000000, 0.0000000000000000000 ) ) ;
#2880 =( NAMED_UNIT ( * ) PLANE_ANGLE_UNIT ( ) SI_UNIT ( $, .RADIAN. ) );
#2881 = DIRECTION ( 'NONE',  ( 1.000000000000000000, 0.0000000000000000000, -0.0000000000000000000 ) ) ;
#2882 = DIRECTION ( 'NONE',  ( 1.000000000000000000, -3.491481338843133355E-15, 0.0000000000000000000 ) ) ;
#2883 = DIRECTION ( 'NONE',  ( 1.000000000000000000, 0.0000000000000000000, -7.228014483236698281E-17 ) ) ;
#2884 = VERTEX_POINT ( 'NONE', #5351 ) ;
#2885 = DIRECTION ( 'NONE',  ( -0.0000000000000000000, -1.000000000000000000, -0.0000000000000000000 ) ) ;
#2886 = VECTOR ( 'NONE', #3217, 1000.000000000000000 ) ;
#2887 = PRESENTATION_STYLE_ASSIGNMENT (( #4080 ) ) ;
#2888 = ORIENTED_EDGE ( 'NONE', *, *, #7213, .T. ) ;
#2889 = VERTEX_POINT ( 'NONE', #3592 ) ;
#2890 = DIRECTION ( 'NONE',  ( 0.0000000000000000000, 1.000000000000000000, 1.275531967630005739E-16 ) ) ;
#2891 = DIRECTION ( 'NONE',  ( 1.000000000000000000, 0.0000000000000000000, -2.356961244533702462E-16 ) ) ;
#2892 = PRESENTATION_LAYER_ASSIGNMENT (  '', '', ( #4490 ) ) ;
#2893 = CARTESIAN_POINT ( 'NONE',  ( -4.250000000000006217, -2.949999999999999734, -0.8250000000000009548 ) ) ;
#2894 = ORIENTED_EDGE ( 'NONE', *, *, #4873, .T. ) ;
#2895 = UNCERTAINTY_MEASURE_WITH_UNIT (LENGTH_MEASURE( 1.000000000000000082E-05 ), #5616, 'distance_accuracy_value', 'NONE');
#2896 = AXIS2_PLACEMENT_3D ( 'NONE', #4710, #7590, #2971 ) ;
#2897 = ORIENTED_EDGE ( 'NONE', *, *, #1827, .F. ) ;
#2898 = VERTEX_POINT ( 'NONE', #4744 ) ;
#2899 = CARTESIAN_POINT ( 'NONE',  ( -3.049999999999999822, 0.2000000000000000111, -1.750000000000000666 ) ) ;
#2900 = SURFACE_STYLE_FILL_AREA ( #4138 ) ;
#2901 = DIRECTION ( 'NONE',  ( 1.000000000000000000, -0.0000000000000000000, -0.0000000000000000000 ) ) ;
#2902 = SURFACE_STYLE_FILL_AREA ( #3519 ) ;
#2903 = EDGE_CURVE ( 'NONE', #2700, #124, #6544, .T. ) ;
#2904 = VECTOR ( 'NONE', #1381, 1000.000000000000000 ) ;
#2905 = ADVANCED_FACE ( 'NONE', ( #42 ), #5430, .T. ) ;
#2906 = LINE ( 'NONE', #15, #7510 ) ;
#2907 = SURFACE_SIDE_STYLE ('',( #16 ) ) ;
#2908 = EDGE_CURVE ( 'NONE', #4541, #3158, #189, .T. ) ;
#2909 = EDGE_CURVE ( 'NONE', #3361, #7622, #3232, .T. ) ;
#2910 = COLOUR_RGB ( '',0.7529411764705882248, 0.7529411764705882248, 0.7529411764705882248 ) ;
#2911 = FILL_AREA_STYLE ('',( #2362 ) ) ;
#2912 = ORIENTED_EDGE ( 'NONE', *, *, #30, .T. ) ;
#2913 = SURFACE_STYLE_FILL_AREA ( #2787 ) ;
#2914 = VERTEX_POINT ( 'NONE', #2726 ) ;
#2915 = LINE ( 'NONE', #4731, #5409 ) ;
#2916 = CARTESIAN_POINT ( 'NONE',  ( -4.250000000000003553, -0.8199999999999709743, -1.730000000000000870 ) ) ;
#2917 = CARTESIAN_POINT ( 'NONE',  ( -4.250000000000006217, -2.949999999999999734, 0.8249999999999991784 ) ) ;
#2918 = VECTOR ( 'NONE', #5283, 1000.000000000000000 ) ;
#2919 = UNCERTAINTY_MEASURE_WITH_UNIT (LENGTH_MEASURE( 1.000000000000000082E-05 ), #1026, 'distance_accuracy_value', 'NONE');
#2920 =( NAMED_UNIT ( * ) PLANE_ANGLE_UNIT ( ) SI_UNIT ( $, .RADIAN. ) );
#2921 = VECTOR ( 'NONE', #6923, 1000.000000000000000 ) ;
#2922 = ORIENTED_EDGE ( 'NONE', *, *, #3395, .T. ) ;
#2923 = LINE ( 'NONE', #1634, #7225 ) ;
#2924 = EDGE_CURVE ( 'NONE', #5134, #4783, #223, .T. ) ;
#2925 = DIRECTION ( 'NONE',  ( -1.000000000000000000, 0.0000000000000000000, -0.0000000000000000000 ) ) ;
#2926 = SURFACE_STYLE_USAGE ( .BOTH. , #6419 ) ;
#2927 = ORIENTED_EDGE ( 'NONE', *, *, #418, .T. ) ;
#2928 =( NAMED_UNIT ( * ) PLANE_ANGLE_UNIT ( ) SI_UNIT ( $, .RADIAN. ) );
#2929 =( NAMED_UNIT ( * ) PLANE_ANGLE_UNIT ( ) SI_UNIT ( $, .RADIAN. ) );
#2930 = ORIENTED_EDGE ( 'NONE', *, *, #6568, .F. ) ;
#2931 = ORIENTED_EDGE ( 'NONE', *, *, #3679, .F. ) ;
#2932 = VECTOR ( 'NONE', #5470, 1000.000000000000000 ) ;
#2933 =( LENGTH_UNIT ( ) NAMED_UNIT ( * ) SI_UNIT ( .MILLI., .METRE. ) );
#2934 = CARTESIAN_POINT ( 'NONE',  ( -2.849999999999999201, -2.200000000000000178, 1.749999999999998890 ) ) ;
#2935 = VERTEX_POINT ( 'NONE', #5605 ) ;
#2936 = SURFACE_SIDE_STYLE ('',( #47 ) ) ;
#2937 = AXIS2_PLACEMENT_3D ( 'NONE', #3341, #6243, #1510 ) ;
#2938 = ORIENTED_EDGE ( 'NONE', *, *, #6284, .F. ) ;
#2939 = EDGE_LOOP ( 'NONE', ( #2660, #4063, #7004, #753 ) ) ;
#2940 = AXIS2_PLACEMENT_3D ( 'NONE', #5753, #1013, #4019 ) ;
#2941 = ADVANCED_FACE ( 'NONE', ( #5569 ), #880, .F. ) ;
#2942 = DIRECTION ( 'NONE',  ( 0.0000000000000000000, -0.0000000000000000000, 1.000000000000000000 ) ) ;
#2943 = SURFACE_STYLE_USAGE ( .BOTH. , #4139 ) ;
#2944 = MECHANICAL_DESIGN_GEOMETRIC_PRESENTATION_REPRESENTATION (  '', ( #5768 ), #4400 ) ;
#2945 = FACE_OUTER_BOUND ( 'NONE', #6891, .T. ) ;
#2946 = UNCERTAINTY_MEASURE_WITH_UNIT (LENGTH_MEASURE( 1.000000000000000082E-05 ), #5049, 'distance_accuracy_value', 'NONE');
#2947 = EDGE_CURVE ( 'NONE', #7035, #6890, #5004, .T. ) ;
#2948 = COLOUR_RGB ( '',0.7529411764705882248, 0.7529411764705882248, 0.7529411764705882248 ) ;
#2949 = ORIENTED_EDGE ( 'NONE', *, *, #6668, .F. ) ;
#2950 = PRESENTATION_LAYER_ASSIGNMENT (  '', '', ( #2458 ) ) ;
#2951 = SURFACE_SIDE_STYLE ('',( #3405 ) ) ;
#2952 = ORIENTED_EDGE ( 'NONE', *, *, #4442, .F. ) ;
#2953 = CARTESIAN_POINT ( 'NONE',  ( -2.749999999999999112, -2.200000000000000178, 2.649999999999998579 ) ) ;
#2954 =( GEOMETRIC_REPRESENTATION_CONTEXT ( 3 ) GLOBAL_UNCERTAINTY_ASSIGNED_CONTEXT ( ( #6999 ) ) GLOBAL_UNIT_ASSIGNED_CONTEXT ( ( #2523, #1363, #4329 ) ) REPRESENTATION_CONTEXT ( 'NONE', 'WORKASPACE' ) );
#2955 = VERTEX_POINT ( 'NONE', #4967 ) ;
#2956 = PRESENTATION_STYLE_ASSIGNMENT (( #588 ) ) ;
#2957 = CARTESIAN_POINT ( 'NONE',  ( -2.250000000000000000, 0.0000000000000000000, 1.149999999999999911 ) ) ;
#2958 = ORIENTED_EDGE ( 'NONE', *, *, #4044, .T. ) ;
#2959 = SURFACE_STYLE_USAGE ( .BOTH. , #5879 ) ;
#2960 = MECHANICAL_DESIGN_GEOMETRIC_PRESENTATION_REPRESENTATION (  '', ( #5517 ), #5909 ) ;
#2961 = UNCERTAINTY_MEASURE_WITH_UNIT (LENGTH_MEASURE( 1.000000000000000082E-05 ), #7337, 'distance_accuracy_value', 'NONE');
#2962 = VERTEX_POINT ( 'NONE', #2096 ) ;
#2963 = CARTESIAN_POINT ( 'NONE',  ( 4.250000000000000888, -3.299999999999999822, 1.749999999999998890 ) ) ;
#2964 = CARTESIAN_POINT ( 'NONE',  ( -3.919999999999999929, 0.2000000000000000111, 0.8499999999999994227 ) ) ;
#2965 = DIRECTION ( 'NONE',  ( 0.0000000000000000000, 0.0000000000000000000, -1.000000000000000000 ) ) ;
#2966 = AXIS2_PLACEMENT_3D ( 'NONE', #3899, #4516, #318 ) ;
#2967 = CARTESIAN_POINT ( 'NONE',  ( 4.250000000000000888, -1.800000000000000044, -0.6500000000000000222 ) ) ;
#2968 = ORIENTED_EDGE ( 'NONE', *, *, #4748, .T. ) ;
#2969 =( GEOMETRIC_REPRESENTATION_CONTEXT ( 3 ) GLOBAL_UNCERTAINTY_ASSIGNED_CONTEXT ( ( #6878 ) ) GLOBAL_UNIT_ASSIGNED_CONTEXT ( ( #238, #3892, #892 ) ) REPRESENTATION_CONTEXT ( 'NONE', 'WORKASPACE' ) );
#2970 = ORIENTED_EDGE ( 'NONE', *, *, #6534, .F. ) ;
#2971 = DIRECTION ( 'NONE',  ( 0.0000000000000000000, -0.0000000000000000000, -1.000000000000000000 ) ) ;
#2972 = EDGE_CURVE ( 'NONE', #7616, #3749, #7351, .T. ) ;
#2973 = VERTEX_POINT ( 'NONE', #3310 ) ;
#2974 = LINE ( 'NONE', #1685, #164 ) ;
#2975 = VERTEX_POINT ( 'NONE', #5645 ) ;
#2976 = VERTEX_POINT ( 'NONE', #6694 ) ;
#2977 = CARTESIAN_POINT ( 'NONE',  ( 3.969999999999999751, 0.2000000000000000111, -0.8999999999999999112 ) ) ;
#2978 = FILL_AREA_STYLE_COLOUR ( '', #101 ) ;
#2979 = CARTESIAN_POINT ( 'NONE',  ( -3.919999999999999929, 0.2000000000000000111, 1.320000000000000284 ) ) ;
#2980 = FILL_AREA_STYLE_COLOUR ( '', #1296 ) ;
#2981 = VECTOR ( 'NONE', #4533, 1000.000000000000000 ) ;
#2982 = SURFACE_SIDE_STYLE ('',( #1204 ) ) ;
#2983 = DIRECTION ( 'NONE',  ( 0.0000000000000000000, -0.0000000000000000000, 1.000000000000000000 ) ) ;
#2984 = VERTEX_POINT ( 'NONE', #3770 ) ;
#2985 = DIRECTION ( 'NONE',  ( -1.000000000000000000, 0.0000000000000000000, 7.228014483236698528E-16 ) ) ;
#2986 = EDGE_LOOP ( 'NONE', ( #1753, #3201, #1034, #5914 ) ) ;
#2987 =( GEOMETRIC_REPRESENTATION_CONTEXT ( 3 ) GLOBAL_UNCERTAINTY_ASSIGNED_CONTEXT ( ( #1959 ) ) GLOBAL_UNIT_ASSIGNED_CONTEXT ( ( #5554, #250, #2639 ) ) REPRESENTATION_CONTEXT ( 'NONE', 'WORKASPACE' ) );
#2988 = ADVANCED_FACE ( 'NONE', ( #4383 ), #6727, .T. ) ;
#2989 = CARTESIAN_POINT ( 'NONE',  ( -4.249999999999999112, -3.299999999999999822, -1.749999999999999778 ) ) ;
#2990 = SURFACE_STYLE_USAGE ( .BOTH. , #629 ) ;
#2991 = CARTESIAN_POINT ( 'NONE',  ( -2.500000000000000000, -2.500000000000000000, 0.0000000000000000000 ) ) ;
#2992 = PRESENTATION_LAYER_ASSIGNMENT (  '', '', ( #5943 ) ) ;
#2993 = ORIENTED_EDGE ( 'NONE', *, *, #6754, .T. ) ;
#2994 =( NAMED_UNIT ( * ) SI_UNIT ( $, .STERADIAN. ) SOLID_ANGLE_UNIT ( ) );
#2995 = VECTOR ( 'NONE', #2069, 1000.000000000000000 ) ;
#2996 = EDGE_CURVE ( 'NONE', #3724, #6225, #6179, .T. ) ;
#2997 = DIRECTION ( 'NONE',  ( 2.356961244533705420E-16, -0.0000000000000000000, 1.000000000000000000 ) ) ;
#2998 = ORIENTED_EDGE ( 'NONE', *, *, #4786, .F. ) ;
#2999 = LINE ( 'NONE', #5924, #2158 ) ;
#3000 = LINE ( 'NONE', #4880, #4543 ) ;
#3001 = CARTESIAN_POINT ( 'NONE',  ( -2.000000000000000000, 0.0000000000000000000, 1.000000000000000000 ) ) ;
#3002 = EDGE_CURVE ( 'NONE', #2867, #5076, #914, .T. ) ;
#3003 = LINE ( 'NONE', #7503, #6554 ) ;
#3004 = CARTESIAN_POINT ( 'NONE',  ( -2.000000000000000000, 1.899999999999999023, -1.000000000000000000 ) ) ;
#3005 = EDGE_CURVE ( 'NONE', #2644, #1898, #6216, .T. ) ;
#3006 = PLANE ( 'NONE',  #2166 ) ;
#3007 = EDGE_CURVE ( 'NONE', #5679, #4520, #2134, .T. ) ;
#3008 = ORIENTED_EDGE ( 'NONE', *, *, #1253, .T. ) ;
#3009 = DIRECTION ( 'NONE',  ( -0.0000000000000000000, -1.000000000000000000, -0.0000000000000000000 ) ) ;
#3010 = CARTESIAN_POINT ( 'NONE',  ( -1.112499999999999600, 1.887500000000000178, 1.000000000000000000 ) ) ;
#3011 = ORIENTED_EDGE ( 'NONE', *, *, #100, .F. ) ;
#3012 = FACE_OUTER_BOUND ( 'NONE', #1594, .T. ) ;
#3013 = ORIENTED_EDGE ( 'NONE', *, *, #5471, .F. ) ;
#3014 = VERTEX_POINT ( 'NONE', #3915 ) ;
#3015 = FACE_OUTER_BOUND ( 'NONE', #361, .T. ) ;
#3016 = VECTOR ( 'NONE', #1467, 1000.000000000000000 ) ;
#3017 = LINE ( 'NONE', #4248, #5775 ) ;
#3018 = EDGE_CURVE ( 'NONE', #412, #6054, #841, .T. ) ;
#3019 = DIRECTION ( 'NONE',  ( 1.000000000000000000, 3.491481338843133355E-15, 0.0000000000000000000 ) ) ;
#3020 = CARTESIAN_POINT ( 'NONE',  ( -1.224999999999999201, 2.000000000000000000, -1.000000000000000222 ) ) ;
#3021 = ORIENTED_EDGE ( 'NONE', *, *, #5209, .F. ) ;
#3022 = CARTESIAN_POINT ( 'NONE',  ( -2.499999999999999112, -2.500000000000000000, 5.399999999999998579 ) ) ;
#3023 = ORIENTED_EDGE ( 'NONE', *, *, #1617, .T. ) ;
#3024 = FACE_OUTER_BOUND ( 'NONE', #2474, .T. ) ;
#3025 = PRESENTATION_LAYER_ASSIGNMENT (  '', '', ( #1536 ) ) ;
#3026 = DIRECTION ( 'NONE',  ( -1.000000000000000000, 0.0000000000000000000, 0.0000000000000000000 ) ) ;
#3027 = CARTESIAN_POINT ( 'NONE',  ( -1.224999999999999201, 2.000000000000000000, -2.250000000000000888 ) ) ;
#3028 = CARTESIAN_POINT ( 'NONE',  ( -2.849999999999998757, -2.500000000000000000, 2.549999999999998934 ) ) ;
#3029 = PLANE ( 'NONE',  #1836 ) ;
#3030 = AXIS2_PLACEMENT_3D ( 'NONE', #5796, #511, #5223 ) ;
#3031 = CARTESIAN_POINT ( 'NONE',  ( 3.969999999999999751, 0.0000000000000000000, -0.8999999999999999112 ) ) ;
#3032 = ORIENTED_EDGE ( 'NONE', *, *, #677, .T. ) ;
#3033 = CARTESIAN_POINT ( 'NONE',  ( 4.050000000000001599, -1.800000000000000044, -0.6500000000000000222 ) ) ;
#3034 =( LENGTH_UNIT ( ) NAMED_UNIT ( * ) SI_UNIT ( .MILLI., .METRE. ) );
#3035 = VECTOR ( 'NONE', #2512, 1000.000000000000000 ) ;
#3036 = FILL_AREA_STYLE ('',( #5459 ) ) ;
#3037 = SURFACE_STYLE_USAGE ( .BOTH. , #3667 ) ;
#3038 = EDGE_CURVE ( 'NONE', #5213, #3728, #2254, .T. ) ;
#3039 = AXIS2_PLACEMENT_3D ( 'NONE', #4129, #6462, #1192 ) ;
#3040 =( NAMED_UNIT ( * ) SI_UNIT ( $, .STERADIAN. ) SOLID_ANGLE_UNIT ( ) );
#3041 = ORIENTED_EDGE ( 'NONE', *, *, #1077, .F. ) ;
#3042 = DIRECTION ( 'NONE',  ( -1.000000000000000000, -0.0000000000000000000, -0.0000000000000000000 ) ) ;
#3043 = ORIENTED_EDGE ( 'NONE', *, *, #661, .F. ) ;
#3044 = EDGE_CURVE ( 'NONE', #3135, #3068, #1024, .T. ) ;
#3045 = CARTESIAN_POINT ( 'NONE',  ( -4.050000000000001599, -1.800000000000000044, 0.6500000000000000222 ) ) ;
#3046 = PRESENTATION_LAYER_ASSIGNMENT (  '', '', ( #3296 ) ) ;
#3047 = ORIENTED_EDGE ( 'NONE', *, *, #6221, .F. ) ;
#3048 = EDGE_LOOP ( 'NONE', ( #3676, #6430, #2763, #1644 ) ) ;
#3049 = DIRECTION ( 'NONE',  ( 1.000000000000000000, 0.0000000000000000000, 0.0000000000000000000 ) ) ;
#3050 = SURFACE_STYLE_USAGE ( .BOTH. , #5329 ) ;
#3051 = DIRECTION ( 'NONE',  ( -1.000000000000000000, 0.0000000000000000000, 0.0000000000000000000 ) ) ;
#3052 = SURFACE_STYLE_USAGE ( .BOTH. , #4754 ) ;
#3053 = VECTOR ( 'NONE', #7218, 1000.000000000000000 ) ;
#3054 = EDGE_CURVE ( 'NONE', #7216, #1962, #6415, .T. ) ;
#3055 = LINE ( 'NONE', #7186, #6893 ) ;
#3056 = EDGE_LOOP ( 'NONE', ( #7123, #1992, #292, #2751 ) ) ;
#3057 = CARTESIAN_POINT ( 'NONE',  ( -4.050000000000001599, -0.09999999999999982514, 0.8499999999999994227 ) ) ;
#3058 = VERTEX_POINT ( 'NONE', #2838 ) ;
#3059 = CARTESIAN_POINT ( 'NONE',  ( -2.149999999999999911, 0.0000000000000000000, 1.050000000000000044 ) ) ;
#3060 = LINE ( 'NONE', #4949, #969 ) ;
#3061 = DIRECTION ( 'NONE',  ( 0.0000000000000000000, -1.000000000000000000, -4.336808689942017736E-16 ) ) ;
#3062 = VECTOR ( 'NONE', #5934, 1000.000000000000000 ) ;
#3063 = VECTOR ( 'NONE', #4122, 1000.000000000000000 ) ;
#3064 = ADVANCED_FACE ( 'NONE', ( #4534 ), #4574, .F. ) ;
#3065 = VECTOR ( 'NONE', #4264, 1000.000000000000000 ) ;
#3066 = ORIENTED_EDGE ( 'NONE', *, *, #3415, .T. ) ;
#3067 = DIRECTION ( 'NONE',  ( 0.0000000000000000000, 0.0000000000000000000, 1.000000000000000000 ) ) ;
#3068 = VERTEX_POINT ( 'NONE', #7007 ) ;
#3069 = DIRECTION ( 'NONE',  ( -1.000000000000000000, 0.0000000000000000000, -0.0000000000000000000 ) ) ;
#3070 = DIRECTION ( 'NONE',  ( 0.0000000000000000000, 1.000000000000000000, 6.123233995736766036E-17 ) ) ;
#3071 = VECTOR ( 'NONE', #1212, 1000.000000000000000 ) ;
#3072 = CARTESIAN_POINT ( 'NONE',  ( -2.000000000000000000, 0.0000000000000000000, -1.000000000000000000 ) ) ;
#3073 = PRESENTATION_LAYER_ASSIGNMENT (  '', '', ( #5649 ) ) ;
#3074 = VECTOR ( 'NONE', #1383, 999.9999999999998863 ) ;
#3075 = ORIENTED_EDGE ( 'NONE', *, *, #7102, .T. ) ;
#3076 = PRESENTATION_STYLE_ASSIGNMENT (( #3120 ) ) ;
#3077 = MECHANICAL_DESIGN_GEOMETRIC_PRESENTATION_REPRESENTATION (  '', ( #5910 ), #3702 ) ;
#3078 = EDGE_CURVE ( 'NONE', #2817, #421, #1918, .T. ) ;
#3079 = CARTESIAN_POINT ( 'NONE',  ( -0.3499999999999989231, -2.500000000000000000, -1.750000000000000222 ) ) ;
#3080 = LINE ( 'NONE', #1951, #2568 ) ;
#3081 = DIRECTION ( 'NONE',  ( 0.0000000000000000000, 0.0000000000000000000, -1.000000000000000000 ) ) ;
#3082 = EDGE_CURVE ( 'NONE', #1876, #5468, #4073, .T. ) ;
#3083 = ORIENTED_EDGE ( 'NONE', *, *, #4174, .F. ) ;
#3084 = LINE ( 'NONE', #4856, #1995 ) ;
#3085 = PRESENTATION_LAYER_ASSIGNMENT (  '', '', ( #3455 ) ) ;
#3086 = EDGE_CURVE ( 'NONE', #5679, #570, #1140, .T. ) ;
#3087 = STYLED_ITEM ( 'NONE', ( #2677 ), #31 ) ;
#3088 = EDGE_LOOP ( 'NONE', ( #5854, #6232, #657, #4855 ) ) ;
#3089 = ORIENTED_EDGE ( 'NONE', *, *, #492, .T. ) ;
#3090 = EDGE_CURVE ( 'NONE', #4039, #2269, #989, .T. ) ;
#3091 =( LENGTH_UNIT ( ) NAMED_UNIT ( * ) SI_UNIT ( .MILLI., .METRE. ) );
#3092 = EDGE_CURVE ( 'NONE', #2384, #2298, #2923, .T. ) ;
#3093 = COLOUR_RGB ( '',0.7529411764705882248, 0.7529411764705882248, 0.7529411764705882248 ) ;
#3094 = FACE_OUTER_BOUND ( 'NONE', #7591, .T. ) ;
#3095 = SURFACE_STYLE_FILL_AREA ( #7223 ) ;
#3096 = VERTEX_POINT ( 'NONE', #5272 ) ;
#3097 = PLANE ( 'NONE',  #719 ) ;
#3098 = ORIENTED_EDGE ( 'NONE', *, *, #7043, .T. ) ;
#3099 = DIRECTION ( 'NONE',  ( 0.0000000000000000000, 0.0000000000000000000, -1.000000000000000000 ) ) ;
#3100 = CARTESIAN_POINT ( 'NONE',  ( -3.919999999999999929, 0.2000000000000000111, 0.9499999999999995115 ) ) ;
#3101 = AXIS2_PLACEMENT_3D ( 'NONE', #3271, #946, #328 ) ;
#3102 = CARTESIAN_POINT ( 'NONE',  ( 4.050000000000001599, -1.800000000000000488, 0.0000000000000000000 ) ) ;
#3103 = LINE ( 'NONE', #7198, #4312 ) ;
#3104 = CARTESIAN_POINT ( 'NONE',  ( 4.249999999999997335, 0.0000000000000000000, 0.8999999999999994671 ) ) ;
#3105 = MECHANICAL_DESIGN_GEOMETRIC_PRESENTATION_REPRESENTATION (  '', ( #2106 ), #6418 ) ;
#3106 = ORIENTED_EDGE ( 'NONE', *, *, #5618, .F. ) ;
#3107 = SURFACE_STYLE_FILL_AREA ( #763 ) ;
#3108 = ADVANCED_FACE ( 'NONE', ( #2337 ), #6886, .F. ) ;
#3109 = AXIS2_PLACEMENT_3D ( 'NONE', #6915, #5145, #2209 ) ;
#3110 = ORIENTED_EDGE ( 'NONE', *, *, #1155, .T. ) ;
#3111 = FACE_OUTER_BOUND ( 'NONE', #4563, .T. ) ;
#3112 = LINE ( 'NONE', #5961, #3922 ) ;
#3113 = EDGE_CURVE ( 'NONE', #4918, #4631, #7617, .T. ) ;
#3114 = VECTOR ( 'NONE', #2554, 1000.000000000000000 ) ;
#3115 = CARTESIAN_POINT ( 'NONE',  ( -2.849999999999998757, -2.200000000000000178, 2.549999999999998934 ) ) ;
#3116 = FILL_AREA_STYLE ('',( #4884 ) ) ;
#3117 = VECTOR ( 'NONE', #4820, 1000.000000000000000 ) ;
#3118 = VERTEX_POINT ( 'NONE', #5728 ) ;
#3119 = APPLICATION_CONTEXT ( 'automotive_design' ) ;
#3120 = SURFACE_STYLE_USAGE ( .BOTH. , #2385 ) ;
#3121 = DIRECTION ( 'NONE',  ( 0.0000000000000000000, 0.0000000000000000000, 1.000000000000000000 ) ) ;
#3122 = CARTESIAN_POINT ( 'NONE',  ( -0.8375000000000012434, 1.162500000000000311, -1.000000000000000222 ) ) ;
#3123 = CARTESIAN_POINT ( 'NONE',  ( 4.249999999999997335, 0.2000000000000000111, 1.749999999999999334 ) ) ;
#3124 = ORIENTED_EDGE ( 'NONE', *, *, #2903, .F. ) ;
#3125 = FACE_OUTER_BOUND ( 'NONE', #4864, .T. ) ;
#3126 = ORIENTED_EDGE ( 'NONE', *, *, #4354, .F. ) ;
#3127 = ORIENTED_EDGE ( 'NONE', *, *, #6609, .F. ) ;
#3128 = LINE ( 'NONE', #4860, #2932 ) ;
#3129 = LINE ( 'NONE', #163, #3035 ) ;
#3130 = LINE ( 'NONE', #89, #6769 ) ;
#3131 = UNCERTAINTY_MEASURE_WITH_UNIT (LENGTH_MEASURE( 1.000000000000000082E-05 ), #4382, 'distance_accuracy_value', 'NONE');
#3132 = DIRECTION ( 'NONE',  ( -1.000000000000000000, 3.410973126920686698E-15, 0.0000000000000000000 ) ) ;
#3133 = ORIENTED_EDGE ( 'NONE', *, *, #5050, .T. ) ;
#3134 = VECTOR ( 'NONE', #2127, 1000.000000000000000 ) ;
#3135 = VERTEX_POINT ( 'NONE', #443 ) ;
#3136 = DIRECTION ( 'NONE',  ( 0.0000000000000000000, 0.0000000000000000000, -1.000000000000000000 ) ) ;
#3137 =( NAMED_UNIT ( * ) SI_UNIT ( $, .STERADIAN. ) SOLID_ANGLE_UNIT ( ) );
#3138 = LINE ( 'NONE', #4366, #114 ) ;
#3139 = FILL_AREA_STYLE ('',( #4950 ) ) ;
#3140 = FACE_OUTER_BOUND ( 'NONE', #5350, .T. ) ;
#3141 = AXIS2_PLACEMENT_3D ( 'NONE', #576, #1736, #4676 ) ;
#3142 = DIRECTION ( 'NONE',  ( 0.0000000000000000000, -0.0000000000000000000, 1.000000000000000000 ) ) ;
#3143 = EDGE_CURVE ( 'NONE', #3391, #6971, #2796, .T. ) ;
#3144 = ORIENTED_EDGE ( 'NONE', *, *, #834, .T. ) ;
#3145 = DIRECTION ( 'NONE',  ( 0.0000000000000000000, 0.0000000000000000000, 1.000000000000000000 ) ) ;
#3146 = ORIENTED_EDGE ( 'NONE', *, *, #2424, .F. ) ;
#3147 = FACE_OUTER_BOUND ( 'NONE', #7076, .T. ) ;
#3148 = LINE ( 'NONE', #2534, #4043 ) ;
#3149 = CARTESIAN_POINT ( 'NONE',  ( 2.750000000000001332, -2.500000000000000000, 2.649999999999998579 ) ) ;
#3150 = VECTOR ( 'NONE', #5305, 1000.000000000000000 ) ;
#3151 = VECTOR ( 'NONE', #2901, 1000.000000000000000 ) ;
#3152 = CARTESIAN_POINT ( 'NONE',  ( 2.750000000000001332, -2.200000000000000178, 2.649999999999998579 ) ) ;
#3153 = VERTEX_POINT ( 'NONE', #3538 ) ;
#3154 = DIRECTION ( 'NONE',  ( -1.807003620809174139E-16, -0.0000000000000000000, -1.000000000000000000 ) ) ;
#3155 = CARTESIAN_POINT ( 'NONE',  ( 4.250000000000003553, -0.8199999999999996181, -0.8500000000000013101 ) ) ;
#3156 = SURFACE_STYLE_FILL_AREA ( #808 ) ;
#3157 = DIRECTION ( 'NONE',  ( 1.000000000000000000, 0.0000000000000000000, -1.020425574104004122E-16 ) ) ;
#3158 = VERTEX_POINT ( 'NONE', #6537 ) ;
#3159 = COLOUR_RGB ( '',0.7529411764705882248, 0.7529411764705882248, 0.7529411764705882248 ) ;
#3160 = EDGE_CURVE ( 'NONE', #142, #91, #67, .T. ) ;
#3161 = CARTESIAN_POINT ( 'NONE',  ( -3.049999999999999822, 0.0000000000000000000, 1.370000000000000107 ) ) ;
#3162 = ORIENTED_EDGE ( 'NONE', *, *, #909, .T. ) ;
#3163 = ORIENTED_EDGE ( 'NONE', *, *, #7145, .F. ) ;
#3164 = SURFACE_SIDE_STYLE ('',( #1958 ) ) ;
#3165 = FACE_OUTER_BOUND ( 'NONE', #2361, .T. ) ;
#3166 = ORIENTED_EDGE ( 'NONE', *, *, #4090, .F. ) ;
#3167 = DIRECTION ( 'NONE',  ( 0.0000000000000000000, -0.0000000000000000000, 1.000000000000000000 ) ) ;
#3168 = VECTOR ( 'NONE', #6255, 1000.000000000000000 ) ;
#3169 = PLANE ( 'NONE',  #4179 ) ;
#3170 = MECHANICAL_DESIGN_GEOMETRIC_PRESENTATION_REPRESENTATION (  '', ( #2439 ), #7122 ) ;
#3171 =( LENGTH_UNIT ( ) NAMED_UNIT ( * ) SI_UNIT ( .MILLI., .METRE. ) );
#3172 = DIRECTION ( 'NONE',  ( -1.000000000000000000, 3.410973126920686698E-15, -0.0000000000000000000 ) ) ;
#3173 = CARTESIAN_POINT ( 'NONE',  ( 4.250000000000000888, -2.949999999999999734, 1.499999999999998890 ) ) ;
#3174 = LINE ( 'NONE', #1648, #2650 ) ;
#3175 =( LENGTH_UNIT ( ) NAMED_UNIT ( * ) SI_UNIT ( .MILLI., .METRE. ) );
#3176 = EDGE_CURVE ( 'NONE', #1554, #7231, #2999, .T. ) ;
#3177 = DIRECTION ( 'NONE',  ( -1.000000000000000000, 0.0000000000000000000, 0.0000000000000000000 ) ) ;
#3178 = VECTOR ( 'NONE', #7235, 1000.000000000000000 ) ;
#3179 = EDGE_CURVE ( 'NONE', #5221, #421, #6453, .T. ) ;
#3180 = ORIENTED_EDGE ( 'NONE', *, *, #3771, .T. ) ;
#3181 = CARTESIAN_POINT ( 'NONE',  ( -3.950000000000001066, 0.2000000000000000944, -0.8499999999999998668 ) ) ;
#3182 = VECTOR ( 'NONE', #6564, 1000.000000000000000 ) ;
#3183 = ORIENTED_EDGE ( 'NONE', *, *, #6281, .T. ) ;
#3184 = CARTESIAN_POINT ( 'NONE',  ( 2.250000000000000000, 0.2000000000000000111, 1.149999999999999911 ) ) ;
#3185 = CARTESIAN_POINT ( 'NONE',  ( 3.950000000000001066, -0.1000000000000001721, -0.8500000000000013101 ) ) ;
#3186 = VECTOR ( 'NONE', #922, 1000.000000000000000 ) ;
#3187 = FACE_OUTER_BOUND ( 'NONE', #4229, .T. ) ;
#3188 = VECTOR ( 'NONE', #387, 1000.000000000000000 ) ;
#3189 = VECTOR ( 'NONE', #3560, 1000.000000000000000 ) ;
#3190 = ADVANCED_FACE ( 'NONE', ( #1221 ), #4879, .F. ) ;
#3191 = VECTOR ( 'NONE', #4960, 1000.000000000000114 ) ;
#3192 = PLANE ( 'NONE',  #577 ) ;
#3193 = MECHANICAL_DESIGN_GEOMETRIC_PRESENTATION_REPRESENTATION (  '', ( #7259 ), #5161 ) ;
#3194 = VERTEX_POINT ( 'NONE', #5884 ) ;
#3195 = CARTESIAN_POINT ( 'NONE',  ( 3.969999999999999751, 0.2000000000000000111, 1.370000000000000107 ) ) ;
#3196 = CIRCLE ( 'NONE', #1461, 0.1000000000000002554 ) ;
#3197 = DIRECTION ( 'NONE',  ( 0.7071067811865482389, -0.0000000000000000000, 0.7071067811865469066 ) ) ;
#3198 = CARTESIAN_POINT ( 'NONE',  ( 3.049999999999998934, 0.2000000000000000111, -1.370000000000000551 ) ) ;
#3199 = STYLED_ITEM ( 'NONE', ( #809 ), #268 ) ;
#3200 = SURFACE_SIDE_STYLE ('',( #1875 ) ) ;
#3201 = ORIENTED_EDGE ( 'NONE', *, *, #4570, .F. ) ;
#3202 =( GEOMETRIC_REPRESENTATION_CONTEXT ( 3 ) GLOBAL_UNCERTAINTY_ASSIGNED_CONTEXT ( ( #7611 ) ) GLOBAL_UNIT_ASSIGNED_CONTEXT ( ( #959, #382, #4508 ) ) REPRESENTATION_CONTEXT ( 'NONE', 'WORKASPACE' ) );
#3203 = PLANE ( 'NONE',  #888 ) ;
#3204 = VERTEX_POINT ( 'NONE', #2412 ) ;
#3205 = EDGE_LOOP ( 'NONE', ( #686, #2283, #198, #5540 ) ) ;
#3206 = CARTESIAN_POINT ( 'NONE',  ( -1.787499999999998979, 1.887500000000000178, -2.250000000000000888 ) ) ;
#3207 = DIRECTION ( 'NONE',  ( -0.7071067811865481278, 0.0000000000000000000, -0.7071067811865470176 ) ) ;
#3208 = EDGE_CURVE ( 'NONE', #5809, #1786, #3535, .T. ) ;
#3209 = ADVANCED_FACE ( 'NONE', ( #7124 ), #717, .F. ) ;
#3210 = MECHANICAL_DESIGN_GEOMETRIC_PRESENTATION_REPRESENTATION (  '', ( #1240 ), #2835 ) ;
#3211 = SURFACE_STYLE_USAGE ( .BOTH. , #7364 ) ;
#3212 = ORIENTED_EDGE ( 'NONE', *, *, #462, .T. ) ;
#3213 = CARTESIAN_POINT ( 'NONE',  ( 2.999999999999998668, 0.2000000000000000111, 1.319999999999999840 ) ) ;
#3214 = COLOUR_RGB ( '',0.7529411764705882248, 0.7529411764705882248, 0.7529411764705882248 ) ;
#3215 = CARTESIAN_POINT ( 'NONE',  ( 2.149999999999999911, 0.0000000000000000000, 1.050000000000000044 ) ) ;
#3216 = FILL_AREA_STYLE ('',( #6642 ) ) ;
#3217 = DIRECTION ( 'NONE',  ( -0.0000000000000000000, -0.0000000000000000000, -1.000000000000000000 ) ) ;
#3218 = FILL_AREA_STYLE ('',( #317 ) ) ;
#3219 = PRESENTATION_STYLE_ASSIGNMENT (( #4369 ) ) ;
#3220 = LINE ( 'NONE', #3104, #5813 ) ;
#3221 = EDGE_CURVE ( 'NONE', #188, #5883, #1333, .T. ) ;
#3222 =( NAMED_UNIT ( * ) PLANE_ANGLE_UNIT ( ) SI_UNIT ( $, .RADIAN. ) );
#3223 = VECTOR ( 'NONE', #11, 1000.000000000000000 ) ;
#3224 = ORIENTED_EDGE ( 'NONE', *, *, #2300, .T. ) ;
#3225 = DIRECTION ( 'NONE',  ( -3.883709274574940726E-15, 1.000000000000000000, 0.0000000000000000000 ) ) ;
#3226 = FACE_OUTER_BOUND ( 'NONE', #5745, .T. ) ;
#3227 = DIRECTION ( 'NONE',  ( -0.0000000000000000000, -1.000000000000000000, -0.0000000000000000000 ) ) ;
#3228 = VECTOR ( 'NONE', #2391, 1000.000000000000000 ) ;
#3229 = CARTESIAN_POINT ( 'NONE',  ( 3.969999999999999751, 0.0000000000000000000, -1.370000000000000551 ) ) ;
#3230 = ORIENTED_EDGE ( 'NONE', *, *, #3996, .F. ) ;
#3231 = DIRECTION ( 'NONE',  ( 1.000000000000000000, -0.0000000000000000000, 0.0000000000000000000 ) ) ;
#3232 = LINE ( 'NONE', #3875, #5489 ) ;
#3233 = COLOUR_RGB ( '',0.7529411764705882248, 0.7529411764705882248, 0.7529411764705882248 ) ;
#3234 = EDGE_CURVE ( 'NONE', #7059, #878, #1298, .T. ) ;
#3235 = LINE ( 'NONE', #5531, #1046 ) ;
#3236 = DIRECTION ( 'NONE',  ( 1.000000000000000000, 0.0000000000000000000, -0.0000000000000000000 ) ) ;
#3237 = ADVANCED_FACE ( 'NONE', ( #5960 ), #1181, .F. ) ;
#3238 = EDGE_CURVE ( 'NONE', #45, #1965, #5310, .T. ) ;
#3239 =( NAMED_UNIT ( * ) PLANE_ANGLE_UNIT ( ) SI_UNIT ( $, .RADIAN. ) );
#3240 = PLANE ( 'NONE',  #775 ) ;
#3241 = VECTOR ( 'NONE', #3992, 1000.000000000000000 ) ;
#3242 = ORIENTED_EDGE ( 'NONE', *, *, #4748, .F. ) ;
#3243 = EDGE_CURVE ( 'NONE', #1586, #6426, #4810, .T. ) ;
#3244 = AXIS2_PLACEMENT_3D ( 'NONE', #2145, #5702, #961 ) ;
#3245 = CARTESIAN_POINT ( 'NONE',  ( -4.050000000000001599, -0.0000000000000000000, 0.0000000000000000000 ) ) ;
#3246 = EDGE_LOOP ( 'NONE', ( #7438, #84, #2631, #3491, #2724, #21, #3397, #4747, #6884, #2062, #5456, #5304, #1397, #3552, #3629, #7586, #5643, #3605, #3144, #676, #1724 ) ) ;
#3247 = ORIENTED_EDGE ( 'NONE', *, *, #2748, .T. ) ;
#3248 = PLANE ( 'NONE',  #553 ) ;
#3249 = CARTESIAN_POINT ( 'NONE',  ( -1.562499999999999112, 1.887500000000000178, -2.250000000000000888 ) ) ;
#3250 = STYLED_ITEM ( 'NONE', ( #5466 ), #7614 ) ;
#3251 = PRESENTATION_STYLE_ASSIGNMENT (( #6741 ) ) ;
#3252 = VERTEX_POINT ( 'NONE', #5423 ) ;
#3253 = FACE_OUTER_BOUND ( 'NONE', #3925, .T. ) ;
#3254 = EDGE_CURVE ( 'NONE', #3774, #4895, #1787, .T. ) ;
#3255 = UNCERTAINTY_MEASURE_WITH_UNIT (LENGTH_MEASURE( 1.000000000000000082E-05 ), #5162, 'distance_accuracy_value', 'NONE');
#3256 = CARTESIAN_POINT ( 'NONE',  ( 4.050000000000001599, -0.7999999999999998224, -1.750000000000000666 ) ) ;
#3257 = CARTESIAN_POINT ( 'NONE',  ( 4.249999999999997335, 0.2000000000000000111, -1.749999999999999778 ) ) ;
#3258 = FILL_AREA_STYLE_COLOUR ( '', #973 ) ;
#3259 = PLANE ( 'NONE',  #5968 ) ;
#3260 = CARTESIAN_POINT ( 'NONE',  ( -3.049999999999999822, 0.2000000000000000111, 1.370000000000000107 ) ) ;
#3261 = PRESENTATION_LAYER_ASSIGNMENT (  '', '', ( #1945 ) ) ;
#3262 =( LENGTH_UNIT ( ) NAMED_UNIT ( * ) SI_UNIT ( .MILLI., .METRE. ) );
#3263 = VERTEX_POINT ( 'NONE', #1822 ) ;
#3264 = SURFACE_STYLE_USAGE ( .BOTH. , #3378 ) ;
#3265 = DIRECTION ( 'NONE',  ( 1.000000000000000000, -0.0000000000000000000, -0.0000000000000000000 ) ) ;
#3266 = CARTESIAN_POINT ( 'NONE',  ( 4.050000000000001599, 0.0000000000000000000, 0.0000000000000000000 ) ) ;
#3267 = CARTESIAN_POINT ( 'NONE',  ( -2.249999999999998668, -2.200000000000000178, 5.399999999999998579 ) ) ;
#3268 = AXIS2_PLACEMENT_3D ( 'NONE', #4403, #5629, #1402 ) ;
#3269 = LINE ( 'NONE', #7430, #2558 ) ;
#3270 = ORIENTED_EDGE ( 'NONE', *, *, #1496, .F. ) ;
#3271 = CARTESIAN_POINT ( 'NONE',  ( 3.950000000000001066, -0.1000000000000001721, 0.8499999999999989786 ) ) ;
#3272 = CARTESIAN_POINT ( 'NONE',  ( -4.050000000000001599, 1.364389250768275310E-14, 0.8499999999999994227 ) ) ;
#3274 = VECTOR ( 'NONE', #3121, 1000.000000000000000 ) ;
#3273 = SURFACE_SIDE_STYLE ('',( #6376 ) ) ;
#3275 = CARTESIAN_POINT ( 'NONE',  ( 3.969999999999999751, 0.0000000000000000000, 0.8999999999999994671 ) ) ;
#3276 = CARTESIAN_POINT ( 'NONE',  ( 3.919999999999999929, 0.2000000000000000111, -0.9500000000000013989 ) ) ;
#3277 = PRESENTATION_STYLE_ASSIGNMENT (( #5124 ) ) ;
#3278 = ORIENTED_EDGE ( 'NONE', *, *, #3381, .T. ) ;
#3279 = CARTESIAN_POINT ( 'NONE',  ( 0.2500000000000011657, -2.500000000000000000, 2.649999999999998579 ) ) ;
#3280 = COLOUR_RGB ( '',0.7529411764705882248, 0.7529411764705882248, 0.7529411764705882248 ) ;
#3281 =( GEOMETRIC_REPRESENTATION_CONTEXT ( 3 ) GLOBAL_UNCERTAINTY_ASSIGNED_CONTEXT ( ( #1759 ) ) GLOBAL_UNIT_ASSIGNED_CONTEXT ( ( #2798, #5647, #2168 ) ) REPRESENTATION_CONTEXT ( 'NONE', 'WORKASPACE' ) );
#3282 = LINE ( 'NONE', #3425, #594 ) ;
#3283 = ORIENTED_EDGE ( 'NONE', *, *, #3416, .T. ) ;
#3284 = ORIENTED_EDGE ( 'NONE', *, *, #5026, .T. ) ;
#3285 = CARTESIAN_POINT ( 'NONE',  ( -2.299999999999999822, 0.0000000000000000000, -1.199999999999999956 ) ) ;
#3286 = EDGE_CURVE ( 'NONE', #5002, #2884, #4845, .T. ) ;
#3287 = SURFACE_STYLE_FILL_AREA ( #5062 ) ;
#3288 = VECTOR ( 'NONE', #3366, 1000.000000000000000 ) ;
#3289 = ORIENTED_EDGE ( 'NONE', *, *, #4690, .F. ) ;
#3290 =( NAMED_UNIT ( * ) SI_UNIT ( $, .STERADIAN. ) SOLID_ANGLE_UNIT ( ) );
#3291 = EDGE_CURVE ( 'NONE', #6348, #4751, #6041, .T. ) ;
#3292 = DIRECTION ( 'NONE',  ( 0.0000000000000000000, -2.464095846557966371E-16, -1.000000000000000000 ) ) ;
#3293 =( LENGTH_UNIT ( ) NAMED_UNIT ( * ) SI_UNIT ( .MILLI., .METRE. ) );
#3294 = FACE_OUTER_BOUND ( 'NONE', #7410, .T. ) ;
#3295 = CARTESIAN_POINT ( 'NONE',  ( -0.3499999999999989231, -2.200000000000000178, -1.750000000000000222 ) ) ;
#3296 = STYLED_ITEM ( 'NONE', ( #6918 ), #5913 ) ;
#3297 = DIRECTION ( 'NONE',  ( -0.0000000000000000000, -1.000000000000000000, -0.0000000000000000000 ) ) ;
#3298 = EDGE_LOOP ( 'NONE', ( #713, #1207, #3289, #6852 ) ) ;
#3299 = VERTEX_POINT ( 'NONE', #765 ) ;
#3300 = SURFACE_STYLE_FILL_AREA ( #2206 ) ;
#3301 =( LENGTH_UNIT ( ) NAMED_UNIT ( * ) SI_UNIT ( .MILLI., .METRE. ) );
#3302 =( NAMED_UNIT ( * ) SI_UNIT ( $, .STERADIAN. ) SOLID_ANGLE_UNIT ( ) );
#3303 = ADVANCED_FACE ( 'NONE', ( #3111 ), #4737, .T. ) ;
#3304 = CARTESIAN_POINT ( 'NONE',  ( -0.7749999999999998002, 2.000000000000000000, -1.000000000000000222 ) ) ;
#3305 = VECTOR ( 'NONE', #1475, 1000.000000000000000 ) ;
#3306 = STYLED_ITEM ( 'NONE', ( #1625 ), #1396 ) ;
#3307 = CARTESIAN_POINT ( 'NONE',  ( -3.969999999999999751, 0.2000000000000000111, 0.8999999999999994671 ) ) ;
#3308 = EDGE_LOOP ( 'NONE', ( #1584, #1632, #1493, #1956 ) ) ;
#3309 = MECHANICAL_DESIGN_GEOMETRIC_PRESENTATION_REPRESENTATION (  '', ( #1451 ), #723 ) ;
#3310 = CARTESIAN_POINT ( 'NONE',  ( -1.337499999999999245, 1.887500000000000178, -1.000000000000000222 ) ) ;
#3311 = CARTESIAN_POINT ( 'NONE',  ( -2.250000000000000000, 0.0000000000000000000, -1.149999999999999911 ) ) ;
#3312 = STYLED_ITEM ( 'NONE', ( #5412 ), #1498 ) ;
#3313 =( LENGTH_UNIT ( ) NAMED_UNIT ( * ) SI_UNIT ( .MILLI., .METRE. ) );
#3314 = COLOUR_RGB ( '',0.7529411764705882248, 0.7529411764705882248, 0.7529411764705882248 ) ;
#3315 = VERTEX_POINT ( 'NONE', #6493 ) ;
#3316 =( LENGTH_UNIT ( ) NAMED_UNIT ( * ) SI_UNIT ( .MILLI., .METRE. ) );
#3317 = VECTOR ( 'NONE', #6835, 1000.000000000000000 ) ;
#3318 = SURFACE_SIDE_STYLE ('',( #335 ) ) ;
#3319 = ORIENTED_EDGE ( 'NONE', *, *, #5810, .T. ) ;
#3320 = ORIENTED_EDGE ( 'NONE', *, *, #5498, .T. ) ;
#3321 = EDGE_CURVE ( 'NONE', #6138, #2202, #183, .T. ) ;
#3322 = AXIS2_PLACEMENT_3D ( 'NONE', #7158, #4191, #1255 ) ;
#3323 = DIRECTION ( 'NONE',  ( 0.7071067811865472397, 0.7071067811865479058, 0.0000000000000000000 ) ) ;
#3324 = CARTESIAN_POINT ( 'NONE',  ( -4.050000000000004263, -0.8199999999999713074, -0.8500000000000013101 ) ) ;
#3325 = EDGE_CURVE ( 'NONE', #5203, #5832, #5521, .T. ) ;
#3326 = PLANE ( 'NONE',  #2216 ) ;
#3327 = AXIS2_PLACEMENT_3D ( 'NONE', #2315, #3051, #5403 ) ;
#3328 = PLANE ( 'NONE',  #7058 ) ;
#3329 = ADVANCED_FACE ( 'NONE', ( #940 ), #1436, .T. ) ;
#3330 = CIRCLE ( 'NONE', #4308, 0.2999999999999999334 ) ;
#3331 = ORIENTED_EDGE ( 'NONE', *, *, #5981, .F. ) ;
#3332 = VECTOR ( 'NONE', #7098, 1000.000000000000000 ) ;
#3333 = DIRECTION ( 'NONE',  ( 0.0000000000000000000, 1.000000000000000000, 2.168404344971008868E-16 ) ) ;
#3334 = CARTESIAN_POINT ( 'NONE',  ( -2.250000000000000000, 0.2000000000000000111, 1.149999999999999911 ) ) ;
#3335 = LINE ( 'NONE', #2635, #4991 ) ;
#3336 = CARTESIAN_POINT ( 'NONE',  ( 3.850000000000001421, 9.486769009248163798E-17, 0.9499999999999990674 ) ) ;
#3337 = SURFACE_STYLE_FILL_AREA ( #5216 ) ;
#3338 = SURFACE_STYLE_FILL_AREA ( #1431 ) ;
#3339 = CARTESIAN_POINT ( 'NONE',  ( 0.0000000000000000000, 0.2000000000000000111, -0.9499999999999998446 ) ) ;
#3340 = AXIS2_PLACEMENT_3D ( 'NONE', #5866, #3978, #2196 ) ;
#3341 = CARTESIAN_POINT ( 'NONE',  ( -4.250000000000006217, -3.299999999999999822, 1.499999999999998890 ) ) ;
#3342 = ORIENTED_EDGE ( 'NONE', *, *, #2748, .F. ) ;
#3343 =( LENGTH_UNIT ( ) NAMED_UNIT ( * ) SI_UNIT ( .MILLI., .METRE. ) );
#3344 = ORIENTED_EDGE ( 'NONE', *, *, #7576, .T. ) ;
#3345 = DIRECTION ( 'NONE',  ( 1.000000000000000000, 0.0000000000000000000, 0.0000000000000000000 ) ) ;
#3346 = CARTESIAN_POINT ( 'NONE',  ( 3.049999999999998934, 0.2000000000000000111, -1.370000000000000551 ) ) ;
#3347 = FILL_AREA_STYLE ('',( #5797 ) ) ;
#3348 = PLANE ( 'NONE',  #3579 ) ;
#3349 = COLOUR_RGB ( '',0.7529411764705882248, 0.7529411764705882248, 0.7529411764705882248 ) ;
#3351 = EDGE_CURVE ( 'NONE', #83, #626, #2008, .T. ) ;
#3350 =( GEOMETRIC_REPRESENTATION_CONTEXT ( 3 ) GLOBAL_UNCERTAINTY_ASSIGNED_CONTEXT ( ( #5443 ) ) GLOBAL_UNIT_ASSIGNED_CONTEXT ( ( #4830, #1251, #7226 ) ) REPRESENTATION_CONTEXT ( 'NONE', 'WORKASPACE' ) );
#3352 = CARTESIAN_POINT ( 'NONE',  ( -0.3499999999999989231, -2.200000000000000178, 2.549999999999998934 ) ) ;
#3353 = ORIENTED_EDGE ( 'NONE', *, *, #3794, .T. ) ;
#3354 =( LENGTH_UNIT ( ) NAMED_UNIT ( * ) SI_UNIT ( .MILLI., .METRE. ) );
#3355 = DIRECTION ( 'NONE',  ( 0.7071067811865474617, -0.7071067811865474617, 0.0000000000000000000 ) ) ;
#3356 = EDGE_CURVE ( 'NONE', #1111, #964, #4373, .T. ) ;
#3357 = DIRECTION ( 'NONE',  ( 0.0000000000000000000, 0.0000000000000000000, 1.000000000000000000 ) ) ;
#3358 = VECTOR ( 'NONE', #1281, 999.9999999999998863 ) ;
#3359 = DIRECTION ( 'NONE',  ( 0.0000000000000000000, 0.0000000000000000000, -1.000000000000000000 ) ) ;
#3360 = SURFACE_SIDE_STYLE ('',( #1447 ) ) ;
#3361 = VERTEX_POINT ( 'NONE', #2646 ) ;
#3362 = FILL_AREA_STYLE_COLOUR ( '', #4792 ) ;
#3363 = ORIENTED_EDGE ( 'NONE', *, *, #4600, .T. ) ;
#3364 = EDGE_LOOP ( 'NONE', ( #797, #3707, #7444, #1262, #5163, #6009 ) ) ;
#3365 = VECTOR ( 'NONE', #5298, 1000.000000000000000 ) ;
#3366 = DIRECTION ( 'NONE',  ( 0.7071067811865469066, -0.7071067811865482389, -7.666467083416863295E-17 ) ) ;
#3367 =( GEOMETRIC_REPRESENTATION_CONTEXT ( 3 ) GLOBAL_UNCERTAINTY_ASSIGNED_CONTEXT ( ( #7513 ) ) GLOBAL_UNIT_ASSIGNED_CONTEXT ( ( #5275, #1104, #1144 ) ) REPRESENTATION_CONTEXT ( 'NONE', 'WORKASPACE' ) );
#3368 = MECHANICAL_DESIGN_GEOMETRIC_PRESENTATION_REPRESENTATION (  '', ( #5318 ), #6666 ) ;
#3369 = ORIENTED_EDGE ( 'NONE', *, *, #2972, .F. ) ;
#3370 = ORIENTED_EDGE ( 'NONE', *, *, #551, .F. ) ;
#3371 = PRESENTATION_LAYER_ASSIGNMENT (  '', '', ( #786 ) ) ;
#3372 = LINE ( 'NONE', #6941, #2185 ) ;
#3373 = LINE ( 'NONE', #2234, #5641 ) ;
#3374 = PLANE ( 'NONE',  #3510 ) ;
#3375 = ORIENTED_EDGE ( 'NONE', *, *, #5026, .F. ) ;
#3376 = DIRECTION ( 'NONE',  ( 0.0000000000000000000, -0.0000000000000000000, 1.000000000000000000 ) ) ;
#3377 = ORIENTED_EDGE ( 'NONE', *, *, #6542, .F. ) ;
#3378 = SURFACE_SIDE_STYLE ('',( #2681 ) ) ;
#3379 = ADVANCED_BREP_SHAPE_REPRESENTATION ( 'SHM-1260-H', ( #31, #5100, #7547, #7614, #2488, #17, #4972, #2527, #6177 ), #7305 ) ;
#3380 = LINE ( 'NONE', #4110, #2109 ) ;
#3381 = EDGE_CURVE ( 'NONE', #1586, #5039, #6172, .T. ) ;
#3382 = CARTESIAN_POINT ( 'NONE',  ( -2.299999999999999378, 0.2000000000000000111, 1.199999999999999956 ) ) ;
#3383 = CARTESIAN_POINT ( 'NONE',  ( 3.049999999999998934, 0.2000000000000000111, -1.750000000000000666 ) ) ;
#3384 = ORIENTED_EDGE ( 'NONE', *, *, #6968, .T. ) ;
#3385 = PRESENTATION_STYLE_ASSIGNMENT (( #442 ) ) ;
#3386 = CARTESIAN_POINT ( 'NONE',  ( -0.3875000000000001776, 1.612500000000000266, -1.000000000000000222 ) ) ;
#3387 = SURFACE_STYLE_FILL_AREA ( #6889 ) ;
#3388 =( NAMED_UNIT ( * ) SI_UNIT ( $, .STERADIAN. ) SOLID_ANGLE_UNIT ( ) );
#3389 = EDGE_LOOP ( 'NONE', ( #5942, #618, #2579, #1660 ) ) ;
#3390 =( NAMED_UNIT ( * ) PLANE_ANGLE_UNIT ( ) SI_UNIT ( $, .RADIAN. ) );
#3391 = VERTEX_POINT ( 'NONE', #4304 ) ;
#3392 = EDGE_LOOP ( 'NONE', ( #3729, #3377, #3970, #4106 ) ) ;
#3393 = CARTESIAN_POINT ( 'NONE',  ( 4.250000000000000888, -1.800000000000000044, 0.6500000000000000222 ) ) ;
#3394 = CARTESIAN_POINT ( 'NONE',  ( 2.999999999999998668, 0.0000000000000000000, 1.319999999999999840 ) ) ;
#3395 = EDGE_CURVE ( 'NONE', #730, #3406, #2041, .T. ) ;
#3396 = VECTOR ( 'NONE', #5998, 1000.000000000000000 ) ;
#3397 = ORIENTED_EDGE ( 'NONE', *, *, #2972, .T. ) ;
#3398 = ORIENTED_EDGE ( 'NONE', *, *, #1060, .F. ) ;
#3399 = UNCERTAINTY_MEASURE_WITH_UNIT (LENGTH_MEASURE( 1.000000000000000082E-05 ), #3481, 'distance_accuracy_value', 'NONE');
#3400 = FACE_OUTER_BOUND ( 'NONE', #3921, .T. ) ;
#3401 = SURFACE_SIDE_STYLE ('',( #6902 ) ) ;
#3402 = CARTESIAN_POINT ( 'NONE',  ( -2.149999999999999911, 0.0000000000000000000, -1.050000000000000044 ) ) ;
#3403 = DIRECTION ( 'NONE',  ( -0.0000000000000000000, 1.000000000000000000, 0.0000000000000000000 ) ) ;
#3404 = PRESENTATION_LAYER_ASSIGNMENT (  '', '', ( #1188 ) ) ;
#3405 = SURFACE_STYLE_FILL_AREA ( #2911 ) ;
#3406 = VERTEX_POINT ( 'NONE', #873 ) ;
#3407 = ORIENTED_EDGE ( 'NONE', *, *, #6605, .T. ) ;
#3408 = FACE_OUTER_BOUND ( 'NONE', #3603, .T. ) ;
#3409 = CARTESIAN_POINT ( 'NONE',  ( -3.000000000000000000, 0.2000000000000000111, -1.319999999999999396 ) ) ;
#3410 = UNCERTAINTY_MEASURE_WITH_UNIT (LENGTH_MEASURE( 1.000000000000000082E-05 ), #593, 'distance_accuracy_value', 'NONE');
#3411 = UNCERTAINTY_MEASURE_WITH_UNIT (LENGTH_MEASURE( 1.000000000000000082E-05 ), #3931, 'distance_accuracy_value', 'NONE');
#3412 = EDGE_CURVE ( 'NONE', #5392, #3118, #1975, .T. ) ;
#3413 = SURFACE_STYLE_USAGE ( .BOTH. , #6450 ) ;
#3414 = CARTESIAN_POINT ( 'NONE',  ( 4.050000000000004263, -0.8200000000000002842, -0.8500000000000013101 ) ) ;
#3415 = EDGE_CURVE ( 'NONE', #4290, #2817, #6762, .T. ) ;
#3416 = EDGE_CURVE ( 'NONE', #4020, #4253, #4995, .T. ) ;
#3417 =( LENGTH_UNIT ( ) NAMED_UNIT ( * ) SI_UNIT ( .MILLI., .METRE. ) );
#3418 = ORIENTED_EDGE ( 'NONE', *, *, #1920, .F. ) ;
#3419 = DIRECTION ( 'NONE',  ( -3.388131789017202342E-16, -0.0000000000000000000, -1.000000000000000000 ) ) ;
#3420 = FACE_OUTER_BOUND ( 'NONE', #3205, .T. ) ;
#3421 = CARTESIAN_POINT ( 'NONE',  ( -0.3499999999999989231, -2.200000000000000178, 2.549999999999998934 ) ) ;
#3422 = STYLED_ITEM ( 'NONE', ( #7147 ), #1684 ) ;
#3423 = CARTESIAN_POINT ( 'NONE',  ( -4.250000000000006217, -2.949999999999999734, 0.8249999999999991784 ) ) ;
#3424 = ORIENTED_EDGE ( 'NONE', *, *, #877, .F. ) ;
#3425 = CARTESIAN_POINT ( 'NONE',  ( -4.050000000000001599, 1.364389250768275310E-14, -0.8499999999999998668 ) ) ;
#3426 = VERTEX_POINT ( 'NONE', #4410 ) ;
#3427 = ORIENTED_EDGE ( 'NONE', *, *, #7386, .F. ) ;
#3428 = LINE ( 'NONE', #562, #2918 ) ;
#3429 =( GEOMETRIC_REPRESENTATION_CONTEXT ( 3 ) GLOBAL_UNCERTAINTY_ASSIGNED_CONTEXT ( ( #2229 ) ) GLOBAL_UNIT_ASSIGNED_CONTEXT ( ( #5111, #2040, #3834 ) ) REPRESENTATION_CONTEXT ( 'NONE', 'WORKASPACE' ) );
#3430 = VECTOR ( 'NONE', #844, 1000.000000000000000 ) ;
#3431 = VECTOR ( 'NONE', #4233, 1000.000000000000000 ) ;
#3432 = STYLED_ITEM ( 'NONE', ( #3582 ), #2045 ) ;
#3433 = CARTESIAN_POINT ( 'NONE',  ( 2.150000000000001243, -2.500000000000000000, -2.250000000000000888 ) ) ;
#3434 =( GEOMETRIC_REPRESENTATION_CONTEXT ( 3 ) GLOBAL_UNCERTAINTY_ASSIGNED_CONTEXT ( ( #5258 ) ) GLOBAL_UNIT_ASSIGNED_CONTEXT ( ( #711, #1466, #282 ) ) REPRESENTATION_CONTEXT ( 'NONE', 'WORKASPACE' ) );
#3435 = ORIENTED_EDGE ( 'NONE', *, *, #5135, .T. ) ;
#3436 = ORIENTED_EDGE ( 'NONE', *, *, #661, .T. ) ;
#3437 = EDGE_CURVE ( 'NONE', #1441, #4800, #4338, .T. ) ;
#3438 =( NAMED_UNIT ( * ) PLANE_ANGLE_UNIT ( ) SI_UNIT ( $, .RADIAN. ) );
#3439 = VECTOR ( 'NONE', #6529, 1000.000000000000000 ) ;
#3440 = SURFACE_STYLE_FILL_AREA ( #5136 ) ;
#3441 = PLANE ( 'NONE',  #3927 ) ;
#3442 = ADVANCED_FACE ( 'NONE', ( #6688 ), #1478, .F. ) ;
#3443 = VECTOR ( 'NONE', #5053, 1000.000000000000000 ) ;
#3444 = DIRECTION ( 'NONE',  ( 0.0000000000000000000, -0.0000000000000000000, 1.000000000000000000 ) ) ;
#3445 = LINE ( 'NONE', #2825, #3727 ) ;
#3446 = ORIENTED_EDGE ( 'NONE', *, *, #7022, .F. ) ;
#3447 = VECTOR ( 'NONE', #3612, 1000.000000000000000 ) ;
#3448 = PLANE ( 'NONE',  #463 ) ;
#3449 = ORIENTED_EDGE ( 'NONE', *, *, #170, .T. ) ;
#3450 = LINE ( 'NONE', #6447, #7494 ) ;
#3451 = PLANE ( 'NONE',  #3030 ) ;
#3452 = PLANE ( 'NONE',  #1766 ) ;
#3453 = SURFACE_STYLE_FILL_AREA ( #1019 ) ;
#3454 = CARTESIAN_POINT ( 'NONE',  ( -0.4999999999999997780, 2.499999999999999556, -1.000000000000000222 ) ) ;
#3455 = STYLED_ITEM ( 'NONE', ( #130 ), #5256 ) ;
#3456 = UNCERTAINTY_MEASURE_WITH_UNIT (LENGTH_MEASURE( 1.000000000000000082E-05 ), #224, 'distance_accuracy_value', 'NONE');
#3457 = VECTOR ( 'NONE', #758, 1000.000000000000000 ) ;
#3458 = SURFACE_STYLE_FILL_AREA ( #7046 ) ;
#3459 = ORIENTED_EDGE ( 'NONE', *, *, #7048, .F. ) ;
#3460 = CARTESIAN_POINT ( 'NONE',  ( 3.850000000000001421, 9.486769009248163798E-17, -0.8500000000000013101 ) ) ;
#3461 = VECTOR ( 'NONE', #5599, 1000.000000000000000 ) ;
#3462 = DIRECTION ( 'NONE',  ( 0.0000000000000000000, -1.275531967630005739E-16, 1.000000000000000000 ) ) ;
#3463 = LINE ( 'NONE', #4619, #1097 ) ;
#3464 = DIRECTION ( 'NONE',  ( 0.0000000000000000000, 1.000000000000000000, -0.0000000000000000000 ) ) ;
#3465 = ORIENTED_EDGE ( 'NONE', *, *, #5594, .T. ) ;
#3466 =( LENGTH_UNIT ( ) NAMED_UNIT ( * ) SI_UNIT ( .MILLI., .METRE. ) );
#3467 = LINE ( 'NONE', #6458, #343 ) ;
#3468 = ORIENTED_EDGE ( 'NONE', *, *, #1128, .T. ) ;
#3469 = ADVANCED_FACE ( 'NONE', ( #3147 ), #4453, .T. ) ;
#3470 = ORIENTED_EDGE ( 'NONE', *, *, #1059, .T. ) ;
#3471 =( LENGTH_UNIT ( ) NAMED_UNIT ( * ) SI_UNIT ( .MILLI., .METRE. ) );
#3472 = EDGE_CURVE ( 'NONE', #964, #7062, #398, .T. ) ;
#3473 = FILL_AREA_STYLE ('',( #7021 ) ) ;
#3474 = EDGE_CURVE ( 'NONE', #1089, #3778, #2207, .T. ) ;
#3475 = ADVANCED_FACE ( 'NONE', ( #6953 ), #3451, .T. ) ;
#3476 = CARTESIAN_POINT ( 'NONE',  ( 3.919999999999999929, 0.0000000000000000000, -1.320000000000000728 ) ) ;
#3477 = STYLED_ITEM ( 'NONE', ( #3385 ), #6757 ) ;
#3478 = VERTEX_POINT ( 'NONE', #7567 ) ;
#3479 = ORIENTED_EDGE ( 'NONE', *, *, #2401, .T. ) ;
#3480 = VECTOR ( 'NONE', #70, 1000.000000000000000 ) ;
#3481 =( LENGTH_UNIT ( ) NAMED_UNIT ( * ) SI_UNIT ( .MILLI., .METRE. ) );
#3482 = DIRECTION ( 'NONE',  ( 0.0000000000000000000, -0.0000000000000000000, -1.000000000000000000 ) ) ;
#3483 = SURFACE_STYLE_FILL_AREA ( #3600 ) ;
#3484 = SURFACE_STYLE_USAGE ( .BOTH. , #7558 ) ;
#3485 = VECTOR ( 'NONE', #3865, 1000.000000000000000 ) ;
#3486 = CARTESIAN_POINT ( 'NONE',  ( 2.850000000000000977, -2.200000000000000178, 1.749999999999998890 ) ) ;
#3487 = CARTESIAN_POINT ( 'NONE',  ( -4.050000000000001599, -0.7999999999999998224, -1.750000000000000666 ) ) ;
#3488 = EDGE_CURVE ( 'NONE', #3852, #7545, #2286, .T. ) ;
#3489 = VECTOR ( 'NONE', #616, 1000.000000000000000 ) ;
#3490 = CARTESIAN_POINT ( 'NONE',  ( 3.919999999999999929, 0.2000000000000000111, -0.9500000000000013989 ) ) ;
#3491 = ORIENTED_EDGE ( 'NONE', *, *, #5772, .T. ) ;
#3492 = ORIENTED_EDGE ( 'NONE', *, *, #4118, .F. ) ;
#3493 = CARTESIAN_POINT ( 'NONE',  ( 4.050000000000004263, -0.8200000000000005063, 0.8499999999999989786 ) ) ;
#3494 = SURFACE_STYLE_USAGE ( .BOTH. , #1133 ) ;
#3495 = DIRECTION ( 'NONE',  ( 1.000000000000000000, -0.0000000000000000000, -0.0000000000000000000 ) ) ;
#3496 = CARTESIAN_POINT ( 'NONE',  ( -3.969999999999999751, 0.2000000000000000111, -1.370000000000000551 ) ) ;
#3497 = FACE_OUTER_BOUND ( 'NONE', #2735, .T. ) ;
#3498 = VERTEX_POINT ( 'NONE', #4065 ) ;
#3499 = DIRECTION ( 'NONE',  ( 1.182766006347823109E-16, 0.0000000000000000000, 1.000000000000000000 ) ) ;
#3500 = LINE ( 'NONE', #6454, #2823 ) ;
#3501 = CARTESIAN_POINT ( 'NONE',  ( -4.050000000000001599, -0.8000000000000001554, 1.749999999999998890 ) ) ;
#3502 = CARTESIAN_POINT ( 'NONE',  ( 2.850000000000000977, -2.200000000000000178, -1.750000000000000222 ) ) ;
#3503 = ORIENTED_EDGE ( 'NONE', *, *, #5209, .T. ) ;
#3504 = DIRECTION ( 'NONE',  ( 0.0000000000000000000, -1.000000000000000000, 0.0000000000000000000 ) ) ;
#3505 = EDGE_CURVE ( 'NONE', #5845, #3720, #6409, .T. ) ;
#3506 = MECHANICAL_DESIGN_GEOMETRIC_PRESENTATION_REPRESENTATION (  '', ( #1945 ), #666 ) ;
#3507 = VERTEX_POINT ( 'NONE', #545 ) ;
#3508 = VERTEX_POINT ( 'NONE', #2916 ) ;
#3509 = FILL_AREA_STYLE_COLOUR ( '', #7481 ) ;
#3510 = AXIS2_PLACEMENT_3D ( 'NONE', #6904, #5708, #2860 ) ;
#3511 = DIRECTION ( 'NONE',  ( -0.0000000000000000000, -1.000000000000000000, -0.0000000000000000000 ) ) ;
#3512 = EDGE_CURVE ( 'NONE', #3580, #2506, #5266, .T. ) ;
#3513 = PRODUCT_DEFINITION_SHAPE ( 'NONE', 'NONE',  #680 ) ;
#3514 = ORIENTED_EDGE ( 'NONE', *, *, #824, .T. ) ;
#3515 = UNCERTAINTY_MEASURE_WITH_UNIT (LENGTH_MEASURE( 1.000000000000000082E-05 ), #2781, 'distance_accuracy_value', 'NONE');
#3516 = VERTEX_POINT ( 'NONE', #5681 ) ;
#3517 = ORIENTED_EDGE ( 'NONE', *, *, #1716, .T. ) ;
#3518 = FACE_BOUND ( 'NONE', #5916, .T. ) ;
#3519 = FILL_AREA_STYLE ('',( #7182 ) ) ;
#3520 =( LENGTH_UNIT ( ) NAMED_UNIT ( * ) SI_UNIT ( .MILLI., .METRE. ) );
#3521 = VECTOR ( 'NONE', #1588, 1000.000000000000000 ) ;
#3522 = AXIS2_PLACEMENT_3D ( 'NONE', #1005, #6748, #1427 ) ;
#3523 = SURFACE_SIDE_STYLE ('',( #4098 ) ) ;
#3524 = STYLED_ITEM ( 'NONE', ( #1160 ), #2527 ) ;
#3525 = DIRECTION ( 'NONE',  ( -1.000000000000000000, 0.0000000000000000000, 0.0000000000000000000 ) ) ;
#3526 = ORIENTED_EDGE ( 'NONE', *, *, #7242, .F. ) ;
#3527 = DIRECTION ( 'NONE',  ( 0.0000000000000000000, 0.0000000000000000000, -1.000000000000000000 ) ) ;
#3528 = ORIENTED_EDGE ( 'NONE', *, *, #5395, .F. ) ;
#3529 = DIRECTION ( 'NONE',  ( 0.0000000000000000000, 0.0000000000000000000, -1.000000000000000000 ) ) ;
#3530 = CARTESIAN_POINT ( 'NONE',  ( 2.150000000000001243, -2.200000000000000178, -1.750000000000000222 ) ) ;
#3531 = PLANE ( 'NONE',  #5445 ) ;
#3532 = FILL_AREA_STYLE ('',( #4067 ) ) ;
#3533 = MECHANICAL_DESIGN_GEOMETRIC_PRESENTATION_REPRESENTATION (  '', ( #1544 ), #4881 ) ;
#3534 = DIRECTION ( 'NONE',  ( -1.379893674072460211E-16, 0.0000000000000000000, -1.000000000000000000 ) ) ;
#3535 = CIRCLE ( 'NONE', #4883, 0.2999999999999999334 ) ;
#3536 = ORIENTED_EDGE ( 'NONE', *, *, #681, .T. ) ;
#3537 = EDGE_CURVE ( 'NONE', #2100, #3759, #2752, .T. ) ;
#3538 = CARTESIAN_POINT ( 'NONE',  ( 0.3500000000000011435, -2.200000000000000178, 2.549999999999998934 ) ) ;
#3539 = CARTESIAN_POINT ( 'NONE',  ( 0.0000000000000000000, 0.2000000000000000111, -0.9500000000000013989 ) ) ;
#3540 = PRESENTATION_STYLE_ASSIGNMENT (( #5847 ) ) ;
#3541 = FILL_AREA_STYLE ('',( #4702 ) ) ;
#3542 = CARTESIAN_POINT ( 'NONE',  ( -0.2499999999999985290, -2.200000000000000178, 5.399999999999998579 ) ) ;
#3543 = EDGE_LOOP ( 'NONE', ( #1916, #6701, #5635, #3994 ) ) ;
#3544 = DIRECTION ( 'NONE',  ( 1.000000000000000000, 0.0000000000000000000, 0.0000000000000000000 ) ) ;
#3545 = EDGE_LOOP ( 'NONE', ( #4906, #1880, #6930, #5446 ) ) ;
#3546 = ORIENTED_EDGE ( 'NONE', *, *, #1710, .F. ) ;
#3547 = PRESENTATION_LAYER_ASSIGNMENT (  '', '', ( #3432 ) ) ;
#3548 = CARTESIAN_POINT ( 'NONE',  ( -0.5500000000000000444, 2.000000000000000000, 1.000000000000000000 ) ) ;
#3549 = UNCERTAINTY_MEASURE_WITH_UNIT (LENGTH_MEASURE( 1.000000000000000082E-05 ), #5031, 'distance_accuracy_value', 'NONE');
#3550 = SURFACE_SIDE_STYLE ('',( #5855 ) ) ;
#3551 = DIRECTION ( 'NONE',  ( 0.0000000000000000000, -0.0000000000000000000, -1.000000000000000000 ) ) ;
#3552 = ORIENTED_EDGE ( 'NONE', *, *, #2684, .T. ) ;
#3553 = STYLED_ITEM ( 'NONE', ( #5556 ), #6295 ) ;
#3554 = ADVANCED_FACE ( 'NONE', ( #6566 ), #4108, .F. ) ;
#3555 = EDGE_LOOP ( 'NONE', ( #1347, #6780, #4279, #2701 ) ) ;
#3556 = EDGE_LOOP ( 'NONE', ( #6116, #1250, #6662, #2228 ) ) ;
#3557 = COLOUR_RGB ( '',0.7529411764705882248, 0.7529411764705882248, 0.7529411764705882248 ) ;
#3558 = DIRECTION ( 'NONE',  ( 1.000000000000000000, 3.410973126920686698E-15, 0.0000000000000000000 ) ) ;
#3559 = VECTOR ( 'NONE', #1791, 1000.000000000000114 ) ;
#3560 = DIRECTION ( 'NONE',  ( 0.7071067811865469066, -0.7071067811865482389, 0.0000000000000000000 ) ) ;
#3561 = FILL_AREA_STYLE_COLOUR ( '', #1667 ) ;
#3562 = PRODUCT_RELATED_PRODUCT_CATEGORY ( 'part', '', ( #2592 ) ) ;
#3563 = COLOUR_RGB ( '',0.7529411764705882248, 0.7529411764705882248, 0.7529411764705882248 ) ;
#3564 = EDGE_CURVE ( 'NONE', #4859, #5212, #1170, .T. ) ;
#3565 =( GEOMETRIC_REPRESENTATION_CONTEXT ( 3 ) GLOBAL_UNCERTAINTY_ASSIGNED_CONTEXT ( ( #515 ) ) GLOBAL_UNIT_ASSIGNED_CONTEXT ( ( #1693, #5070, #1653 ) ) REPRESENTATION_CONTEXT ( 'NONE', 'WORKASPACE' ) );
#3566 = UNCERTAINTY_MEASURE_WITH_UNIT (LENGTH_MEASURE( 1.000000000000000082E-05 ), #1326, 'distance_accuracy_value', 'NONE');
#3567 = AXIS2_PLACEMENT_3D ( 'NONE', #2088, #2607, #3870 ) ;
#3568 = VERTEX_POINT ( 'NONE', #4732 ) ;
#3569 =( GEOMETRIC_REPRESENTATION_CONTEXT ( 3 ) GLOBAL_UNCERTAINTY_ASSIGNED_CONTEXT ( ( #1037 ) ) GLOBAL_UNIT_ASSIGNED_CONTEXT ( ( #6408, #5265, #3574 ) ) REPRESENTATION_CONTEXT ( 'NONE', 'WORKASPACE' ) );
#3570 = SURFACE_STYLE_USAGE ( .BOTH. , #2951 ) ;
#3571 = ORIENTED_EDGE ( 'NONE', *, *, #179, .T. ) ;
#3572 = ADVANCED_FACE ( 'NONE', ( #7606 ), #1814, .F. ) ;
#3573 =( NAMED_UNIT ( * ) SI_UNIT ( $, .STERADIAN. ) SOLID_ANGLE_UNIT ( ) );
#3574 =( NAMED_UNIT ( * ) SI_UNIT ( $, .STERADIAN. ) SOLID_ANGLE_UNIT ( ) );
#3575 = ADVANCED_FACE ( 'NONE', ( #3608 ), #7194, .F. ) ;
#3576 = ORIENTED_EDGE ( 'NONE', *, *, #5454, .T. ) ;
#3577 = ADVANCED_FACE ( 'NONE', ( #7229 ), #7372, .T. ) ;
#3578 =( GEOMETRIC_REPRESENTATION_CONTEXT ( 3 ) GLOBAL_UNCERTAINTY_ASSIGNED_CONTEXT ( ( #2289 ) ) GLOBAL_UNIT_ASSIGNED_CONTEXT ( ( #1486, #2728, #3917 ) ) REPRESENTATION_CONTEXT ( 'NONE', 'WORKASPACE' ) );
#3579 = AXIS2_PLACEMENT_3D ( 'NONE', #6916, #514, #1136 ) ;
#3580 = VERTEX_POINT ( 'NONE', #863 ) ;
#3581 = DIRECTION ( 'NONE',  ( -3.410973126920686698E-15, -1.000000000000000000, 0.0000000000000000000 ) ) ;
#3582 = PRESENTATION_STYLE_ASSIGNMENT (( #6538 ) ) ;
#3583 = FACE_OUTER_BOUND ( 'NONE', #2510, .T. ) ;
#3584 = VECTOR ( 'NONE', #3782, 1000.000000000000000 ) ;
#3585 = CARTESIAN_POINT ( 'NONE',  ( -4.250000000000007105, -1.780000000000000027, 0.8499999999999994227 ) ) ;
#3586 = DIRECTION ( 'NONE',  ( 0.0000000000000000000, 0.0000000000000000000, -1.000000000000000000 ) ) ;
#3587 = DIRECTION ( 'NONE',  ( 0.0000000000000000000, -3.696143769836947338E-16, 1.000000000000000000 ) ) ;
#3588 = EDGE_CURVE ( 'NONE', #7359, #2587, #4869, .T. ) ;
#3589 = DIRECTION ( 'NONE',  ( 0.7071067811865501263, 0.7071067811865449082, -7.666467083416899040E-17 ) ) ;
#3590 = STYLED_ITEM ( 'NONE', ( #4981 ), #5399 ) ;
#3591 = ORIENTED_EDGE ( 'NONE', *, *, #2231, .F. ) ;
#3592 = CARTESIAN_POINT ( 'NONE',  ( 3.969999999999999751, 0.0000000000000000000, -1.370000000000000551 ) ) ;
#3593 = LINE ( 'NONE', #2307, #1230 ) ;
#3594 = ORIENTED_EDGE ( 'NONE', *, *, #3179, .F. ) ;
#3595 = DIRECTION ( 'NONE',  ( 0.0000000000000000000, -0.0000000000000000000, 1.000000000000000000 ) ) ;
#3596 = ORIENTED_EDGE ( 'NONE', *, *, #1018, .F. ) ;
#3597 = ORIENTED_EDGE ( 'NONE', *, *, #2673, .F. ) ;
#3598 = MECHANICAL_DESIGN_GEOMETRIC_PRESENTATION_REPRESENTATION (  '', ( #6905 ), #2848 ) ;
#3599 = FILL_AREA_STYLE_COLOUR ( '', #2372 ) ;
#3600 = FILL_AREA_STYLE ('',( #2435 ) ) ;
#3601 = CARTESIAN_POINT ( 'NONE',  ( 4.250000000000007105, -1.780000000000000027, -0.8500000000000013101 ) ) ;
#3602 = FILL_AREA_STYLE ('',( #1807 ) ) ;
#3603 = EDGE_LOOP ( 'NONE', ( #3779, #7027, #6899, #3971, #3224, #76, #7281, #978, #4372, #1099 ) ) ;
#3604 = LINE ( 'NONE', #2556, #5072 ) ;
#3605 = ORIENTED_EDGE ( 'NONE', *, *, #3113, .T. ) ;
#3606 = VECTOR ( 'NONE', #6752, 1000.000000000000000 ) ;
#3607 = SURFACE_SIDE_STYLE ('',( #1254 ) ) ;
#3608 = FACE_OUTER_BOUND ( 'NONE', #6585, .T. ) ;
#3609 = PLANE ( 'NONE',  #7554 ) ;
#3610 = EDGE_CURVE ( 'NONE', #7522, #6588, #3138, .T. ) ;
#3611 =( GEOMETRIC_REPRESENTATION_CONTEXT ( 3 ) GLOBAL_UNCERTAINTY_ASSIGNED_CONTEXT ( ( #5740 ) ) GLOBAL_UNIT_ASSIGNED_CONTEXT ( ( #3313, #2730, #3388 ) ) REPRESENTATION_CONTEXT ( 'NONE', 'WORKASPACE' ) );
#3612 = DIRECTION ( 'NONE',  ( -0.0000000000000000000, -0.0000000000000000000, 1.000000000000000000 ) ) ;
#3613 = VECTOR ( 'NONE', #3081, 1000.000000000000000 ) ;
#3614 = EDGE_LOOP ( 'NONE', ( #7264, #2347, #4973, #2056 ) ) ;
#3615 = DIRECTION ( 'NONE',  ( 0.0000000000000000000, 1.000000000000000000, 0.0000000000000000000 ) ) ;
#3616 = EDGE_CURVE ( 'NONE', #2298, #2935, #6714, .T. ) ;
#3617 = DIRECTION ( 'NONE',  ( -1.000000000000000000, 0.0000000000000000000, 0.0000000000000000000 ) ) ;
#3618 = DIRECTION ( 'NONE',  ( 0.0000000000000000000, -1.000000000000000000, 0.0000000000000000000 ) ) ;
#3619 = PLANE ( 'NONE',  #2689 ) ;
#3620 = SURFACE_STYLE_FILL_AREA ( #73 ) ;
#3621 = ORIENTED_EDGE ( 'NONE', *, *, #1002, .F. ) ;
#3622 = EDGE_CURVE ( 'NONE', #4750, #4220, #6128, .T. ) ;
#3623 = PRESENTATION_STYLE_ASSIGNMENT (( #1835 ) ) ;
#3624 = SURFACE_SIDE_STYLE ('',( #1273 ) ) ;
#3625 = EDGE_LOOP ( 'NONE', ( #4280, #2949, #5774, #6467 ) ) ;
#3626 = PRESENTATION_LAYER_ASSIGNMENT (  '', '', ( #532 ) ) ;
#3627 = CARTESIAN_POINT ( 'NONE',  ( -3.919999999999999929, 0.2000000000000000111, 0.9499999999999995115 ) ) ;
#3628 = VERTEX_POINT ( 'NONE', #1967 ) ;
#3629 = ORIENTED_EDGE ( 'NONE', *, *, #4970, .T. ) ;
#3630 = LINE ( 'NONE', #7350, #5933 ) ;
#3631 = VECTOR ( 'NONE', #2275, 1000.000000000000000 ) ;
#3632 =( NAMED_UNIT ( * ) SI_UNIT ( $, .STERADIAN. ) SOLID_ANGLE_UNIT ( ) );
#3633 = EDGE_CURVE ( 'NONE', #2024, #1220, #1400, .T. ) ;
#3634 = CARTESIAN_POINT ( 'NONE',  ( 3.950000000000001066, -0.1000000000000001721, -0.8500000000000013101 ) ) ;
#3635 = CARTESIAN_POINT ( 'NONE',  ( 2.150000000000001243, -2.200000000000000178, -1.750000000000000222 ) ) ;
#3636 = CARTESIAN_POINT ( 'NONE',  ( -2.849999999999998757, -2.200000000000000178, -2.250000000000000888 ) ) ;
#3637 =( GEOMETRIC_REPRESENTATION_CONTEXT ( 3 ) GLOBAL_UNCERTAINTY_ASSIGNED_CONTEXT ( ( #4734 ) ) GLOBAL_UNIT_ASSIGNED_CONTEXT ( ( #4004, #5071, #6826 ) ) REPRESENTATION_CONTEXT ( 'NONE', 'WORKASPACE' ) );
#3638 = CARTESIAN_POINT ( 'NONE',  ( -0.5500000000000000444, 2.000000000000000000, -1.000000000000000222 ) ) ;
#3639 = ORIENTED_EDGE ( 'NONE', *, *, #6077, .F. ) ;
#3640 = DIRECTION ( 'NONE',  ( 0.0000000000000000000, 1.000000000000000000, 0.0000000000000000000 ) ) ;
#3641 = ORIENTED_EDGE ( 'NONE', *, *, #4585, .T. ) ;
#3642 = FILL_AREA_STYLE ('',( #4146 ) ) ;
#3643 = CARTESIAN_POINT ( 'NONE',  ( 4.249999999999997335, 0.2000000000000000111, 1.749999999999999334 ) ) ;
#3644 = DIRECTION ( 'NONE',  ( -1.807003620809174139E-16, -0.0000000000000000000, -1.000000000000000000 ) ) ;
#3645 = SURFACE_STYLE_USAGE ( .BOTH. , #1295 ) ;
#3646 = MECHANICAL_DESIGN_GEOMETRIC_PRESENTATION_REPRESENTATION (  '', ( #5853 ), #7577 ) ;
#3647 = VECTOR ( 'NONE', #6761, 1000.000000000000000 ) ;
#3648 =( NAMED_UNIT ( * ) SI_UNIT ( $, .STERADIAN. ) SOLID_ANGLE_UNIT ( ) );
#3650 = EDGE_CURVE ( 'NONE', #7622, #5213, #7336, .T. ) ;
#3649 = EDGE_LOOP ( 'NONE', ( #7308, #1678, #2931, #4934 ) ) ;
#3651 = CARTESIAN_POINT ( 'NONE',  ( -3.969999999999999751, 0.2000000000000000111, -1.370000000000000551 ) ) ;
#3652 = DIRECTION ( 'NONE',  ( -0.0000000000000000000, -0.0000000000000000000, 1.000000000000000000 ) ) ;
#3653 = COLOUR_RGB ( '',0.7529411764705882248, 0.7529411764705882248, 0.7529411764705882248 ) ;
#3654 = EDGE_CURVE ( 'NONE', #56, #1586, #5032, .T. ) ;
#3655 = DIRECTION ( 'NONE',  ( 0.0000000000000000000, 0.0000000000000000000, 1.000000000000000000 ) ) ;
#3656 = EDGE_CURVE ( 'NONE', #1774, #5281, #4401, .T. ) ;
#3657 = AXIS2_PLACEMENT_3D ( 'NONE', #6619, #3701, #771 ) ;
#3658 =( NAMED_UNIT ( * ) PLANE_ANGLE_UNIT ( ) SI_UNIT ( $, .RADIAN. ) );
#3659 = ADVANCED_FACE ( 'NONE', ( #6197 ), #899, .T. ) ;
#3660 = ORIENTED_EDGE ( 'NONE', *, *, #527, .F. ) ;
#3661 = LINE ( 'NONE', #3737, #4509 ) ;
#3662 = CYLINDRICAL_SURFACE ( 'NONE', #1903, 0.6700000000000000400 ) ;
#3663 = SURFACE_STYLE_USAGE ( .BOTH. , #5495 ) ;
#3664 = ORIENTED_EDGE ( 'NONE', *, *, #5023, .T. ) ;
#3665 =( NAMED_UNIT ( * ) SI_UNIT ( $, .STERADIAN. ) SOLID_ANGLE_UNIT ( ) );
#3666 = AXIS2_PLACEMENT_3D ( 'NONE', #5921, #2997, #1668 ) ;
#3667 = SURFACE_SIDE_STYLE ('',( #2624 ) ) ;
#3668 = VERTEX_POINT ( 'NONE', #2274 ) ;
#3669 = ORIENTED_EDGE ( 'NONE', *, *, #7291, .F. ) ;
#3670 = FACE_OUTER_BOUND ( 'NONE', #751, .T. ) ;
#3671 = FACE_OUTER_BOUND ( 'NONE', #6038, .T. ) ;
#3672 = DIRECTION ( 'NONE',  ( 0.0000000000000000000, -0.0000000000000000000, 1.000000000000000000 ) ) ;
#3673 = CARTESIAN_POINT ( 'NONE',  ( 2.850000000000000977, -2.500000000000000000, 1.749999999999998890 ) ) ;
#3674 = CARTESIAN_POINT ( 'NONE',  ( 0.0000000000000000000, 0.2000000000000000111, 0.0000000000000000000 ) ) ;
#3675 = ADVANCED_FACE ( 'NONE', ( #2744 ), #5707, .T. ) ;
#3676 = ORIENTED_EDGE ( 'NONE', *, *, #3564, .T. ) ;
#3677 = VECTOR ( 'NONE', #3589, 1000.000000000000000 ) ;
#3678 = CARTESIAN_POINT ( 'NONE',  ( -4.050000000000004263, -0.8199999999999715294, -1.730000000000000870 ) ) ;
#3679 = EDGE_CURVE ( 'NONE', #3391, #1139, #5178, .T. ) ;
#3680 = ORIENTED_EDGE ( 'NONE', *, *, #279, .T. ) ;
#3681 = FILL_AREA_STYLE ('',( #59 ) ) ;
#3682 = LINE ( 'NONE', #5991, #1947 ) ;
#3683 = FILL_AREA_STYLE ('',( #4688 ) ) ;
#3684 =( GEOMETRIC_REPRESENTATION_CONTEXT ( 3 ) GLOBAL_UNCERTAINTY_ASSIGNED_CONTEXT ( ( #4010 ) ) GLOBAL_UNIT_ASSIGNED_CONTEXT ( ( #5716, #7382, #2789 ) ) REPRESENTATION_CONTEXT ( 'NONE', 'WORKASPACE' ) );
#3685 = DIRECTION ( 'NONE',  ( -0.0000000000000000000, -1.000000000000000000, -0.0000000000000000000 ) ) ;
#3686 = COLOUR_RGB ( '',0.7529411764705882248, 0.7529411764705882248, 0.7529411764705882248 ) ;
#3687 = ORIENTED_EDGE ( 'NONE', *, *, #3972, .F. ) ;
#3688 =( LENGTH_UNIT ( ) NAMED_UNIT ( * ) SI_UNIT ( .MILLI., .METRE. ) );
#3689 = VECTOR ( 'NONE', #6325, 1000.000000000000000 ) ;
#3690 = STYLED_ITEM ( 'NONE', ( #4941 ), #1842 ) ;
#3691 = PRESENTATION_LAYER_ASSIGNMENT (  '', '', ( #7013 ) ) ;
#3692 = VERTEX_POINT ( 'NONE', #5138 ) ;
#3693 = CARTESIAN_POINT ( 'NONE',  ( 4.250000000000000888, -2.949999999999999734, -1.750000000000000666 ) ) ;
#3694 = ORIENTED_EDGE ( 'NONE', *, *, #885, .T. ) ;
#3695 = CARTESIAN_POINT ( 'NONE',  ( -4.250000000000000888, 6.982962677686266711E-16, 0.8499999999999994227 ) ) ;
#3696 = CARTESIAN_POINT ( 'NONE',  ( -3.850000000000001421, 9.486769009248163798E-17, -0.8499999999999998668 ) ) ;
#3697 = VECTOR ( 'NONE', #6519, 1000.000000000000000 ) ;
#3698 = AXIS2_PLACEMENT_3D ( 'NONE', #1868, #1828, #1266 ) ;
#3699 = PRESENTATION_STYLE_ASSIGNMENT (( #7207 ) ) ;
#3700 = ORIENTED_EDGE ( 'NONE', *, *, #4127, .F. ) ;
#3701 = DIRECTION ( 'NONE',  ( 0.0000000000000000000, 1.000000000000000000, 0.0000000000000000000 ) ) ;
#3702 =( GEOMETRIC_REPRESENTATION_CONTEXT ( 3 ) GLOBAL_UNCERTAINTY_ASSIGNED_CONTEXT ( ( #6319 ) ) GLOBAL_UNIT_ASSIGNED_CONTEXT ( ( #6645, #5957, #2994 ) ) REPRESENTATION_CONTEXT ( 'NONE', 'WORKASPACE' ) );
#3703 = LINE ( 'NONE', #5431, #5364 ) ;
#3704 = CARTESIAN_POINT ( 'NONE',  ( 4.250000000000000888, 0.0000000000000000000, -1.750000000000000666 ) ) ;
#3705 = ORIENTED_EDGE ( 'NONE', *, *, #6180, .F. ) ;
#3706 = VECTOR ( 'NONE', #6021, 1000.000000000000000 ) ;
#3707 = ORIENTED_EDGE ( 'NONE', *, *, #235, .T. ) ;
#3708 = ORIENTED_EDGE ( 'NONE', *, *, #1172, .F. ) ;
#3709 = EDGE_CURVE ( 'NONE', #4674, #2962, #971, .T. ) ;
#3710 = PRESENTATION_STYLE_ASSIGNMENT (( #6156 ) ) ;
#3711 = EDGE_CURVE ( 'NONE', #3252, #994, #2821, .T. ) ;
#3712 = EDGE_CURVE ( 'NONE', #3361, #3153, #5671, .T. ) ;
#3713 = DIRECTION ( 'NONE',  ( -0.0000000000000000000, -1.000000000000000000, -0.0000000000000000000 ) ) ;
#3714 = VECTOR ( 'NONE', #6497, 1000.000000000000000 ) ;
#3715 = CARTESIAN_POINT ( 'NONE',  ( 4.250000000000000888, -2.949999999999999734, 0.8249999999999991784 ) ) ;
#3716 = CYLINDRICAL_SURFACE ( 'NONE', #5562, 0.1000000000000002554 ) ;
#3717 = AXIS2_PLACEMENT_3D ( 'NONE', #3022, #3640, #5988 ) ;
#3718 = ORIENTED_EDGE ( 'NONE', *, *, #462, .F. ) ;
#3719 = CARTESIAN_POINT ( 'NONE',  ( 3.919999999999999929, 0.0000000000000000000, -1.320000000000000728 ) ) ;
#3720 = VERTEX_POINT ( 'NONE', #1579 ) ;
#3721 = DIRECTION ( 'NONE',  ( 0.0000000000000000000, 0.0000000000000000000, -1.000000000000000000 ) ) ;
#3722 = CARTESIAN_POINT ( 'NONE',  ( 3.850000000000001421, 9.486769009248163798E-17, -0.9500000000000013989 ) ) ;
#3723 = DIRECTION ( 'NONE',  ( 0.0000000000000000000, -0.0000000000000000000, 1.000000000000000000 ) ) ;
#3724 = VERTEX_POINT ( 'NONE', #4638 ) ;
#3725 =( NAMED_UNIT ( * ) PLANE_ANGLE_UNIT ( ) SI_UNIT ( $, .RADIAN. ) );
#3726 = CARTESIAN_POINT ( 'NONE',  ( 4.050000000000001599, -0.7999999999999998224, -0.9000000000000000222 ) ) ;
#3727 = VECTOR ( 'NONE', #5140, 1000.000000000000000 ) ;
#3728 = VERTEX_POINT ( 'NONE', #6982 ) ;
#3729 = ORIENTED_EDGE ( 'NONE', *, *, #5593, .F. ) ;
#3730 = DIRECTION ( 'NONE',  ( 0.0000000000000000000, 1.971276677246374231E-16, -1.000000000000000000 ) ) ;
#3731 = DIRECTION ( 'NONE',  ( -0.0000000000000000000, -1.000000000000000000, -0.0000000000000000000 ) ) ;
#3732 = STYLED_ITEM ( 'NONE', ( #1607 ), #7398 ) ;
#3733 = DIRECTION ( 'NONE',  ( -0.0000000000000000000, -0.0000000000000000000, 1.000000000000000000 ) ) ;
#3734 =( NAMED_UNIT ( * ) PLANE_ANGLE_UNIT ( ) SI_UNIT ( $, .RADIAN. ) );
#3735 =( GEOMETRIC_REPRESENTATION_CONTEXT ( 3 ) GLOBAL_UNCERTAINTY_ASSIGNED_CONTEXT ( ( #6320 ) ) GLOBAL_UNIT_ASSIGNED_CONTEXT ( ( #160, #2584, #4276 ) ) REPRESENTATION_CONTEXT ( 'NONE', 'WORKASPACE' ) );
#3736 = ORIENTED_EDGE ( 'NONE', *, *, #7561, .F. ) ;
#3737 = CARTESIAN_POINT ( 'NONE',  ( -4.050000000000001599, -1.800000000000000044, -0.6500000000000000222 ) ) ;
#3738 = LINE ( 'NONE', #3155, #7214 ) ;
#3739 = LINE ( 'NONE', #3704, #3430 ) ;
#3740 = CARTESIAN_POINT ( 'NONE',  ( 2.500000000000000888, -2.200000000000000178, 5.399999999999998579 ) ) ;
#3741 = EDGE_LOOP ( 'NONE', ( #1131, #2205, #167, #3089 ) ) ;
#3742 =( NAMED_UNIT ( * ) PLANE_ANGLE_UNIT ( ) SI_UNIT ( $, .RADIAN. ) );
#3743 = SURFACE_STYLE_USAGE ( .BOTH. , #1349 ) ;
#3744 = VERTEX_POINT ( 'NONE', #7445 ) ;
#3745 = ORIENTED_EDGE ( 'NONE', *, *, #5260, .F. ) ;
#3746 = CARTESIAN_POINT ( 'NONE',  ( 3.950000000000001066, 9.486769009248163798E-17, 0.8499999999999989786 ) ) ;
#3747 = EDGE_CURVE ( 'NONE', #6890, #2955, #1343, .T. ) ;
#3748 = UNCERTAINTY_MEASURE_WITH_UNIT (LENGTH_MEASURE( 1.000000000000000082E-05 ), #1426, 'distance_accuracy_value', 'NONE');
#3749 = VERTEX_POINT ( 'NONE', #1006 ) ;
#3750 = VECTOR ( 'NONE', #2637, 1000.000000000000000 ) ;
#3751 = CARTESIAN_POINT ( 'NONE',  ( 4.250000000000007105, -1.780000000000000027, -0.6697014260101288308 ) ) ;
#3752 = DIRECTION ( 'NONE',  ( 3.410973126920686698E-15, 1.000000000000000000, 3.696143769836947338E-16 ) ) ;
#3753 = DIRECTION ( 'NONE',  ( -1.000000000000000000, 0.0000000000000000000, 0.0000000000000000000 ) ) ;
#3754 = DIRECTION ( 'NONE',  ( -0.0000000000000000000, -1.000000000000000000, -0.0000000000000000000 ) ) ;
#3755 = CARTESIAN_POINT ( 'NONE',  ( -2.250000000000000000, 0.2000000000000000111, -1.149999999999999911 ) ) ;
#3756 = EDGE_CURVE ( 'NONE', #6085, #5110, #3373, .T. ) ;
#3757 = CARTESIAN_POINT ( 'NONE',  ( -0.3499999999999989231, -2.500000000000000000, -1.750000000000000222 ) ) ;
#3758 = COLOUR_RGB ( '',0.7529411764705882248, 0.7529411764705882248, 0.7529411764705882248 ) ;
#3759 = VERTEX_POINT ( 'NONE', #7478 ) ;
#3760 = FACE_OUTER_BOUND ( 'NONE', #7118, .T. ) ;
#3761 = ORIENTED_EDGE ( 'NONE', *, *, #5519, .F. ) ;
#3762 = FILL_AREA_STYLE ('',( #4921 ) ) ;
#3763 = FILL_AREA_STYLE ('',( #5598 ) ) ;
#3764 = SURFACE_STYLE_USAGE ( .BOTH. , #4232 ) ;
#3765 = COLOUR_RGB ( '',0.7529411764705882248, 0.7529411764705882248, 0.7529411764705882248 ) ;
#3766 = STYLED_ITEM ( 'NONE', ( #4462 ), #1249 ) ;
#3767 = ADVANCED_FACE ( 'NONE', ( #2193 ), #4555, .F. ) ;
#3768 = MECHANICAL_DESIGN_GEOMETRIC_PRESENTATION_REPRESENTATION (  '', ( #4503 ), #2778 ) ;
#3769 = ORIENTED_EDGE ( 'NONE', *, *, #5460, .T. ) ;
#3770 = CARTESIAN_POINT ( 'NONE',  ( 2.850000000000000977, -2.200000000000000178, -1.750000000000000222 ) ) ;
#3771 = EDGE_CURVE ( 'NONE', #4843, #1876, #6310, .T. ) ;
#3772 = DIRECTION ( 'NONE',  ( -1.000000000000000000, 0.0000000000000000000, 0.0000000000000000000 ) ) ;
#3773 = DIRECTION ( 'NONE',  ( -0.0000000000000000000, -0.0000000000000000000, 1.000000000000000000 ) ) ;
#3774 = VERTEX_POINT ( 'NONE', #4014 ) ;
#3775 = MECHANICAL_DESIGN_GEOMETRIC_PRESENTATION_REPRESENTATION (  '', ( #1188 ), #697 ) ;
#3776 = DIRECTION ( 'NONE',  ( 0.0000000000000000000, 0.0000000000000000000, 1.000000000000000000 ) ) ;
#3777 =( NAMED_UNIT ( * ) PLANE_ANGLE_UNIT ( ) SI_UNIT ( $, .RADIAN. ) );
#3778 = VERTEX_POINT ( 'NONE', #2712 ) ;
#3779 = ORIENTED_EDGE ( 'NONE', *, *, #4838, .F. ) ;
#3780 =( NAMED_UNIT ( * ) SI_UNIT ( $, .STERADIAN. ) SOLID_ANGLE_UNIT ( ) );
#3781 = EDGE_CURVE ( 'NONE', #2298, #6396, #7414, .T. ) ;
#3782 = DIRECTION ( 'NONE',  ( -0.0000000000000000000, -0.0000000000000000000, 1.000000000000000000 ) ) ;
#3783 = ORIENTED_EDGE ( 'NONE', *, *, #3996, .T. ) ;
#3784 = CARTESIAN_POINT ( 'NONE',  ( 8.673617379884035472E-16, -2.200000000000000178, 5.399999999999998579 ) ) ;
#3785 = VECTOR ( 'NONE', #1376, 1000.000000000000000 ) ;
#3786 = DIRECTION ( 'NONE',  ( -3.614007241618347587E-15, 1.000000000000000000, 0.0000000000000000000 ) ) ;
#3787 = ADVANCED_FACE ( 'NONE', ( #6351 ), #3441, .F. ) ;
#3788 = FILL_AREA_STYLE_COLOUR ( '', #426 ) ;
#3789 =( NAMED_UNIT ( * ) SI_UNIT ( $, .STERADIAN. ) SOLID_ANGLE_UNIT ( ) );
#3790 = EDGE_CURVE ( 'NONE', #1962, #188, #535, .T. ) ;
#3791 = PLANE ( 'NONE',  #2896 ) ;
#3792 = CARTESIAN_POINT ( 'NONE',  ( 3.049999999999998934, 0.0000000000000000000, -1.370000000000000551 ) ) ;
#3793 = AXIS2_PLACEMENT_3D ( 'NONE', #57, #3525, #20 ) ;
#3794 = EDGE_CURVE ( 'NONE', #3516, #378, #1283, .T. ) ;
#3795 = FILL_AREA_STYLE ('',( #6909 ) ) ;
#3796 = EDGE_CURVE ( 'NONE', #4664, #5076, #2394, .T. ) ;
#3797 = PRESENTATION_LAYER_ASSIGNMENT (  '', '', ( #846 ) ) ;
#3798 = ORIENTED_EDGE ( 'NONE', *, *, #4242, .F. ) ;
#3799 = DIRECTION ( 'NONE',  ( -0.0000000000000000000, -0.0000000000000000000, -1.000000000000000000 ) ) ;
#3800 = CARTESIAN_POINT ( 'NONE',  ( 0.0000000000000000000, 1.899999999999999689, 1.000000000000000000 ) ) ;
#3801 = VECTOR ( 'NONE', #2733, 1000.000000000000000 ) ;
#3802 = EDGE_CURVE ( 'NONE', #1145, #5986, #7148, .T. ) ;
#3803 = LINE ( 'NONE', #5683, #6778 ) ;
#3804 = AXIS2_PLACEMENT_3D ( 'NONE', #3334, #422, #1042 ) ;
#3805 = MECHANICAL_DESIGN_GEOMETRIC_PRESENTATION_REPRESENTATION (  '', ( #1818 ), #2954 ) ;
#3806 = DIRECTION ( 'NONE',  ( -1.000000000000000000, 3.410973126920687092E-15, 0.0000000000000000000 ) ) ;
#3807 = VECTOR ( 'NONE', #1055, 1000.000000000000000 ) ;
#3808 = EDGE_LOOP ( 'NONE', ( #4121, #4580, #6649, #1238 ) ) ;
#3809 = DIRECTION ( 'NONE',  ( 1.000000000000000000, 0.0000000000000000000, -0.0000000000000000000 ) ) ;
#3810 = CARTESIAN_POINT ( 'NONE',  ( 4.050000000000004263, -0.8200000000000002842, -0.8500000000000013101 ) ) ;
#3811 = VECTOR ( 'NONE', #5362, 1000.000000000000000 ) ;
#3812 = CARTESIAN_POINT ( 'NONE',  ( 0.3500000000000008660, -2.200000000000000178, -1.750000000000000222 ) ) ;
#3813 = CARTESIAN_POINT ( 'NONE',  ( -0.9999999999999995559, 2.000000000000000000, 1.000000000000000000 ) ) ;
#3814 = ORIENTED_EDGE ( 'NONE', *, *, #1616, .F. ) ;
#3815 =( GEOMETRIC_REPRESENTATION_CONTEXT ( 3 ) GLOBAL_UNCERTAINTY_ASSIGNED_CONTEXT ( ( #28 ) ) GLOBAL_UNIT_ASSIGNED_CONTEXT ( ( #1076, #6975, #5354 ) ) REPRESENTATION_CONTEXT ( 'NONE', 'WORKASPACE' ) );
#3816 = SURFACE_STYLE_FILL_AREA ( #4390 ) ;
#3817 = EDGE_CURVE ( 'NONE', #1700, #412, #3196, .T. ) ;
#3818 = SURFACE_STYLE_FILL_AREA ( #6012 ) ;
#3819 = ORIENTED_EDGE ( 'NONE', *, *, #22, .F. ) ;
#3820 = ORIENTED_EDGE ( 'NONE', *, *, #30, .F. ) ;
#3821 = MECHANICAL_DESIGN_GEOMETRIC_PRESENTATION_REPRESENTATION (  '', ( #6655 ), #7025 ) ;
#3822 = EDGE_LOOP ( 'NONE', ( #5333, #7191, #4661, #6315, #4808, #2366, #2968, #2734, #2897, #3230, #3459, #5979, #301, #6599, #5065, #3446, #5889, #5861, #4726, #2464 ) ) ;
#3823 = DIRECTION ( 'NONE',  ( -0.0000000000000000000, -0.0000000000000000000, 1.000000000000000000 ) ) ;
#3824 = SURFACE_STYLE_FILL_AREA ( #4364 ) ;
#3825 =( GEOMETRIC_REPRESENTATION_CONTEXT ( 3 ) GLOBAL_UNCERTAINTY_ASSIGNED_CONTEXT ( ( #1138 ) ) GLOBAL_UNIT_ASSIGNED_CONTEXT ( ( #2801, #2218, #5650 ) ) REPRESENTATION_CONTEXT ( 'NONE', 'WORKASPACE' ) );
#3826 = LINE ( 'NONE', #3896, #6324 ) ;
#3827 = DIRECTION ( 'NONE',  ( 1.000000000000000000, 0.0000000000000000000, 0.0000000000000000000 ) ) ;
#3828 = SURFACE_STYLE_USAGE ( .BOTH. , #2078 ) ;
#3829 = DIRECTION ( 'NONE',  ( 0.0000000000000000000, 1.000000000000000000, 0.0000000000000000000 ) ) ;
#3830 = DIRECTION ( 'NONE',  ( -0.0000000000000000000, -1.000000000000000000, -0.0000000000000000000 ) ) ;
#3831 = PRESENTATION_LAYER_ASSIGNMENT (  '', '', ( #1257 ) ) ;
#3832 = EDGE_CURVE ( 'NONE', #1405, #7035, #4178, .T. ) ;
#3833 = ORIENTED_EDGE ( 'NONE', *, *, #6331, .F. ) ;
#3834 =( NAMED_UNIT ( * ) SI_UNIT ( $, .STERADIAN. ) SOLID_ANGLE_UNIT ( ) );
#3835 = CARTESIAN_POINT ( 'NONE',  ( -0.7749999999999998002, 2.000000000000000000, -2.250000000000000888 ) ) ;
#3836 = LINE ( 'NONE', #6140, #6509 ) ;
#3837 = CIRCLE ( 'NONE', #2851, 0.6500000000000000222 ) ;
#3838 = CARTESIAN_POINT ( 'NONE',  ( -4.250000000000003553, -0.8199999999999709743, 0.8499999999999994227 ) ) ;
#3839 = CARTESIAN_POINT ( 'NONE',  ( -3.850000000000001421, 0.2000000000000000111, 0.0000000000000000000 ) ) ;
#3840 = EDGE_CURVE ( 'NONE', #6588, #6053, #3017, .T. ) ;
#3841 = ORIENTED_EDGE ( 'NONE', *, *, #6724, .T. ) ;
#3842 = CARTESIAN_POINT ( 'NONE',  ( -4.050000000000001599, -1.800000000000000266, 1.749999999999998446 ) ) ;
#3843 = PRESENTATION_LAYER_ASSIGNMENT (  '', '', ( #5085 ) ) ;
#3844 = CARTESIAN_POINT ( 'NONE',  ( -3.950000000000001066, 9.486769009248163798E-17, -0.8499999999999998668 ) ) ;
#3845 = LINE ( 'NONE', #3198, #4056 ) ;
#3846 = SURFACE_SIDE_STYLE ('',( #408 ) ) ;
#3847 = CARTESIAN_POINT ( 'NONE',  ( 3.919999999999999929, 0.2000000000000000111, -0.8500000000000013101 ) ) ;
#3848 = ORIENTED_EDGE ( 'NONE', *, *, #7511, .F. ) ;
#3849 = VECTOR ( 'NONE', #5859, 1000.000000000000000 ) ;
#3850 = EDGE_CURVE ( 'NONE', #1405, #5341, #7596, .T. ) ;
#3851 = ORIENTED_EDGE ( 'NONE', *, *, #306, .T. ) ;
#3852 = VERTEX_POINT ( 'NONE', #1768 ) ;
#3853 = PRESENTATION_STYLE_ASSIGNMENT (( #2180 ) ) ;
#3854 = PRESENTATION_STYLE_ASSIGNMENT (( #2066 ) ) ;
#3855 =( LENGTH_UNIT ( ) NAMED_UNIT ( * ) SI_UNIT ( .MILLI., .METRE. ) );
#3856 = FACE_OUTER_BOUND ( 'NONE', #6737, .T. ) ;
#3857 = VERTEX_POINT ( 'NONE', #2357 ) ;
#3858 = EDGE_CURVE ( 'NONE', #3749, #2976, #4675, .T. ) ;
#3859 =( NAMED_UNIT ( * ) PLANE_ANGLE_UNIT ( ) SI_UNIT ( $, .RADIAN. ) );
#3860 = UNCERTAINTY_MEASURE_WITH_UNIT (LENGTH_MEASURE( 1.000000000000000082E-05 ), #833, 'distance_accuracy_value', 'NONE');
#3861 = DIRECTION ( 'NONE',  ( -0.0000000000000000000, -0.0000000000000000000, -1.000000000000000000 ) ) ;
#3862 = LINE ( 'NONE', #826, #6699 ) ;
#3863 = LINE ( 'NONE', #248, #6950 ) ;
#3864 = SURFACE_STYLE_FILL_AREA ( #2004 ) ;
#3865 = DIRECTION ( 'NONE',  ( -0.0000000000000000000, -1.000000000000000000, -0.0000000000000000000 ) ) ;
#3866 = EDGE_LOOP ( 'NONE', ( #2481, #6452, #691, #5975 ) ) ;
#3867 = EDGE_LOOP ( 'NONE', ( #5208, #3047, #5014, #397 ) ) ;
#3868 = CARTESIAN_POINT ( 'NONE',  ( 3.850000000000001421, 0.2000000000000000111, -0.8500000000000013101 ) ) ;
#3869 = SURFACE_STYLE_USAGE ( .BOTH. , #5559 ) ;
#3870 = DIRECTION ( 'NONE',  ( -3.883709274574940726E-15, 1.000000000000000000, 0.0000000000000000000 ) ) ;
#3871 = DIRECTION ( 'NONE',  ( 1.000000000000000000, 3.410973126920686698E-15, 0.0000000000000000000 ) ) ;
#3872 = ADVANCED_FACE ( 'NONE', ( #87 ), #4216, .T. ) ;
#3873 = ADVANCED_FACE ( 'NONE', ( #4825 ), #5828, .T. ) ;
#3874 = ORIENTED_EDGE ( 'NONE', *, *, #639, .F. ) ;
#3875 = CARTESIAN_POINT ( 'NONE',  ( 0.2500000000000011657, -2.200000000000000178, 2.649999999999998579 ) ) ;
#3876 = VECTOR ( 'NONE', #5836, 1000.000000000000000 ) ;
#3877 = EDGE_CURVE ( 'NONE', #3692, #4750, #6260, .T. ) ;
#3879 = VECTOR ( 'NONE', #6236, 1000.000000000000000 ) ;
#3878 = DIRECTION ( 'NONE',  ( 0.0000000000000000000, 0.0000000000000000000, -1.000000000000000000 ) ) ;
#3880 = FACE_OUTER_BOUND ( 'NONE', #5781, .T. ) ;
#3881 = ADVANCED_FACE ( 'NONE', ( #6018 ), #6181, .F. ) ;
#3882 = PRESENTATION_STYLE_ASSIGNMENT (( #4422 ) ) ;
#3883 = PRESENTATION_STYLE_ASSIGNMENT (( #1489 ) ) ;
#3884 = VERTEX_POINT ( 'NONE', #2618 ) ;
#3885 = CARTESIAN_POINT ( 'NONE',  ( 0.0000000000000000000, 0.0000000000000000000, 0.0000000000000000000 ) ) ;
#3886 = EDGE_CURVE ( 'NONE', #816, #2473, #916, .T. ) ;
#3887 = LINE ( 'NONE', #6301, #3801 ) ;
#3888 = ORIENTED_EDGE ( 'NONE', *, *, #6397, .F. ) ;
#3889 = ORIENTED_EDGE ( 'NONE', *, *, #7326, .F. ) ;
#3890 = DIRECTION ( 'NONE',  ( 1.000000000000000000, -3.491481338843133355E-15, 0.0000000000000000000 ) ) ;
#3891 = DIRECTION ( 'NONE',  ( 1.000000000000000000, 0.0000000000000000000, -0.0000000000000000000 ) ) ;
#3892 =( NAMED_UNIT ( * ) PLANE_ANGLE_UNIT ( ) SI_UNIT ( $, .RADIAN. ) );
#3893 = ORIENTED_EDGE ( 'NONE', *, *, #341, .F. ) ;
#3894 = LINE ( 'NONE', #6233, #7041 ) ;
#3895 = PLANE ( 'NONE',  #1203 ) ;
#3896 = CARTESIAN_POINT ( 'NONE',  ( -0.3499999999999989231, -2.500000000000000000, 2.549999999999998934 ) ) ;
#3897 = CARTESIAN_POINT ( 'NONE',  ( -4.050000000000004263, -0.8199999999999713074, -0.8500000000000013101 ) ) ;
#3898 = DIRECTION ( 'NONE',  ( 0.0000000000000000000, 1.000000000000000000, -3.097720492815726673E-16 ) ) ;
#3899 = CARTESIAN_POINT ( 'NONE',  ( 2.250000000000001776, -2.200000000000000178, 5.399999999999998579 ) ) ;
#3900 = EDGE_CURVE ( 'NONE', #5883, #1844, #2135, .T. ) ;
#3901 = AXIS2_PLACEMENT_3D ( 'NONE', #415, #2769, #4116 ) ;
#3902 = LINE ( 'NONE', #1545, #1809 ) ;
#3903 = ORIENTED_EDGE ( 'NONE', *, *, #7096, .T. ) ;
#3904 = SURFACE_STYLE_USAGE ( .BOTH. , #1547 ) ;
#3905 = EDGE_LOOP ( 'NONE', ( #1730, #1419, #2039, #5989 ) ) ;
#3906 = FILL_AREA_STYLE ('',( #7525 ) ) ;
#3907 = DIRECTION ( 'NONE',  ( -1.000000000000000000, 0.0000000000000000000, 0.0000000000000000000 ) ) ;
#3908 = CARTESIAN_POINT ( 'NONE',  ( -3.969999999999999751, -0.0000000000000000000, 1.370000000000000107 ) ) ;
#3909 = VECTOR ( 'NONE', #4604, 1000.000000000000000 ) ;
#3910 = STYLED_ITEM ( 'NONE', ( #7423 ), #1385 ) ;
#3911 =( NAMED_UNIT ( * ) PLANE_ANGLE_UNIT ( ) SI_UNIT ( $, .RADIAN. ) );
#3912 = EDGE_LOOP ( 'NONE', ( #490, #1029, #3745, #333 ) ) ;
#3913 =( GEOMETRIC_REPRESENTATION_CONTEXT ( 3 ) GLOBAL_UNCERTAINTY_ASSIGNED_CONTEXT ( ( #311 ) ) GLOBAL_UNIT_ASSIGNED_CONTEXT ( ( #2103, #5205, #447 ) ) REPRESENTATION_CONTEXT ( 'NONE', 'WORKASPACE' ) );
#3914 = CARTESIAN_POINT ( 'NONE',  ( -3.969999999999999751, 0.2000000000000000111, -0.8999999999999999112 ) ) ;
#3915 = CARTESIAN_POINT ( 'NONE',  ( -1.562499999999999112, 1.887500000000000178, 1.000000000000000000 ) ) ;
#3916 = FACE_OUTER_BOUND ( 'NONE', #6326, .T. ) ;
#3917 =( NAMED_UNIT ( * ) SI_UNIT ( $, .STERADIAN. ) SOLID_ANGLE_UNIT ( ) );
#3918 = CARTESIAN_POINT ( 'NONE',  ( 4.050000000000004263, -0.8199999999999996181, -0.8500000000000013101 ) ) ;
#3919 = DIRECTION ( 'NONE',  ( -3.388131789017202342E-16, -0.0000000000000000000, -1.000000000000000000 ) ) ;
#3920 = VECTOR ( 'NONE', #7248, 1000.000000000000000 ) ;
#3921 = EDGE_LOOP ( 'NONE', ( #7424, #456, #6913, #2621 ) ) ;
#3922 = VECTOR ( 'NONE', #148, 1000.000000000000000 ) ;
#3923 = COLOUR_RGB ( '',0.7529411764705882248, 0.7529411764705882248, 0.7529411764705882248 ) ;
#3924 = PLANE ( 'NONE',  #5891 ) ;
#3925 = EDGE_LOOP ( 'NONE', ( #4583, #5079, #1033, #6647 ) ) ;
#3926 = ORIENTED_EDGE ( 'NONE', *, *, #4332, .F. ) ;
#3927 = AXIS2_PLACEMENT_3D ( 'NONE', #6557, #575, #1200 ) ;
#3928 = LINE ( 'NONE', #2703, #5858 ) ;
#3929 = CARTESIAN_POINT ( 'NONE',  ( -0.3499999999999989231, -2.200000000000000178, -1.750000000000000222 ) ) ;
#3930 = AXIS2_PLACEMENT_3D ( 'NONE', #1183, #6298, #2881 ) ;
#3931 =( LENGTH_UNIT ( ) NAMED_UNIT ( * ) SI_UNIT ( .MILLI., .METRE. ) );
#3932 = VECTOR ( 'NONE', #5839, 1000.000000000000000 ) ;
#3933 = ORIENTED_EDGE ( 'NONE', *, *, #681, .F. ) ;
#3934 = ORIENTED_EDGE ( 'NONE', *, *, #3412, .F. ) ;
#3935 = LINE ( 'NONE', #310, #4945 ) ;
#3936 = EDGE_CURVE ( 'NONE', #5448, #3852, #3845, .T. ) ;
#3937 = DIRECTION ( 'NONE',  ( -3.883709274574940726E-15, 1.000000000000000000, 0.0000000000000000000 ) ) ;
#3938 = DIRECTION ( 'NONE',  ( 0.0000000000000000000, 0.0000000000000000000, -1.000000000000000000 ) ) ;
#3939 = COLOUR_RGB ( '',0.2509803921568627416, 0.2509803921568627416, 0.2509803921568627416 ) ;
#3940 = LINE ( 'NONE', #6282, #2472 ) ;
#3941 = DIRECTION ( 'NONE',  ( 0.0000000000000000000, 0.0000000000000000000, -1.000000000000000000 ) ) ;
#3942 = VECTOR ( 'NONE', #4015, 1000.000000000000000 ) ;
#3943 = VERTEX_POINT ( 'NONE', #295 ) ;
#3944 = DIRECTION ( 'NONE',  ( 0.0000000000000000000, 0.0000000000000000000, -1.000000000000000000 ) ) ;
#3945 = SURFACE_STYLE_USAGE ( .BOTH. , #2208 ) ;
#3946 = UNCERTAINTY_MEASURE_WITH_UNIT (LENGTH_MEASURE( 1.000000000000000082E-05 ), #2498, 'distance_accuracy_value', 'NONE');
#3947 = DIRECTION ( 'NONE',  ( 1.000000000000000000, 0.0000000000000000000, 0.0000000000000000000 ) ) ;
#3948 = CARTESIAN_POINT ( 'NONE',  ( 2.750000000000001332, -2.200000000000000178, 2.649999999999998579 ) ) ;
#3949 = PRESENTATION_LAYER_ASSIGNMENT (  '', '', ( #6905 ) ) ;
#3950 = DIRECTION ( 'NONE',  ( 0.0000000000000000000, 1.000000000000000000, 0.0000000000000000000 ) ) ;
#3951 = ORIENTED_EDGE ( 'NONE', *, *, #968, .T. ) ;
#3952 = CARTESIAN_POINT ( 'NONE',  ( -3.049999999999999822, 0.2000000000000000111, 1.750000000000000222 ) ) ;
#3953 = EDGE_CURVE ( 'NONE', #6549, #3668, #5295, .T. ) ;
#3954 = DIRECTION ( 'NONE',  ( 0.0000000000000000000, 0.0000000000000000000, 1.000000000000000000 ) ) ;
#3955 = DIRECTION ( 'NONE',  ( 0.0000000000000000000, 0.0000000000000000000, -1.000000000000000000 ) ) ;
#3956 = LINE ( 'NONE', #4536, #4547 ) ;
#3957 = CARTESIAN_POINT ( 'NONE',  ( -2.149999999999999023, -2.500000000000000000, -2.250000000000000888 ) ) ;
#3958 = DIRECTION ( 'NONE',  ( -1.182766006347823109E-16, -0.0000000000000000000, -1.000000000000000000 ) ) ;
#3959 = ORIENTED_EDGE ( 'NONE', *, *, #5790, .T. ) ;
#3960 = PLANE ( 'NONE',  #2697 ) ;
#3961 = VERTEX_POINT ( 'NONE', #331 ) ;
#3962 = VERTEX_POINT ( 'NONE', #5532 ) ;
#3963 = PRESENTATION_LAYER_ASSIGNMENT (  '', '', ( #4461 ) ) ;
#3964 = FACE_OUTER_BOUND ( 'NONE', #4316, .T. ) ;
#3965 = LINE ( 'NONE', #340, #2560 ) ;
#3966 = UNCERTAINTY_MEASURE_WITH_UNIT (LENGTH_MEASURE( 1.000000000000000082E-05 ), #3171, 'distance_accuracy_value', 'NONE');
#3967 = DIRECTION ( 'NONE',  ( 1.807003620809174139E-16, 0.0000000000000000000, 1.000000000000000000 ) ) ;
#3968 = MECHANICAL_DESIGN_GEOMETRIC_PRESENTATION_REPRESENTATION (  '', ( #6675 ), #4842 ) ;
#3969 =( NAMED_UNIT ( * ) PLANE_ANGLE_UNIT ( ) SI_UNIT ( $, .RADIAN. ) );
#3970 = ORIENTED_EDGE ( 'NONE', *, *, #315, .T. ) ;
#3971 = ORIENTED_EDGE ( 'NONE', *, *, #733, .T. ) ;
#3972 = EDGE_CURVE ( 'NONE', #2935, #45, #1445, .T. ) ;
#3973 = FACE_OUTER_BOUND ( 'NONE', #5142, .T. ) ;
#3974 = FILL_AREA_STYLE ('',( #4554 ) ) ;
#3975 = CARTESIAN_POINT ( 'NONE',  ( 3.850000000000001421, 9.486769009248163798E-17, 0.8499999999999989786 ) ) ;
#3976 = DIRECTION ( 'NONE',  ( 0.0000000000000000000, 0.0000000000000000000, 1.000000000000000000 ) ) ;
#3977 =( NAMED_UNIT ( * ) SI_UNIT ( $, .STERADIAN. ) SOLID_ANGLE_UNIT ( ) );
#3978 = DIRECTION ( 'NONE',  ( 0.0000000000000000000, -1.000000000000000000, 0.0000000000000000000 ) ) ;
#3979 = FACE_OUTER_BOUND ( 'NONE', #3308, .T. ) ;
#3980 = PRESENTATION_STYLE_ASSIGNMENT (( #3570 ) ) ;
#3981 = ORIENTED_EDGE ( 'NONE', *, *, #1552, .T. ) ;
#3982 = CARTESIAN_POINT ( 'NONE',  ( -2.249999999999999112, -2.200000000000000178, 2.649999999999998579 ) ) ;
#3983 = ORIENTED_EDGE ( 'NONE', *, *, #4204, .T. ) ;
#3984 = DIRECTION ( 'NONE',  ( 1.000000000000000000, -0.0000000000000000000, -0.0000000000000000000 ) ) ;
#3985 = CARTESIAN_POINT ( 'NONE',  ( -4.249999999999999112, 0.2000000000000000111, 1.749999999999999334 ) ) ;
#3986 = CARTESIAN_POINT ( 'NONE',  ( -3.969999999999999751, 0.2000000000000000111, 0.8999999999999994671 ) ) ;
#3987 = COLOUR_RGB ( '',0.7529411764705882248, 0.7529411764705882248, 0.7529411764705882248 ) ;
#3988 = EDGE_LOOP ( 'NONE', ( #1001, #6302, #1866, #2389 ) ) ;
#3989 = CARTESIAN_POINT ( 'NONE',  ( -0.6124999999999996003, 2.612499999999999378, -1.000000000000000222 ) ) ;
#3990 = DIRECTION ( 'NONE',  ( -1.000000000000000000, -0.0000000000000000000, -0.0000000000000000000 ) ) ;
#3991 = DIRECTION ( 'NONE',  ( 0.0000000000000000000, 0.0000000000000000000, 1.000000000000000000 ) ) ;
#3992 = DIRECTION ( 'NONE',  ( 1.000000000000000000, 3.410973126920686698E-15, 0.0000000000000000000 ) ) ;
#3993 = STYLED_ITEM ( 'NONE', ( #4628 ), #122 ) ;
#3994 = ORIENTED_EDGE ( 'NONE', *, *, #4598, .T. ) ;
#3995 = EDGE_CURVE ( 'NONE', #412, #4541, #4498, .T. ) ;
#3996 = EDGE_CURVE ( 'NONE', #2155, #5959, #4969, .T. ) ;
#3997 = SURFACE_STYLE_USAGE ( .BOTH. , #3318 ) ;
#3998 = ORIENTED_EDGE ( 'NONE', *, *, #4946, .T. ) ;
#3999 = EDGE_LOOP ( 'NONE', ( #1492, #7154, #1186, #6685 ) ) ;
#4000 = VECTOR ( 'NONE', #6582, 1000.000000000000000 ) ;
#4001 = ORIENTED_EDGE ( 'NONE', *, *, #3832, .T. ) ;
#4002 =( NAMED_UNIT ( * ) SI_UNIT ( $, .STERADIAN. ) SOLID_ANGLE_UNIT ( ) );
#4003 = CARTESIAN_POINT ( 'NONE',  ( -0.4375000000000000555, 1.887500000000000178, -1.000000000000000222 ) ) ;
#4004 =( LENGTH_UNIT ( ) NAMED_UNIT ( * ) SI_UNIT ( .MILLI., .METRE. ) );
#4005 = VECTOR ( 'NONE', #982, 1000.000000000000000 ) ;
#4006 = AXIS2_PLACEMENT_3D ( 'NONE', #7461, #5731, #444 ) ;
#4007 = SURFACE_STYLE_FILL_AREA ( #2226 ) ;
#4008 = ORIENTED_EDGE ( 'NONE', *, *, #5871, .F. ) ;
#4009 = ORIENTED_EDGE ( 'NONE', *, *, #1059, .F. ) ;
#4010 = UNCERTAINTY_MEASURE_WITH_UNIT (LENGTH_MEASURE( 1.000000000000000082E-05 ), #5716, 'distance_accuracy_value', 'NONE');
#4011 = VECTOR ( 'NONE', #3713, 1000.000000000000000 ) ;
#4012 = CARTESIAN_POINT ( 'NONE',  ( -1.449999999999999289, 2.000000000000000000, -2.250000000000000888 ) ) ;
#4013 = LINE ( 'NONE', #3079, #7089 ) ;
#4014 = CARTESIAN_POINT ( 'NONE',  ( -4.250000000000000888, -0.09999999999999913125, 0.8499999999999994227 ) ) ;
#4015 = DIRECTION ( 'NONE',  ( 2.032879073410321307E-16, -0.0000000000000000000, 1.000000000000000000 ) ) ;
#4016 = LINE ( 'NONE', #1087, #1379 ) ;
#4017 = STYLED_ITEM ( 'NONE', ( #5119 ), #3064 ) ;
#4018 = CARTESIAN_POINT ( 'NONE',  ( -3.049999999999999822, 0.2000000000000000111, -1.750000000000000666 ) ) ;
#4019 = DIRECTION ( 'NONE',  ( 0.0000000000000000000, 0.0000000000000000000, -1.000000000000000000 ) ) ;
#4020 = VERTEX_POINT ( 'NONE', #7393 ) ;
#4021 = CARTESIAN_POINT ( 'NONE',  ( -2.250000000000000000, 0.0000000000000000000, 1.149999999999999911 ) ) ;
#4022 = SURFACE_STYLE_USAGE ( .BOTH. , #1627 ) ;
#4023 = UNCERTAINTY_MEASURE_WITH_UNIT (LENGTH_MEASURE( 1.000000000000000082E-05 ), #3316, 'distance_accuracy_value', 'NONE');
#4024 = SURFACE_SIDE_STYLE ('',( #7044 ) ) ;
#4025 = ADVANCED_FACE ( 'NONE', ( #3880 ), #7317, .F. ) ;
#4026 = EDGE_CURVE ( 'NONE', #2202, #3014, #2053, .T. ) ;
#4027 = EDGE_CURVE ( 'NONE', #6848, #7458, #4463, .T. ) ;
#4028 = CARTESIAN_POINT ( 'NONE',  ( -4.249999999999999112, -3.299999999999999822, -1.749999999999999778 ) ) ;
#4029 = ORIENTED_EDGE ( 'NONE', *, *, #4849, .T. ) ;
#4030 = DIRECTION ( 'NONE',  ( -0.0000000000000000000, -1.000000000000000000, -0.0000000000000000000 ) ) ;
#4031 = CARTESIAN_POINT ( 'NONE',  ( -1.224999999999999201, 2.000000000000000000, -2.250000000000000888 ) ) ;
#4032 = EDGE_CURVE ( 'NONE', #3508, #3478, #6218, .T. ) ;
#4033 = LINE ( 'NONE', #4576, #6134 ) ;
#4034 = DIRECTION ( 'NONE',  ( 3.614007241618348376E-15, -1.000000000000000000, -0.0000000000000000000 ) ) ;
#4035 = EDGE_LOOP ( 'NONE', ( #5094, #403, #6086, #987 ) ) ;
#4036 = CARTESIAN_POINT ( 'NONE',  ( -0.7249999999999995337, 1.275000000000000577, -1.000000000000000222 ) ) ;
#4037 = VECTOR ( 'NONE', #790, 1000.000000000000000 ) ;
#4038 = ORIENTED_EDGE ( 'NONE', *, *, #5171, .T. ) ;
#4039 = VERTEX_POINT ( 'NONE', #3311 ) ;
#4040 =( NAMED_UNIT ( * ) SI_UNIT ( $, .STERADIAN. ) SOLID_ANGLE_UNIT ( ) );
#4041 = VECTOR ( 'NONE', #3009, 1000.000000000000000 ) ;
#4042 = DIRECTION ( 'NONE',  ( -1.000000000000000000, -0.0000000000000000000, -0.0000000000000000000 ) ) ;
#4043 = VECTOR ( 'NONE', #3731, 1000.000000000000000 ) ;
#4044 = EDGE_CURVE ( 'NONE', #1573, #3263, #7435, .T. ) ;
#4045 = CARTESIAN_POINT ( 'NONE',  ( -3.049999999999999822, 0.2000000000000000111, -1.370000000000000551 ) ) ;
#4046 = UNCERTAINTY_MEASURE_WITH_UNIT (LENGTH_MEASURE( 1.000000000000000082E-05 ), #2683, 'distance_accuracy_value', 'NONE');
#4047 = AXIS2_PLACEMENT_3D ( 'NONE', #793, #4908, #2636 ) ;
#4048 = EDGE_LOOP ( 'NONE', ( #6446, #6989, #1501, #6292, #6064, #112 ) ) ;
#4049 = ORIENTED_EDGE ( 'NONE', *, *, #5841, .T. ) ;
#4050 =( NAMED_UNIT ( * ) SI_UNIT ( $, .STERADIAN. ) SOLID_ANGLE_UNIT ( ) );
#4051 = VECTOR ( 'NONE', #60, 1000.000000000000000 ) ;
#4052 = SURFACE_STYLE_USAGE ( .BOTH. , #2191 ) ;
#4053 =( LENGTH_UNIT ( ) NAMED_UNIT ( * ) SI_UNIT ( .MILLI., .METRE. ) );
#4054 = DIRECTION ( 'NONE',  ( 0.0000000000000000000, -0.0000000000000000000, -1.000000000000000000 ) ) ;
#4055 =( NAMED_UNIT ( * ) SI_UNIT ( $, .STERADIAN. ) SOLID_ANGLE_UNIT ( ) );
#4056 = VECTOR ( 'NONE', #5691, 1000.000000000000000 ) ;
#4057 = VECTOR ( 'NONE', #3733, 1000.000000000000000 ) ;
#4058 = DIRECTION ( 'NONE',  ( 0.0000000000000000000, -0.0000000000000000000, 1.000000000000000000 ) ) ;
#4059 = CARTESIAN_POINT ( 'NONE',  ( -4.250000000000003553, -0.8199999999999707523, -0.8500000000000013101 ) ) ;
#4060 = ORIENTED_EDGE ( 'NONE', *, *, #4282, .T. ) ;
#4061 = PRESENTATION_LAYER_ASSIGNMENT (  '', '', ( #865 ) ) ;
#4062 = SURFACE_SIDE_STYLE ('',( #2204 ) ) ;
#4063 = ORIENTED_EDGE ( 'NONE', *, *, #4979, .T. ) ;
#4064 = CARTESIAN_POINT ( 'NONE',  ( 4.250000000000000888, -3.299999999999999822, 1.499999999999998890 ) ) ;
#4065 = CARTESIAN_POINT ( 'NONE',  ( -0.6624999999999998668, 1.887500000000000178, 1.000000000000000000 ) ) ;
#4066 = DIRECTION ( 'NONE',  ( 0.0000000000000000000, -0.0000000000000000000, -1.000000000000000000 ) ) ;
#4067 = FILL_AREA_STYLE_COLOUR ( '', #483 ) ;
#4068 = MECHANICAL_DESIGN_GEOMETRIC_PRESENTATION_REPRESENTATION (  '', ( #1110 ), #488 ) ;
#4069 = UNCERTAINTY_MEASURE_WITH_UNIT (LENGTH_MEASURE( 1.000000000000000082E-05 ), #5573, 'distance_accuracy_value', 'NONE');
#4070 = CLOSED_SHELL ( 'NONE', ( #935, #6811, #6901, #5256, #2179, #2199 ) ) ;
#4072 = EDGE_CURVE ( 'NONE', #4520, #2593, #7011, .T. ) ;
#4071 = VERTEX_POINT ( 'NONE', #7579 ) ;
#4073 = LINE ( 'NONE', #1748, #6220 ) ;
#4074 = PLANE ( 'NONE',  #5646 ) ;
#4075 =( NAMED_UNIT ( * ) PLANE_ANGLE_UNIT ( ) SI_UNIT ( $, .RADIAN. ) );
#4076 = DIRECTION ( 'NONE',  ( -0.0000000000000000000, -1.000000000000000000, -0.0000000000000000000 ) ) ;
#4077 = ORIENTED_EDGE ( 'NONE', *, *, #1622, .T. ) ;
#4078 = DIRECTION ( 'NONE',  ( 1.000000000000000000, 3.410973126920686698E-15, 0.0000000000000000000 ) ) ;
#4079 = MECHANICAL_DESIGN_GEOMETRIC_PRESENTATION_REPRESENTATION (  '', ( #1257 ), #502 ) ;
#4080 = SURFACE_STYLE_USAGE ( .BOTH. , #5969 ) ;
#4081 = ORIENTED_EDGE ( 'NONE', *, *, #3850, .F. ) ;
#4082 = ORIENTED_EDGE ( 'NONE', *, *, #2090, .F. ) ;
#4083 = DIRECTION ( 'NONE',  ( 1.000000000000000000, 3.433306879537431628E-15, 0.0000000000000000000 ) ) ;
#4084 = AXIS2_PLACEMENT_3D ( 'NONE', #1443, #1316, #3809 ) ;
#4085 = LINE ( 'NONE', #43, #1448 ) ;
#4086 = CARTESIAN_POINT ( 'NONE',  ( 2.500000000000000000, -2.500000000000000000, 0.0000000000000000000 ) ) ;
#4087 = ORIENTED_EDGE ( 'NONE', *, *, #7213, .F. ) ;
#4088 = PRESENTATION_LAYER_ASSIGNMENT (  '', '', ( #6772 ) ) ;
#4089 = CARTESIAN_POINT ( 'NONE',  ( 4.050000000000007816, -1.780000000000000693, 0.0000000000000000000 ) ) ;
#4090 = EDGE_CURVE ( 'NONE', #1898, #2806, #5199, .T. ) ;
#4091 = ORIENTED_EDGE ( 'NONE', *, *, #639, .T. ) ;
#4092 = ORIENTED_EDGE ( 'NONE', *, *, #4684, .F. ) ;
#4093 = VECTOR ( 'NONE', #3984, 1000.000000000000000 ) ;
#4094 = DIRECTION ( 'NONE',  ( -1.000000000000000000, 0.0000000000000000000, 3.388131789017201849E-16 ) ) ;
#4095 = DIRECTION ( 'NONE',  ( -0.0000000000000000000, -1.000000000000000000, -0.0000000000000000000 ) ) ;
#4096 = SURFACE_SIDE_STYLE ('',( #662 ) ) ;
#4097 = COLOUR_RGB ( '',0.7529411764705882248, 0.7529411764705882248, 0.7529411764705882248 ) ;
#4098 = SURFACE_STYLE_FILL_AREA ( #5139 ) ;
#4099 = LINE ( 'NONE', #7070, #2615 ) ;
#4100 = UNCERTAINTY_MEASURE_WITH_UNIT (LENGTH_MEASURE( 1.000000000000000082E-05 ), #2933, 'distance_accuracy_value', 'NONE');
#4101 = EDGE_CURVE ( 'NONE', #5262, #3406, #6888, .T. ) ;
#4102 = AXIS2_PLACEMENT_3D ( 'NONE', #5393, #120, #7251 ) ;
#4103 = DIRECTION ( 'NONE',  ( 0.0000000000000000000, 0.0000000000000000000, -1.000000000000000000 ) ) ;
#4104 = VERTEX_POINT ( 'NONE', #1141 ) ;
#4105 = CARTESIAN_POINT ( 'NONE',  ( -0.6624999999999998668, 1.887500000000000178, -2.250000000000000888 ) ) ;
#4106 = ORIENTED_EDGE ( 'NONE', *, *, #2375, .T. ) ;
#4107 = CARTESIAN_POINT ( 'NONE',  ( -4.250000000000007105, -1.779999999999971161, 1.729999999999998872 ) ) ;
#4108 = PLANE ( 'NONE',  #548 ) ;
#4109 = LINE ( 'NONE', #2917, #1288 ) ;
#4110 = CARTESIAN_POINT ( 'NONE',  ( 0.0000000000000000000, 0.0000000000000000000, 1.000000000000000000 ) ) ;
#4111 = FILL_AREA_STYLE_COLOUR ( '', #7501 ) ;
#4112 = VECTOR ( 'NONE', #3919, 1000.000000000000000 ) ;
#4113 = UNCERTAINTY_MEASURE_WITH_UNIT (LENGTH_MEASURE( 1.000000000000000082E-05 ), #4933, 'distance_accuracy_value', 'NONE');
#4114 = SURFACE_STYLE_USAGE ( .BOTH. , #7615 ) ;
#4115 = ORIENTED_EDGE ( 'NONE', *, *, #3656, .T. ) ;
#4116 = DIRECTION ( 'NONE',  ( 0.0000000000000000000, -0.0000000000000000000, 1.000000000000000000 ) ) ;
#4117 = SURFACE_SIDE_STYLE ('',( #7051 ) ) ;
#4118 = EDGE_CURVE ( 'NONE', #3728, #5814, #4033, .T. ) ;
#4119 = PRESENTATION_STYLE_ASSIGNMENT (( #1751 ) ) ;
#4120 = PLANE ( 'NONE',  #4456 ) ;
#4121 = ORIENTED_EDGE ( 'NONE', *, *, #784, .F. ) ;
#4122 = DIRECTION ( 'NONE',  ( -0.0000000000000000000, -0.0000000000000000000, -1.000000000000000000 ) ) ;
#4123 = EDGE_CURVE ( 'NONE', #1675, #4243, #3500, .T. ) ;
#4124 =( GEOMETRIC_REPRESENTATION_CONTEXT ( 3 ) GLOBAL_UNCERTAINTY_ASSIGNED_CONTEXT ( ( #2266 ) ) GLOBAL_UNIT_ASSIGNED_CONTEXT ( ( #591, #4192, #6601 ) ) REPRESENTATION_CONTEXT ( 'NONE', 'WORKASPACE' ) );
#4125 = DIRECTION ( 'NONE',  ( 0.7071067811865470176, 0.0000000000000000000, -0.7071067811865481278 ) ) ;
#4126 = ORIENTED_EDGE ( 'NONE', *, *, #2301, .F. ) ;
#4127 = EDGE_CURVE ( 'NONE', #3778, #6380, #3956, .T. ) ;
#4128 = ORIENTED_EDGE ( 'NONE', *, *, #3321, .F. ) ;
#4129 = CARTESIAN_POINT ( 'NONE',  ( 2.850000000000000977, -2.200000000000000178, 2.549999999999998934 ) ) ;
#4130 = ADVANCED_FACE ( 'NONE', ( #5732 ), #520, .F. ) ;
#4131 = CARTESIAN_POINT ( 'NONE',  ( 4.249999999999997335, 0.2000000000000000111, -1.749999999999999778 ) ) ;
#4132 = EDGE_LOOP ( 'NONE', ( #609, #1773, #5527, #7103 ) ) ;
#4133 = LINE ( 'NONE', #1239, #7184 ) ;
#4134 = EDGE_CURVE ( 'NONE', #6617, #2163, #2341, .T. ) ;
#4135 = EDGE_LOOP ( 'NONE', ( #5434, #2139, #4081, #4001 ) ) ;
#4136 = ORIENTED_EDGE ( 'NONE', *, *, #3709, .T. ) ;
#4137 = DIRECTION ( 'NONE',  ( 0.0000000000000000000, 1.000000000000000000, 0.0000000000000000000 ) ) ;
#4138 = FILL_AREA_STYLE ('',( #6517 ) ) ;
#4139 = SURFACE_SIDE_STYLE ('',( #3483 ) ) ;
#4140 = FACE_OUTER_BOUND ( 'NONE', #2865, .T. ) ;
#4141 = VECTOR ( 'NONE', #3197, 999.9999999999998863 ) ;
#4142 = FACE_OUTER_BOUND ( 'NONE', #3298, .T. ) ;
#4143 = ORIENTED_EDGE ( 'NONE', *, *, #2875, .T. ) ;
#4144 = PRESENTATION_LAYER_ASSIGNMENT (  '', '', ( #6211 ) ) ;
#4145 = EDGE_LOOP ( 'NONE', ( #2104, #6071, #3110, #2140 ) ) ;
#4146 = FILL_AREA_STYLE_COLOUR ( '', #6629 ) ;
#4147 = VERTEX_POINT ( 'NONE', #2295 ) ;
#4148 = FILL_AREA_STYLE_COLOUR ( '', #2065 ) ;
#4149 = CARTESIAN_POINT ( 'NONE',  ( 2.299999999999999822, 0.2000000000000000111, -1.199999999999999956 ) ) ;
#4150 = EDGE_CURVE ( 'NONE', #5931, #4104, #6925, .T. ) ;
#4151 = FILL_AREA_STYLE_COLOUR ( '', #4434 ) ;
#4152 = LINE ( 'NONE', #3496, #3932 ) ;
#4153 = ADVANCED_FACE ( 'NONE', ( #5804 ), #4074, .T. ) ;
#4154 = SURFACE_STYLE_USAGE ( .BOTH. , #5882 ) ;
#4155 = EDGE_LOOP ( 'NONE', ( #5698, #6224, #6189, #561 ) ) ;
#4156 = DIRECTION ( 'NONE',  ( 0.0000000000000000000, 0.0000000000000000000, 1.000000000000000000 ) ) ;
#4157 = DIRECTION ( 'NONE',  ( 0.0000000000000000000, -1.000000000000000000, -6.123233995736766036E-17 ) ) ;
#4158 = DIRECTION ( 'NONE',  ( 0.0000000000000000000, 0.0000000000000000000, 1.000000000000000000 ) ) ;
#4159 = LINE ( 'NONE', #1673, #5296 ) ;
#4160 = PLANE ( 'NONE',  #5557 ) ;
#4161 = PLANE ( 'NONE',  #2314 ) ;
#4162 = PLANE ( 'NONE',  #6011 ) ;
#4163 = VECTOR ( 'NONE', #3806, 1000.000000000000000 ) ;
#4164 = ORIENTED_EDGE ( 'NONE', *, *, #5454, .F. ) ;
#4165 = PRESENTATION_LAYER_ASSIGNMENT (  '', '', ( #6735 ) ) ;
#4166 = PRESENTATION_STYLE_ASSIGNMENT (( #5898 ) ) ;
#4167 = CARTESIAN_POINT ( 'NONE',  ( 3.969999999999999751, 0.2000000000000000111, 0.8999999999999994671 ) ) ;
#4168 = ORIENTED_EDGE ( 'NONE', *, *, #871, .T. ) ;
#4169 = PLANE ( 'NONE',  #1137 ) ;
#4170 = VECTOR ( 'NONE', #2749, 1000.000000000000000 ) ;
#4171 = ORIENTED_EDGE ( 'NONE', *, *, #2424, .T. ) ;
#4172 = ORIENTED_EDGE ( 'NONE', *, *, #7442, .T. ) ;
#4173 = STYLED_ITEM ( 'NONE', ( #1741 ), #1408 ) ;
#4174 = EDGE_CURVE ( 'NONE', #1700, #522, #5274, .T. ) ;
#4175 = COLOUR_RGB ( '',0.7529411764705882248, 0.7529411764705882248, 0.7529411764705882248 ) ;
#4176 =( NAMED_UNIT ( * ) PLANE_ANGLE_UNIT ( ) SI_UNIT ( $, .RADIAN. ) );
#4177 = STYLED_ITEM ( 'NONE', ( #7507 ), #5622 ) ;
#4178 = LINE ( 'NONE', #127, #3697 ) ;
#4179 = AXIS2_PLACEMENT_3D ( 'NONE', #3215, #6163, #3099 ) ;
#4180 = LINE ( 'NONE', #663, #5425 ) ;
#4181 = VECTOR ( 'NONE', #2151, 999.9999999999998863 ) ;
#4182 = CARTESIAN_POINT ( 'NONE',  ( 2.999999999999998668, 0.0000000000000000000, -1.700000000000000622 ) ) ;
#4183 = CIRCLE ( 'NONE', #110, 0.1000000000000002554 ) ;
#4184 = ADVANCED_FACE ( 'NONE', ( #1637 ), #1067, .F. ) ;
#4185 = ORIENTED_EDGE ( 'NONE', *, *, #7315, .T. ) ;
#4186 = FILL_AREA_STYLE_COLOUR ( '', #5029 ) ;
#4187 = EDGE_LOOP ( 'NONE', ( #1979, #2842, #1531, #5951 ) ) ;
#4188 =( LENGTH_UNIT ( ) NAMED_UNIT ( * ) SI_UNIT ( .MILLI., .METRE. ) );
#4189 = AXIS2_PLACEMENT_3D ( 'NONE', #5572, #743, #3357 ) ;
#4190 = CARTESIAN_POINT ( 'NONE',  ( 3.049999999999998934, 0.2000000000000000111, 1.750000000000000222 ) ) ;
#4191 = DIRECTION ( 'NONE',  ( 0.0000000000000000000, -0.0000000000000000000, 1.000000000000000000 ) ) ;
#4192 =( NAMED_UNIT ( * ) PLANE_ANGLE_UNIT ( ) SI_UNIT ( $, .RADIAN. ) );
#4193 = ORIENTED_EDGE ( 'NONE', *, *, #6724, .F. ) ;
#4194 = LINE ( 'NONE', #1258, #3447 ) ;
#4195 = EDGE_CURVE ( 'NONE', #626, #2817, #1225, .T. ) ;
#4196 = COLOUR_RGB ( '',0.7529411764705882248, 0.7529411764705882248, 0.7529411764705882248 ) ;
#4197 = PLANE ( 'NONE',  #330 ) ;
#4198 = VERTEX_POINT ( 'NONE', #69 ) ;
#4199 = DIRECTION ( 'NONE',  ( -0.0000000000000000000, -1.000000000000000000, -0.0000000000000000000 ) ) ;
#4200 = DIRECTION ( 'NONE',  ( -0.7071067811865477948, -0.7071067811865473507, 0.0000000000000000000 ) ) ;
#4201 = AXIS2_PLACEMENT_3D ( 'NONE', #5663, #6818, #2027 ) ;
#4202 = DIRECTION ( 'NONE',  ( 0.0000000000000000000, -0.0000000000000000000, -1.000000000000000000 ) ) ;
#4203 = FACE_OUTER_BOUND ( 'NONE', #3912, .T. ) ;
#4204 = EDGE_CURVE ( 'NONE', #570, #2223, #6496, .T. ) ;
#4205 = DIRECTION ( 'NONE',  ( 0.0000000000000000000, 0.0000000000000000000, -1.000000000000000000 ) ) ;
#4206 = ORIENTED_EDGE ( 'NONE', *, *, #4898, .T. ) ;
#4207 = DIRECTION ( 'NONE',  ( 0.0000000000000000000, 0.0000000000000000000, -1.000000000000000000 ) ) ;
#4208 = DIRECTION ( 'NONE',  ( 0.7071067811865472397, -0.7071067811865479058, 0.0000000000000000000 ) ) ;
#4209 = CARTESIAN_POINT ( 'NONE',  ( 2.999999999999998668, 0.2000000000000000111, -1.700000000000000622 ) ) ;
#4210 = DIRECTION ( 'NONE',  ( 0.0000000000000000000, -1.000000000000000000, 0.0000000000000000000 ) ) ;
#4211 = ORIENTED_EDGE ( 'NONE', *, *, #4838, .T. ) ;
#4212 = LINE ( 'NONE', #6976, #5825 ) ;
#4213 = EDGE_LOOP ( 'NONE', ( #6178, #7533, #2952, #4815 ) ) ;
#4214 = ORIENTED_EDGE ( 'NONE', *, *, #3082, .F. ) ;
#4215 = AXIS2_PLACEMENT_3D ( 'NONE', #1612, #4094, #5824 ) ;
#4216 = PLANE ( 'NONE',  #3327 ) ;
#4217 = FACE_OUTER_BOUND ( 'NONE', #3364, .T. ) ;
#4218 = ADVANCED_FACE ( 'NONE', ( #3583 ), #5347, .F. ) ;
#4219 = ORIENTED_EDGE ( 'NONE', *, *, #2010, .T. ) ;
#4220 = VERTEX_POINT ( 'NONE', #3001 ) ;
#4221 = PRESENTATION_LAYER_ASSIGNMENT (  '', '', ( #891 ) ) ;
#4222 = DIRECTION ( 'NONE',  ( 1.000000000000000000, -0.0000000000000000000, 0.0000000000000000000 ) ) ;
#4223 = ADVANCED_FACE ( 'NONE', ( #2415 ), #5170, .F. ) ;
#4224 = CARTESIAN_POINT ( 'NONE',  ( 2.999999999999998668, 0.0000000000000000000, 1.319999999999999840 ) ) ;
#4225 = PRESENTATION_STYLE_ASSIGNMENT (( #96 ) ) ;
#4226 = CARTESIAN_POINT ( 'NONE',  ( -4.250000000000003553, -0.8199999999999711964, 1.729999999999998872 ) ) ;
#4227 = ORIENTED_EDGE ( 'NONE', *, *, #6869, .F. ) ;
#4228 = FILL_AREA_STYLE ('',( #7160 ) ) ;
#4229 = EDGE_LOOP ( 'NONE', ( #3705, #3596, #2970, #5455, #1351, #4829, #6932, #4561, #5059, #6248 ) ) ;
#4230 = DIRECTION ( 'NONE',  ( 1.000000000000000000, 0.0000000000000000000, 0.0000000000000000000 ) ) ;
#4231 = CARTESIAN_POINT ( 'NONE',  ( -4.050000000000001599, -0.09999999999999982514, -0.8499999999999998668 ) ) ;
#4232 = SURFACE_SIDE_STYLE ('',( #2573 ) ) ;
#4233 = DIRECTION ( 'NONE',  ( -0.0000000000000000000, -1.000000000000000000, -0.0000000000000000000 ) ) ;
#4234 = CARTESIAN_POINT ( 'NONE',  ( 4.250000000000007105, -1.780000000000000027, -1.730000000000000870 ) ) ;
#4235 = EDGE_LOOP ( 'NONE', ( #6414, #566, #2442, #3075 ) ) ;
#4236 = LINE ( 'NONE', #4314, #5761 ) ;
#4237 = DIRECTION ( 'NONE',  ( 0.0000000000000000000, -0.0000000000000000000, -1.000000000000000000 ) ) ;
#4238 = ADVANCED_FACE ( 'NONE', ( #6896 ), #7441, .T. ) ;
#4239 = VERTEX_POINT ( 'NONE', #5131 ) ;
#4240 = STYLED_ITEM ( 'NONE', ( #4565 ), #2179 ) ;
#4241 = DIRECTION ( 'NONE',  ( -1.000000000000000000, 3.410973126920686698E-15, 0.0000000000000000000 ) ) ;
#4242 = EDGE_CURVE ( 'NONE', #2846, #83, #7362, .T. ) ;
#4243 = VERTEX_POINT ( 'NONE', #7469 ) ;
#4244 = VERTEX_POINT ( 'NONE', #4003 ) ;
#4245 = SURFACE_STYLE_FILL_AREA ( #5568 ) ;
#4246 = STYLED_ITEM ( 'NONE', ( #4639 ), #2488 ) ;
#4247 = FILL_AREA_STYLE ('',( #2552 ) ) ;
#4248 = CARTESIAN_POINT ( 'NONE',  ( -3.049999999999999822, 0.2000000000000000111, -1.750000000000000666 ) ) ;
#4249 = CARTESIAN_POINT ( 'NONE',  ( 4.050000000000007816, -1.780000000000000693, 0.6697014260101288308 ) ) ;
#4250 = CARTESIAN_POINT ( 'NONE',  ( 4.249999999999997335, 0.2000000000000000111, 0.8999999999999994671 ) ) ;
#4251 = COLOUR_RGB ( '',0.7529411764705882248, 0.7529411764705882248, 0.7529411764705882248 ) ;
#4252 = FACE_OUTER_BOUND ( 'NONE', #6871, .T. ) ;
#4253 = VERTEX_POINT ( 'NONE', #1038 ) ;
#4254 = EDGE_LOOP ( 'NONE', ( #1756, #650, #5771, #2354 ) ) ;
#4255 = PLANE ( 'NONE',  #7247 ) ;
#4256 = LINE ( 'NONE', #1889, #5289 ) ;
#4257 =( NAMED_UNIT ( * ) SI_UNIT ( $, .STERADIAN. ) SOLID_ANGLE_UNIT ( ) );
#4258 = DIRECTION ( 'NONE',  ( -1.000000000000000000, -0.0000000000000000000, -0.0000000000000000000 ) ) ;
#4259 = STYLED_ITEM ( 'NONE', ( #1213 ), #3572 ) ;
#4260 = VERTEX_POINT ( 'NONE', #342 ) ;
#4261 = SURFACE_SIDE_STYLE ('',( #3107 ) ) ;
#4262 = ORIENTED_EDGE ( 'NONE', *, *, #7105, .F. ) ;
#4263 = DIRECTION ( 'NONE',  ( 0.7071067811865469066, -0.7071067811865482389, 0.0000000000000000000 ) ) ;
#4264 = DIRECTION ( 'NONE',  ( 0.0000000000000000000, 0.0000000000000000000, -1.000000000000000000 ) ) ;
#4265 = VECTOR ( 'NONE', #785, 1000.000000000000114 ) ;
#4266 = ADVANCED_FACE ( 'NONE', ( #1497 ), #5741, .F. ) ;
#4267 = ADVANCED_FACE ( 'NONE', ( #2812 ), #4590, .F. ) ;
#4268 =( NAMED_UNIT ( * ) SI_UNIT ( $, .STERADIAN. ) SOLID_ANGLE_UNIT ( ) );
#4269 = EDGE_CURVE ( 'NONE', #1365, #4859, #6464, .T. ) ;
#4270 = EDGE_CURVE ( 'NONE', #1139, #4551, #7060, .T. ) ;
#4271 = ORIENTED_EDGE ( 'NONE', *, *, #2119, .T. ) ;
#4272 = CARTESIAN_POINT ( 'NONE',  ( 2.850000000000000977, -2.200000000000000178, 1.749999999999998890 ) ) ;
#4273 = DIRECTION ( 'NONE',  ( 0.7071067811865475727, -0.7071067811865475727, 0.0000000000000000000 ) ) ;
#4274 = DIRECTION ( 'NONE',  ( 0.7071067811865474617, -0.7071067811865474617, -7.666467083416870691E-17 ) ) ;
#4275 = ORIENTED_EDGE ( 'NONE', *, *, #1943, .T. ) ;
#4276 =( NAMED_UNIT ( * ) SI_UNIT ( $, .STERADIAN. ) SOLID_ANGLE_UNIT ( ) );
#4277 = VECTOR ( 'NONE', #4926, 1000.000000000000000 ) ;
#4278 = CARTESIAN_POINT ( 'NONE',  ( -2.149999999999999023, -2.200000000000000178, -1.750000000000000222 ) ) ;
#4279 = ORIENTED_EDGE ( 'NONE', *, *, #5218, .F. ) ;
#4280 = ORIENTED_EDGE ( 'NONE', *, *, #1527, .T. ) ;
#4281 = CARTESIAN_POINT ( 'NONE',  ( 3.969999999999999751, 0.0000000000000000000, 1.370000000000000107 ) ) ;
#4282 = EDGE_CURVE ( 'NONE', #5009, #1148, #5241, .T. ) ;
#4283 = DIRECTION ( 'NONE',  ( -1.182766006347823109E-16, -0.0000000000000000000, -1.000000000000000000 ) ) ;
#4284 = STYLED_ITEM ( 'NONE', ( #4992 ), #6312 ) ;
#4285 = DIRECTION ( 'NONE',  ( 0.7071067811865479058, -0.7071067811865472397, 0.0000000000000000000 ) ) ;
#4286 = UNCERTAINTY_MEASURE_WITH_UNIT (LENGTH_MEASURE( 1.000000000000000082E-05 ), #3354, 'distance_accuracy_value', 'NONE');
#4287 = MECHANICAL_DESIGN_GEOMETRIC_PRESENTATION_REPRESENTATION (  '', ( #3312 ), #1937 ) ;
#4288 = EDGE_LOOP ( 'NONE', ( #6286, #894, #1740, #5544 ) ) ;
#4289 = VECTOR ( 'NONE', #4078, 1000.000000000000000 ) ;
#4290 = VERTEX_POINT ( 'NONE', #6429 ) ;
#4291 = DIRECTION ( 'NONE',  ( -1.000000000000000000, 0.0000000000000000000, -0.0000000000000000000 ) ) ;
#4292 = CARTESIAN_POINT ( 'NONE',  ( -3.919999999999999929, 0.0000000000000000000, -0.8499999999999998668 ) ) ;
#4293 = VECTOR ( 'NONE', #7475, 1000.000000000000000 ) ;
#4294 = CARTESIAN_POINT ( 'NONE',  ( -3.969999999999999751, 0.2000000000000000111, 0.8999999999999994671 ) ) ;
#4295 = VECTOR ( 'NONE', #1488, 1000.000000000000000 ) ;
#4296 = ORIENTED_EDGE ( 'NONE', *, *, #579, .T. ) ;
#4297 = PLANE ( 'NONE',  #1499 ) ;
#4298 = VECTOR ( 'NONE', #1437, 1000.000000000000000 ) ;
#4299 =( GEOMETRIC_REPRESENTATION_CONTEXT ( 3 ) GLOBAL_UNCERTAINTY_ASSIGNED_CONTEXT ( ( #5227 ) ) GLOBAL_UNIT_ASSIGNED_CONTEXT ( ( #7068, #1883, #7108 ) ) REPRESENTATION_CONTEXT ( 'NONE', 'WORKASPACE' ) );
#4300 = ORIENTED_EDGE ( 'NONE', *, *, #3512, .F. ) ;
#4301 = DIRECTION ( 'NONE',  ( 0.0000000000000000000, 1.000000000000000000, -0.0000000000000000000 ) ) ;
#4302 = ORIENTED_EDGE ( 'NONE', *, *, #4090, .T. ) ;
#4303 = ADVANCED_FACE ( 'NONE', ( #7589 ), #1725, .T. ) ;
#4304 = CARTESIAN_POINT ( 'NONE',  ( -0.3499999999999989231, -2.200000000000000178, -1.750000000000000222 ) ) ;
#4305 = CARTESIAN_POINT ( 'NONE',  ( -0.3250000000000001776, 2.000000000000000000, 1.000000000000000000 ) ) ;
#4306 = LINE ( 'NONE', #6043, #4057 ) ;
#4307 = COLOUR_RGB ( '',0.7529411764705882248, 0.7529411764705882248, 0.7529411764705882248 ) ;
#4308 = AXIS2_PLACEMENT_3D ( 'NONE', #1336, #767, #6576 ) ;
#4309 = EDGE_CURVE ( 'NONE', #1537, #1391, #5210, .T. ) ;
#4310 = ORIENTED_EDGE ( 'NONE', *, *, #7465, .T. ) ;
#4311 = DIRECTION ( 'NONE',  ( 1.000000000000000000, 0.0000000000000000000, -0.0000000000000000000 ) ) ;
#4312 = VECTOR ( 'NONE', #140, 1000.000000000000000 ) ;
#4313 = CARTESIAN_POINT ( 'NONE',  ( -3.919999999999999929, 0.0000000000000000000, 0.8499999999999994227 ) ) ;
#4314 = CARTESIAN_POINT ( 'NONE',  ( -2.149999999999999911, 0.0000000000000000000, -1.050000000000000044 ) ) ;
#4315 = PLANE ( 'NONE',  #6389 ) ;
#4316 = EDGE_LOOP ( 'NONE', ( #5095, #3331, #487, #1211 ) ) ;
#4317 = DIRECTION ( 'NONE',  ( -1.182766006347823109E-16, -0.0000000000000000000, -1.000000000000000000 ) ) ;
#4318 = LINE ( 'NONE', #7321, #2491 ) ;
#4319 = ORIENTED_EDGE ( 'NONE', *, *, #6800, .T. ) ;
#4320 = ORIENTED_EDGE ( 'NONE', *, *, #3817, .T. ) ;
#4321 = CARTESIAN_POINT ( 'NONE',  ( 4.050000000000007816, -1.780000000000000693, 0.6697014260101288308 ) ) ;
#4322 = PRESENTATION_STYLE_ASSIGNMENT (( #4432 ) ) ;
#4323 = CARTESIAN_POINT ( 'NONE',  ( -0.1625000000000001721, 1.837499999999999911, -1.000000000000000222 ) ) ;
#4324 =( GEOMETRIC_REPRESENTATION_CONTEXT ( 3 ) GLOBAL_UNCERTAINTY_ASSIGNED_CONTEXT ( ( #2515 ) ) GLOBAL_UNIT_ASSIGNED_CONTEXT ( ( #4436, #3859, #3290 ) ) REPRESENTATION_CONTEXT ( 'NONE', 'WORKASPACE' ) );
#4325 = ORIENTED_EDGE ( 'NONE', *, *, #706, .F. ) ;
#4326 = CARTESIAN_POINT ( 'NONE',  ( -3.969999999999999751, 0.0000000000000000000, -0.8999999999999999112 ) ) ;
#4327 = ORIENTED_EDGE ( 'NONE', *, *, #4174, .T. ) ;
#4328 = FILL_AREA_STYLE ('',( #5373 ) ) ;
#4329 =( NAMED_UNIT ( * ) SI_UNIT ( $, .STERADIAN. ) SOLID_ANGLE_UNIT ( ) );
#4330 = PRESENTATION_LAYER_ASSIGNMENT (  '', '', ( #3477 ) ) ;
#4331 = CARTESIAN_POINT ( 'NONE',  ( -0.9999999999999995559, 2.000000000000000000, -1.000000000000000222 ) ) ;
#4332 = EDGE_CURVE ( 'NONE', #6491, #4435, #1193, .T. ) ;
#4333 = CIRCLE ( 'NONE', #7052, 0.2500000000000002220 ) ;
#4334 = ORIENTED_EDGE ( 'NONE', *, *, #3254, .T. ) ;
#4335 = DIRECTION ( 'NONE',  ( 1.000000000000000000, 0.0000000000000000000, -0.0000000000000000000 ) ) ;
#4336 = MECHANICAL_DESIGN_GEOMETRIC_PRESENTATION_REPRESENTATION (  '', ( #5943 ), #646 ) ;
#4337 = EDGE_LOOP ( 'NONE', ( #1360, #2284, #605, #1462 ) ) ;
#4338 = LINE ( 'NONE', #7275, #1783 ) ;
#4339 = LINE ( 'NONE', #1514, #3317 ) ;
#4340 = PRESENTATION_LAYER_ASSIGNMENT (  '', '', ( #1988 ) ) ;
#4341 = CARTESIAN_POINT ( 'NONE',  ( 3.919999999999999929, 0.2000000000000000111, -1.320000000000000728 ) ) ;
#4342 = EDGE_LOOP ( 'NONE', ( #7289, #6219, #7178, #2312 ) ) ;
#4343 = CARTESIAN_POINT ( 'NONE',  ( 2.250000000000001776, -2.500000000000000000, 5.399999999999998579 ) ) ;
#4344 = EDGE_CURVE ( 'NONE', #5009, #10, #4085, .T. ) ;
#4345 = FILL_AREA_STYLE ('',( #6046 ) ) ;
#4346 = CARTESIAN_POINT ( 'NONE',  ( -0.5500000000000000444, 2.000000000000000000, -2.250000000000000888 ) ) ;
#4347 =( LENGTH_UNIT ( ) NAMED_UNIT ( * ) SI_UNIT ( .MILLI., .METRE. ) );
#4348 = ORIENTED_EDGE ( 'NONE', *, *, #4442, .T. ) ;
#4349 = CARTESIAN_POINT ( 'NONE',  ( -3.049999999999999822, 0.2000000000000000111, 1.370000000000000107 ) ) ;
#4350 = EDGE_CURVE ( 'NONE', #955, #3720, #7097, .T. ) ;
#4351 = FILL_AREA_STYLE ('',( #7287 ) ) ;
#4352 = VERTEX_POINT ( 'NONE', #6507 ) ;
#4353 = EDGE_LOOP ( 'NONE', ( #5173, #2303, #2308, #2113 ) ) ;
#4354 = EDGE_CURVE ( 'NONE', #2846, #5392, #6547, .T. ) ;
#4355 =( NAMED_UNIT ( * ) SI_UNIT ( $, .STERADIAN. ) SOLID_ANGLE_UNIT ( ) );
#4356 = LINE ( 'NONE', #5580, #3053 ) ;
#4357 = EDGE_CURVE ( 'NONE', #4435, #5986, #5285, .T. ) ;
#4358 = SURFACE_SIDE_STYLE ('',( #7293 ) ) ;
#4359 = SURFACE_SIDE_STYLE ('',( #1997 ) ) ;
#4360 = EDGE_CURVE ( 'NONE', #7359, #4071, #6110, .T. ) ;
#4361 = ORIENTED_EDGE ( 'NONE', *, *, #5760, .F. ) ;
#4362 = AXIS2_PLACEMENT_3D ( 'NONE', #1890, #4258, #6032 ) ;
#4363 = EDGE_CURVE ( 'NONE', #1315, #4975, #3080, .T. ) ;
#4364 = FILL_AREA_STYLE ('',( #6092 ) ) ;
#4365 = DIRECTION ( 'NONE',  ( 1.000000000000000000, -0.0000000000000000000, 0.0000000000000000000 ) ) ;
#4366 = CARTESIAN_POINT ( 'NONE',  ( -3.049999999999999822, 0.2000000000000000111, -1.370000000000000551 ) ) ;
#4367 = CARTESIAN_POINT ( 'NONE',  ( -0.3499999999999989231, -2.200000000000000178, 2.549999999999998934 ) ) ;
#4368 = CARTESIAN_POINT ( 'NONE',  ( -4.250000000000006217, -3.299999999999999822, -0.8250000000000008438 ) ) ;
#4369 = SURFACE_STYLE_USAGE ( .BOTH. , #2638 ) ;
#4370 = DIRECTION ( 'NONE',  ( 0.0000000000000000000, 0.0000000000000000000, 1.000000000000000000 ) ) ;
#4371 = CARTESIAN_POINT ( 'NONE',  ( -4.250000000000006217, -3.299999999999999822, -0.8250000000000008438 ) ) ;
#4372 = ORIENTED_EDGE ( 'NONE', *, *, #7162, .T. ) ;
#4373 = LINE ( 'NONE', #6721, #2409 ) ;
#4374 = CARTESIAN_POINT ( 'NONE',  ( 0.0000000000000000000, 0.2000000000000000111, 0.0000000000000000000 ) ) ;
#4375 = ADVANCED_FACE ( 'NONE', ( #265 ), #6583, .T. ) ;
#4376 = CARTESIAN_POINT ( 'NONE',  ( 3.919999999999999929, 0.2000000000000000111, 1.319999999999999840 ) ) ;
#4377 = PRESENTATION_LAYER_ASSIGNMENT (  '', '', ( #1176 ) ) ;
#4378 =( GEOMETRIC_REPRESENTATION_CONTEXT ( 3 ) GLOBAL_UNCERTAINTY_ASSIGNED_CONTEXT ( ( #5175 ) ) GLOBAL_UNIT_ASSIGNED_CONTEXT ( ( #1101, #2880, #5040 ) ) REPRESENTATION_CONTEXT ( 'NONE', 'WORKASPACE' ) );
#4379 = DIRECTION ( 'NONE',  ( -0.0000000000000000000, -1.000000000000000000, -0.0000000000000000000 ) ) ;
#4380 = VECTOR ( 'NONE', #4506, 1000.000000000000000 ) ;
#4381 = ORIENTED_EDGE ( 'NONE', *, *, #6479, .F. ) ;
#4382 =( LENGTH_UNIT ( ) NAMED_UNIT ( * ) SI_UNIT ( .MILLI., .METRE. ) );
#4383 = FACE_OUTER_BOUND ( 'NONE', #5264, .T. ) ;
#4384 =( LENGTH_UNIT ( ) NAMED_UNIT ( * ) SI_UNIT ( .MILLI., .METRE. ) );
#4385 = DIRECTION ( 'NONE',  ( 0.7071067811865469066, -0.7071067811865482389, 0.0000000000000000000 ) ) ;
#4386 = DIRECTION ( 'NONE',  ( -0.0000000000000000000, -1.000000000000000000, -0.0000000000000000000 ) ) ;
#4387 = LINE ( 'NONE', #2656, #4112 ) ;
#4388 = EDGE_LOOP ( 'NONE', ( #1703, #4381, #6892, #5316 ) ) ;
#4389 = VECTOR ( 'NONE', #113, 1000.000000000000000 ) ;
#4390 = FILL_AREA_STYLE ('',( #6586 ) ) ;
#4391 = PRESENTATION_STYLE_ASSIGNMENT (( #3743 ) ) ;
#4392 = ORIENTED_EDGE ( 'NONE', *, *, #5639, .F. ) ;
#4393 = ORIENTED_EDGE ( 'NONE', *, *, #4204, .F. ) ;
#4394 = LINE ( 'NONE', #6088, #4937 ) ;
#4395 = VECTOR ( 'NONE', #5525, 1000.000000000000000 ) ;
#4396 = EDGE_CURVE ( 'NONE', #4843, #1424, #4236, .T. ) ;
#4397 = ORIENTED_EDGE ( 'NONE', *, *, #2996, .T. ) ;
#4398 = UNCERTAINTY_MEASURE_WITH_UNIT (LENGTH_MEASURE( 1.000000000000000082E-05 ), #3262, 'distance_accuracy_value', 'NONE');
#4399 = PRESENTATION_LAYER_ASSIGNMENT (  '', '', ( #5385 ) ) ;
#4400 =( GEOMETRIC_REPRESENTATION_CONTEXT ( 3 ) GLOBAL_UNCERTAINTY_ASSIGNED_CONTEXT ( ( #1611 ) ) GLOBAL_UNIT_ASSIGNED_CONTEXT ( ( #1690, #6862, #6474 ) ) REPRESENTATION_CONTEXT ( 'NONE', 'WORKASPACE' ) );
#4401 = LINE ( 'NONE', #6749, #233 ) ;
#4402 = LINE ( 'NONE', #4367, #5226 ) ;
#4403 = CARTESIAN_POINT ( 'NONE',  ( -3.049999999999999822, 0.2000000000000000111, 1.370000000000000107 ) ) ;
#4404 = EDGE_CURVE ( 'NONE', #883, #6053, #3739, .T. ) ;
#4405 =( GEOMETRIC_REPRESENTATION_CONTEXT ( 3 ) GLOBAL_UNCERTAINTY_ASSIGNED_CONTEXT ( ( #749 ) ) GLOBAL_UNIT_ASSIGNED_CONTEXT ( ( #4642, #1852, #1925 ) ) REPRESENTATION_CONTEXT ( 'NONE', 'WORKASPACE' ) );
#4406 = DIRECTION ( 'NONE',  ( 3.410973126920686698E-15, -1.000000000000000000, -0.0000000000000000000 ) ) ;
#4407 = AXIS2_PLACEMENT_3D ( 'NONE', #1310, #4971, #1345 ) ;
#4408 = EDGE_LOOP ( 'NONE', ( #7389, #7552, #4171, #3041 ) ) ;
#4409 = CARTESIAN_POINT ( 'NONE',  ( -2.149999999999999911, 0.2000000000000000111, 1.050000000000000044 ) ) ;
#4410 = CARTESIAN_POINT ( 'NONE',  ( -4.050000000000001599, -0.8000000000000000444, 0.8999999999999993561 ) ) ;
#4411 = VECTOR ( 'NONE', #7585, 1000.000000000000000 ) ;
#4412 = LINE ( 'NONE', #6175, #4700 ) ;
#4413 = EDGE_CURVE ( 'NONE', #954, #2399, #6660, .T. ) ;
#4414 = VECTOR ( 'NONE', #6237, 1000.000000000000000 ) ;
#4415 = FACE_OUTER_BOUND ( 'NONE', #3392, .T. ) ;
#4416 = COLOUR_RGB ( '',0.7529411764705882248, 0.7529411764705882248, 0.7529411764705882248 ) ;
#4417 = ORIENTED_EDGE ( 'NONE', *, *, #1117, .T. ) ;
#4418 = CARTESIAN_POINT ( 'NONE',  ( 2.850000000000000977, -2.500000000000000000, 2.549999999999998934 ) ) ;
#4419 = COLOUR_RGB ( '',0.7529411764705882248, 0.7529411764705882248, 0.7529411764705882248 ) ;
#4420 = CARTESIAN_POINT ( 'NONE',  ( 2.299999999999999822, 0.2000000000000000111, -1.199999999999999956 ) ) ;
#4421 = CARTESIAN_POINT ( 'NONE',  ( -4.000000000000001776, 9.486769009248163798E-17, -0.9499999999999998446 ) ) ;
#4422 = SURFACE_STYLE_USAGE ( .BOTH. , #5733 ) ;
#4423 = DIRECTION ( 'NONE',  ( 1.000000000000000000, 0.0000000000000000000, -7.228014483236703458E-16 ) ) ;
#4424 = ORIENTED_EDGE ( 'NONE', *, *, #344, .F. ) ;
#4425 = DIRECTION ( 'NONE',  ( 0.0000000000000000000, 0.0000000000000000000, 1.000000000000000000 ) ) ;
#4426 = ADVANCED_FACE ( 'NONE', ( #1382 ), #6008, .F. ) ;
#4427 = FACE_OUTER_BOUND ( 'NONE', #7319, .T. ) ;
#4428 = ORIENTED_EDGE ( 'NONE', *, *, #2398, .T. ) ;
#4429 = ORIENTED_EDGE ( 'NONE', *, *, #1863, .T. ) ;
#4430 = PLANE ( 'NONE',  #201 ) ;
#4431 =( LENGTH_UNIT ( ) NAMED_UNIT ( * ) SI_UNIT ( .MILLI., .METRE. ) );
#4432 = SURFACE_STYLE_USAGE ( .BOTH. , #7327 ) ;
#4433 = FACE_OUTER_BOUND ( 'NONE', #2292, .T. ) ;
#4434 = COLOUR_RGB ( '',0.2509803921568627416, 0.2509803921568627416, 0.2509803921568627416 ) ;
#4435 = VERTEX_POINT ( 'NONE', #7211 ) ;
#4436 =( LENGTH_UNIT ( ) NAMED_UNIT ( * ) SI_UNIT ( .MILLI., .METRE. ) );
#4437 = CARTESIAN_POINT ( 'NONE',  ( 4.250000000000007105, -1.780000000000000027, 0.6697014260101288308 ) ) ;
#4438 = VECTOR ( 'NONE', #4034, 1000.000000000000000 ) ;
#4439 = SURFACE_STYLE_USAGE ( .BOTH. , #5549 ) ;
#4440 = DIRECTION ( 'NONE',  ( 0.0000000000000000000, 0.0000000000000000000, -1.000000000000000000 ) ) ;
#4441 = SURFACE_SIDE_STYLE ('',( #900 ) ) ;
#4442 = EDGE_CURVE ( 'NONE', #7236, #2832, #115, .T. ) ;
#4443 = PRESENTATION_LAYER_ASSIGNMENT (  '', '', ( #6659 ) ) ;
#4444 = SURFACE_STYLE_USAGE ( .BOTH. , #829 ) ;
#4445 = EDGE_CURVE ( 'NONE', #1965, #6053, #1874, .T. ) ;
#4446 = DIRECTION ( 'NONE',  ( -1.000000000000000000, 0.0000000000000000000, 0.0000000000000000000 ) ) ;
#4447 = LINE ( 'NONE', #2121, #7245 ) ;
#4448 = ORIENTED_EDGE ( 'NONE', *, *, #2924, .T. ) ;
#4449 = VECTOR ( 'NONE', #1801, 1000.000000000000000 ) ;
#4450 = ADVANCED_FACE ( 'NONE', ( #6048 ), #1446, .T. ) ;
#4451 = EDGE_LOOP ( 'NONE', ( #3621, #1566, #4115, #3363 ) ) ;
#4452 = PRESENTATION_STYLE_ASSIGNMENT (( #3264 ) ) ;
#4453 = PLANE ( 'NONE',  #929 ) ;
#4454 = EDGE_CURVE ( 'NONE', #4352, #8, #1984, .T. ) ;
#4455 = DIRECTION ( 'NONE',  ( -0.0000000000000000000, -1.000000000000000000, -0.0000000000000000000 ) ) ;
#4456 = AXIS2_PLACEMENT_3D ( 'NONE', #3542, #5927, #6498 ) ;
#4457 = CARTESIAN_POINT ( 'NONE',  ( -4.249999999999999112, 0.2000000000000000111, 1.749999999999999334 ) ) ;
#4458 = ORIENTED_EDGE ( 'NONE', *, *, #3208, .F. ) ;
#4459 =( LENGTH_UNIT ( ) NAMED_UNIT ( * ) SI_UNIT ( .MILLI., .METRE. ) );
#4460 = DIRECTION ( 'NONE',  ( 0.0000000000000000000, -1.971276677246374477E-16, 1.000000000000000000 ) ) ;
#4461 = STYLED_ITEM ( 'NONE', ( #5630 ), #7087 ) ;
#4462 = PRESENTATION_STYLE_ASSIGNMENT (( #807 ) ) ;
#4463 = LINE ( 'NONE', #4421, #1096 ) ;
#4464 = LINE ( 'NONE', #6150, #6541 ) ;
#4465 = VERTEX_POINT ( 'NONE', #6731 ) ;
#4466 = SURFACE_STYLE_FILL_AREA ( #7397 ) ;
#4467 = COLOUR_RGB ( '',0.7529411764705882248, 0.7529411764705882248, 0.7529411764705882248 ) ;
#4468 = CARTESIAN_POINT ( 'NONE',  ( -3.850000000000001421, 9.486769009248163798E-17, 0.8499999999999994227 ) ) ;
#4469 = EDGE_LOOP ( 'NONE', ( #4361, #260, #2086, #5220, #525, #1403, #3833, #6608, #950, #4087, #1763, #4531, #7495, #1924, #3903, #1454 ) ) ;
#4470 = ORIENTED_EDGE ( 'NONE', *, *, #3850, .T. ) ;
#4471 = LINE ( 'NONE', #6118, #1058 ) ;
#4472 = PLANE ( 'NONE',  #3901 ) ;
#4473 = ADVANCED_FACE ( 'NONE', ( #5973 ), #689, .F. ) ;
#4474 = DIRECTION ( 'NONE',  ( 1.000000000000000000, 0.0000000000000000000, 0.0000000000000000000 ) ) ;
#4475 = SURFACE_STYLE_USAGE ( .BOTH. , #1571 ) ;
#4476 = ORIENTED_EDGE ( 'NONE', *, *, #5050, .F. ) ;
#4477 = DIRECTION ( 'NONE',  ( 1.000000000000000000, -0.0000000000000000000, -0.0000000000000000000 ) ) ;
#4478 = CARTESIAN_POINT ( 'NONE',  ( -4.050000000000001599, -0.7999999999999998224, -1.750000000000000666 ) ) ;
#4479 = SURFACE_SIDE_STYLE ('',( #6713 ) ) ;
#4480 = PRESENTATION_STYLE_ASSIGNMENT (( #7518 ) ) ;
#4481 = PRESENTATION_STYLE_ASSIGNMENT (( #3484 ) ) ;
#4482 = CARTESIAN_POINT ( 'NONE',  ( -4.050000000000004263, -0.8199999999999715294, -1.730000000000000870 ) ) ;
#4483 = SURFACE_STYLE_FILL_AREA ( #5107 ) ;
#4484 = MECHANICAL_DESIGN_GEOMETRIC_PRESENTATION_REPRESENTATION (  '', ( #2131 ), #4124 ) ;
#4485 = CARTESIAN_POINT ( 'NONE',  ( -2.149999999999999023, -2.500000000000000000, -1.750000000000000222 ) ) ;
#4486 = EDGE_LOOP ( 'NONE', ( #1626, #1197, #7431, #5937 ) ) ;
#4487 = FACE_OUTER_BOUND ( 'NONE', #524, .T. ) ;
#4488 = ORIENTED_EDGE ( 'NONE', *, *, #2594, .F. ) ;
#4489 = CARTESIAN_POINT ( 'NONE',  ( -4.250000000000000888, -0.8000000000000001554, 1.749999999999998890 ) ) ;
#4490 = STYLED_ITEM ( 'NONE', ( #4481 ), #2516 ) ;
#4491 = DIRECTION ( 'NONE',  ( -0.0000000000000000000, -0.0000000000000000000, -1.000000000000000000 ) ) ;
#4492 = LINE ( 'NONE', #3986, #3689 ) ;
#4493 = ORIENTED_EDGE ( 'NONE', *, *, #3044, .F. ) ;
#4494 = PRESENTATION_STYLE_ASSIGNMENT (( #7459 ) ) ;
#4495 = CARTESIAN_POINT ( 'NONE',  ( -2.149999999999999023, -2.200000000000000178, -2.250000000000000888 ) ) ;
#4496 = VECTOR ( 'NONE', #2376, 1000.000000000000000 ) ;
#4497 =( GEOMETRIC_REPRESENTATION_CONTEXT ( 3 ) GLOBAL_UNCERTAINTY_ASSIGNED_CONTEXT ( ( #2386 ) ) GLOBAL_UNIT_ASSIGNED_CONTEXT ( ( #4384, #4887, #6695 ) ) REPRESENTATION_CONTEXT ( 'NONE', 'WORKASPACE' ) );
#4498 = LINE ( 'NONE', #7353, #6755 ) ;
#4499 = DIRECTION ( 'NONE',  ( 0.0000000000000000000, 0.0000000000000000000, -1.000000000000000000 ) ) ;
#4500 = ORIENTED_EDGE ( 'NONE', *, *, #2909, .F. ) ;
#4501 =( LENGTH_UNIT ( ) NAMED_UNIT ( * ) SI_UNIT ( .MILLI., .METRE. ) );
#4502 = ADVANCED_FACE ( 'NONE', ( #882 ), #2693, .F. ) ;
#4503 = STYLED_ITEM ( 'NONE', ( #1201 ), #2547 ) ;
#4504 = ORIENTED_EDGE ( 'NONE', *, *, #877, .T. ) ;
#4505 = VERTEX_POINT ( 'NONE', #7354 ) ;
#4506 = DIRECTION ( 'NONE',  ( 0.0000000000000000000, 1.000000000000000000, 0.0000000000000000000 ) ) ;
#4507 = DIRECTION ( 'NONE',  ( -1.000000000000000000, 3.410973126920686698E-15, 0.0000000000000000000 ) ) ;
#4508 =( NAMED_UNIT ( * ) SI_UNIT ( $, .STERADIAN. ) SOLID_ANGLE_UNIT ( ) );
#4509 = VECTOR ( 'NONE', #1909, 1000.000000000000000 ) ;
#4510 = EDGE_LOOP ( 'NONE', ( #5282, #497, #3008, #2122 ) ) ;
#4511 = AXIS2_PLACEMENT_3D ( 'NONE', #599, #7165, #4263 ) ;
#4512 =( NAMED_UNIT ( * ) SI_UNIT ( $, .STERADIAN. ) SOLID_ANGLE_UNIT ( ) );
#4513 =( NAMED_UNIT ( * ) SI_UNIT ( $, .STERADIAN. ) SOLID_ANGLE_UNIT ( ) );
#4514 = DIRECTION ( 'NONE',  ( 0.0000000000000000000, 1.000000000000000000, 0.0000000000000000000 ) ) ;
#4515 = FILL_AREA_STYLE ('',( #2152 ) ) ;
#4516 = DIRECTION ( 'NONE',  ( 1.000000000000000000, 0.0000000000000000000, -1.379893674072460211E-16 ) ) ;
#4517 = CARTESIAN_POINT ( 'NONE',  ( 4.249999999999997335, 0.2000000000000000111, -0.8999999999999999112 ) ) ;
#4518 = AXIS2_PLACEMENT_3D ( 'NONE', #3249, #7361, #741 ) ;
#4519 = SURFACE_SIDE_STYLE ('',( #2083 ) ) ;
#4520 = VERTEX_POINT ( 'NONE', #3957 ) ;
#4521 =( NAMED_UNIT ( * ) PLANE_ANGLE_UNIT ( ) SI_UNIT ( $, .RADIAN. ) );
#4522 = ORIENTED_EDGE ( 'NONE', *, *, #5871, .T. ) ;
#4523 = FILL_AREA_STYLE ('',( #4994 ) ) ;
#4524 = DIRECTION ( 'NONE',  ( -3.410973126920686698E-15, 1.000000000000000000, 3.696143769836947338E-16 ) ) ;
#4525 =( NAMED_UNIT ( * ) SI_UNIT ( $, .STERADIAN. ) SOLID_ANGLE_UNIT ( ) );
#4526 = LINE ( 'NONE', #5192, #2369 ) ;
#4527 = LINE ( 'NONE', #6765, #2477 ) ;
#4528 = PRESENTATION_LAYER_ASSIGNMENT (  '', '', ( #3553 ) ) ;
#4529 = COLOUR_RGB ( '',0.7529411764705882248, 0.7529411764705882248, 0.7529411764705882248 ) ;
#4530 = CARTESIAN_POINT ( 'NONE',  ( 4.250000000000007105, -1.780000000000000027, -0.8500000000000013101 ) ) ;
#4531 = ORIENTED_EDGE ( 'NONE', *, *, #6605, .F. ) ;
#4532 = COLOUR_RGB ( '',0.7529411764705882248, 0.7529411764705882248, 0.7529411764705882248 ) ;
#4533 = DIRECTION ( 'NONE',  ( 1.000000000000000000, -0.0000000000000000000, 7.228014483236698528E-16 ) ) ;
#4534 = FACE_OUTER_BOUND ( 'NONE', #7099, .T. ) ;
#4535 = LINE ( 'NONE', #370, #1906 ) ;
#4536 = CARTESIAN_POINT ( 'NONE',  ( -4.250000000000006217, -3.299999999999999822, -1.500000000000000666 ) ) ;
#4537 = AXIS2_PLACEMENT_3D ( 'NONE', #2710, #6276, #3937 ) ;
#4538 = DIRECTION ( 'NONE',  ( -1.000000000000000000, 0.0000000000000000000, -0.0000000000000000000 ) ) ;
#4539 = PLANE ( 'NONE',  #6672 ) ;
#4540 = VECTOR ( 'NONE', #3753, 1000.000000000000000 ) ;
#4541 = VERTEX_POINT ( 'NONE', #3918 ) ;
#4542 = EDGE_CURVE ( 'NONE', #5809, #3774, #6808, .T. ) ;
#4543 = VECTOR ( 'NONE', #3652, 1000.000000000000000 ) ;
#4544 = AXIS2_PLACEMENT_3D ( 'NONE', #4803, #3026, #669 ) ;
#4545 = ORIENTED_EDGE ( 'NONE', *, *, #5478, .T. ) ;
#4546 = ORIENTED_EDGE ( 'NONE', *, *, #2873, .T. ) ;
#4547 = VECTOR ( 'NONE', #5313, 1000.000000000000000 ) ;
#4548 = ADVANCED_FACE ( 'NONE', ( #6149 ), #5007, .F. ) ;
#4549 = CARTESIAN_POINT ( 'NONE',  ( -2.299999999999999822, 0.2000000000000000111, -1.199999999999999956 ) ) ;
#4550 = ORIENTED_EDGE ( 'NONE', *, *, #3858, .T. ) ;
#4551 = VERTEX_POINT ( 'NONE', #5607 ) ;
#4552 = EDGE_CURVE ( 'NONE', #2325, #6348, #2054, .T. ) ;
#4553 = SURFACE_STYLE_USAGE ( .BOTH. , #6309 ) ;
#4554 = FILL_AREA_STYLE_COLOUR ( '', #3563 ) ;
#4555 = PLANE ( 'NONE',  #2063 ) ;
#4556 = FACE_OUTER_BOUND ( 'NONE', #4187, .T. ) ;
#4557 = COLOUR_RGB ( '',0.7529411764705882248, 0.7529411764705882248, 0.7529411764705882248 ) ;
#4558 = SURFACE_STYLE_USAGE ( .BOTH. , #5674 ) ;
#4559 = MECHANICAL_DESIGN_GEOMETRIC_PRESENTATION_REPRESENTATION (  '', ( #3590 ), #2596 ) ;
#4560 = PLANE ( 'NONE',  #7601 ) ;
#4561 = ORIENTED_EDGE ( 'NONE', *, *, #1147, .F. ) ;
#4562 = CARTESIAN_POINT ( 'NONE',  ( 2.999999999999998668, 0.0000000000000000000, -1.700000000000000622 ) ) ;
#4563 = EDGE_LOOP ( 'NONE', ( #3893, #3418, #1888, #4143 ) ) ;
#4564 = SURFACE_SIDE_STYLE ('',( #6359 ) ) ;
#4565 = PRESENTATION_STYLE_ASSIGNMENT (( #3945 ) ) ;
#4566 = UNCERTAINTY_MEASURE_WITH_UNIT (LENGTH_MEASURE( 1.000000000000000082E-05 ), #2210, 'distance_accuracy_value', 'NONE');
#4567 = UNCERTAINTY_MEASURE_WITH_UNIT (LENGTH_MEASURE( 1.000000000000000082E-05 ), #345, 'distance_accuracy_value', 'NONE');
#4568 = CARTESIAN_POINT ( 'NONE',  ( -2.749999999999999112, -2.200000000000000178, 2.649999999999998579 ) ) ;
#4569 = ADVANCED_FACE ( 'NONE', ( #2171 ), #5092, .F. ) ;
#4570 = EDGE_CURVE ( 'NONE', #570, #2593, #4159, .T. ) ;
#4571 = LINE ( 'NONE', #4457, #3168 ) ;
#4572 = VECTOR ( 'NONE', #7395, 1000.000000000000000 ) ;
#4573 = ORIENTED_EDGE ( 'NONE', *, *, #149, .F. ) ;
#4574 = PLANE ( 'NONE',  #5259 ) ;
#4575 = DIRECTION ( 'NONE',  ( 0.0000000000000000000, 0.0000000000000000000, -1.000000000000000000 ) ) ;
#4576 = CARTESIAN_POINT ( 'NONE',  ( -0.3499999999999990896, -2.500000000000000000, 1.749999999999998890 ) ) ;
#4577 = COLOUR_RGB ( '',0.7529411764705882248, 0.7529411764705882248, 0.7529411764705882248 ) ;
#4578 = DIRECTION ( 'NONE',  ( 1.000000000000000000, 0.0000000000000000000, 0.0000000000000000000 ) ) ;
#4579 = CARTESIAN_POINT ( 'NONE',  ( 4.050000000000001599, -0.09999999999999982514, -0.8500000000000013101 ) ) ;
#4580 = ORIENTED_EDGE ( 'NONE', *, *, #3512, .T. ) ;
#4581 = SHAPE_DEFINITION_REPRESENTATION ( #3513, #3379 ) ;
#4582 = SURFACE_SIDE_STYLE ('',( #2174 ) ) ;
#4583 = ORIENTED_EDGE ( 'NONE', *, *, #1939, .F. ) ;
#4584 = ORIENTED_EDGE ( 'NONE', *, *, #6251, .F. ) ;
#4585 = EDGE_CURVE ( 'NONE', #658, #2374, #1717, .T. ) ;
#4586 = ORIENTED_EDGE ( 'NONE', *, *, #3756, .F. ) ;
#4587 =( NAMED_UNIT ( * ) PLANE_ANGLE_UNIT ( ) SI_UNIT ( $, .RADIAN. ) );
#4588 = VECTOR ( 'NONE', #2344, 1000.000000000000000 ) ;
#4589 = UNCERTAINTY_MEASURE_WITH_UNIT (LENGTH_MEASURE( 1.000000000000000082E-05 ), #5838, 'distance_accuracy_value', 'NONE');
#4590 = PLANE ( 'NONE',  #5400 ) ;
#4591 = AXIS2_PLACEMENT_3D ( 'NONE', #6934, #6898, #2112 ) ;
#4592 = ORIENTED_EDGE ( 'NONE', *, *, #3437, .F. ) ;
#4593 = EDGE_LOOP ( 'NONE', ( #385, #7367, #321, #4653 ) ) ;
#4594 = CARTESIAN_POINT ( 'NONE',  ( 4.050000000000007816, -1.780000000000000693, -0.6697014260101288308 ) ) ;
#4595 = FACE_OUTER_BOUND ( 'NONE', #5396, .T. ) ;
#4596 = SURFACE_STYLE_USAGE ( .BOTH. , #3401 ) ;
#4597 = DIRECTION ( 'NONE',  ( -0.0000000000000000000, 1.000000000000000000, -0.0000000000000000000 ) ) ;
#4598 = EDGE_CURVE ( 'NONE', #4020, #5262, #7053, .T. ) ;
#4599 = EDGE_CURVE ( 'NONE', #1974, #2583, #6644, .T. ) ;
#4600 = EDGE_CURVE ( 'NONE', #5281, #7401, #5314, .T. ) ;
#4601 = DIRECTION ( 'NONE',  ( -0.0000000000000000000, -0.0000000000000000000, -1.000000000000000000 ) ) ;
#4602 = LINE ( 'NONE', #2714, #1008 ) ;
#4603 = EDGE_CURVE ( 'NONE', #1190, #6225, #3463, .T. ) ;
#4604 = DIRECTION ( 'NONE',  ( 0.0000000000000000000, 0.0000000000000000000, 1.000000000000000000 ) ) ;
#4605 = ORIENTED_EDGE ( 'NONE', *, *, #3325, .T. ) ;
#4606 = FILL_AREA_STYLE_COLOUR ( '', #3557 ) ;
#4607 = ORIENTED_EDGE ( 'NONE', *, *, #632, .T. ) ;
#4608 = LINE ( 'NONE', #136, #4915 ) ;
#4609 = DIRECTION ( 'NONE',  ( -1.000000000000000000, -3.410973126920686698E-15, 0.0000000000000000000 ) ) ;
#4610 = DIRECTION ( 'NONE',  ( 0.0000000000000000000, -0.0000000000000000000, -1.000000000000000000 ) ) ;
#4611 = MECHANICAL_DESIGN_GEOMETRIC_PRESENTATION_REPRESENTATION (  '', ( #532 ), #291 ) ;
#4612 = CARTESIAN_POINT ( 'NONE',  ( -2.249999999999999112, -2.200000000000000178, 2.649999999999998579 ) ) ;
#4613 = VECTOR ( 'NONE', #13, 1000.000000000000000 ) ;
#4614 = ORIENTED_EDGE ( 'NONE', *, *, #6739, .T. ) ;
#4615 =( NAMED_UNIT ( * ) SI_UNIT ( $, .STERADIAN. ) SOLID_ANGLE_UNIT ( ) );
#4616 = ADVANCED_FACE ( 'NONE', ( #1103 ), #7538, .T. ) ;
#4617 = FILL_AREA_STYLE_COLOUR ( '', #685 ) ;
#4618 = CARTESIAN_POINT ( 'NONE',  ( -4.250000000000000888, -0.8000000000000000444, 0.8999999999999993561 ) ) ;
#4619 = CARTESIAN_POINT ( 'NONE',  ( 2.299999999999999822, 0.2000000000000000111, -1.199999999999999956 ) ) ;
#4620 = PRESENTATION_LAYER_ASSIGNMENT (  '', '', ( #6199 ) ) ;
#4621 = ORIENTED_EDGE ( 'NONE', *, *, #7324, .F. ) ;
#4622 = DIRECTION ( 'NONE',  ( 0.0000000000000000000, 0.0000000000000000000, -1.000000000000000000 ) ) ;
#4623 = DIRECTION ( 'NONE',  ( 1.000000000000000000, 0.0000000000000000000, -1.807003620809174878E-16 ) ) ;
#4624 = ORIENTED_EDGE ( 'NONE', *, *, #4101, .F. ) ;
#4625 = VERTEX_POINT ( 'NONE', #1184 ) ;
#4626 = PRESENTATION_STYLE_ASSIGNMENT (( #7512 ) ) ;
#4627 = DIRECTION ( 'NONE',  ( 0.0000000000000000000, 0.0000000000000000000, -1.000000000000000000 ) ) ;
#4628 = PRESENTATION_STYLE_ASSIGNMENT (( #614 ) ) ;
#4629 = PRESENTATION_LAYER_ASSIGNMENT (  '', '', ( #75 ) ) ;
#4630 =( NAMED_UNIT ( * ) PLANE_ANGLE_UNIT ( ) SI_UNIT ( $, .RADIAN. ) );
#4631 = VERTEX_POINT ( 'NONE', #484 ) ;
#4632 = ORIENTED_EDGE ( 'NONE', *, *, #1908, .T. ) ;
#4633 = UNCERTAINTY_MEASURE_WITH_UNIT (LENGTH_MEASURE( 1.000000000000000082E-05 ), #1244, 'distance_accuracy_value', 'NONE');
#4634 = PRESENTATION_STYLE_ASSIGNMENT (( #1651 ) ) ;
#4635 = MECHANICAL_DESIGN_GEOMETRIC_PRESENTATION_REPRESENTATION (  '', ( #1914 ), #1313 ) ;
#4636 = LINE ( 'NONE', #7412, #6129 ) ;
#4637 = CARTESIAN_POINT ( 'NONE',  ( 2.250000000000001332, -2.500000000000000000, 2.649999999999998579 ) ) ;
#4638 = CARTESIAN_POINT ( 'NONE',  ( 2.300000000000000266, 0.0000000000000000000, 1.199999999999999956 ) ) ;
#4639 = PRESENTATION_STYLE_ASSIGNMENT (( #6238 ) ) ;
#4640 = CARTESIAN_POINT ( 'NONE',  ( 4.249999999999997335, 0.2000000000000000111, -0.8999999999999999112 ) ) ;
#4641 = PRESENTATION_LAYER_ASSIGNMENT (  '', '', ( #4017 ) ) ;
#4642 =( LENGTH_UNIT ( ) NAMED_UNIT ( * ) SI_UNIT ( .MILLI., .METRE. ) );
#4643 = ORIENTED_EDGE ( 'NONE', *, *, #2231, .T. ) ;
#4644 = ORIENTED_EDGE ( 'NONE', *, *, #7563, .F. ) ;
#4645 = CARTESIAN_POINT ( 'NONE',  ( -0.3874999999999999001, 2.387499999999999734, -1.000000000000000222 ) ) ;
#4646 = SURFACE_STYLE_USAGE ( .BOTH. , #4564 ) ;
#4647 = PLANE ( 'NONE',  #185 ) ;
#4648 = CARTESIAN_POINT ( 'NONE',  ( 3.850000000000001421, 9.486769009248163798E-17, -0.9500000000000013989 ) ) ;
#4649 = EDGE_CURVE ( 'NONE', #1371, #2163, #2417, .T. ) ;
#4650 = DIRECTION ( 'NONE',  ( 0.7071067811865474617, 0.7071067811865474617, 0.0000000000000000000 ) ) ;
#4651 = VECTOR ( 'NONE', #5565, 1000.000000000000000 ) ;
#4652 = FILL_AREA_STYLE_COLOUR ( '', #5499 ) ;
#4653 = ORIENTED_EDGE ( 'NONE', *, *, #1782, .F. ) ;
#4654 = DIRECTION ( 'NONE',  ( -0.0000000000000000000, -0.0000000000000000000, 1.000000000000000000 ) ) ;
#4655 = CARTESIAN_POINT ( 'NONE',  ( 0.2500000000000011657, -2.200000000000000178, 2.649999999999998579 ) ) ;
#4657 =( NAMED_UNIT ( * ) PLANE_ANGLE_UNIT ( ) SI_UNIT ( $, .RADIAN. ) );
#4656 = VECTOR ( 'NONE', #6870, 1000.000000000000000 ) ;
#4658 = EDGE_CURVE ( 'NONE', #6426, #3628, #4774, .T. ) ;
#4659 = SURFACE_STYLE_FILL_AREA ( #7088 ) ;
#4660 = LINE ( 'NONE', #1718, #7531 ) ;
#4661 = ORIENTED_EDGE ( 'NONE', *, *, #5816, .F. ) ;
#4662 = VECTOR ( 'NONE', #1269, 1000.000000000000114 ) ;
#4663 = LINE ( 'NONE', #1721, #2572 ) ;
#4664 = VERTEX_POINT ( 'NONE', #1143 ) ;
#4665 = ORIENTED_EDGE ( 'NONE', *, *, #1117, .F. ) ;
#4666 = FILL_AREA_STYLE_COLOUR ( '', #2910 ) ;
#4667 = DIRECTION ( 'NONE',  ( 0.7071067811865474617, -0.7071067811865474617, 0.0000000000000000000 ) ) ;
#4668 = ADVANCED_FACE ( 'NONE', ( #5234 ), #5848, .F. ) ;
#4669 = VECTOR ( 'NONE', #4847, 999.9999999999998863 ) ;
#4670 = EDGE_LOOP ( 'NONE', ( #4851, #5327, #2786, #2586 ) ) ;
#4671 = UNCERTAINTY_MEASURE_WITH_UNIT (LENGTH_MEASURE( 1.000000000000000082E-05 ), #4689, 'distance_accuracy_value', 'NONE');
#4672 = MECHANICAL_DESIGN_GEOMETRIC_PRESENTATION_REPRESENTATION (  '', ( #7621 ), #3434 ) ;
#4673 = ORIENTED_EDGE ( 'NONE', *, *, #6908, .T. ) ;
#4674 = VERTEX_POINT ( 'NONE', #4848 ) ;
#4675 = LINE ( 'NONE', #1245, #3811 ) ;
#4676 = DIRECTION ( 'NONE',  ( 0.0000000000000000000, 0.0000000000000000000, -1.000000000000000000 ) ) ;
#4677 = MECHANICAL_DESIGN_GEOMETRIC_PRESENTATION_REPRESENTATION (  '', ( #7018 ), #734 ) ;
#4678 = MECHANICAL_DESIGN_GEOMETRIC_PRESENTATION_REPRESENTATION (  '', ( #2351 ), #6388 ) ;
#4679 = CARTESIAN_POINT ( 'NONE',  ( 0.3500000000000011435, -2.500000000000000000, 2.549999999999998934 ) ) ;
#4680 = CARTESIAN_POINT ( 'NONE',  ( -0.9999999999999995559, 2.000000000000000000, -2.250000000000000888 ) ) ;
#4681 = PLANE ( 'NONE',  #3793 ) ;
#4682 = ORIENTED_EDGE ( 'NONE', *, *, #2669, .F. ) ;
#4683 = AXIS2_PLACEMENT_3D ( 'NONE', #2528, #176, #759 ) ;
#4684 = EDGE_CURVE ( 'NONE', #139, #4352, #219, .T. ) ;
#4685 = PLANE ( 'NONE',  #843 ) ;
#4686 = ORIENTED_EDGE ( 'NONE', *, *, #3472, .T. ) ;
#4687 = CARTESIAN_POINT ( 'NONE',  ( 3.049999999999998934, 0.2000000000000000111, 1.750000000000000222 ) ) ;
#4688 = FILL_AREA_STYLE_COLOUR ( '', #5983 ) ;
#4689 =( LENGTH_UNIT ( ) NAMED_UNIT ( * ) SI_UNIT ( .MILLI., .METRE. ) );
#4690 = EDGE_CURVE ( 'NONE', #4777, #4770, #4306, .T. ) ;
#4691 = LINE ( 'NONE', #1589, #4093 ) ;
#4692 = FACE_OUTER_BOUND ( 'NONE', #1872, .T. ) ;
#4693 = MECHANICAL_DESIGN_GEOMETRIC_PRESENTATION_REPRESENTATION (  '', ( #6652 ), #2969 ) ;
#4694 = UNCERTAINTY_MEASURE_WITH_UNIT (LENGTH_MEASURE( 1.000000000000000082E-05 ), #613, 'distance_accuracy_value', 'NONE');
#4695 = EDGE_CURVE ( 'NONE', #10, #3774, #3330, .T. ) ;
#4696 = ADVANCED_FACE ( 'NONE', ( #1977 ), #1942, .F. ) ;
#4697 = ORIENTED_EDGE ( 'NONE', *, *, #677, .F. ) ;
#4698 = DIRECTION ( 'NONE',  ( -1.000000000000000000, -0.0000000000000000000, -0.0000000000000000000 ) ) ;
#4699 =( NAMED_UNIT ( * ) PLANE_ANGLE_UNIT ( ) SI_UNIT ( $, .RADIAN. ) );
#4700 = VECTOR ( 'NONE', #6723, 1000.000000000000000 ) ;
#4701 = DIRECTION ( 'NONE',  ( -0.0000000000000000000, -1.000000000000000000, -0.0000000000000000000 ) ) ;
#4702 = FILL_AREA_STYLE_COLOUR ( '', #3093 ) ;
#4703 =( NAMED_UNIT ( * ) SI_UNIT ( $, .STERADIAN. ) SOLID_ANGLE_UNIT ( ) );
#4704 = ORIENTED_EDGE ( 'NONE', *, *, #3790, .F. ) ;
#4705 = CARTESIAN_POINT ( 'NONE',  ( -3.850000000000001421, 9.486769009248163798E-17, 0.9499999999999995115 ) ) ;
#4706 = PRESENTATION_LAYER_ASSIGNMENT (  '', '', ( #2355 ) ) ;
#4707 = ORIENTED_EDGE ( 'NONE', *, *, #5713, .T. ) ;
#4708 = ORIENTED_EDGE ( 'NONE', *, *, #6186, .T. ) ;
#4709 = MECHANICAL_DESIGN_GEOMETRIC_PRESENTATION_REPRESENTATION (  '', ( #1737 ), #2359 ) ;
#4710 = CARTESIAN_POINT ( 'NONE',  ( 2.500000000000000000, -2.200000000000000178, 0.0000000000000000000 ) ) ;
#4711 = ORIENTED_EDGE ( 'NONE', *, *, #5135, .F. ) ;
#4712 = FILL_AREA_STYLE ('',( #528 ) ) ;
#4713 = MECHANICAL_DESIGN_GEOMETRIC_PRESENTATION_REPRESENTATION (  '', ( #5085 ), #2987 ) ;
#4714 = ORIENTED_EDGE ( 'NONE', *, *, #3221, .F. ) ;
#4715 = VERTEX_POINT ( 'NONE', #1374 ) ;
#4716 = ADVANCED_FACE ( 'NONE', ( #2459 ), #105, .F. ) ;
#4717 = VECTOR ( 'NONE', #592, 1000.000000000000000 ) ;
#4718 = LINE ( 'NONE', #7066, #5800 ) ;
#4719 = CARTESIAN_POINT ( 'NONE',  ( -0.3499999999999989231, -2.200000000000000178, 2.549999999999998934 ) ) ;
#4720 = DIRECTION ( 'NONE',  ( 1.000000000000000000, -9.757819552369514663E-15, 0.0000000000000000000 ) ) ;
#4721 = EDGE_CURVE ( 'NONE', #1537, #1111, #803, .T. ) ;
#4722 = FILL_AREA_STYLE ('',( #2980 ) ) ;
#4723 = DIRECTION ( 'NONE',  ( -0.0000000000000000000, -1.000000000000000000, -0.0000000000000000000 ) ) ;
#4724 = CARTESIAN_POINT ( 'NONE',  ( 2.150000000000001243, -2.500000000000000000, -1.750000000000000222 ) ) ;
#4725 = UNCERTAINTY_MEASURE_WITH_UNIT (LENGTH_MEASURE( 1.000000000000000082E-05 ), #7173, 'distance_accuracy_value', 'NONE');
#4726 = ORIENTED_EDGE ( 'NONE', *, *, #3238, .F. ) ;
#4727 = FACE_OUTER_BOUND ( 'NONE', #3905, .T. ) ;
#4728 = VERTEX_POINT ( 'NONE', #3149 ) ;
#4729 = FACE_OUTER_BOUND ( 'NONE', #4213, .T. ) ;
#4730 = ORIENTED_EDGE ( 'NONE', *, *, #5810, .F. ) ;
#4731 = CARTESIAN_POINT ( 'NONE',  ( -3.950000000000001066, 9.486769009248163798E-17, -0.8499999999999998668 ) ) ;
#4732 = CARTESIAN_POINT ( 'NONE',  ( -4.050000000000007816, -1.780000000000000693, 0.6697014260101297189 ) ) ;
#4733 = FILL_AREA_STYLE_COLOUR ( '', #137 ) ;
#4734 = UNCERTAINTY_MEASURE_WITH_UNIT (LENGTH_MEASURE( 1.000000000000000082E-05 ), #4004, 'distance_accuracy_value', 'NONE');
#4735 = DIRECTION ( 'NONE',  ( 1.000000000000000000, 0.0000000000000000000, -1.379893674072460211E-16 ) ) ;
#4736 = EDGE_LOOP ( 'NONE', ( #6151, #2555, #3660, #3479 ) ) ;
#4737 = CYLINDRICAL_SURFACE ( 'NONE', #6091, 0.6500000000000000222 ) ;
#4738 = LINE ( 'NONE', #5458, #3065 ) ;
#4739 = CARTESIAN_POINT ( 'NONE',  ( -2.849999999999998757, -2.200000000000000178, -1.750000000000000222 ) ) ;
#4740 = PRESENTATION_STYLE_ASSIGNMENT (( #2926 ) ) ;
#4741 = CARTESIAN_POINT ( 'NONE',  ( 4.050000000000004263, -0.8200000000000008393, 1.729999999999998872 ) ) ;
#4742 = LINE ( 'NONE', #1108, #2183 ) ;
#4743 = ORIENTED_EDGE ( 'NONE', *, *, #5966, .T. ) ;
#4744 = CARTESIAN_POINT ( 'NONE',  ( -4.249999999999999112, -3.299999999999999822, 1.499999999999997780 ) ) ;
#4745 = DIRECTION ( 'NONE',  ( 0.0000000000000000000, 1.000000000000000000, 0.0000000000000000000 ) ) ;
#4746 = LINE ( 'NONE', #5242, #5653 ) ;
#4747 = ORIENTED_EDGE ( 'NONE', *, *, #1278, .T. ) ;
#4748 = EDGE_CURVE ( 'NONE', #7113, #2884, #4923, .T. ) ;
#4749 = PLANE ( 'NONE',  #6174 ) ;
#4750 = VERTEX_POINT ( 'NONE', #3072 ) ;
#4751 = VERTEX_POINT ( 'NONE', #4341 ) ;
#4752 = CARTESIAN_POINT ( 'NONE',  ( -1.899999999999999023, 2.000000000000000000, -2.250000000000000888 ) ) ;
#4753 = SURFACE_STYLE_FILL_AREA ( #698 ) ;
#4754 = SURFACE_SIDE_STYLE ('',( #6475 ) ) ;
#4755 = AXIS2_PLACEMENT_3D ( 'NONE', #1513, #5081, #836 ) ;
#4756 = COLOUR_RGB ( '',0.7529411764705882248, 0.7529411764705882248, 0.7529411764705882248 ) ;
#4757 = CARTESIAN_POINT ( 'NONE',  ( 2.149999999999999911, 0.2000000000000000111, -1.050000000000000044 ) ) ;
#4758 = DIRECTION ( 'NONE',  ( -1.000000000000000000, 0.0000000000000000000, 3.388131789017201849E-16 ) ) ;
#4759 = ORIENTED_EDGE ( 'NONE', *, *, #4925, .T. ) ;
#4760 = COLOUR_RGB ( '',0.7529411764705882248, 0.7529411764705882248, 0.7529411764705882248 ) ;
#4761 = EDGE_LOOP ( 'NONE', ( #5508, #3687, #1602, #6188 ) ) ;
#4762 = CARTESIAN_POINT ( 'NONE',  ( 2.850000000000000977, -2.200000000000000178, -2.250000000000000888 ) ) ;
#4763 = CARTESIAN_POINT ( 'NONE',  ( -4.250000000000000888, 1.434218877545137977E-14, 0.0000000000000000000 ) ) ;
#4764 = FILL_AREA_STYLE ('',( #7078 ) ) ;
#4765 = CARTESIAN_POINT ( 'NONE',  ( -2.849999999999998757, -2.200000000000000178, -1.750000000000000222 ) ) ;
#4766 = ORIENTED_EDGE ( 'NONE', *, *, #6432, .T. ) ;
#4767 =( NAMED_UNIT ( * ) SI_UNIT ( $, .STERADIAN. ) SOLID_ANGLE_UNIT ( ) );
#4768 = VECTOR ( 'NONE', #1444, 1000.000000000000000 ) ;
#4769 = ADVANCED_FACE ( 'NONE', ( #3187 ), #5523, .F. ) ;
#4770 = VERTEX_POINT ( 'NONE', #150 ) ;
#4771 = CARTESIAN_POINT ( 'NONE',  ( -3.950000000000001066, -0.1000000000000001721, -0.8499999999999998668 ) ) ;
#4772 = CARTESIAN_POINT ( 'NONE',  ( -3.919999999999999929, 0.2000000000000000111, -0.8499999999999998668 ) ) ;
#4773 = FILL_AREA_STYLE_COLOUR ( '', #5631 ) ;
#4774 = LINE ( 'NONE', #7012, #7161 ) ;
#4775 = DIRECTION ( 'NONE',  ( 1.000000000000000000, 0.0000000000000000000, 0.0000000000000000000 ) ) ;
#4776 = VECTOR ( 'NONE', #4877, 1000.000000000000000 ) ;
#4777 = VERTEX_POINT ( 'NONE', #5964 ) ;
#4778 = MECHANICAL_DESIGN_GEOMETRIC_PRESENTATION_REPRESENTATION (  '', ( #6735 ), #1823 ) ;
#4779 = CARTESIAN_POINT ( 'NONE',  ( -4.050000000000001599, -0.09999999999999982514, 0.8499999999999994227 ) ) ;
#4780 = DIRECTION ( 'NONE',  ( -0.0000000000000000000, -0.0000000000000000000, -1.000000000000000000 ) ) ;
#4781 = DIRECTION ( 'NONE',  ( 0.0000000000000000000, -1.000000000000000000, 0.0000000000000000000 ) ) ;
#4782 = EDGE_CURVE ( 'NONE', #3962, #6786, #437, .T. ) ;
#4783 = VERTEX_POINT ( 'NONE', #6836 ) ;
#4784 = LINE ( 'NONE', #1797, #3489 ) ;
#4785 = STYLED_ITEM ( 'NONE', ( #3980 ), #6367 ) ;
#4786 = EDGE_CURVE ( 'NONE', #2100, #3744, #2091, .T. ) ;
#4787 = ORIENTED_EDGE ( 'NONE', *, *, #5023, .F. ) ;
#4788 = EDGE_LOOP ( 'NONE', ( #6638, #4885, #2244, #6207 ) ) ;
#4789 = COLOUR_RGB ( '',0.7529411764705882248, 0.7529411764705882248, 0.7529411764705882248 ) ;
#4790 = CARTESIAN_POINT ( 'NONE',  ( -0.2125000000000002998, 1.887500000000000178, -2.250000000000000888 ) ) ;
#4791 =( NAMED_UNIT ( * ) PLANE_ANGLE_UNIT ( ) SI_UNIT ( $, .RADIAN. ) );
#4792 = COLOUR_RGB ( '',0.7529411764705882248, 0.7529411764705882248, 0.7529411764705882248 ) ;
#4793 = FACE_OUTER_BOUND ( 'NONE', #5655, .T. ) ;
#4794 = STYLED_ITEM ( 'NONE', ( #6349 ), #1590 ) ;
#4795 = MECHANICAL_DESIGN_GEOMETRIC_PRESENTATION_REPRESENTATION (  '', ( #7013 ), #3565 ) ;
#4796 = CARTESIAN_POINT ( 'NONE',  ( 4.250000000000007105, -1.780000000000000027, 1.729999999999998872 ) ) ;
#4797 = ORIENTED_EDGE ( 'NONE', *, *, #5666, .F. ) ;
#4798 = MECHANICAL_DESIGN_GEOMETRIC_PRESENTATION_REPRESENTATION (  '', ( #2190 ), #3569 ) ;
#4799 = SURFACE_STYLE_USAGE ( .BOTH. , #168 ) ;
#4800 = VERTEX_POINT ( 'NONE', #4963 ) ;
#4801 = SURFACE_STYLE_FILL_AREA ( #3681 ) ;
#4802 = MECHANICAL_DESIGN_GEOMETRIC_PRESENTATION_REPRESENTATION (  '', ( #1582 ), #3578 ) ;
#4803 = CARTESIAN_POINT ( 'NONE',  ( -3.969999999999999751, 0.2000000000000000111, 0.8999999999999994671 ) ) ;
#4804 = DIRECTION ( 'NONE',  ( 0.0000000000000000000, -0.0000000000000000000, -1.000000000000000000 ) ) ;
#4805 =( NAMED_UNIT ( * ) PLANE_ANGLE_UNIT ( ) SI_UNIT ( $, .RADIAN. ) );
#4806 = CARTESIAN_POINT ( 'NONE',  ( -4.050000000000004263, -0.8199999999999709743, 0.8499999999999994227 ) ) ;
#4807 = CARTESIAN_POINT ( 'NONE',  ( 0.0000000000000000000, 0.2000000000000000111, 0.0000000000000000000 ) ) ;
#4808 = ORIENTED_EDGE ( 'NONE', *, *, #6522, .F. ) ;
#4809 = EDGE_CURVE ( 'NONE', #4244, #4777, #4527, .T. ) ;
#4810 = LINE ( 'NONE', #34, #4496 ) ;
#4811 = EDGE_CURVE ( 'NONE', #3153, #5462, #289, .T. ) ;
#4812 = AXIS2_PLACEMENT_3D ( 'NONE', #5710, #3444, #1695 ) ;
#4813 = DIRECTION ( 'NONE',  ( 0.0000000000000000000, 1.000000000000000000, 0.0000000000000000000 ) ) ;
#4814 = CARTESIAN_POINT ( 'NONE',  ( -4.250000000000000888, -0.09999999999999914513, -0.8499999999999998668 ) ) ;
#4815 = ORIENTED_EDGE ( 'NONE', *, *, #834, .F. ) ;
#4816 = SURFACE_STYLE_FILL_AREA ( #6546 ) ;
#4817 = CARTESIAN_POINT ( 'NONE',  ( -1.899999999999999023, 2.000000000000000000, 0.0000000000000000000 ) ) ;
#4818 = CARTESIAN_POINT ( 'NONE',  ( 3.919999999999999929, 0.0000000000000000000, 1.319999999999999840 ) ) ;
#4819 = ORIENTED_EDGE ( 'NONE', *, *, #4585, .F. ) ;
#4820 = DIRECTION ( 'NONE',  ( -0.0000000000000000000, -0.0000000000000000000, -1.000000000000000000 ) ) ;
#4821 = ORIENTED_EDGE ( 'NONE', *, *, #4898, .F. ) ;
#4822 = EDGE_LOOP ( 'NONE', ( #5905, #1719, #1297, #1217 ) ) ;
#4823 = DIRECTION ( 'NONE',  ( 0.7071067811865474617, -0.7071067811865474617, 0.0000000000000000000 ) ) ;
#4824 = PLANE ( 'NONE',  #1806 ) ;
#4825 = FACE_OUTER_BOUND ( 'NONE', #6027, .T. ) ;
#4826 = VECTOR ( 'NONE', #3049, 1000.000000000000000 ) ;
#4827 = FACE_OUTER_BOUND ( 'NONE', #2986, .T. ) ;
#4828 = CARTESIAN_POINT ( 'NONE',  ( 0.0000000000000000000, 0.2000000000000000111, 0.0000000000000000000 ) ) ;
#4829 = ORIENTED_EDGE ( 'NONE', *, *, #1552, .F. ) ;
#4830 =( LENGTH_UNIT ( ) NAMED_UNIT ( * ) SI_UNIT ( .MILLI., .METRE. ) );
#4831 = ORIENTED_EDGE ( 'NONE', *, *, #6938, .T. ) ;
#4832 = VECTOR ( 'NONE', #6986, 1000.000000000000000 ) ;
#4833 = EDGE_CURVE ( 'NONE', #4244, #1662, #3803, .T. ) ;
#4834 =( LENGTH_UNIT ( ) NAMED_UNIT ( * ) SI_UNIT ( .MILLI., .METRE. ) );
#4835 = DIRECTION ( 'NONE',  ( -0.0000000000000000000, -1.000000000000000000, -0.0000000000000000000 ) ) ;
#4836 =( NAMED_UNIT ( * ) SI_UNIT ( $, .STERADIAN. ) SOLID_ANGLE_UNIT ( ) );
#4837 = DIRECTION ( 'NONE',  ( 1.000000000000000000, 0.0000000000000000000, 0.0000000000000000000 ) ) ;
#4838 = EDGE_CURVE ( 'NONE', #3884, #3478, #1480, .T. ) ;
#4839 = ORIENTED_EDGE ( 'NONE', *, *, #5370, .F. ) ;
#4840 = CARTESIAN_POINT ( 'NONE',  ( 2.150000000000001243, -2.500000000000000000, -1.750000000000000222 ) ) ;
#4841 = EDGE_CURVE ( 'NONE', #5782, #6552, #5115, .T. ) ;
#4842 =( GEOMETRIC_REPRESENTATION_CONTEXT ( 3 ) GLOBAL_UNCERTAINTY_ASSIGNED_CONTEXT ( ( #4567 ) ) GLOBAL_UNIT_ASSIGNED_CONTEXT ( ( #345, #7443, #5778 ) ) REPRESENTATION_CONTEXT ( 'NONE', 'WORKASPACE' ) );
#4843 = VERTEX_POINT ( 'NONE', #6210 ) ;
#4844 = ORIENTED_EDGE ( 'NONE', *, *, #776, .F. ) ;
#4845 = LINE ( 'NONE', #6572, #3396 ) ;
#4846 = VECTOR ( 'NONE', #4317, 1000.000000000000000 ) ;
#4847 = DIRECTION ( 'NONE',  ( 0.7071067811865473507, -0.7071067811865477948, 0.0000000000000000000 ) ) ;
#4848 = CARTESIAN_POINT ( 'NONE',  ( -4.050000000000007816, -1.779999999999971605, 1.729999999999998872 ) ) ;
#4849 = EDGE_CURVE ( 'NONE', #507, #4728, #7454, .T. ) ;
#4850 = CARTESIAN_POINT ( 'NONE',  ( -4.050000000000001599, -0.09999999999999982514, -0.8499999999999998668 ) ) ;
#4851 = ORIENTED_EDGE ( 'NONE', *, *, #1701, .T. ) ;
#4852 = SURFACE_STYLE_FILL_AREA ( #2465 ) ;
#4853 = FACE_OUTER_BOUND ( 'NONE', #1972, .T. ) ;
#4854 =( NAMED_UNIT ( * ) SI_UNIT ( $, .STERADIAN. ) SOLID_ANGLE_UNIT ( ) );
#4855 = ORIENTED_EDGE ( 'NONE', *, *, #7010, .T. ) ;
#4856 = CARTESIAN_POINT ( 'NONE',  ( -3.850000000000001421, 9.486769009248163798E-17, -0.9499999999999998446 ) ) ;
#4857 = FILL_AREA_STYLE_COLOUR ( '', #4577 ) ;
#4858 = ORIENTED_EDGE ( 'NONE', *, *, #3817, .F. ) ;
#4859 = VERTEX_POINT ( 'NONE', #3908 ) ;
#4860 = CARTESIAN_POINT ( 'NONE',  ( 3.969999999999999751, 0.2000000000000000111, -1.370000000000000551 ) ) ;
#4861 = LINE ( 'NONE', #1921, #81 ) ;
#4862 = DIRECTION ( 'NONE',  ( 0.0000000000000000000, -0.0000000000000000000, 1.000000000000000000 ) ) ;
#4863 = ADVANCED_FACE ( 'NONE', ( #6141 ), #984, .T. ) ;
#4864 = EDGE_LOOP ( 'NONE', ( #4673, #1840, #2612, #5293, #6160, #4262, #6813, #7487, #7074, #4714, #4704, #6459, #49, #6347, #5420, #4128, #5823, #2495, #4428, #5609, #2137 ) ) ;
#4865 = ORIENTED_EDGE ( 'NONE', *, *, #4350, .T. ) ;
#4866 = COLOUR_RGB ( '',0.7529411764705882248, 0.7529411764705882248, 0.7529411764705882248 ) ;
#4867 = CARTESIAN_POINT ( 'NONE',  ( -4.050000000000001599, -1.800000000000000266, 1.749999999999998446 ) ) ;
#4868 =( GEOMETRIC_REPRESENTATION_CONTEXT ( 3 ) GLOBAL_UNCERTAINTY_ASSIGNED_CONTEXT ( ( #5320 ) ) GLOBAL_UNIT_ASSIGNED_CONTEXT ( ( #2675, #2116, #2711 ) ) REPRESENTATION_CONTEXT ( 'NONE', 'WORKASPACE' ) );
#4869 = LINE ( 'NONE', #2599, #1457 ) ;
#4870 = CARTESIAN_POINT ( 'NONE',  ( 4.050000000000007816, -1.780000000000000693, 1.729999999999998872 ) ) ;
#4871 = ORIENTED_EDGE ( 'NONE', *, *, #760, .F. ) ;
#4872 = PRESENTATION_STYLE_ASSIGNMENT (( #7270 ) ) ;
#4873 = EDGE_CURVE ( 'NONE', #6225, #4876, #5084, .T. ) ;
#4874 = CARTESIAN_POINT ( 'NONE',  ( -1.112499999999999600, 1.887500000000000178, -2.250000000000000888 ) ) ;
#4875 = AXIS2_PLACEMENT_3D ( 'NONE', #3601, #5982, #3019 ) ;
#4876 = VERTEX_POINT ( 'NONE', #6253 ) ;
#4877 = DIRECTION ( 'NONE',  ( 1.000000000000000000, -0.0000000000000000000, -0.0000000000000000000 ) ) ;
#4878 = EDGE_LOOP ( 'NONE', ( #3032, #6471, #2047, #2775 ) ) ;
#4879 = PLANE ( 'NONE',  #4511 ) ;
#4880 = CARTESIAN_POINT ( 'NONE',  ( -2.849999999999998757, -2.500000000000000000, -1.750000000000000222 ) ) ;
#4881 =( GEOMETRIC_REPRESENTATION_CONTEXT ( 3 ) GLOBAL_UNCERTAINTY_ASSIGNED_CONTEXT ( ( #18 ) ) GLOBAL_UNIT_ASSIGNED_CONTEXT ( ( #2423, #1949, #6657 ) ) REPRESENTATION_CONTEXT ( 'NONE', 'WORKASPACE' ) );
#4882 = PRESENTATION_STYLE_ASSIGNMENT (( #3764 ) ) ;
#4883 = AXIS2_PLACEMENT_3D ( 'NONE', #4771, #6611, #1263 ) ;
#4884 = FILL_AREA_STYLE_COLOUR ( '', #7005 ) ;
#4885 = ORIENTED_EDGE ( 'NONE', *, *, #39, .T. ) ;
#4886 = FILL_AREA_STYLE_COLOUR ( '', #3159 ) ;
#4887 =( NAMED_UNIT ( * ) PLANE_ANGLE_UNIT ( ) SI_UNIT ( $, .RADIAN. ) );
#4888 = DIRECTION ( 'NONE',  ( 0.0000000000000000000, 1.000000000000000000, 0.0000000000000000000 ) ) ;
#4889 = CARTESIAN_POINT ( 'NONE',  ( 4.250000000000000888, -3.299999999999999822, 1.749999999999998890 ) ) ;
#4890 = VERTEX_POINT ( 'NONE', #2685 ) ;
#4891 = FILL_AREA_STYLE_COLOUR ( '', #6439 ) ;
#4892 = STYLED_ITEM ( 'NONE', ( #7003 ), #5967 ) ;
#4893 = AXIS2_PLACEMENT_3D ( 'NONE', #1533, #2704, #3891 ) ;
#4894 = FILL_AREA_STYLE ('',( #780 ) ) ;
#4895 = VERTEX_POINT ( 'NONE', #3838 ) ;
#4896 = VERTEX_POINT ( 'NONE', #908 ) ;
#4897 = CARTESIAN_POINT ( 'NONE',  ( -4.050000000000001599, -1.800000000000000044, -0.6500000000000000222 ) ) ;
#4898 = EDGE_CURVE ( 'NONE', #2223, #1377, #1515, .T. ) ;
#4899 = MECHANICAL_DESIGN_GEOMETRIC_PRESENTATION_REPRESENTATION (  '', ( #5147 ), #6738 ) ;
#4900 =( LENGTH_UNIT ( ) NAMED_UNIT ( * ) SI_UNIT ( .MILLI., .METRE. ) );
#4901 = UNCERTAINTY_MEASURE_WITH_UNIT (LENGTH_MEASURE( 1.000000000000000082E-05 ), #4459, 'distance_accuracy_value', 'NONE');
#4902 = LINE ( 'NONE', #7261, #2240 ) ;
#4903 = VECTOR ( 'NONE', #5303, 1000.000000000000000 ) ;
#4904 = VERTEX_POINT ( 'NONE', #3267 ) ;
#4905 = CARTESIAN_POINT ( 'NONE',  ( -0.3499999999999989231, -2.200000000000000178, -2.250000000000000888 ) ) ;
#4906 = ORIENTED_EDGE ( 'NONE', *, *, #4332, .T. ) ;
#4907 = SURFACE_STYLE_USAGE ( .BOTH. , #2034 ) ;
#4908 = DIRECTION ( 'NONE',  ( -1.000000000000000000, 0.0000000000000000000, 0.0000000000000000000 ) ) ;
#4909 = MECHANICAL_DESIGN_GEOMETRIC_PRESENTATION_REPRESENTATION (  '', ( #4794 ), #2452 ) ;
#4910 = PRESENTATION_STYLE_ASSIGNMENT (( #794 ) ) ;
#4911 = MECHANICAL_DESIGN_GEOMETRIC_PRESENTATION_REPRESENTATION (  '', ( #963 ), #1696 ) ;
#4912 = CARTESIAN_POINT ( 'NONE',  ( 4.050000000000001599, -1.800000000000000266, 1.749999999999998446 ) ) ;
#4913 = DIRECTION ( 'NONE',  ( 0.0000000000000000000, 1.000000000000000000, 6.123233995736766036E-17 ) ) ;
#4914 = AXIS2_PLACEMENT_3D ( 'NONE', #2964, #2108, #5885 ) ;
#4915 = VECTOR ( 'NONE', #2484, 1000.000000000000000 ) ;
#4916 = EDGE_CURVE ( 'NONE', #1573, #241, #875, .T. ) ;
#4917 = VECTOR ( 'NONE', #6679, 1000.000000000000000 ) ;
#4918 = VERTEX_POINT ( 'NONE', #3304 ) ;
#4919 = LINE ( 'NONE', #2603, #334 ) ;
#4920 = ORIENTED_EDGE ( 'NONE', *, *, #6157, .F. ) ;
#4921 = FILL_AREA_STYLE_COLOUR ( '', #3280 ) ;
#4922 = DIRECTION ( 'NONE',  ( -0.0000000000000000000, 0.0000000000000000000, -1.000000000000000000 ) ) ;
#4923 = LINE ( 'NONE', #7278, #7020 ) ;
#4924 = VECTOR ( 'NONE', #1789, 1000.000000000000000 ) ;
#4925 = EDGE_CURVE ( 'NONE', #3516, #3135, #7429, .T. ) ;
#4926 = DIRECTION ( 'NONE',  ( -0.0000000000000000000, -1.000000000000000000, -0.0000000000000000000 ) ) ;
#4927 = ORIENTED_EDGE ( 'NONE', *, *, #7096, .F. ) ;
#4928 = SURFACE_STYLE_USAGE ( .BOTH. , #329 ) ;
#4929 = MECHANICAL_DESIGN_GEOMETRIC_PRESENTATION_REPRESENTATION (  '', ( #5662 ), #5063 ) ;
#4930 = EDGE_CURVE ( 'NONE', #3744, #3724, #4412, .T. ) ;
#4931 = CARTESIAN_POINT ( 'NONE',  ( 0.3500000000000008660, -2.200000000000000178, -1.750000000000000222 ) ) ;
#4932 = ADVANCED_FACE ( 'NONE', ( #6802, #5640 ), #3348, .T. ) ;
#4933 =( LENGTH_UNIT ( ) NAMED_UNIT ( * ) SI_UNIT ( .MILLI., .METRE. ) );
#4934 = ORIENTED_EDGE ( 'NONE', *, *, #3143, .T. ) ;
#4935 = SURFACE_STYLE_USAGE ( .BOTH. , #6624 ) ;
#4936 = EDGE_CURVE ( 'NONE', #4260, #486, #6996, .T. ) ;
#4937 = VECTOR ( 'NONE', #4474, 1000.000000000000000 ) ;
#4938 = DIRECTION ( 'NONE',  ( 0.0000000000000000000, 0.0000000000000000000, 1.000000000000000000 ) ) ;
#4939 = ORIENTED_EDGE ( 'NONE', *, *, #4970, .F. ) ;
#4940 = ORIENTED_EDGE ( 'NONE', *, *, #6573, .T. ) ;
#4941 = PRESENTATION_STYLE_ASSIGNMENT (( #2588 ) ) ;
#4942 = APPLICATION_CONTEXT ( 'automotive_design' ) ;
#4943 = DIRECTION ( 'NONE',  ( -1.000000000000000000, 3.433306879537431628E-15, 0.0000000000000000000 ) ) ;
#4944 = PLANE ( 'NONE',  #3244 ) ;
#4946 = EDGE_CURVE ( 'NONE', #2935, #7522, #4152, .T. ) ;
#4945 = VECTOR ( 'NONE', #965, 1000.000000000000000 ) ;
#4947 = ORIENTED_EDGE ( 'NONE', *, *, #6158, .T. ) ;
#4948 = ADVANCED_FACE ( 'NONE', ( #4692 ), #475, .F. ) ;
#4949 = CARTESIAN_POINT ( 'NONE',  ( -3.950000000000001066, 9.486769009248163798E-17, -0.8499999999999998668 ) ) ;
#4950 = FILL_AREA_STYLE_COLOUR ( '', #6947 ) ;
#4951 = AXIS2_PLACEMENT_3D ( 'NONE', #2977, #3231, #1483 ) ;
#4952 = DIRECTION ( 'NONE',  ( -0.0000000000000000000, -0.0000000000000000000, 1.000000000000000000 ) ) ;
#4953 = PRESENTATION_STYLE_ASSIGNMENT (( #4444 ) ) ;
#4954 = CARTESIAN_POINT ( 'NONE',  ( -3.919999999999999929, 0.2000000000000000111, 0.8499999999999994227 ) ) ;
#4955 = VECTOR ( 'NONE', #1885, 1000.000000000000000 ) ;
#4956 = ORIENTED_EDGE ( 'NONE', *, *, #3412, .T. ) ;
#4957 = CARTESIAN_POINT ( 'NONE',  ( -4.250000000000000888, 6.982962677686266711E-16, 0.8499999999999994227 ) ) ;
#4958 = VERTEX_POINT ( 'NONE', #3985 ) ;
#4959 = DIRECTION ( 'NONE',  ( 0.7071067811865474617, 0.7071067811865474617, 0.0000000000000000000 ) ) ;
#4960 = DIRECTION ( 'NONE',  ( 0.7071067811865474617, 0.7071067811865474617, 0.0000000000000000000 ) ) ;
#4961 = MECHANICAL_DESIGN_GEOMETRIC_PRESENTATION_REPRESENTATION (  '', ( #1988 ), #1621 ) ;
#4962 = COLOUR_RGB ( '',0.7529411764705882248, 0.7529411764705882248, 0.7529411764705882248 ) ;
#4963 = CARTESIAN_POINT ( 'NONE',  ( -2.749999999999998668, -2.200000000000000178, 5.399999999999998579 ) ) ;
#4964 = LINE ( 'NONE', #4850, #4163 ) ;
#4965 = ORIENTED_EDGE ( 'NONE', *, *, #6838, .F. ) ;
#4966 = PLANE ( 'NONE',  #4951 ) ;
#4967 = CARTESIAN_POINT ( 'NONE',  ( 2.750000000000001776, -2.500000000000000000, 5.399999999999998579 ) ) ;
#4968 = CARTESIAN_POINT ( 'NONE',  ( -4.050000000000007816, -1.780000000000000693, -0.6697014260101297189 ) ) ;
#4969 = LINE ( 'NONE', #3275, #3443 ) ;
#4970 = EDGE_CURVE ( 'NONE', #298, #7019, #5146, .T. ) ;
#4971 = DIRECTION ( 'NONE',  ( 0.0000000000000000000, 1.000000000000000000, 0.0000000000000000000 ) ) ;
#4972 = MANIFOLD_SOLID_BREP ( 'Cut-Extrude6', #1864 ) ;
#4973 = ORIENTED_EDGE ( 'NONE', *, *, #1147, .T. ) ;
#4974 =( LENGTH_UNIT ( ) NAMED_UNIT ( * ) SI_UNIT ( .MILLI., .METRE. ) );
#4975 = VERTEX_POINT ( 'NONE', #6488 ) ;
#4976 = VERTEX_POINT ( 'NONE', #1095 ) ;
#4977 = CARTESIAN_POINT ( 'NONE',  ( 4.050000000000004263, -0.8200000000000005063, 0.8499999999999989786 ) ) ;
#4978 = SURFACE_STYLE_FILL_AREA ( #4247 ) ;
#4979 = EDGE_CURVE ( 'NONE', #1844, #993, #5269, .T. ) ;
#4980 = VECTOR ( 'NONE', #6567, 1000.000000000000000 ) ;
#4981 = PRESENTATION_STYLE_ASSIGNMENT (( #2629 ) ) ;
#4982 = FILL_AREA_STYLE ('',( #1960 ) ) ;
#4983 = EDGE_LOOP ( 'NONE', ( #1955, #3124, #4643, #2688, #5502, #5656 ) ) ;
#4984 = STYLED_ITEM ( 'NONE', ( #4910 ), #2432 ) ;
#4985 = FILL_AREA_STYLE ('',( #2632 ) ) ;
#4986 = CARTESIAN_POINT ( 'NONE',  ( 2.850000000000000977, -2.500000000000000000, 1.749999999999998890 ) ) ;
#4987 = EDGE_CURVE ( 'NONE', #5782, #4541, #2333, .T. ) ;
#4988 = PRESENTATION_STYLE_ASSIGNMENT (( #1428 ) ) ;
#4989 =( NAMED_UNIT ( * ) SI_UNIT ( $, .STERADIAN. ) SOLID_ANGLE_UNIT ( ) );
#4990 = FILL_AREA_STYLE_COLOUR ( '', #364 ) ;
#4991 = VECTOR ( 'NONE', #6863, 1000.000000000000000 ) ;
#4992 = PRESENTATION_STYLE_ASSIGNMENT (( #2643 ) ) ;
#4993 = ORIENTED_EDGE ( 'NONE', *, *, #3078, .F. ) ;
#4994 = FILL_AREA_STYLE_COLOUR ( '', #4789 ) ;
#4995 = LINE ( 'NONE', #6650, #6710 ) ;
#4996 = PRESENTATION_STYLE_ASSIGNMENT (( #941 ) ) ;
#4997 = ADVANCED_FACE ( 'NONE', ( #7529 ), #2250, .F. ) ;
#4998 = DIRECTION ( 'NONE',  ( -3.388131789017202342E-16, -0.0000000000000000000, -1.000000000000000000 ) ) ;
#4999 =( GEOMETRIC_REPRESENTATION_CONTEXT ( 3 ) GLOBAL_UNCERTAINTY_ASSIGNED_CONTEXT ( ( #1163 ) ) GLOBAL_UNIT_ASSIGNED_CONTEXT ( ( #3301, #7383, #287 ) ) REPRESENTATION_CONTEXT ( 'NONE', 'WORKASPACE' ) );
#5000 = VECTOR ( 'NONE', #3944, 1000.000000000000000 ) ;
#5001 = DIRECTION ( 'NONE',  ( -0.0000000000000000000, -0.0000000000000000000, -1.000000000000000000 ) ) ;
#5002 = VERTEX_POINT ( 'NONE', #6682 ) ;
#5003 = LINE ( 'NONE', #1845, #4826 ) ;
#5004 = LINE ( 'NONE', #4343, #2784 ) ;
#5005 = LINE ( 'NONE', #4968, #2904 ) ;
#5006 = DIRECTION ( 'NONE',  ( -1.000000000000000000, 0.0000000000000000000, -0.0000000000000000000 ) ) ;
#5007 = PLANE ( 'NONE',  #5897 ) ;
#5008 = SURFACE_STYLE_FILL_AREA ( #5608 ) ;
#5009 = VERTEX_POINT ( 'NONE', #63 ) ;
#5010 = VECTOR ( 'NONE', #6806, 1000.000000000000000 ) ;
#5011 =( NAMED_UNIT ( * ) SI_UNIT ( $, .STERADIAN. ) SOLID_ANGLE_UNIT ( ) );
#5012 = DIRECTION ( 'NONE',  ( -1.000000000000000000, 0.0000000000000000000, 0.0000000000000000000 ) ) ;
#5013 = ORIENTED_EDGE ( 'NONE', *, *, #7071, .T. ) ;
#5014 = ORIENTED_EDGE ( 'NONE', *, *, #4344, .T. ) ;
#5015 = LINE ( 'NONE', #2064, #5987 ) ;
#5016 = CARTESIAN_POINT ( 'NONE',  ( -4.249999999999999112, -3.299999999999999822, -0.8250000000000011768 ) ) ;
#5017 = EDGE_CURVE ( 'NONE', #954, #2202, #3103, .T. ) ;
#5018 = SURFACE_SIDE_STYLE ('',( #2705 ) ) ;
#5019 = CARTESIAN_POINT ( 'NONE',  ( 3.969999999999999751, 0.2000000000000000111, -0.8999999999999999112 ) ) ;
#5020 = VECTOR ( 'NONE', #2130, 1000.000000000000000 ) ;
#5021 = EDGE_CURVE ( 'NONE', #4071, #6536, #5418, .T. ) ;
#5022 = CARTESIAN_POINT ( 'NONE',  ( -4.050000000000007816, -1.799999999999972067, 0.0000000000000000000 ) ) ;
#5023 = EDGE_CURVE ( 'NONE', #2473, #2132, #2449, .T. ) ;
#5024 = ORIENTED_EDGE ( 'NONE', *, *, #400, .T. ) ;
#5025 = PRESENTATION_STYLE_ASSIGNMENT (( #1502 ) ) ;
#5026 = EDGE_CURVE ( 'NONE', #7144, #4290, #1816, .T. ) ;
#5027 = UNCERTAINTY_MEASURE_WITH_UNIT (LENGTH_MEASURE( 1.000000000000000082E-05 ), #290, 'distance_accuracy_value', 'NONE');
#5028 = PLANE ( 'NONE',  #6872 ) ;
#5029 = COLOUR_RGB ( '',0.7529411764705882248, 0.7529411764705882248, 0.7529411764705882248 ) ;
#5030 = PRESENTATION_LAYER_ASSIGNMENT (  '', '', ( #3422 ) ) ;
#5031 =( LENGTH_UNIT ( ) NAMED_UNIT ( * ) SI_UNIT ( .MILLI., .METRE. ) );
#5032 = LINE ( 'NONE', #2036, #239 ) ;
#5033 = CARTESIAN_POINT ( 'NONE',  ( -2.499999999999999112, -2.500000000000000000, 5.399999999999998579 ) ) ;
#5034 = PLANE ( 'NONE',  #2203 ) ;
#5035 = DIRECTION ( 'NONE',  ( 0.0000000000000000000, 0.0000000000000000000, 1.000000000000000000 ) ) ;
#5036 = PRESENTATION_LAYER_ASSIGNMENT (  '', '', ( #4785 ) ) ;
#5037 =( NAMED_UNIT ( * ) SI_UNIT ( $, .STERADIAN. ) SOLID_ANGLE_UNIT ( ) );
#5038 = PRESENTATION_LAYER_ASSIGNMENT (  '', '', ( #957 ) ) ;
#5039 = VERTEX_POINT ( 'NONE', #2408 ) ;
#5040 =( NAMED_UNIT ( * ) SI_UNIT ( $, .STERADIAN. ) SOLID_ANGLE_UNIT ( ) );
#5041 = DIRECTION ( 'NONE',  ( 0.0000000000000000000, 0.0000000000000000000, -1.000000000000000000 ) ) ;
#5042 = AXIS2_PLACEMENT_3D ( 'NONE', #7050, #5739, #2738 ) ;
#5043 = DIRECTION ( 'NONE',  ( 1.000000000000000000, 0.0000000000000000000, 0.0000000000000000000 ) ) ;
#5044 = ADVANCED_FACE ( 'NONE', ( #3140 ), #3029, .T. ) ;
#5045 = CARTESIAN_POINT ( 'NONE',  ( -2.149999999999999023, -2.200000000000000178, 2.549999999999998934 ) ) ;
#5046 = AXIS2_PLACEMENT_3D ( 'NONE', #4763, #510, #2367 ) ;
#5047 = ORIENTED_EDGE ( 'NONE', *, *, #6704, .T. ) ;
#5048 = DIRECTION ( 'NONE',  ( -1.000000000000000000, 0.0000000000000000000, -0.0000000000000000000 ) ) ;
#5049 =( LENGTH_UNIT ( ) NAMED_UNIT ( * ) SI_UNIT ( .MILLI., .METRE. ) );
#5050 = EDGE_CURVE ( 'NONE', #2427, #2846, #4194, .T. ) ;
#5051 = VECTOR ( 'NONE', #4701, 1000.000000000000000 ) ;
#5052 = CARTESIAN_POINT ( 'NONE',  ( -0.9499999999999994005, 1.050000000000000488, -1.000000000000000222 ) ) ;
#5053 = DIRECTION ( 'NONE',  ( 0.0000000000000000000, 0.0000000000000000000, 1.000000000000000000 ) ) ;
#5054 = AXIS2_PLACEMENT_3D ( 'NONE', #2608, #679, #1409 ) ;
#5055 = FACE_OUTER_BOUND ( 'NONE', #1361, .T. ) ;
#5056 = VERTEX_POINT ( 'NONE', #5377 ) ;
#5057 = VECTOR ( 'NONE', #3511, 1000.000000000000000 ) ;
#5058 = ORIENTED_EDGE ( 'NONE', *, *, #4123, .T. ) ;
#5059 = ORIENTED_EDGE ( 'NONE', *, *, #2750, .F. ) ;
#5060 = MECHANICAL_DESIGN_GEOMETRIC_PRESENTATION_REPRESENTATION (  '', ( #865 ), #6268 ) ;
#5061 = DIRECTION ( 'NONE',  ( -0.0000000000000000000, -1.000000000000000000, -1.084202172485504434E-16 ) ) ;
#5062 = FILL_AREA_STYLE ('',( #2182 ) ) ;
#5063 =( GEOMETRIC_REPRESENTATION_CONTEXT ( 3 ) GLOBAL_UNCERTAINTY_ASSIGNED_CONTEXT ( ( #7490 ) ) GLOBAL_UNIT_ASSIGNED_CONTEXT ( ( #3175, #2678, #2079 ) ) REPRESENTATION_CONTEXT ( 'NONE', 'WORKASPACE' ) );
#5064 = DIRECTION ( 'NONE',  ( 1.000000000000000000, 0.0000000000000000000, -1.807003620809174139E-16 ) ) ;
#5065 = ORIENTED_EDGE ( 'NONE', *, *, #5806, .F. ) ;
#5066 = CARTESIAN_POINT ( 'NONE',  ( 3.850000000000001421, 9.486769009248163798E-17, 0.9499999999999990674 ) ) ;
#5067 = LINE ( 'NONE', #2115, #3188 ) ;
#5068 = AXIS2_PLACEMENT_3D ( 'NONE', #6378, #3991, #5887 ) ;
#5069 = CARTESIAN_POINT ( 'NONE',  ( 4.250000000000000888, -3.299999999999999822, -0.8250000000000008438 ) ) ;
#5070 =( NAMED_UNIT ( * ) PLANE_ANGLE_UNIT ( ) SI_UNIT ( $, .RADIAN. ) );
#5071 =( NAMED_UNIT ( * ) PLANE_ANGLE_UNIT ( ) SI_UNIT ( $, .RADIAN. ) );
#5072 = VECTOR ( 'NONE', #5509, 1000.000000000000000 ) ;
#5073 = PLANE ( 'NONE',  #2966 ) ;
#5074 = CARTESIAN_POINT ( 'NONE',  ( 4.250000000000000888, -0.7999999999999998224, -1.750000000000000666 ) ) ;
#5075 = LINE ( 'NONE', #6756, #6495 ) ;
#5076 = VERTEX_POINT ( 'NONE', #4806 ) ;
#5077 = COLOUR_RGB ( '',0.7529411764705882248, 0.7529411764705882248, 0.7529411764705882248 ) ;
#5078 = ADVANCED_FACE ( 'NONE', ( #673 ), #99, .T. ) ;
#5079 = ORIENTED_EDGE ( 'NONE', *, *, #1863, .F. ) ;
#5080 = SURFACE_STYLE_USAGE ( .BOTH. , #362 ) ;
#5081 = DIRECTION ( 'NONE',  ( 0.0000000000000000000, 1.000000000000000000, 0.0000000000000000000 ) ) ;
#5082 = ADVANCED_FACE ( 'NONE', ( #5553 ), #5034, .T. ) ;
#5083 = ADVANCED_FACE ( 'NONE', ( #7447 ), #5073, .F. ) ;
#5084 = LINE ( 'NONE', #7310, #2092 ) ;
#5085 = STYLED_ITEM ( 'NONE', ( #6133 ), #6922 ) ;
#5086 = COLOUR_RGB ( '',0.7529411764705882248, 0.7529411764705882248, 0.7529411764705882248 ) ;
#5087 = EDGE_LOOP ( 'NONE', ( #3133, #2013, #4956, #886, #6456, #2938, #1119, #770, #4077, #777, #695, #3283, #832, #5737 ) ) ;
#5088 = FACE_OUTER_BOUND ( 'NONE', #4761, .T. ) ;
#5089 = PRESENTATION_LAYER_ASSIGNMENT (  '', '', ( #393 ) ) ;
#5090 =( NAMED_UNIT ( * ) PLANE_ANGLE_UNIT ( ) SI_UNIT ( $, .RADIAN. ) );
#5091 = CARTESIAN_POINT ( 'NONE',  ( 3.969999999999999751, 0.2000000000000000111, -1.370000000000000551 ) ) ;
#5092 = PLANE ( 'NONE',  #761 ) ;
#5093 = CARTESIAN_POINT ( 'NONE',  ( -0.3499999999999990896, -2.200000000000000178, 1.749999999999998890 ) ) ;
#5094 = ORIENTED_EDGE ( 'NONE', *, *, #5639, .T. ) ;
#5095 = ORIENTED_EDGE ( 'NONE', *, *, #5870, .T. ) ;
#5096 = EDGE_LOOP ( 'NONE', ( #543, #6355, #1435, #7072, #7286, #6066, #1643, #153, #3242, #6107, #5802, #2625, #2807, #4947, #619, #3126 ) ) ;
#5097 = DIRECTION ( 'NONE',  ( 0.7071067811865475727, -0.7071067811865475727, 0.0000000000000000000 ) ) ;
#5098 =( NAMED_UNIT ( * ) PLANE_ANGLE_UNIT ( ) SI_UNIT ( $, .RADIAN. ) );
#5099 = SURFACE_STYLE_USAGE ( .BOTH. , #5664 ) ;
#5100 = MANIFOLD_SOLID_BREP ( 'Boss-Extrude4[2]', #6402 ) ;
#5101 = ORIENTED_EDGE ( 'NONE', *, *, #3092, .T. ) ;
#5102 = DIRECTION ( 'NONE',  ( -0.0000000000000000000, -1.000000000000000000, -0.0000000000000000000 ) ) ;
#5103 = CARTESIAN_POINT ( 'NONE',  ( -2.849999999999998757, -2.200000000000000178, -1.750000000000000222 ) ) ;
#5104 = CARTESIAN_POINT ( 'NONE',  ( 0.3500000000000011435, -2.200000000000000178, 2.549999999999998934 ) ) ;
#5105 = CARTESIAN_POINT ( 'NONE',  ( 3.919999999999999929, 0.2000000000000000111, 0.8499999999999989786 ) ) ;
#5106 = DIRECTION ( 'NONE',  ( 0.0000000000000000000, -1.000000000000000000, -1.275531967630005739E-16 ) ) ;
#5107 = FILL_AREA_STYLE ('',( #6314 ) ) ;
#5108 = VECTOR ( 'NONE', #3061, 1000.000000000000000 ) ;
#5109 = EDGE_LOOP ( 'NONE', ( #1079, #6340, #6215, #4275 ) ) ;
#5110 = VERTEX_POINT ( 'NONE', #4482 ) ;
#5111 =( LENGTH_UNIT ( ) NAMED_UNIT ( * ) SI_UNIT ( .MILLI., .METRE. ) );
#5112 = CARTESIAN_POINT ( 'NONE',  ( -2.299999999999999378, 0.2000000000000000111, 1.199999999999999956 ) ) ;
#5113 = DIRECTION ( 'NONE',  ( 0.0000000000000000000, 0.0000000000000000000, -1.000000000000000000 ) ) ;
#5114 = ADVANCED_FACE ( 'NONE', ( #6906 ), #974, .T. ) ;
#5115 = LINE ( 'NONE', #6881, #1115 ) ;
#5116 = CARTESIAN_POINT ( 'NONE',  ( -0.9999999999999995559, 2.000000000000000000, 1.000000000000000000 ) ) ;
#5117 = ORIENTED_EDGE ( 'NONE', *, *, #264, .F. ) ;
#5118 = SURFACE_SIDE_STYLE ('',( #6327 ) ) ;
#5119 = PRESENTATION_STYLE_ASSIGNMENT (( #2760 ) ) ;
#5120 = MECHANICAL_DESIGN_GEOMETRIC_PRESENTATION_REPRESENTATION (  '', ( #1176 ), #4999 ) ;
#5122 = STYLED_ITEM ( 'NONE', ( #500 ), #1107 ) ;
#5121 = PLANE ( 'NONE',  #4006 ) ;
#5123 = CARTESIAN_POINT ( 'NONE',  ( 4.050000000000007816, -1.800000000000000933, 0.0000000000000000000 ) ) ;
#5124 = SURFACE_STYLE_USAGE ( .BOTH. , #919 ) ;
#5125 = ORIENTED_EDGE ( 'NONE', *, *, #2908, .T. ) ;
#5126 = ADVANCED_FACE ( 'NONE', ( #5217 ), #5297, .F. ) ;
#5127 = PLANE ( 'NONE',  #6745 ) ;
#5128 = ORIENTED_EDGE ( 'NONE', *, *, #5743, .T. ) ;
#5129 = ORIENTED_EDGE ( 'NONE', *, *, #1175, .T. ) ;
#5130 =( NAMED_UNIT ( * ) SI_UNIT ( $, .STERADIAN. ) SOLID_ANGLE_UNIT ( ) );
#5131 = CARTESIAN_POINT ( 'NONE',  ( 4.250000000000003553, -0.8199999999999998401, 0.8499999999999989786 ) ) ;
#5132 = DIRECTION ( 'NONE',  ( -1.807003620809174139E-16, 0.0000000000000000000, -1.000000000000000000 ) ) ;
#5133 = ORIENTED_EDGE ( 'NONE', *, *, #1319, .T. ) ;
#5134 = VERTEX_POINT ( 'NONE', #6313 ) ;
#5135 = EDGE_CURVE ( 'NONE', #2070, #1168, #2906, .T. ) ;
#5136 = FILL_AREA_STYLE ('',( #5668 ) ) ;
#5137 = CARTESIAN_POINT ( 'NONE',  ( -3.000000000000000000, 0.2000000000000000111, -1.319999999999999396 ) ) ;
#5138 = CARTESIAN_POINT ( 'NONE',  ( -2.407412430484044816E-32, 0.0000000000000000000, -1.000000000000000222 ) ) ;
#5139 = FILL_AREA_STYLE ('',( #2237 ) ) ;
#5140 = DIRECTION ( 'NONE',  ( 1.000000000000000000, -0.0000000000000000000, -0.0000000000000000000 ) ) ;
#5141 = VECTOR ( 'NONE', #1179, 1000.000000000000000 ) ;
#5142 = EDGE_LOOP ( 'NONE', ( #5359, #737, #6700, #7565, #3526, #4082, #2346, #4008, #5475, #7200, #3083, #5603, #5379, #1811, #413, #62, #2788, #6687, #3163, #3848, #4493, #2853, #2695, #7217, #2502, #4871, #923, #4644 ) ) ;
#5143 = PLANE ( 'NONE',  #2940 ) ;
#5144 = ORIENTED_EDGE ( 'NONE', *, *, #4357, .T. ) ;
#5145 = DIRECTION ( 'NONE',  ( 1.000000000000000000, -0.0000000000000000000, 0.0000000000000000000 ) ) ;
#5146 = LINE ( 'NONE', #3454, #129 ) ;
#5147 = STYLED_ITEM ( 'NONE', ( #5915 ), #6345 ) ;
#5148 = EDGE_CURVE ( 'NONE', #421, #582, #2862, .T. ) ;
#5149 = MECHANICAL_DESIGN_GEOMETRIC_PRESENTATION_REPRESENTATION (  '', ( #4173 ), #590 ) ;
#5150 = AXIS2_PLACEMENT_3D ( 'NONE', #7284, #4273, #191 ) ;
#5151 = CARTESIAN_POINT ( 'NONE',  ( 4.250000000000000888, -2.949999999999999734, 1.749999999999998890 ) ) ;
#5152 = ORIENTED_EDGE ( 'NONE', *, *, #2499, .T. ) ;
#5153 = PRESENTATION_LAYER_ASSIGNMENT (  '', '', ( #7252 ) ) ;
#5154 =( NAMED_UNIT ( * ) SI_UNIT ( $, .STERADIAN. ) SOLID_ANGLE_UNIT ( ) );
#5155 = DIRECTION ( 'NONE',  ( -0.7071067811865475727, -0.7071067811865475727, 0.0000000000000000000 ) ) ;
#5156 = LINE ( 'NONE', #7499, #5244 ) ;
#5157 = EDGE_CURVE ( 'NONE', #1109, #8, #2278, .T. ) ;
#5158 = COLOUR_RGB ( '',0.7529411764705882248, 0.7529411764705882248, 0.7529411764705882248 ) ;
#5159 = ORIENTED_EDGE ( 'NONE', *, *, #1045, .F. ) ;
#5160 = COLOUR_RGB ( '',0.7529411764705882248, 0.7529411764705882248, 0.7529411764705882248 ) ;
#5161 =( GEOMETRIC_REPRESENTATION_CONTEXT ( 3 ) GLOBAL_UNCERTAINTY_ASSIGNED_CONTEXT ( ( #3966 ) ) GLOBAL_UNIT_ASSIGNED_CONTEXT ( ( #3171, #2522, #3137 ) ) REPRESENTATION_CONTEXT ( 'NONE', 'WORKASPACE' ) );
#5162 =( LENGTH_UNIT ( ) NAMED_UNIT ( * ) SI_UNIT ( .MILLI., .METRE. ) );
#5163 = ORIENTED_EDGE ( 'NONE', *, *, #4782, .T. ) ;
#5164 = ORIENTED_EDGE ( 'NONE', *, *, #258, .F. ) ;
#5165 = ADVANCED_FACE ( 'NONE', ( #6985, #1618 ), #7599, .T. ) ;
#5166 = VECTOR ( 'NONE', #6148, 1000.000000000000114 ) ;
#5167 = DIRECTION ( 'NONE',  ( 0.0000000000000000000, -1.275531967630005739E-16, 1.000000000000000000 ) ) ;
#5168 = EDGE_CURVE ( 'NONE', #420, #5134, #2318, .T. ) ;
#5169 = VECTOR ( 'NONE', #192, 1000.000000000000000 ) ;
#5170 = PLANE ( 'NONE',  #2585 ) ;
#5171 = EDGE_CURVE ( 'NONE', #4728, #6744, #6352, .T. ) ;
#5172 =( GEOMETRIC_REPRESENTATION_CONTEXT ( 3 ) GLOBAL_UNCERTAINTY_ASSIGNED_CONTEXT ( ( #3410 ) ) GLOBAL_UNIT_ASSIGNED_CONTEXT ( ( #593, #2874, #5307 ) ) REPRESENTATION_CONTEXT ( 'NONE', 'WORKASPACE' ) );
#5173 = ORIENTED_EDGE ( 'NONE', *, *, #5021, .T. ) ;
#5174 = ORIENTED_EDGE ( 'NONE', *, *, #917, .T. ) ;
#5175 = UNCERTAINTY_MEASURE_WITH_UNIT (LENGTH_MEASURE( 1.000000000000000082E-05 ), #1101, 'distance_accuracy_value', 'NONE');
#5176 = FILL_AREA_STYLE ('',( #5746 ) ) ;
#5177 = DIRECTION ( 'NONE',  ( -0.0000000000000000000, -0.0000000000000000000, -1.000000000000000000 ) ) ;
#5178 = LINE ( 'NONE', #5749, #4414 ) ;
#5179 = DIRECTION ( 'NONE',  ( -1.000000000000000000, 0.0000000000000000000, -0.0000000000000000000 ) ) ;
#5180 = CARTESIAN_POINT ( 'NONE',  ( -2.849999999999998757, -2.500000000000000000, 2.549999999999998934 ) ) ;
#5181 = DIRECTION ( 'NONE',  ( 0.0000000000000000000, 0.0000000000000000000, -1.000000000000000000 ) ) ;
#5182 = EDGE_CURVE ( 'NONE', #4505, #6275, #1161, .T. ) ;
#5183 =( LENGTH_UNIT ( ) NAMED_UNIT ( * ) SI_UNIT ( .MILLI., .METRE. ) );
#5184 = ORIENTED_EDGE ( 'NONE', *, *, #7242, .T. ) ;
#5185 = DIRECTION ( 'NONE',  ( 0.0000000000000000000, 0.0000000000000000000, 1.000000000000000000 ) ) ;
#5186 = ORIENTED_EDGE ( 'NONE', *, *, #5729, .F. ) ;
#5187 = CARTESIAN_POINT ( 'NONE',  ( 4.250000000000007105, -1.780000000000000027, -1.730000000000000870 ) ) ;
#5188 = PRESENTATION_STYLE_ASSIGNMENT (( #4646 ) ) ;
#5189 = PLANE ( 'NONE',  #6575 ) ;
#5190 = UNCERTAINTY_MEASURE_WITH_UNIT (LENGTH_MEASURE( 1.000000000000000082E-05 ), #4900, 'distance_accuracy_value', 'NONE');
#5191 = UNCERTAINTY_MEASURE_WITH_UNIT (LENGTH_MEASURE( 1.000000000000000082E-05 ), #4501, 'distance_accuracy_value', 'NONE');
#5192 = CARTESIAN_POINT ( 'NONE',  ( -0.8874999999999997335, 1.887500000000000178, -2.250000000000000888 ) ) ;
#5193 = DIRECTION ( 'NONE',  ( -1.000000000000000000, 0.0000000000000000000, 0.0000000000000000000 ) ) ;
#5194 = AXIS2_PLACEMENT_3D ( 'NONE', #5066, #7297, #1538 ) ;
#5195 =( NAMED_UNIT ( * ) PLANE_ANGLE_UNIT ( ) SI_UNIT ( $, .RADIAN. ) );
#5196 = ORIENTED_EDGE ( 'NONE', *, *, #3038, .T. ) ;
#5197 = FILL_AREA_STYLE ('',( #7575 ) ) ;
#5198 =( NAMED_UNIT ( * ) SI_UNIT ( $, .STERADIAN. ) SOLID_ANGLE_UNIT ( ) );
#5199 = LINE ( 'NONE', #2256, #2707 ) ;
#5200 = VECTOR ( 'NONE', #269, 1000.000000000000114 ) ;
#5201 = SURFACE_SIDE_STYLE ('',( #602 ) ) ;
#5202 = DIRECTION ( 'NONE',  ( 1.000000000000000000, -0.0000000000000000000, -0.0000000000000000000 ) ) ;
#5203 = VERTEX_POINT ( 'NONE', #6403 ) ;
#5204 = DIRECTION ( 'NONE',  ( 1.000000000000000000, 0.0000000000000000000, 0.0000000000000000000 ) ) ;
#5205 =( NAMED_UNIT ( * ) PLANE_ANGLE_UNIT ( ) SI_UNIT ( $, .RADIAN. ) );
#5206 = EDGE_LOOP ( 'NONE', ( #7047, #5236, #2243, #7208 ) ) ;
#5207 = VECTOR ( 'NONE', #6524, 1000.000000000000000 ) ;
#5208 = ORIENTED_EDGE ( 'NONE', *, *, #2161, .F. ) ;
#5209 = EDGE_CURVE ( 'NONE', #3778, #5845, #1126, .T. ) ;
#5210 = LINE ( 'NONE', #4209, #2448 ) ;
#5211 = DIRECTION ( 'NONE',  ( -0.0000000000000000000, -1.000000000000000000, -0.0000000000000000000 ) ) ;
#5212 = VERTEX_POINT ( 'NONE', #427 ) ;
#5213 = VERTEX_POINT ( 'NONE', #4679 ) ;
#5214 = EDGE_CURVE ( 'NONE', #3153, #5213, #7031, .T. ) ;
#5215 = LINE ( 'NONE', #5972, #4000 ) ;
#5216 = FILL_AREA_STYLE ('',( #5254 ) ) ;
#5217 = FACE_OUTER_BOUND ( 'NONE', #6920, .T. ) ;
#5218 = EDGE_CURVE ( 'NONE', #6054, #1974, #3940, .T. ) ;
#5219 = CYLINDRICAL_SURFACE ( 'NONE', #7126, 0.2500000000000002220 ) ;
#5220 = ORIENTED_EDGE ( 'NONE', *, *, #6534, .T. ) ;
#5221 = VERTEX_POINT ( 'NONE', #1358 ) ;
#5222 = SURFACE_STYLE_FILL_AREA ( #2868 ) ;
#5223 = DIRECTION ( 'NONE',  ( -1.000000000000000000, -3.410973126920687092E-15, 0.0000000000000000000 ) ) ;
#5224 = SURFACE_STYLE_FILL_AREA ( #2870 ) ;
#5225 = CARTESIAN_POINT ( 'NONE',  ( 2.750000000000001332, -2.200000000000000178, 2.649999999999998579 ) ) ;
#5226 = VECTOR ( 'NONE', #1507, 1000.000000000000000 ) ;
#5227 = UNCERTAINTY_MEASURE_WITH_UNIT (LENGTH_MEASURE( 1.000000000000000082E-05 ), #7068, 'distance_accuracy_value', 'NONE');
#5228 = FACE_OUTER_BOUND ( 'NONE', #3988, .T. ) ;
#5229 =( GEOMETRIC_REPRESENTATION_CONTEXT ( 3 ) GLOBAL_UNCERTAINTY_ASSIGNED_CONTEXT ( ( #568 ) ) GLOBAL_UNIT_ASSIGNED_CONTEXT ( ( #1085, #7446, #4055 ) ) REPRESENTATION_CONTEXT ( 'NONE', 'WORKASPACE' ) );
#5230 = EDGE_LOOP ( 'NONE', ( #5243, #2252, #608, #5734, #627, #6910, #5893, #3146, #6693, #1729, #3436 ) ) ;
#5231 = CARTESIAN_POINT ( 'NONE',  ( 3.969999999999999751, 0.2000000000000000111, -1.370000000000000551 ) ) ;
#5232 = EDGE_CURVE ( 'NONE', #6051, #2105, #3130, .T. ) ;
#5233 =( NAMED_UNIT ( * ) PLANE_ANGLE_UNIT ( ) SI_UNIT ( $, .RADIAN. ) );
#5234 = FACE_OUTER_BOUND ( 'NONE', #7312, .T. ) ;
#5235 = CARTESIAN_POINT ( 'NONE',  ( 4.050000000000007816, -1.780000000000000693, 1.729999999999998872 ) ) ;
#5236 = ORIENTED_EDGE ( 'NONE', *, *, #2610, .F. ) ;
#5237 = FACE_OUTER_BOUND ( 'NONE', #3543, .T. ) ;
#5238 = VERTEX_POINT ( 'NONE', #4757 ) ;
#5239 = ORIENTED_EDGE ( 'NONE', *, *, #2669, .T. ) ;
#5240 = CARTESIAN_POINT ( 'NONE',  ( -0.3499999999999990896, -2.200000000000000178, 1.749999999999998890 ) ) ;
#5241 = LINE ( 'NONE', #1760, #2810 ) ;
#5242 = CARTESIAN_POINT ( 'NONE',  ( 0.0000000000000000000, 0.2000000000000000111, 0.9499999999999990674 ) ) ;
#5243 = ORIENTED_EDGE ( 'NONE', *, *, #3176, .F. ) ;
#5244 = VECTOR ( 'NONE', #4575, 1000.000000000000000 ) ;
#5245 = DIRECTION ( 'NONE',  ( 0.0000000000000000000, 0.0000000000000000000, 1.000000000000000000 ) ) ;
#5246 = ADVANCED_FACE ( 'NONE', ( #4142 ), #6476, .F. ) ;
#5247 = VERTEX_POINT ( 'NONE', #5472 ) ;
#5248 = ORIENTED_EDGE ( 'NONE', *, *, #494, .T. ) ;
#5249 = ADVANCED_FACE ( 'NONE', ( #2478 ), #5984, .F. ) ;
#5250 = FILL_AREA_STYLE_COLOUR ( '', #380 ) ;
#5251 = AXIS2_PLACEMENT_3D ( 'NONE', #7588, #2890, #5167 ) ;
#5252 = LINE ( 'NONE', #5826, #2686 ) ;
#5253 = SURFACE_SIDE_STYLE ('',( #2902 ) ) ;
#5254 = FILL_AREA_STYLE_COLOUR ( '', #5844 ) ;
#5255 = EDGE_CURVE ( 'NONE', #2384, #2506, #4180, .T. ) ;
#5256 = ADVANCED_FACE ( 'NONE', ( #4827 ), #701, .F. ) ;
#5257 = DIRECTION ( 'NONE',  ( 1.000000000000000000, -0.0000000000000000000, -0.0000000000000000000 ) ) ;
#5258 = UNCERTAINTY_MEASURE_WITH_UNIT (LENGTH_MEASURE( 1.000000000000000082E-05 ), #711, 'distance_accuracy_value', 'NONE');
#5259 = AXIS2_PLACEMENT_3D ( 'NONE', #4655, #2165, #3499 ) ;
#5260 = EDGE_CURVE ( 'NONE', #6786, #840, #3055, .T. ) ;
#5261 = SURFACE_SIDE_STYLE ('',( #7073 ) ) ;
#5262 = VERTEX_POINT ( 'NONE', #3715 ) ;
#5263 = PLANE ( 'NONE',  #2178 ) ;
#5264 = EDGE_LOOP ( 'NONE', ( #3934, #4573, #3981, #6561 ) ) ;
#5265 =( NAMED_UNIT ( * ) PLANE_ANGLE_UNIT ( ) SI_UNIT ( $, .RADIAN. ) );
#5266 = LINE ( 'NONE', #6834, #4005 ) ;
#5267 = PRESENTATION_STYLE_ASSIGNMENT (( #399 ) ) ;
#5268 = PLANE ( 'NONE',  #3109 ) ;
#5269 = LINE ( 'NONE', #1218, #1102 ) ;
#5270 = VECTOR ( 'NONE', #2046, 1000.000000000000000 ) ;
#5271 = ORIENTED_EDGE ( 'NONE', *, *, #4811, .F. ) ;
#5272 = CARTESIAN_POINT ( 'NONE',  ( 3.919999999999999929, 9.486769009248163798E-17, 0.9499999999999990674 ) ) ;
#5273 = CARTESIAN_POINT ( 'NONE',  ( -2.149999999999999911, 0.2000000000000000111, -1.050000000000000044 ) ) ;
#5274 = LINE ( 'NONE', #2217, #6640 ) ;
#5275 =( LENGTH_UNIT ( ) NAMED_UNIT ( * ) SI_UNIT ( .MILLI., .METRE. ) );
#5276 = VERTEX_POINT ( 'NONE', #6523 ) ;
#5277 = LINE ( 'NONE', #1106, #5278 ) ;
#5278 = VECTOR ( 'NONE', #2885, 1000.000000000000000 ) ;
#5279 = EDGE_CURVE ( 'NONE', #6971, #4551, #6595, .T. ) ;
#5280 =( NAMED_UNIT ( * ) SI_UNIT ( $, .STERADIAN. ) SOLID_ANGLE_UNIT ( ) );
#5281 = VERTEX_POINT ( 'NONE', #787 ) ;
#5282 = ORIENTED_EDGE ( 'NONE', *, *, #1303, .F. ) ;
#5283 = DIRECTION ( 'NONE',  ( -0.0000000000000000000, -1.000000000000000000, -0.0000000000000000000 ) ) ;
#5284 = VECTOR ( 'NONE', #7555, 1000.000000000000000 ) ;
#5285 = CIRCLE ( 'NONE', #7256, 0.2500000000000002220 ) ;
#5286 =( LENGTH_UNIT ( ) NAMED_UNIT ( * ) SI_UNIT ( .MILLI., .METRE. ) );
#5287 = DIRECTION ( 'NONE',  ( -1.000000000000000000, 0.0000000000000000000, 0.0000000000000000000 ) ) ;
#5288 = VERTEX_POINT ( 'NONE', #1849 ) ;
#5289 = VECTOR ( 'NONE', #6641, 1000.000000000000000 ) ;
#5290 = PRESENTATION_STYLE_ASSIGNMENT (( #6550 ) ) ;
#5291 = UNCERTAINTY_MEASURE_WITH_UNIT (LENGTH_MEASURE( 1.000000000000000082E-05 ), #3520, 'distance_accuracy_value', 'NONE');
#5292 = ORIENTED_EDGE ( 'NONE', *, *, #2082, .T. ) ;
#5293 = ORIENTED_EDGE ( 'NONE', *, *, #2709, .F. ) ;
#5294 = LINE ( 'NONE', #6398, #2486 ) ;
#5295 = CIRCLE ( 'NONE', #856, 0.6700000000000000400 ) ;
#5296 = VECTOR ( 'NONE', #6332, 1000.000000000000000 ) ;
#5297 = PLANE ( 'NONE',  #4812 ) ;
#5298 = DIRECTION ( 'NONE',  ( 1.000000000000000000, 0.0000000000000000000, 0.0000000000000000000 ) ) ;
#5299 = ORIENTED_EDGE ( 'NONE', *, *, #2804, .T. ) ;
#5300 =( NAMED_UNIT ( * ) SI_UNIT ( $, .STERADIAN. ) SOLID_ANGLE_UNIT ( ) );
#5301 = EDGE_LOOP ( 'NONE', ( #5144, #7026, #1390, #231 ) ) ;
#5302 = MECHANICAL_DESIGN_GEOMETRIC_PRESENTATION_REPRESENTATION (  '', ( #6143 ), #2830 ) ;
#5303 = DIRECTION ( 'NONE',  ( -3.614007241618347587E-15, -1.000000000000000000, 0.0000000000000000000 ) ) ;
#5304 = ORIENTED_EDGE ( 'NONE', *, *, #5484, .T. ) ;
#5305 = DIRECTION ( 'NONE',  ( -0.0000000000000000000, -0.0000000000000000000, -1.000000000000000000 ) ) ;
#5306 = EDGE_LOOP ( 'NONE', ( #920, #395, #2311, #5326 ) ) ;
#5307 =( NAMED_UNIT ( * ) SI_UNIT ( $, .STERADIAN. ) SOLID_ANGLE_UNIT ( ) );
#5308 = AXIS2_PLACEMENT_3D ( 'NONE', #3674, #748, #4862 ) ;
#5309 = VERTEX_POINT ( 'NONE', #54 ) ;
#5310 = LINE ( 'NONE', #104, #212 ) ;
#5311 = ADVANCED_FACE ( 'NONE', ( #4217 ), #1770, .T. ) ;
#5312 = FILL_AREA_STYLE_COLOUR ( '', #6859 ) ;
#5313 = DIRECTION ( 'NONE',  ( -0.0000000000000000000, -1.000000000000000000, -0.0000000000000000000 ) ) ;
#5314 = LINE ( 'NONE', #6964, #495 ) ;
#5315 = SURFACE_SIDE_STYLE ('',( #1752 ) ) ;
#5316 = ORIENTED_EDGE ( 'NONE', *, *, #3972, .T. ) ;
#5317 = CARTESIAN_POINT ( 'NONE',  ( -1.449999999999999289, 2.000000000000000000, -1.000000000000000222 ) ) ;
#5318 = STYLED_ITEM ( 'NONE', ( #5528 ), #6614 ) ;
#5319 = VERTEX_POINT ( 'NONE', #1247 ) ;
#5320 = UNCERTAINTY_MEASURE_WITH_UNIT (LENGTH_MEASURE( 1.000000000000000082E-05 ), #2675, 'distance_accuracy_value', 'NONE');
#5321 = VECTOR ( 'NONE', #7006, 1000.000000000000000 ) ;
#5322 = DIRECTION ( 'NONE',  ( -0.0000000000000000000, -1.000000000000000000, -0.0000000000000000000 ) ) ;
#5323 = CARTESIAN_POINT ( 'NONE',  ( -0.2499999999999985290, -2.200000000000000178, 5.399999999999998579 ) ) ;
#5324 = ORIENTED_EDGE ( 'NONE', *, *, #3610, .T. ) ;
#5325 = AXIS2_PLACEMENT_3D ( 'NONE', #4517, #5181, #7482 ) ;
#5326 = ORIENTED_EDGE ( 'NONE', *, *, #6112, .T. ) ;
#5327 = ORIENTED_EDGE ( 'NONE', *, *, #819, .F. ) ;
#5328 = PLANE ( 'NONE',  #29 ) ;
#5329 = SURFACE_SIDE_STYLE ('',( #4753 ) ) ;
#5330 = ADVANCED_FACE ( 'NONE', ( #3094 ), #5442, .F. ) ;
#5331 = CARTESIAN_POINT ( 'NONE',  ( -4.050000000000004263, -0.8199999999999718625, 1.729999999999998872 ) ) ;
#5332 = FACE_OUTER_BOUND ( 'NONE', #1418, .T. ) ;
#5333 = ORIENTED_EDGE ( 'NONE', *, *, #6099, .F. ) ;
#5334 = MECHANICAL_DESIGN_GEOMETRIC_PRESENTATION_REPRESENTATION (  '', ( #3250 ), #7542 ) ;
#5335 = FACE_OUTER_BOUND ( 'NONE', #222, .T. ) ;
#5336 = ORIENTED_EDGE ( 'NONE', *, *, #6522, .T. ) ;
#5337 = CARTESIAN_POINT ( 'NONE',  ( 2.250000000000001332, -2.200000000000000178, 2.649999999999998579 ) ) ;
#5338 = CARTESIAN_POINT ( 'NONE',  ( -0.2125000000000002998, 1.887500000000000178, -2.250000000000000888 ) ) ;
#5339 = PRESENTATION_STYLE_ASSIGNMENT (( #2990 ) ) ;
#5340 = LINE ( 'NONE', #712, #5108 ) ;
#5341 = VERTEX_POINT ( 'NONE', #7407 ) ;
#5342 = SURFACE_STYLE_FILL_AREA ( #2876 ) ;
#5344 = EDGE_CURVE ( 'NONE', #5309, #420, #6705, .T. ) ;
#5343 = ORIENTED_EDGE ( 'NONE', *, *, #3474, .F. ) ;
#5345 = DIRECTION ( 'NONE',  ( 0.0000000000000000000, -0.0000000000000000000, 1.000000000000000000 ) ) ;
#5346 = CARTESIAN_POINT ( 'NONE',  ( -4.249999999999999112, 0.2000000000000000111, 0.8999999999999994671 ) ) ;
#5347 = PLANE ( 'NONE',  #2 ) ;
#5348 = LINE ( 'NONE', #2418, #3480 ) ;
#5349 = FILL_AREA_STYLE_COLOUR ( '', #1335 ) ;
#5350 = EDGE_LOOP ( 'NONE', ( #7381, #1369, #3769, #5941 ) ) ;
#5351 = CARTESIAN_POINT ( 'NONE',  ( 3.049999999999998934, 0.0000000000000000000, 1.749999999999999112 ) ) ;
#5352 = DIRECTION ( 'NONE',  ( 1.000000000000000000, 3.410973126920686698E-15, -0.0000000000000000000 ) ) ;
#5353 =( NAMED_UNIT ( * ) PLANE_ANGLE_UNIT ( ) SI_UNIT ( $, .RADIAN. ) );
#5354 =( NAMED_UNIT ( * ) SI_UNIT ( $, .STERADIAN. ) SOLID_ANGLE_UNIT ( ) );
#5355 = ORIENTED_EDGE ( 'NONE', *, *, #4841, .F. ) ;
#5356 = CARTESIAN_POINT ( 'NONE',  ( -4.249999999999999112, 0.2000000000000000111, 0.8999999999999994671 ) ) ;
#5357 = COLOUR_RGB ( '',0.7529411764705882248, 0.7529411764705882248, 0.7529411764705882248 ) ;
#5358 = EDGE_LOOP ( 'NONE', ( #4302, #270, #5703, #2430 ) ) ;
#5359 = ORIENTED_EDGE ( 'NONE', *, *, #4027, .F. ) ;
#5360 = SURFACE_STYLE_USAGE ( .BOTH. , #2014 ) ;
#5361 = DIRECTION ( 'NONE',  ( 1.000000000000000000, 0.0000000000000000000, -2.032879073410321553E-16 ) ) ;
#5362 = DIRECTION ( 'NONE',  ( 0.0000000000000000000, 0.0000000000000000000, 1.000000000000000000 ) ) ;
#5363 = CARTESIAN_POINT ( 'NONE',  ( 4.050000000000005151, -1.130000000000001004, 0.0000000000000000000 ) ) ;
#5364 = VECTOR ( 'NONE', #1910, 1000.000000000000000 ) ;
#5365 = DIRECTION ( 'NONE',  ( 0.0000000000000000000, 0.0000000000000000000, 1.000000000000000000 ) ) ;
#5366 = SURFACE_STYLE_FILL_AREA ( #1850 ) ;
#5367 = EDGE_CURVE ( 'NONE', #5238, #1876, #6783, .T. ) ;
#5368 = ORIENTED_EDGE ( 'NONE', *, *, #1523, .T. ) ;
#5369 = FACE_OUTER_BOUND ( 'NONE', #5301, .T. ) ;
#5370 = EDGE_CURVE ( 'NONE', #3857, #4896, #4394, .T. ) ;
#5371 = EDGE_LOOP ( 'NONE', ( #3983, #4206, #3680, #2390 ) ) ;
#5372 = CARTESIAN_POINT ( 'NONE',  ( 3.969999999999999751, 0.2000000000000000111, 0.8999999999999994671 ) ) ;
#5373 = FILL_AREA_STYLE_COLOUR ( '', #4416 ) ;
#5374 =( LENGTH_UNIT ( ) NAMED_UNIT ( * ) SI_UNIT ( .MILLI., .METRE. ) );
#5375 = DIRECTION ( 'NONE',  ( -0.7071067811865482389, -0.7071067811865469066, 0.0000000000000000000 ) ) ;
#5376 = SURFACE_STYLE_FILL_AREA ( #7197 ) ;
#5377 = CARTESIAN_POINT ( 'NONE',  ( 4.250000000000004441, -1.130000000000000338, 0.0000000000000000000 ) ) ;
#5378 = DIRECTION ( 'NONE',  ( 1.000000000000000000, 0.0000000000000000000, 0.0000000000000000000 ) ) ;
#5379 = ORIENTED_EDGE ( 'NONE', *, *, #492, .F. ) ;
#5380 = CARTESIAN_POINT ( 'NONE',  ( 3.969999999999999751, 0.2000000000000000111, 1.370000000000000107 ) ) ;
#5381 = LINE ( 'NONE', #4772, #724 ) ;
#5382 = MECHANICAL_DESIGN_GEOMETRIC_PRESENTATION_REPRESENTATION (  '', ( #3296 ), #708 ) ;
#5383 = CARTESIAN_POINT ( 'NONE',  ( -0.2499999999999989175, -2.200000000000000178, 2.649999999999998579 ) ) ;
#5384 = DIRECTION ( 'NONE',  ( -0.7071067811865481278, 0.0000000000000000000, -0.7071067811865470176 ) ) ;
#5385 = STYLED_ITEM ( 'NONE', ( #6101 ), #6045 ) ;
#5386 = ORIENTED_EDGE ( 'NONE', *, *, #6764, .T. ) ;
#5387 =( GEOMETRIC_REPRESENTATION_CONTEXT ( 3 ) GLOBAL_UNCERTAINTY_ASSIGNED_CONTEXT ( ( #3399 ) ) GLOBAL_UNIT_ASSIGNED_CONTEXT ( ( #3481, #7181, #126 ) ) REPRESENTATION_CONTEXT ( 'NONE', 'WORKASPACE' ) );
#5388 = SURFACE_STYLE_FILL_AREA ( #806 ) ;
#5389 = FACE_OUTER_BOUND ( 'NONE', #6972, .T. ) ;
#5390 =( NAMED_UNIT ( * ) SI_UNIT ( $, .STERADIAN. ) SOLID_ANGLE_UNIT ( ) );
#5391 = DIRECTION ( 'NONE',  ( -0.0000000000000000000, -1.000000000000000000, -0.0000000000000000000 ) ) ;
#5392 = VERTEX_POINT ( 'NONE', #1460 ) ;
#5393 = CARTESIAN_POINT ( 'NONE',  ( 0.0000000000000000000, 2.000000000000000000, 1.000000000000000000 ) ) ;
#5394 = MECHANICAL_DESIGN_GEOMETRIC_PRESENTATION_REPRESENTATION (  '', ( #3553 ), #6618 ) ;
#5395 = EDGE_CURVE ( 'NONE', #1424, #5468, #1534, .T. ) ;
#5396 = EDGE_LOOP ( 'NONE', ( #5614, #1511, #3514, #33 ) ) ;
#5397 = ORIENTED_EDGE ( 'NONE', *, *, #3160, .T. ) ;
#5398 = ADVANCED_FACE ( 'NONE', ( #3165 ), #275, .T. ) ;
#5399 = ADVANCED_FACE ( 'NONE', ( #383 ), #3326, .T. ) ;
#5400 = AXIS2_PLACEMENT_3D ( 'NONE', #563, #1682, #2891 ) ;
#5401 = FACE_OUTER_BOUND ( 'NONE', #1014, .T. ) ;
#5402 = PRESENTATION_LAYER_ASSIGNMENT (  '', '', ( #5764 ) ) ;
#5403 = DIRECTION ( 'NONE',  ( 0.0000000000000000000, 0.0000000000000000000, 1.000000000000000000 ) ) ;
#5404 = VECTOR ( 'NONE', #6042, 1000.000000000000000 ) ;
#5405 = EDGE_CURVE ( 'NONE', #6396, #45, #7055, .T. ) ;
#5406 = VECTOR ( 'NONE', #5627, 1000.000000000000000 ) ;
#5407 = FILL_AREA_STYLE_COLOUR ( '', #3233 ) ;
#5408 = ORIENTED_EDGE ( 'NONE', *, *, #6361, .T. ) ;
#5409 = VECTOR ( 'NONE', #470, 1000.000000000000000 ) ;
#5410 = CARTESIAN_POINT ( 'NONE',  ( 4.250000000000000888, -0.09999999999999913125, -0.8500000000000013101 ) ) ;
#5411 = EDGE_LOOP ( 'NONE', ( #230, #4327, #835, #6267 ) ) ;
#5412 = PRESENTATION_STYLE_ASSIGNMENT (( #709 ) ) ;
#5413 = VECTOR ( 'NONE', #5606, 1000.000000000000000 ) ;
#5414 = SURFACE_STYLE_USAGE ( .BOTH. , #3607 ) ;
#5415 = DIRECTION ( 'NONE',  ( 1.000000000000000000, -0.0000000000000000000, -0.0000000000000000000 ) ) ;
#5416 = PRESENTATION_LAYER_ASSIGNMENT (  '', '', ( #2351 ) ) ;
#5417 = VERTEX_POINT ( 'NONE', #5317 ) ;
#5418 = LINE ( 'NONE', #4840, #247 ) ;
#5419 = EDGE_CURVE ( 'NONE', #1315, #6491, #5277, .T. ) ;
#5420 = ORIENTED_EDGE ( 'NONE', *, *, #4026, .F. ) ;
#5421 = CARTESIAN_POINT ( 'NONE',  ( -1.787499999999998979, 1.887500000000000178, 1.000000000000000000 ) ) ;
#5422 = VERTEX_POINT ( 'NONE', #1676 ) ;
#5423 = CARTESIAN_POINT ( 'NONE',  ( 3.850000000000001421, 9.486769009248163798E-17, 0.9499999999999990674 ) ) ;
#5424 = DIRECTION ( 'NONE',  ( 0.0000000000000000000, 0.0000000000000000000, 1.000000000000000000 ) ) ;
#5425 = VECTOR ( 'NONE', #1922, 1000.000000000000000 ) ;
#5426 = DIRECTION ( 'NONE',  ( -1.000000000000000000, 0.0000000000000000000, 0.0000000000000000000 ) ) ;
#5427 = LINE ( 'NONE', #1871, #1557 ) ;
#5428 = VECTOR ( 'NONE', #5563, 1000.000000000000000 ) ;
#5429 = EDGE_LOOP ( 'NONE', ( #2854, #6597, #5978, #4334 ) ) ;
#5430 = PLANE ( 'NONE',  #3657 ) ;
#5431 = CARTESIAN_POINT ( 'NONE',  ( 2.150000000000000799, -2.200000000000000178, 1.749999999999998890 ) ) ;
#5432 = PRESENTATION_LAYER_ASSIGNMENT (  '', '', ( #26 ) ) ;
#5433 = DIRECTION ( 'NONE',  ( 0.0000000000000000000, 0.0000000000000000000, 1.000000000000000000 ) ) ;
#5434 = ORIENTED_EDGE ( 'NONE', *, *, #2947, .T. ) ;
#5435 = FILL_AREA_STYLE ('',( #4891 ) ) ;
#5436 = DIRECTION ( 'NONE',  ( -0.0000000000000000000, 0.0000000000000000000, 1.000000000000000000 ) ) ;
#5437 = ORIENTED_EDGE ( 'NONE', *, *, #6050, .F. ) ;
#5438 = ORIENTED_EDGE ( 'NONE', *, *, #174, .T. ) ;
#5439 = AXIS2_PLACEMENT_3D ( 'NONE', #4790, #6726, #6768 ) ;
#5440 = ADVANCED_FACE ( 'NONE', ( #5237 ), #4161, .F. ) ;
#5441 = VECTOR ( 'NONE', #6202, 1000.000000000000000 ) ;
#5442 = PLANE ( 'NONE',  #4201 ) ;
#5443 = UNCERTAINTY_MEASURE_WITH_UNIT (LENGTH_MEASURE( 1.000000000000000082E-05 ), #4830, 'distance_accuracy_value', 'NONE');
#5444 =( LENGTH_UNIT ( ) NAMED_UNIT ( * ) SI_UNIT ( .MILLI., .METRE. ) );
#5445 = AXIS2_PLACEMENT_3D ( 'NONE', #513, #1094, #1630 ) ;
#5446 = ORIENTED_EDGE ( 'NONE', *, *, #5419, .T. ) ;
#5447 = CARTESIAN_POINT ( 'NONE',  ( 2.500000000000000888, -2.500000000000000000, 5.399999999999998579 ) ) ;
#5448 = VERTEX_POINT ( 'NONE', #2382 ) ;
#5449 = CARTESIAN_POINT ( 'NONE',  ( 2.250000000000000000, 0.2000000000000000111, 1.149999999999999911 ) ) ;
#5450 = DIRECTION ( 'NONE',  ( -0.0000000000000000000, -1.000000000000000000, -0.0000000000000000000 ) ) ;
#5451 = CARTESIAN_POINT ( 'NONE',  ( 4.050000000000001599, -0.7999999999999998224, -0.9000000000000000222 ) ) ;
#5452 = DIRECTION ( 'NONE',  ( -1.000000000000000000, -0.0000000000000000000, 0.0000000000000000000 ) ) ;
#5453 = CARTESIAN_POINT ( 'NONE',  ( -3.049999999999999822, 0.2000000000000000111, -1.370000000000000551 ) ) ;
#5454 = EDGE_CURVE ( 'NONE', #5247, #7616, #2299, .T. ) ;
#5455 = ORIENTED_EDGE ( 'NONE', *, *, #3656, .F. ) ;
#5456 = ORIENTED_EDGE ( 'NONE', *, *, #1389, .T. ) ;
#5457 = DIRECTION ( 'NONE',  ( -1.000000000000000000, -0.0000000000000000000, -0.0000000000000000000 ) ) ;
#5458 = CARTESIAN_POINT ( 'NONE',  ( 3.850000000000001421, 0.2000000000000000111, 0.0000000000000000000 ) ) ;
#5459 = FILL_AREA_STYLE_COLOUR ( '', #979 ) ;
#5460 = EDGE_CURVE ( 'NONE', #4890, #1154, #682, .T. ) ;
#5461 = SURFACE_STYLE_FILL_AREA ( #3116 ) ;
#5462 = VERTEX_POINT ( 'NONE', #7090 ) ;
#5463 = SURFACE_SIDE_STYLE ('',( #4852 ) ) ;
#5464 = CARTESIAN_POINT ( 'NONE',  ( 8.673617379884035472E-16, -2.500000000000000000, 5.399999999999998579 ) ) ;
#5465 = ORIENTED_EDGE ( 'NONE', *, *, #1319, .F. ) ;
#5466 = PRESENTATION_STYLE_ASSIGNMENT (( #6152 ) ) ;
#5467 = ORIENTED_EDGE ( 'NONE', *, *, #7199, .T. ) ;
#5468 = VERTEX_POINT ( 'NONE', #1267 ) ;
#5469 = MECHANICAL_DESIGN_GEOMETRIC_PRESENTATION_REPRESENTATION (  '', ( #4246 ), #5229 ) ;
#5470 = DIRECTION ( 'NONE',  ( 1.000000000000000000, -0.0000000000000000000, -0.0000000000000000000 ) ) ;
#5471 = EDGE_CURVE ( 'NONE', #658, #2803, #606, .T. ) ;
#5472 = CARTESIAN_POINT ( 'NONE',  ( -2.000000000000000000, 1.899999999999999023, 1.000000000000000000 ) ) ;
#5473 = LINE ( 'NONE', #2030, #3114 ) ;
#5474 = EDGE_CURVE ( 'NONE', #5039, #7540, #72, .T. ) ;
#5475 = ORIENTED_EDGE ( 'NONE', *, *, #824, .F. ) ;
#5476 = ORIENTED_EDGE ( 'NONE', *, *, #1894, .T. ) ;
#5477 = AXIS2_PLACEMENT_3D ( 'NONE', #3835, #1372, #906 ) ;
#5478 = EDGE_CURVE ( 'NONE', #4551, #1799, #6422, .T. ) ;
#5479 = AXIS2_PLACEMENT_3D ( 'NONE', #5103, #4365, #5626 ) ;
#5480 = ADVANCED_FACE ( 'NONE', ( #1187 ), #1831, .T. ) ;
#5481 = CARTESIAN_POINT ( 'NONE',  ( -2.149999999999999023, -2.200000000000000178, 2.549999999999998934 ) ) ;
#5482 = CARTESIAN_POINT ( 'NONE',  ( -3.850000000000001421, 9.486769009248163798E-17, 0.9499999999999995115 ) ) ;
#5483 = PRESENTATION_LAYER_ASSIGNMENT (  '', '', ( #4503 ) ) ;
#5484 = EDGE_CURVE ( 'NONE', #5417, #2973, #1229, .T. ) ;
#5485 = ORIENTED_EDGE ( 'NONE', *, *, #2640, .F. ) ;
#5486 = CARTESIAN_POINT ( 'NONE',  ( -4.250000000000006217, -3.299999999999999822, -1.500000000000000666 ) ) ;
#5487 = ORIENTED_EDGE ( 'NONE', *, *, #4360, .F. ) ;
#5488 = FACE_OUTER_BOUND ( 'NONE', #1820, .T. ) ;
#5489 = VECTOR ( 'NONE', #5529, 1000.000000000000000 ) ;
#5490 = CARTESIAN_POINT ( 'NONE',  ( 2.999999999999998668, 0.2000000000000000111, -1.700000000000000622 ) ) ;
#5491 = VECTOR ( 'NONE', #4199, 1000.000000000000000 ) ;
#5492 = CARTESIAN_POINT ( 'NONE',  ( 3.919999999999999929, 0.2000000000000000111, -1.320000000000000728 ) ) ;
#5493 = ORIENTED_EDGE ( 'NONE', *, *, #7152, .T. ) ;
#5494 = CARTESIAN_POINT ( 'NONE',  ( 0.2500000000000014433, -2.200000000000000178, 5.399999999999998579 ) ) ;
#5495 = SURFACE_SIDE_STYLE ('',( #3156 ) ) ;
#5496 = EDGE_LOOP ( 'NONE', ( #560, #6256, #5652, #2888 ) ) ;
#5497 = CARTESIAN_POINT ( 'NONE',  ( 2.750000000000001332, -2.200000000000000178, 2.649999999999998579 ) ) ;
#5498 = EDGE_CURVE ( 'NONE', #1879, #6848, #5890, .T. ) ;
#5499 = COLOUR_RGB ( '',0.7529411764705882248, 0.7529411764705882248, 0.7529411764705882248 ) ;
#5500 = FACE_OUTER_BOUND ( 'NONE', #4736, .T. ) ;
#5501 = ORIENTED_EDGE ( 'NONE', *, *, #5545, .T. ) ;
#5502 = ORIENTED_EDGE ( 'NONE', *, *, #5168, .F. ) ;
#5503 = SURFACE_SIDE_STYLE ('',( #4978 ) ) ;
#5504 = VECTOR ( 'NONE', #1404, 1000.000000000000000 ) ;
#5505 =( NAMED_UNIT ( * ) SI_UNIT ( $, .STERADIAN. ) SOLID_ANGLE_UNIT ( ) );
#5506 =( NAMED_UNIT ( * ) PLANE_ANGLE_UNIT ( ) SI_UNIT ( $, .RADIAN. ) );
#5507 = PRESENTATION_LAYER_ASSIGNMENT (  '', '', ( #6122 ) ) ;
#5508 = ORIENTED_EDGE ( 'NONE', *, *, #5405, .T. ) ;
#5509 = DIRECTION ( 'NONE',  ( -0.0000000000000000000, -0.0000000000000000000, -1.000000000000000000 ) ) ;
#5510 = LINE ( 'NONE', #6068, #595 ) ;
#5511 = CARTESIAN_POINT ( 'NONE',  ( -4.250000000000006217, -2.949999999999999734, 1.499999999999998890 ) ) ;
#5512 = AXIS2_PLACEMENT_3D ( 'NONE', #424, #501, #4054 ) ;
#5513 = DIRECTION ( 'NONE',  ( 0.0000000000000000000, 0.0000000000000000000, -1.000000000000000000 ) ) ;
#5514 = CARTESIAN_POINT ( 'NONE',  ( 4.250000000000000888, -0.8000000000000001554, 1.749999999999998890 ) ) ;
#5515 = STYLED_ITEM ( 'NONE', ( #3853 ), #1860 ) ;
#5516 = AXIS2_PLACEMENT_3D ( 'NONE', #1928, #6600, #1362 ) ;
#5517 = STYLED_ITEM ( 'NONE', ( #6272 ), #4223 ) ;
#5518 = EDGE_LOOP ( 'NONE', ( #4730, #6733, #2922, #4624, #2776, #4797, #4865, #815, #5437, #4219, #6656, #4993, #6082, #5578 ) ) ;
#5519 = EDGE_CURVE ( 'NONE', #4239, #2803, #2419, .T. ) ;
#5520 = EDGE_LOOP ( 'NONE', ( #4319, #980, #530, #3284, #2912, #24, #1157, #41, #466, #5665 ) ) ;
#5521 = LINE ( 'NONE', #6075, #2772 ) ;
#5522 = LINE ( 'NONE', #288, #3134 ) ;
#5523 = PLANE ( 'NONE',  #3698 ) ;
#5524 = COLOUR_RGB ( '',0.7529411764705882248, 0.7529411764705882248, 0.7529411764705882248 ) ;
#5525 = DIRECTION ( 'NONE',  ( 1.000000000000000000, -0.0000000000000000000, -0.0000000000000000000 ) ) ;
#5526 = ADVANCED_FACE ( 'NONE', ( #4203 ), #3619, .F. ) ;
#5527 = ORIENTED_EDGE ( 'NONE', *, *, #1231, .F. ) ;
#5528 = PRESENTATION_STYLE_ASSIGNMENT (( #5360 ) ) ;
#5529 = DIRECTION ( 'NONE',  ( -0.0000000000000000000, -1.000000000000000000, -0.0000000000000000000 ) ) ;
#5530 = PRESENTATION_LAYER_ASSIGNMENT (  '', '', ( #1240 ) ) ;
#5531 = CARTESIAN_POINT ( 'NONE',  ( -3.850000000000001421, 9.486769009248163798E-17, -0.8499999999999998668 ) ) ;
#5532 = CARTESIAN_POINT ( 'NONE',  ( 3.969999999999999751, 0.2000000000000000111, 1.370000000000000107 ) ) ;
#5533 = CARTESIAN_POINT ( 'NONE',  ( 2.150000000000001243, -2.200000000000000178, -2.250000000000000888 ) ) ;
#5534 = SURFACE_STYLE_USAGE ( .BOTH. , #3200 ) ;
#5535 = ORIENTED_EDGE ( 'NONE', *, *, #5367, .F. ) ;
#5536 = SURFACE_STYLE_FILL_AREA ( #5435 ) ;
#5537 = AXIS2_PLACEMENT_3D ( 'NONE', #6229, #960, #4943 ) ;
#5538 = EDGE_CURVE ( 'NONE', #2223, #3857, #1302, .T. ) ;
#5539 = VERTEX_POINT ( 'NONE', #106 ) ;
#5540 = ORIENTED_EDGE ( 'NONE', *, *, #2051, .T. ) ;
#5541 = DIRECTION ( 'NONE',  ( 1.807003620809174139E-16, 0.0000000000000000000, 1.000000000000000000 ) ) ;
#5542 = LINE ( 'NONE', #890, #1699 ) ;
#5543 =( NAMED_UNIT ( * ) PLANE_ANGLE_UNIT ( ) SI_UNIT ( $, .RADIAN. ) );
#5544 = ORIENTED_EDGE ( 'NONE', *, *, #3633, .T. ) ;
#5545 = EDGE_CURVE ( 'NONE', #5931, #1315, #6577, .T. ) ;
#5546 = LINE ( 'NONE', #5667, #631 ) ;
#5547 = UNCERTAINTY_MEASURE_WITH_UNIT (LENGTH_MEASURE( 1.000000000000000082E-05 ), #1946, 'distance_accuracy_value', 'NONE');
#5548 = CARTESIAN_POINT ( 'NONE',  ( 0.3500000000000008660, -2.200000000000000178, -1.750000000000000222 ) ) ;
#5549 = SURFACE_SIDE_STYLE ('',( #2074 ) ) ;
#5550 = SURFACE_STYLE_FILL_AREA ( #3216 ) ;
#5551 = CARTESIAN_POINT ( 'NONE',  ( -1.562499999999999112, 1.887500000000000178, -1.000000000000000222 ) ) ;
#5552 = PRESENTATION_LAYER_ASSIGNMENT (  '', '', ( #6285 ) ) ;
#5553 = FACE_OUTER_BOUND ( 'NONE', #3614, .T. ) ;
#5554 =( LENGTH_UNIT ( ) NAMED_UNIT ( * ) SI_UNIT ( .MILLI., .METRE. ) );
#5555 =( GEOMETRIC_REPRESENTATION_CONTEXT ( 3 ) GLOBAL_UNCERTAINTY_ASSIGNED_CONTEXT ( ( #5798 ) ) GLOBAL_UNIT_ASSIGNED_CONTEXT ( ( #1048, #5789, #2279 ) ) REPRESENTATION_CONTEXT ( 'NONE', 'WORKASPACE' ) );
#5556 = PRESENTATION_STYLE_ASSIGNMENT (( #5632 ) ) ;
#5557 = AXIS2_PLACEMENT_3D ( 'NONE', #6333, #3464, #485 ) ;
#5558 = ORIENTED_EDGE ( 'NONE', *, *, #6800, .F. ) ;
#5559 = SURFACE_SIDE_STYLE ('',( #323 ) ) ;
#5560 = LINE ( 'NONE', #2571, #2189 ) ;
#5561 = AXIS2_PLACEMENT_3D ( 'NONE', #1311, #4210, #4237 ) ;
#5562 = AXIS2_PLACEMENT_3D ( 'NONE', #6062, #308, #2668 ) ;
#5563 = DIRECTION ( 'NONE',  ( -0.0000000000000000000, -1.000000000000000000, -0.0000000000000000000 ) ) ;
#5564 = EDGE_CURVE ( 'NONE', #5341, #1022, #6501, .T. ) ;
#5565 = DIRECTION ( 'NONE',  ( 1.000000000000000000, -0.0000000000000000000, -0.0000000000000000000 ) ) ;
#5566 =( GEOMETRIC_REPRESENTATION_CONTEXT ( 3 ) GLOBAL_UNCERTAINTY_ASSIGNED_CONTEXT ( ( #5191 ) ) GLOBAL_UNIT_ASSIGNED_CONTEXT ( ( #4501, #6776, #5011 ) ) REPRESENTATION_CONTEXT ( 'NONE', 'WORKASPACE' ) );
#5567 = EDGE_LOOP ( 'NONE', ( #5493, #2020, #4592, #4296 ) ) ;
#5568 = FILL_AREA_STYLE ('',( #3599 ) ) ;
#5569 = FACE_OUTER_BOUND ( 'NONE', #5894, .T. ) ;
#5570 = LINE ( 'NONE', #2653, #3274 ) ;
#5571 = ADVANCED_FACE ( 'NONE', ( #6002 ), #3960, .F. ) ;
#5572 = CARTESIAN_POINT ( 'NONE',  ( 4.050000000000001599, -1.800000000000000488, 0.0000000000000000000 ) ) ;
#5573 =( LENGTH_UNIT ( ) NAMED_UNIT ( * ) SI_UNIT ( .MILLI., .METRE. ) );
#5574 = LINE ( 'NONE', #2802, #6291 ) ;
#5575 = ORIENTED_EDGE ( 'NONE', *, *, #1060, .T. ) ;
#5576 = DIRECTION ( 'NONE',  ( -1.000000000000000000, 0.0000000000000000000, 0.0000000000000000000 ) ) ;
#5577 = VERTEX_POINT ( 'NONE', #6337 ) ;
#5578 = ORIENTED_EDGE ( 'NONE', *, *, #3351, .F. ) ;
#5579 = CARTESIAN_POINT ( 'NONE',  ( 4.250000000000000888, -0.7999999999999998224, -0.9000000000000000222 ) ) ;
#5580 = CARTESIAN_POINT ( 'NONE',  ( 4.000000000000001776, 9.486769009248163798E-17, 0.9499999999999990674 ) ) ;
#5581 = VECTOR ( 'NONE', #5415, 1000.000000000000000 ) ;
#5582 = DIRECTION ( 'NONE',  ( -0.0000000000000000000, 1.000000000000000000, -0.0000000000000000000 ) ) ;
#5583 = EDGE_LOOP ( 'NONE', ( #2187, #6406, #5159, #7140, #327, #4488, #2550, #1073 ) ) ;
#5584 = VECTOR ( 'NONE', #6983, 1000.000000000000000 ) ;
#5585 = SURFACE_SIDE_STYLE ('',( #5705 ) ) ;
#5586 = PLANE ( 'NONE',  #7135 ) ;
#5587 = DIRECTION ( 'NONE',  ( 0.7071067811865482389, -0.0000000000000000000, 0.7071067811865469066 ) ) ;
#5588 = CARTESIAN_POINT ( 'NONE',  ( -4.050000000000007816, -1.799999999999972067, 0.0000000000000000000 ) ) ;
#5589 = MECHANICAL_DESIGN_GEOMETRIC_PRESENTATION_REPRESENTATION (  '', ( #6199 ), #1895 ) ;
#5590 = LINE ( 'NONE', #3755, #303 ) ;
#5591 =( NAMED_UNIT ( * ) SI_UNIT ( $, .STERADIAN. ) SOLID_ANGLE_UNIT ( ) );
#5592 = DIRECTION ( 'NONE',  ( -1.000000000000000000, 0.0000000000000000000, 0.0000000000000000000 ) ) ;
#5593 = EDGE_CURVE ( 'NONE', #6549, #1567, #3887, .T. ) ;
#5594 = EDGE_CURVE ( 'NONE', #1601, #1307, #7400, .T. ) ;
#5595 = STYLED_ITEM ( 'NONE', ( #2425 ), #1052 ) ;
#5596 = ORIENTED_EDGE ( 'NONE', *, *, #3995, .F. ) ;
#5597 = CARTESIAN_POINT ( 'NONE',  ( -4.250000000000000888, -1.800000000000000266, 1.749999999999998446 ) ) ;
#5598 = FILL_AREA_STYLE_COLOUR ( '', #5160 ) ;
#5599 = DIRECTION ( 'NONE',  ( -0.0000000000000000000, -1.000000000000000000, -0.0000000000000000000 ) ) ;
#5600 =( GEOMETRIC_REPRESENTATION_CONTEXT ( 3 ) GLOBAL_UNCERTAINTY_ASSIGNED_CONTEXT ( ( #6478 ) ) GLOBAL_UNIT_ASSIGNED_CONTEXT ( ( #5717, #2126, #7489 ) ) REPRESENTATION_CONTEXT ( 'NONE', 'WORKASPACE' ) );
#5601 = PRESENTATION_LAYER_ASSIGNMENT (  '', '', ( #3766 ) ) ;
#5602 = VECTOR ( 'NONE', #2662, 1000.000000000000000 ) ;
#5603 = ORIENTED_EDGE ( 'NONE', *, *, #6361, .F. ) ;
#5604 = DIRECTION ( 'NONE',  ( 0.0000000000000000000, 0.0000000000000000000, -1.000000000000000000 ) ) ;
#5605 = CARTESIAN_POINT ( 'NONE',  ( -3.969999999999999751, 0.2000000000000000111, -1.370000000000000551 ) ) ;
#5606 = DIRECTION ( 'NONE',  ( -0.0000000000000000000, -1.000000000000000000, -0.0000000000000000000 ) ) ;
#5607 = CARTESIAN_POINT ( 'NONE',  ( 0.3500000000000008660, -2.500000000000000000, -1.750000000000000222 ) ) ;
#5608 = FILL_AREA_STYLE ('',( #7463 ) ) ;
#5609 = ORIENTED_EDGE ( 'NONE', *, *, #551, .T. ) ;
#5610 = VECTOR ( 'NONE', #1378, 1000.000000000000000 ) ;
#5611 = CARTESIAN_POINT ( 'NONE',  ( -2.000000000000000000, 1.899999999999999023, -1.000000000000000000 ) ) ;
#5612 = DIRECTION ( 'NONE',  ( 3.410973126920686698E-15, 1.000000000000000000, 0.0000000000000000000 ) ) ;
#5613 = ORIENTED_EDGE ( 'NONE', *, *, #3082, .T. ) ;
#5614 = ORIENTED_EDGE ( 'NONE', *, *, #1900, .F. ) ;
#5615 = DIRECTION ( 'NONE',  ( 0.0000000000000000000, -3.696143769836947338E-16, 1.000000000000000000 ) ) ;
#5616 =( LENGTH_UNIT ( ) NAMED_UNIT ( * ) SI_UNIT ( .MILLI., .METRE. ) );
#5617 =( NAMED_UNIT ( * ) PLANE_ANGLE_UNIT ( ) SI_UNIT ( $, .RADIAN. ) );
#5618 = EDGE_CURVE ( 'NONE', #6085, #1935, #3282, .T. ) ;
#5619 = STYLED_ITEM ( 'NONE', ( #1305 ), #5779 ) ;
#5620 = EDGE_CURVE ( 'NONE', #4239, #1974, #953, .T. ) ;
#5621 = EDGE_LOOP ( 'NONE', ( #3369, #4164, #6832, #5852 ) ) ;
#5622 = ADVANCED_FACE ( 'NONE', ( #5773 ), #5127, .T. ) ;
#5623 = ADVANCED_FACE ( 'NONE', ( #1529 ), #3924, .F. ) ;
#5624 = PLANE ( 'NONE',  #232 ) ;
#5625 = VECTOR ( 'NONE', #2985, 1000.000000000000000 ) ;
#5626 = DIRECTION ( 'NONE',  ( 0.0000000000000000000, 0.0000000000000000000, -1.000000000000000000 ) ) ;
#5627 = DIRECTION ( 'NONE',  ( -1.000000000000000000, 3.410973126920686698E-15, 0.0000000000000000000 ) ) ;
#5628 = CARTESIAN_POINT ( 'NONE',  ( 4.249999999999997335, 0.2000000000000000111, 0.8999999999999994671 ) ) ;
#5629 = DIRECTION ( 'NONE',  ( -1.000000000000000000, 0.0000000000000000000, 0.0000000000000000000 ) ) ;
#5630 = PRESENTATION_STYLE_ASSIGNMENT (( #4558 ) ) ;
#5631 = COLOUR_RGB ( '',0.7529411764705882248, 0.7529411764705882248, 0.7529411764705882248 ) ;
#5632 = SURFACE_STYLE_USAGE ( .BOTH. , #4519 ) ;
#5633 = ORIENTED_EDGE ( 'NONE', *, *, #2089, .T. ) ;
#5634 = AXIS2_PLACEMENT_3D ( 'NONE', #755, #3527, #7192 ) ;
#5635 = ORIENTED_EDGE ( 'NONE', *, *, #3416, .F. ) ;
#5636 = CARTESIAN_POINT ( 'NONE',  ( 4.050000000000007816, -1.800000000000000933, 0.0000000000000000000 ) ) ;
#5637 = AXIS2_PLACEMENT_3D ( 'NONE', #4530, #6883, #5725 ) ;
#5638 = MECHANICAL_DESIGN_GEOMETRIC_PRESENTATION_REPRESENTATION (  '', ( #3432 ), #5900 ) ;
#5639 = EDGE_CURVE ( 'NONE', #2973, #91, #6383, .T. ) ;
#5640 = FACE_OUTER_BOUND ( 'NONE', #7172, .T. ) ;
#5641 = VECTOR ( 'NONE', #3292, 1000.000000000000000 ) ;
#5642 = LINE ( 'NONE', #5686, #220 ) ;
#5643 = ORIENTED_EDGE ( 'NONE', *, *, #744, .T. ) ;
#5644 = CARTESIAN_POINT ( 'NONE',  ( -3.969999999999999751, 0.2000000000000000111, 1.370000000000000107 ) ) ;
#5645 = CARTESIAN_POINT ( 'NONE',  ( 4.050000000000001599, 0.0000000000000000000, 0.8999999999999994671 ) ) ;
#5646 = AXIS2_PLACEMENT_3D ( 'NONE', #7500, #554, #2925 ) ;
#5647 =( NAMED_UNIT ( * ) PLANE_ANGLE_UNIT ( ) SI_UNIT ( $, .RADIAN. ) );
#5648 = DIRECTION ( 'NONE',  ( -1.000000000000000000, 0.0000000000000000000, 1.084202172485504434E-16 ) ) ;
#5649 = STYLED_ITEM ( 'NONE', ( #4740 ), #4668 ) ;
#5650 =( NAMED_UNIT ( * ) SI_UNIT ( $, .STERADIAN. ) SOLID_ANGLE_UNIT ( ) );
#5651 = LINE ( 'NONE', #6847, #6610 ) ;
#5652 = ORIENTED_EDGE ( 'NONE', *, *, #3936, .F. ) ;
#5653 = VECTOR ( 'NONE', #5287, 1000.000000000000000 ) ;
#5654 = PRESENTATION_STYLE_ASSIGNMENT (( #6335 ) ) ;
#5655 = EDGE_LOOP ( 'NONE', ( #2837, #3594, #3820, #3066 ) ) ;
#5656 = ORIENTED_EDGE ( 'NONE', *, *, #1983, .T. ) ;
#5657 = STYLED_ITEM ( 'NONE', ( #3219 ), #5083 ) ;
#5658 = FACE_OUTER_BOUND ( 'NONE', #928, .T. ) ;
#5659 = FACE_OUTER_BOUND ( 'NONE', #4235, .T. ) ;
#5660 = EDGE_CURVE ( 'NONE', #2976, #5247, #4663, .T. ) ;
#5661 = PRESENTATION_STYLE_ASSIGNMENT (( #416 ) ) ;
#5662 = STYLED_ITEM ( 'NONE', ( #4953 ), #5100 ) ;
#5663 = CARTESIAN_POINT ( 'NONE',  ( 8.673617379884035472E-16, -2.500000000000000000, 5.399999999999998579 ) ) ;
#5664 = SURFACE_SIDE_STYLE ('',( #6231 ) ) ;
#5665 = ORIENTED_EDGE ( 'NONE', *, *, #2128, .F. ) ;
#5666 = EDGE_CURVE ( 'NONE', #955, #496, #4742, .T. ) ;
#5667 = CARTESIAN_POINT ( 'NONE',  ( -1.562499999999999112, 1.887500000000000178, -2.250000000000000888 ) ) ;
#5668 = FILL_AREA_STYLE_COLOUR ( '', #1456 ) ;
#5669 = VECTOR ( 'NONE', #5043, 1000.000000000000000 ) ;
#5670 = CARTESIAN_POINT ( 'NONE',  ( -2.749999999999999112, -2.500000000000000000, 2.649999999999998579 ) ) ;
#5671 = LINE ( 'NONE', #5104, #4181 ) ;
#5672 =( NAMED_UNIT ( * ) PLANE_ANGLE_UNIT ( ) SI_UNIT ( $, .RADIAN. ) );
#5673 =( GEOMETRIC_REPRESENTATION_CONTEXT ( 3 ) GLOBAL_UNCERTAINTY_ASSIGNED_CONTEXT ( ( #7222 ) ) GLOBAL_UNIT_ASSIGNED_CONTEXT ( ( #2356, #2856, #2271 ) ) REPRESENTATION_CONTEXT ( 'NONE', 'WORKASPACE' ) );
#5674 = SURFACE_SIDE_STYLE ('',( #4483 ) ) ;
#5675 = LINE ( 'NONE', #5712, #4656 ) ;
#5676 = ORIENTED_EDGE ( 'NONE', *, *, #2387, .T. ) ;
#5677 = VECTOR ( 'NONE', #5436, 1000.000000000000000 ) ;
#5678 = DIRECTION ( 'NONE',  ( 1.000000000000000000, 0.0000000000000000000, 0.0000000000000000000 ) ) ;
#5679 = VERTEX_POINT ( 'NONE', #5892 ) ;
#5680 = CARTESIAN_POINT ( 'NONE',  ( -4.050000000000001599, -0.8000000000000001554, 1.749999999999998890 ) ) ;
#5681 = CARTESIAN_POINT ( 'NONE',  ( -3.919999999999999929, 0.2000000000000000111, 1.320000000000000284 ) ) ;
#5682 = DIRECTION ( 'NONE',  ( -0.0000000000000000000, -1.000000000000000000, -0.0000000000000000000 ) ) ;
#5683 = CARTESIAN_POINT ( 'NONE',  ( -0.4375000000000000555, 1.887500000000000178, -2.250000000000000888 ) ) ;
#5684 = AXIS2_PLACEMENT_3D ( 'NONE', #4680, #5867, #5948 ) ;
#5685 = STYLED_ITEM ( 'NONE', ( #2257 ), #368 ) ;
#5686 = CARTESIAN_POINT ( 'NONE',  ( -4.249999999999999112, 0.0000000000000000000, 0.8999999999999994671 ) ) ;
#5687 = ORIENTED_EDGE ( 'NONE', *, *, #2335, .T. ) ;
#5688 = COLOUR_RGB ( '',0.7529411764705882248, 0.7529411764705882248, 0.7529411764705882248 ) ;
#5689 = VECTOR ( 'NONE', #3558, 1000.000000000000000 ) ;
#5690 = DIRECTION ( 'NONE',  ( 0.0000000000000000000, 0.0000000000000000000, -1.000000000000000000 ) ) ;
#5691 = DIRECTION ( 'NONE',  ( -0.0000000000000000000, -0.0000000000000000000, 1.000000000000000000 ) ) ;
#5692 = CARTESIAN_POINT ( 'NONE',  ( -0.8874999999999997335, 1.887500000000000178, -2.250000000000000888 ) ) ;
#5693 = DIRECTION ( 'NONE',  ( -3.388131789017202342E-16, -0.0000000000000000000, -1.000000000000000000 ) ) ;
#5694 = VERTEX_POINT ( 'NONE', #6970 ) ;
#5695 = ADVANCED_FACE ( 'NONE', ( #111 ), #4162, .F. ) ;
#5696 = PRESENTATION_STYLE_ASSIGNMENT (( #411 ) ) ;
#5697 = ORIENTED_EDGE ( 'NONE', *, *, #7418, .T. ) ;
#5698 = ORIENTED_EDGE ( 'NONE', *, *, #3054, .T. ) ;
#5699 = SURFACE_STYLE_FILL_AREA ( #1993 ) ;
#5700 = PLANE ( 'NONE',  #4893 ) ;
#5701 = DIRECTION ( 'NONE',  ( 0.0000000000000000000, 0.0000000000000000000, -1.000000000000000000 ) ) ;
#5702 = DIRECTION ( 'NONE',  ( -7.228014483236699514E-17, 0.0000000000000000000, -1.000000000000000000 ) ) ;
#5703 = ORIENTED_EDGE ( 'NONE', *, *, #5819, .F. ) ;
#5704 = ORIENTED_EDGE ( 'NONE', *, *, #2732, .F. ) ;
#5705 = SURFACE_STYLE_FILL_AREA ( #6823 ) ;
#5706 = DIRECTION ( 'NONE',  ( -0.0000000000000000000, -0.0000000000000000000, -1.000000000000000000 ) ) ;
#5707 = PLANE ( 'NONE',  #5512 ) ;
#5708 = DIRECTION ( 'NONE',  ( 0.0000000000000000000, -1.000000000000000000, 0.0000000000000000000 ) ) ;
#5709 = EDGE_CURVE ( 'NONE', #7202, #816, #6502, .T. ) ;
#5710 = CARTESIAN_POINT ( 'NONE',  ( -3.950000000000001066, -0.1000000000000001721, -0.8499999999999998668 ) ) ;
#5711 = DIRECTION ( 'NONE',  ( 1.000000000000000000, 0.0000000000000000000, 0.0000000000000000000 ) ) ;
#5712 = CARTESIAN_POINT ( 'NONE',  ( 2.250000000000001776, -2.200000000000000178, 5.399999999999998579 ) ) ;
#5713 = EDGE_CURVE ( 'NONE', #486, #816, #3467, .T. ) ;
#5714 = PLANE ( 'NONE',  #6621 ) ;
#5715 = ORIENTED_EDGE ( 'NONE', *, *, #1616, .T. ) ;
#5716 =( LENGTH_UNIT ( ) NAMED_UNIT ( * ) SI_UNIT ( .MILLI., .METRE. ) );
#5717 =( LENGTH_UNIT ( ) NAMED_UNIT ( * ) SI_UNIT ( .MILLI., .METRE. ) );
#5718 = FILL_AREA_STYLE_COLOUR ( '', #3987 ) ;
#5719 = UNCERTAINTY_MEASURE_WITH_UNIT (LENGTH_MEASURE( 1.000000000000000082E-05 ), #3688, 'distance_accuracy_value', 'NONE');
#5720 = CARTESIAN_POINT ( 'NONE',  ( 4.250000000000000888, -1.800000000000000266, 1.749999999999998446 ) ) ;
#5721 = SURFACE_SIDE_STYLE ('',( #2753 ) ) ;
#5722 = EDGE_CURVE ( 'NONE', #2976, #6138, #5930, .T. ) ;
#5723 =( GEOMETRIC_REPRESENTATION_CONTEXT ( 3 ) GLOBAL_UNCERTAINTY_ASSIGNED_CONTEXT ( ( #611 ) ) GLOBAL_UNIT_ASSIGNED_CONTEXT ( ( #4053, #2467, #5748 ) ) REPRESENTATION_CONTEXT ( 'NONE', 'WORKASPACE' ) );
#5724 = ADVANCED_FACE ( 'NONE', ( #1189 ), #3006, .F. ) ;
#5725 = DIRECTION ( 'NONE',  ( 1.000000000000000000, 3.491481338843133355E-15, 0.0000000000000000000 ) ) ;
#5726 = ORIENTED_EDGE ( 'NONE', *, *, #849, .T. ) ;
#5727 = SURFACE_SIDE_STYLE ('',( #2725 ) ) ;
#5728 = CARTESIAN_POINT ( 'NONE',  ( -4.250000000000000888, -1.800000000000000044, 0.6500000000000000222 ) ) ;
#5729 = EDGE_CURVE ( 'NONE', #4751, #6395, #6615, .T. ) ;
#5730 = VECTOR ( 'NONE', #7343, 1000.000000000000000 ) ;
#5731 = DIRECTION ( 'NONE',  ( 0.0000000000000000000, -1.000000000000000000, -1.971276677246374477E-16 ) ) ;
#5732 = FACE_OUTER_BOUND ( 'NONE', #7083, .T. ) ;
#5733 = SURFACE_SIDE_STYLE ('',( #3387 ) ) ;
#5734 = ORIENTED_EDGE ( 'NONE', *, *, #2375, .F. ) ;
#5735 = VECTOR ( 'NONE', #5615, 1000.000000000000000 ) ;
#5736 = ORIENTED_EDGE ( 'NONE', *, *, #3002, .T. ) ;
#5737 = ORIENTED_EDGE ( 'NONE', *, *, #5952, .T. ) ;
#5738 = PLANE ( 'NONE',  #6974 ) ;
#5739 = DIRECTION ( 'NONE',  ( -0.0000000000000000000, 0.0000000000000000000, -1.000000000000000000 ) ) ;
#5740 = UNCERTAINTY_MEASURE_WITH_UNIT (LENGTH_MEASURE( 1.000000000000000082E-05 ), #3313, 'distance_accuracy_value', 'NONE');
#5741 = PLANE ( 'NONE',  #7149 ) ;
#5742 = COLOUR_RGB ( '',0.7529411764705882248, 0.7529411764705882248, 0.7529411764705882248 ) ;
#5743 = EDGE_CURVE ( 'NONE', #1022, #2955, #5427, .T. ) ;
#5744 = ORIENTED_EDGE ( 'NONE', *, *, #1854, .T. ) ;
#5745 = EDGE_LOOP ( 'NONE', ( #7603, #4858, #5152, #615 ) ) ;
#5746 = FILL_AREA_STYLE_COLOUR ( '', #2722 ) ;
#5747 = CARTESIAN_POINT ( 'NONE',  ( 3.950000000000001066, 0.2000000000000000389, -0.8500000000000013101 ) ) ;
#5748 =( NAMED_UNIT ( * ) SI_UNIT ( $, .STERADIAN. ) SOLID_ANGLE_UNIT ( ) );
#5749 = CARTESIAN_POINT ( 'NONE',  ( -0.3499999999999989231, -2.200000000000000178, -1.750000000000000222 ) ) ;
#5750 = LINE ( 'NONE', #6311, #3631 ) ;
#5751 = DIRECTION ( 'NONE',  ( -2.032879073410321553E-16, 0.0000000000000000000, -1.000000000000000000 ) ) ;
#5752 = VERTEX_POINT ( 'NONE', #4234 ) ;
#5753 = CARTESIAN_POINT ( 'NONE',  ( 3.850000000000001421, 9.486769009248163798E-17, -0.8500000000000013101 ) ) ;
#5754 = VERTEX_POINT ( 'NONE', #7280 ) ;
#5755 = PRESENTATION_STYLE_ASSIGNMENT (( #4022 ) ) ;
#5756 = DIRECTION ( 'NONE',  ( -1.000000000000000000, 0.0000000000000000000, -0.0000000000000000000 ) ) ;
#5757 = LINE ( 'NONE', #4568, #2739 ) ;
#5758 = VECTOR ( 'NONE', #1897, 1000.000000000000000 ) ;
#5759 = AXIS2_PLACEMENT_3D ( 'NONE', #6208, #6876, #981 ) ;
#5760 = EDGE_CURVE ( 'NONE', #1089, #4625, #2611, .T. ) ;
#5761 = VECTOR ( 'NONE', #7175, 1000.000000000000000 ) ;
#5762 = CARTESIAN_POINT ( 'NONE',  ( -4.050000000000007816, -1.779999999999971605, -1.730000000000000870 ) ) ;
#5763 = ORIENTED_EDGE ( 'NONE', *, *, #4072, .F. ) ;
#5764 = STYLED_ITEM ( 'NONE', ( #2887 ), #5695 ) ;
#5765 = FILL_AREA_STYLE ('',( #6293 ) ) ;
#5766 = DIRECTION ( 'NONE',  ( -0.0000000000000000000, -0.0000000000000000000, 1.000000000000000000 ) ) ;
#5767 = FACE_OUTER_BOUND ( 'NONE', #6673, .T. ) ;
#5768 = STYLED_ITEM ( 'NONE', ( #2272 ), #1666 ) ;
#5769 = CARTESIAN_POINT ( 'NONE',  ( 0.0000000000000000000, 2.000000000000000000, 1.000000000000000000 ) ) ;
#5770 = COLOUR_RGB ( '',0.7529411764705882248, 0.7529411764705882248, 0.7529411764705882248 ) ;
#5771 = ORIENTED_EDGE ( 'NONE', *, *, #4916, .T. ) ;
#5772 = EDGE_CURVE ( 'NONE', #2473, #3692, #6692, .T. ) ;
#5773 = FACE_OUTER_BOUND ( 'NONE', #3088, .T. ) ;
#5774 = ORIENTED_EDGE ( 'NONE', *, *, #7428, .F. ) ;
#5775 = VECTOR ( 'NONE', #4095, 1000.000000000000000 ) ;
#5776 = ORIENTED_EDGE ( 'NONE', *, *, #1705, .F. ) ;
#5777 = SURFACE_STYLE_FILL_AREA ( #6427 ) ;
#5778 =( NAMED_UNIT ( * ) SI_UNIT ( $, .STERADIAN. ) SOLID_ANGLE_UNIT ( ) );
#5779 = ADVANCED_FACE ( 'NONE', ( #152 ), #3192, .T. ) ;
#5780 = PRESENTATION_LAYER_ASSIGNMENT (  '', '', ( #6655 ) ) ;
#5781 = EDGE_LOOP ( 'NONE', ( #6760, #852, #5834, #410 ) ) ;
#5782 = VERTEX_POINT ( 'NONE', #1440 ) ;
#5783 = UNCERTAINTY_MEASURE_WITH_UNIT (LENGTH_MEASURE( 1.000000000000000082E-05 ), #4834, 'distance_accuracy_value', 'NONE');
#5784 = SURFACE_STYLE_FILL_AREA ( #3974 ) ;
#5785 = DIRECTION ( 'NONE',  ( -3.883709274574940726E-15, 1.000000000000000000, 0.0000000000000000000 ) ) ;
#5786 = CARTESIAN_POINT ( 'NONE',  ( -3.969999999999999751, 0.2000000000000000111, -0.8999999999999999112 ) ) ;
#5787 = VECTOR ( 'NONE', #6442, 1000.000000000000000 ) ;
#5788 = CARTESIAN_POINT ( 'NONE',  ( 2.850000000000000977, -2.500000000000000000, 2.549999999999998934 ) ) ;
#5789 =( NAMED_UNIT ( * ) PLANE_ANGLE_UNIT ( ) SI_UNIT ( $, .RADIAN. ) );
#5790 = EDGE_CURVE ( 'NONE', #1935, #5809, #4964, .T. ) ;
#5791 = AXIS2_PLACEMENT_3D ( 'NONE', #6106, #6653, #5426 ) ;
#5792 = CARTESIAN_POINT ( 'NONE',  ( 4.250000000000000888, 1.434218877545137977E-14, 0.0000000000000000000 ) ) ;
#5793 = ORIENTED_EDGE ( 'NONE', *, *, #4570, .T. ) ;
#5794 = ORIENTED_EDGE ( 'NONE', *, *, #3679, .T. ) ;
#5795 = LINE ( 'NONE', #4107, #2819 ) ;
#5796 = CARTESIAN_POINT ( 'NONE',  ( 4.050000000000004263, -0.8200000000000002842, -0.8500000000000013101 ) ) ;
#5797 = FILL_AREA_STYLE_COLOUR ( '', #911 ) ;
#5798 = UNCERTAINTY_MEASURE_WITH_UNIT (LENGTH_MEASURE( 1.000000000000000082E-05 ), #1048, 'distance_accuracy_value', 'NONE');
#5799 = DIRECTION ( 'NONE',  ( -0.0000000000000000000, 2.464095846557966371E-16, 1.000000000000000000 ) ) ;
#5800 = VECTOR ( 'NONE', #4137, 1000.000000000000000 ) ;
#5801 = CARTESIAN_POINT ( 'NONE',  ( 2.149999999999999911, 0.0000000000000000000, -1.050000000000000044 ) ) ;
#5802 = ORIENTED_EDGE ( 'NONE', *, *, #6758, .F. ) ;
#5803 = CARTESIAN_POINT ( 'NONE',  ( 2.850000000000000977, -2.200000000000000178, -1.750000000000000222 ) ) ;
#5804 = FACE_OUTER_BOUND ( 'NONE', #2305, .T. ) ;
#5805 = AXIS2_PLACEMENT_3D ( 'NONE', #3914, #1595, #7432 ) ;
#5806 = EDGE_CURVE ( 'NONE', #7545, #2889, #876, .T. ) ;
#5807 =( NAMED_UNIT ( * ) SI_UNIT ( $, .STERADIAN. ) SOLID_ANGLE_UNIT ( ) );
#5808 = LINE ( 'NONE', #521, #2238 ) ;
#5809 = VERTEX_POINT ( 'NONE', #4814 ) ;
#5810 = EDGE_CURVE ( 'NONE', #2388, #83, #7170, .T. ) ;
#5811 = FILL_AREA_STYLE_COLOUR ( '', #848 ) ;
#5812 = ORIENTED_EDGE ( 'NONE', *, *, #4134, .T. ) ;
#5813 = VECTOR ( 'NONE', #3177, 1000.000000000000000 ) ;
#5814 = VERTEX_POINT ( 'NONE', #2212 ) ;
#5815 = CARTESIAN_POINT ( 'NONE',  ( 3.950000000000001066, -0.1000000000000001721, 0.8499999999999989786 ) ) ;
#5816 = EDGE_CURVE ( 'NONE', #5212, #1853, #5642, .T. ) ;
#5817 =( NAMED_UNIT ( * ) SI_UNIT ( $, .STERADIAN. ) SOLID_ANGLE_UNIT ( ) );
#5818 = PRESENTATION_LAYER_ASSIGNMENT (  '', '', ( #7536 ) ) ;
#5819 = EDGE_CURVE ( 'NONE', #3507, #6810, #402, .T. ) ;
#5820 =( LENGTH_UNIT ( ) NAMED_UNIT ( * ) SI_UNIT ( .MILLI., .METRE. ) );
#5821 = UNCERTAINTY_MEASURE_WITH_UNIT (LENGTH_MEASURE( 1.000000000000000082E-05 ), #316, 'distance_accuracy_value', 'NONE');
#5822 = EDGE_LOOP ( 'NONE', ( #6013, #1987, #4614, #7464, #1742, #2993, #3162, #4470 ) ) ;
#5823 = ORIENTED_EDGE ( 'NONE', *, *, #5722, .F. ) ;
#5824 = DIRECTION ( 'NONE',  ( 3.388131789017201849E-16, 0.0000000000000000000, 1.000000000000000000 ) ) ;
#5825 = VECTOR ( 'NONE', #693, 1000.000000000000000 ) ;
#5826 = CARTESIAN_POINT ( 'NONE',  ( 4.050000000000004263, -0.8200000000000005063, 0.8499999999999989786 ) ) ;
#5827 = CARTESIAN_POINT ( 'NONE',  ( -4.250000000000000888, -1.800000000000000044, -1.750000000000000888 ) ) ;
#5828 = PLANE ( 'NONE',  #2460 ) ;
#5829 = SURFACE_STYLE_USAGE ( .BOTH. , #3523 ) ;
#5830 = PRESENTATION_STYLE_ASSIGNMENT (( #6560 ) ) ;
#5831 = DIRECTION ( 'NONE',  ( -0.0000000000000000000, -1.000000000000000000, -0.0000000000000000000 ) ) ;
#5832 = VERTEX_POINT ( 'NONE', #5762 ) ;
#5833 = LINE ( 'NONE', #541, #346 ) ;
#5834 = ORIENTED_EDGE ( 'NONE', *, *, #1798, .F. ) ;
#5835 = DIRECTION ( 'NONE',  ( -0.0000000000000000000, -0.0000000000000000000, 1.000000000000000000 ) ) ;
#5836 = DIRECTION ( 'NONE',  ( -0.0000000000000000000, -1.000000000000000000, -0.0000000000000000000 ) ) ;
#5837 = PLANE ( 'NONE',  #802 ) ;
#5838 =( LENGTH_UNIT ( ) NAMED_UNIT ( * ) SI_UNIT ( .MILLI., .METRE. ) );
#5839 = DIRECTION ( 'NONE',  ( 1.000000000000000000, 0.0000000000000000000, 0.0000000000000000000 ) ) ;
#5840 = VECTOR ( 'NONE', #25, 1000.000000000000000 ) ;
#5841 = EDGE_CURVE ( 'NONE', #725, #4958, #4571, .T. ) ;
#5842 = UNCERTAINTY_MEASURE_WITH_UNIT (LENGTH_MEASURE( 1.000000000000000082E-05 ), #1226, 'distance_accuracy_value', 'NONE');
#5843 = FACE_OUTER_BOUND ( 'NONE', #5567, .T. ) ;
#5844 = COLOUR_RGB ( '',0.7529411764705882248, 0.7529411764705882248, 0.7529411764705882248 ) ;
#5845 = VERTEX_POINT ( 'NONE', #7348 ) ;
#5846 = CARTESIAN_POINT ( 'NONE',  ( -2.849999999999998757, -2.200000000000000178, -2.250000000000000888 ) ) ;
#5847 = SURFACE_STYLE_USAGE ( .BOTH. , #4117 ) ;
#5848 = PLANE ( 'NONE',  #5054 ) ;
#5849 = EDGE_LOOP ( 'NONE', ( #6571, #58, #204, #7262 ) ) ;
#5850 = CARTESIAN_POINT ( 'NONE',  ( 0.3500000000000008660, -2.500000000000000000, -1.750000000000000222 ) ) ;
#5851 =( LENGTH_UNIT ( ) NAMED_UNIT ( * ) SI_UNIT ( .MILLI., .METRE. ) );
#5852 = ORIENTED_EDGE ( 'NONE', *, *, #3858, .F. ) ;
#5853 = STYLED_ITEM ( 'NONE', ( #5339 ), #3554 ) ;
#5854 = ORIENTED_EDGE ( 'NONE', *, *, #5939, .F. ) ;
#5855 = SURFACE_STYLE_FILL_AREA ( #7138 ) ;
#5856 = PLANE ( 'NONE',  #742 ) ;
#5857 = ORIENTED_EDGE ( 'NONE', *, *, #3018, .F. ) ;
#5858 = VECTOR ( 'NONE', #5061, 1000.000000000000000 ) ;
#5859 = DIRECTION ( 'NONE',  ( -1.000000000000000000, 0.0000000000000000000, 2.356961244533702462E-16 ) ) ;
#5860 = VERTEX_POINT ( 'NONE', #2687 ) ;
#5861 = ORIENTED_EDGE ( 'NONE', *, *, #4445, .F. ) ;
#5862 = CARTESIAN_POINT ( 'NONE',  ( 0.0000000000000000000, 0.0000000000000000000, 0.0000000000000000000 ) ) ;
#5863 = VECTOR ( 'NONE', #4698, 1000.000000000000000 ) ;
#5864 = CARTESIAN_POINT ( 'NONE',  ( 0.2500000000000014433, -2.200000000000000178, 5.399999999999998579 ) ) ;
#5865 = DIRECTION ( 'NONE',  ( -0.0000000000000000000, -1.000000000000000000, -0.0000000000000000000 ) ) ;
#5866 = CARTESIAN_POINT ( 'NONE',  ( 0.0000000000000000000, -3.299999999999999822, 0.0000000000000000000 ) ) ;
#5867 = DIRECTION ( 'NONE',  ( -0.7071067811865479058, -0.7071067811865472397, 0.0000000000000000000 ) ) ;
#5868 = UNCERTAINTY_MEASURE_WITH_UNIT (LENGTH_MEASURE( 1.000000000000000082E-05 ), #471, 'distance_accuracy_value', 'NONE');
#5869 = AXIS2_PLACEMENT_3D ( 'NONE', #5380, #5345, #7203 ) ;
#5870 = EDGE_CURVE ( 'NONE', #7288, #7059, #910, .T. ) ;
#5871 = EDGE_CURVE ( 'NONE', #2325, #6395, #3269, .T. ) ;
#5872 = FACE_OUTER_BOUND ( 'NONE', #3625, .T. ) ;
#5873 = ORIENTED_EDGE ( 'NONE', *, *, #1474, .T. ) ;
#5874 = CARTESIAN_POINT ( 'NONE',  ( -2.999999999999999556, 0.2000000000000000111, 1.320000000000000284 ) ) ;
#5875 = ORIENTED_EDGE ( 'NONE', *, *, #1617, .F. ) ;
#5876 = LINE ( 'NONE', #4645, #601 ) ;
#5877 = CARTESIAN_POINT ( 'NONE',  ( -2.149999999999999023, -2.200000000000000178, 2.549999999999998934 ) ) ;
#5878 =( NAMED_UNIT ( * ) PLANE_ANGLE_UNIT ( ) SI_UNIT ( $, .RADIAN. ) );
#5879 = SURFACE_SIDE_STYLE ('',( #1174 ) ) ;
#5880 =( GEOMETRIC_REPRESENTATION_CONTEXT ( 3 ) GLOBAL_UNCERTAINTY_ASSIGNED_CONTEXT ( ( #2895 ) ) GLOBAL_UNIT_ASSIGNED_CONTEXT ( ( #5616, #4699, #926 ) ) REPRESENTATION_CONTEXT ( 'NONE', 'WORKASPACE' ) );
#5881 = UNCERTAINTY_MEASURE_WITH_UNIT (LENGTH_MEASURE( 1.000000000000000082E-05 ), #4347, 'distance_accuracy_value', 'NONE');
#5882 = SURFACE_SIDE_STYLE ('',( #5342 ) ) ;
#5883 = VERTEX_POINT ( 'NONE', #5116 ) ;
#5884 = CARTESIAN_POINT ( 'NONE',  ( -4.250000000000007105, -1.780000000000000027, 0.6697014260101297189 ) ) ;
#5885 = DIRECTION ( 'NONE',  ( 0.0000000000000000000, 0.0000000000000000000, -1.000000000000000000 ) ) ;
#5886 = CARTESIAN_POINT ( 'NONE',  ( 3.919999999999999929, 0.2000000000000000111, 1.319999999999999840 ) ) ;
#5887 = DIRECTION ( 'NONE',  ( 1.000000000000000000, 0.0000000000000000000, 0.0000000000000000000 ) ) ;
#5888 = DIRECTION ( 'NONE',  ( 0.0000000000000000000, 0.0000000000000000000, 1.000000000000000000 ) ) ;
#5889 = ORIENTED_EDGE ( 'NONE', *, *, #4404, .T. ) ;
#5890 = LINE ( 'NONE', #6381, #229 ) ;
#5891 = AXIS2_PLACEMENT_3D ( 'NONE', #2302, #683, #7016 ) ;
#5892 = CARTESIAN_POINT ( 'NONE',  ( -2.149999999999999023, -2.200000000000000178, -2.250000000000000888 ) ) ;
#5893 = ORIENTED_EDGE ( 'NONE', *, *, #6281, .F. ) ;
#5894 = EDGE_LOOP ( 'NONE', ( #7017, #1525, #4092, #1312 ) ) ;
#5895 = FACE_OUTER_BOUND ( 'NONE', #66, .T. ) ;
#5896 = CIRCLE ( 'NONE', #4537, 0.6700000000000000400 ) ;
#5897 = AXIS2_PLACEMENT_3D ( 'NONE', #918, #3359, #7502 ) ;
#5898 = SURFACE_STYLE_USAGE ( .BOTH. , #3550 ) ;
#5899 = CARTESIAN_POINT ( 'NONE',  ( 2.150000000000000799, -2.200000000000000178, 1.749999999999998890 ) ) ;
#5900 =( GEOMETRIC_REPRESENTATION_CONTEXT ( 3 ) GLOBAL_UNCERTAINTY_ASSIGNED_CONTEXT ( ( #7593 ) ) GLOBAL_UNIT_ASSIGNED_CONTEXT ( ( #3034, #7166, #7204 ) ) REPRESENTATION_CONTEXT ( 'NONE', 'WORKASPACE' ) );
#5901 = ORIENTED_EDGE ( 'NONE', *, *, #6528, .T. ) ;
#5902 = AXIS2_PLACEMENT_3D ( 'NONE', #1173, #3947, #3529 ) ;
#5903 = CARTESIAN_POINT ( 'NONE',  ( -3.850000000000001421, 9.486769009248163798E-17, -0.9499999999999998446 ) ) ;
#5904 = ORIENTED_EDGE ( 'NONE', *, *, #7169, .T. ) ;
#5905 = ORIENTED_EDGE ( 'NONE', *, *, #4690, .T. ) ;
#5906 = CARTESIAN_POINT ( 'NONE',  ( 4.250000000000000888, -0.09999999999999914513, -0.8500000000000013101 ) ) ;
#5907 = FACE_OUTER_BOUND ( 'NONE', #1332, .T. ) ;
#5908 = SURFACE_STYLE_USAGE ( .BOTH. , #4096 ) ;
#5909 =( GEOMETRIC_REPRESENTATION_CONTEXT ( 3 ) GLOBAL_UNCERTAINTY_ASSIGNED_CONTEXT ( ( #1746 ) ) GLOBAL_UNIT_ASSIGNED_CONTEXT ( ( #4431, #5617, #2110 ) ) REPRESENTATION_CONTEXT ( 'NONE', 'WORKASPACE' ) );
#5910 = STYLED_ITEM ( 'NONE', ( #4872 ), #5044 ) ;
#5911 = FILL_AREA_STYLE ('',( #6559 ) ) ;
#5912 =( NAMED_UNIT ( * ) PLANE_ANGLE_UNIT ( ) SI_UNIT ( $, .RADIAN. ) );
#5913 = ADVANCED_FACE ( 'NONE', ( #4415 ), #1021, .T. ) ;
#5914 = ORIENTED_EDGE ( 'NONE', *, *, #3007, .T. ) ;
#5915 = PRESENTATION_STYLE_ASSIGNMENT (( #6481 ) ) ;
#5916 = EDGE_LOOP ( 'NONE', ( #1761, #858, #4397, #2894 ) ) ;
#5917 = VECTOR ( 'NONE', #5257, 1000.000000000000000 ) ;
#5918 = DIRECTION ( 'NONE',  ( -3.614007241618347587E-15, 1.000000000000000000, 0.0000000000000000000 ) ) ;
#5919 = SURFACE_SIDE_STYLE ('',( #5376 ) ) ;
#5920 =( NAMED_UNIT ( * ) SI_UNIT ( $, .STERADIAN. ) SOLID_ANGLE_UNIT ( ) );
#5921 = CARTESIAN_POINT ( 'NONE',  ( -3.000000000000000000, 0.2000000000000000111, -1.319999999999999396 ) ) ;
#5922 = EDGE_CURVE ( 'NONE', #4664, #6306, #986, .T. ) ;
#5923 = ORIENTED_EDGE ( 'NONE', *, *, #2873, .F. ) ;
#5924 = CARTESIAN_POINT ( 'NONE',  ( 4.250000000000007105, -1.780000000000000027, -0.8500000000000013101 ) ) ;
#5925 = CARTESIAN_POINT ( 'NONE',  ( -2.250000000000000000, 0.2000000000000000111, -1.149999999999999911 ) ) ;
#5926 = DIRECTION ( 'NONE',  ( -3.491481338843133355E-15, -1.000000000000000000, 0.0000000000000000000 ) ) ;
#5927 = DIRECTION ( 'NONE',  ( 1.000000000000000000, 0.0000000000000000000, -1.379893674072460211E-16 ) ) ;
#5928 = DIRECTION ( 'NONE',  ( 0.0000000000000000000, 0.0000000000000000000, -1.000000000000000000 ) ) ;
#5929 = MECHANICAL_DESIGN_GEOMETRIC_PRESENTATION_REPRESENTATION (  '', ( #26 ), #4324 ) ;
#5930 = LINE ( 'NONE', #648, #4662 ) ;
#5931 = VERTEX_POINT ( 'NONE', #3352 ) ;
#5932 = CARTESIAN_POINT ( 'NONE',  ( 4.250000000000007105, -1.780000000000000027, 0.8499999999999989786 ) ) ;
#5933 = VECTOR ( 'NONE', #2613, 1000.000000000000000 ) ;
#5934 = DIRECTION ( 'NONE',  ( 1.379893674072460458E-16, -0.0000000000000000000, 1.000000000000000000 ) ) ;
#5935 = DIRECTION ( 'NONE',  ( -0.0000000000000000000, -1.000000000000000000, -0.0000000000000000000 ) ) ;
#5936 = EDGE_CURVE ( 'NONE', #1365, #2263, #439, .T. ) ;
#5937 = ORIENTED_EDGE ( 'NONE', *, *, #6397, .T. ) ;
#5938 = LINE ( 'NONE', #4089, #2864 ) ;
#5939 = EDGE_CURVE ( 'NONE', #7323, #1599, #365, .T. ) ;
#5940 = AXIS2_PLACEMENT_3D ( 'NONE', #5453, #5592, #1509 ) ;
#5941 = ORIENTED_EDGE ( 'NONE', *, *, #2339, .T. ) ;
#5942 = ORIENTED_EDGE ( 'NONE', *, *, #1031, .T. ) ;
#5943 = STYLED_ITEM ( 'NONE', ( #3277 ), #351 ) ;
#5944 = DIRECTION ( 'NONE',  ( -1.000000000000000000, 0.0000000000000000000, -0.0000000000000000000 ) ) ;
#5945 =( NAMED_UNIT ( * ) SI_UNIT ( $, .STERADIAN. ) SOLID_ANGLE_UNIT ( ) );
#5946 = AXIS2_PLACEMENT_3D ( 'NONE', #6089, #750, #6023 ) ;
#5947 = SURFACE_STYLE_USAGE ( .BOTH. , #2982 ) ;
#5948 = DIRECTION ( 'NONE',  ( 0.7071067811865472397, -0.7071067811865479058, 0.0000000000000000000 ) ) ;
#5949 = ORIENTED_EDGE ( 'NONE', *, *, #2642, .T. ) ;
#5950 = CARTESIAN_POINT ( 'NONE',  ( -4.250000000000006217, -3.299999999999999822, 0.8249999999999991784 ) ) ;
#5951 = ORIENTED_EDGE ( 'NONE', *, *, #1622, .F. ) ;
#5952 = EDGE_CURVE ( 'NONE', #2898, #2427, #1593, .T. ) ;
#5953 = DIRECTION ( 'NONE',  ( 0.7071067811865479058, -0.7071067811865472397, 0.0000000000000000000 ) ) ;
#5954 = PRESENTATION_STYLE_ASSIGNMENT (( #5414 ) ) ;
#5955 = DIRECTION ( 'NONE',  ( -1.000000000000000000, 0.0000000000000000000, 1.020425574104004122E-16 ) ) ;
#5956 = DIRECTION ( 'NONE',  ( 0.7071067811865474617, 0.7071067811865474617, -7.666467083416870691E-17 ) ) ;
#5957 =( NAMED_UNIT ( * ) PLANE_ANGLE_UNIT ( ) SI_UNIT ( $, .RADIAN. ) );
#5958 = PLANE ( 'NONE',  #2937 ) ;
#5959 = VERTEX_POINT ( 'NONE', #2723 ) ;
#5960 = FACE_OUTER_BOUND ( 'NONE', #6074, .T. ) ;
#5961 = CARTESIAN_POINT ( 'NONE',  ( 4.250000000000000888, -3.299999999999999822, -1.750000000000000666 ) ) ;
#5962 = COLOUR_RGB ( '',0.7529411764705882248, 0.7529411764705882248, 0.7529411764705882248 ) ;
#5963 = EDGE_CURVE ( 'NONE', #2263, #5212, #4492, .T. ) ;
#5964 = CARTESIAN_POINT ( 'NONE',  ( -0.3250000000000001776, 2.000000000000000000, -1.000000000000000222 ) ) ;
#5965 = CARTESIAN_POINT ( 'NONE',  ( 3.049999999999998934, 0.2000000000000000111, 1.370000000000000107 ) ) ;
#5966 = EDGE_CURVE ( 'NONE', #134, #5448, #6840, .T. ) ;
#5967 = ADVANCED_FACE ( 'NONE', ( #5843 ), #2836, .F. ) ;
#5968 = AXIS2_PLACEMENT_3D ( 'NONE', #5033, #6643, #3723 ) ;
#5969 = SURFACE_SIDE_STYLE ('',( #7132 ) ) ;
#5970 = ADVANCED_FACE ( 'NONE', ( #3497 ), #2410, .F. ) ;
#5971 = ORIENTED_EDGE ( 'NONE', *, *, #1961, .F. ) ;
#5972 = CARTESIAN_POINT ( 'NONE',  ( -4.050000000000001599, -0.7999999999999998224, -0.9000000000000000222 ) ) ;
#5973 = FACE_OUTER_BOUND ( 'NONE', #2939, .T. ) ;
#5974 = LINE ( 'NONE', #690, #6919 ) ;
#5975 = ORIENTED_EDGE ( 'NONE', *, *, #1961, .T. ) ;
#5976 = DIRECTION ( 'NONE',  ( 1.000000000000000000, 0.0000000000000000000, -0.0000000000000000000 ) ) ;
#5977 = AXIS2_PLACEMENT_3D ( 'NONE', #263, #1950, #915 ) ;
#5978 = ORIENTED_EDGE ( 'NONE', *, *, #2161, .T. ) ;
#5979 = ORIENTED_EDGE ( 'NONE', *, *, #2128, .T. ) ;
#5980 = DIRECTION ( 'NONE',  ( 0.0000000000000000000, 0.0000000000000000000, -1.000000000000000000 ) ) ;
#5981 = EDGE_CURVE ( 'NONE', #2105, #7059, #636, .T. ) ;
#5982 = DIRECTION ( 'NONE',  ( 3.491481338843133355E-15, -1.000000000000000000, 0.0000000000000000000 ) ) ;
#5983 = COLOUR_RGB ( '',0.7529411764705882248, 0.7529411764705882248, 0.7529411764705882248 ) ;
#5984 = PLANE ( 'NONE',  #6401 ) ;
#5985 = LINE ( 'NONE', #4182, #5207 ) ;
#5986 = VERTEX_POINT ( 'NONE', #2290 ) ;
#5987 = VECTOR ( 'NONE', #3323, 1000.000000000000000 ) ;
#5988 = DIRECTION ( 'NONE',  ( 0.0000000000000000000, 0.0000000000000000000, 1.000000000000000000 ) ) ;
#5989 = ORIENTED_EDGE ( 'NONE', *, *, #2525, .T. ) ;
#5990 = SURFACE_SIDE_STYLE ('',( #1210 ) ) ;
#5991 = CARTESIAN_POINT ( 'NONE',  ( -3.919999999999999929, 0.2000000000000000111, -1.319999999999999174 ) ) ;
#5992 =( NAMED_UNIT ( * ) PLANE_ANGLE_UNIT ( ) SI_UNIT ( $, .RADIAN. ) );
#5993 = CARTESIAN_POINT ( 'NONE',  ( -1.674999999999998934, 2.000000000000000000, 1.000000000000000000 ) ) ;
#5994 = VERTEX_POINT ( 'NONE', #5801 ) ;
#5995 = PRESENTATION_LAYER_ASSIGNMENT (  '', '', ( #2420 ) ) ;
#5996 = LINE ( 'NONE', #5486, #4776 ) ;
#5997 = ORIENTED_EDGE ( 'NONE', *, *, #174, .F. ) ;
#5998 = DIRECTION ( 'NONE',  ( 0.0000000000000000000, 0.0000000000000000000, 1.000000000000000000 ) ) ;
#5999 = CARTESIAN_POINT ( 'NONE',  ( -3.950000000000001066, -0.1000000000000001721, -0.8499999999999998668 ) ) ;
#6000 =( NAMED_UNIT ( * ) SI_UNIT ( $, .STERADIAN. ) SOLID_ANGLE_UNIT ( ) );
#6001 = PRESENTATION_LAYER_ASSIGNMENT (  '', '', ( #4892 ) ) ;
#6002 = FACE_OUTER_BOUND ( 'NONE', #6004, .T. ) ;
#6003 = CARTESIAN_POINT ( 'NONE',  ( -2.299999999999999378, 0.2000000000000000111, 1.199999999999999956 ) ) ;
#6004 = EDGE_LOOP ( 'NONE', ( #5184, #1952, #2845, #598 ) ) ;
#6005 =( GEOMETRIC_REPRESENTATION_CONTEXT ( 3 ) GLOBAL_UNCERTAINTY_ASSIGNED_CONTEXT ( ( #1464 ) ) GLOBAL_UNIT_ASSIGNED_CONTEXT ( ( #7521, #2400, #5300 ) ) REPRESENTATION_CONTEXT ( 'NONE', 'WORKASPACE' ) );
#6006 =( NAMED_UNIT ( * ) SI_UNIT ( $, .STERADIAN. ) SOLID_ANGLE_UNIT ( ) );
#6007 = LINE ( 'NONE', #5827, #2767 ) ;
#6008 = PLANE ( 'NONE',  #5150 ) ;
#6009 = ORIENTED_EDGE ( 'NONE', *, *, #5260, .T. ) ;
#6010 = ADVANCED_FACE ( 'NONE', ( #5228 ), #2251, .F. ) ;
#6011 = AXIS2_PLACEMENT_3D ( 'NONE', #1755, #4125, #5384 ) ;
#6012 = FILL_AREA_STYLE ('',( #4857 ) ) ;
#6013 = ORIENTED_EDGE ( 'NONE', *, *, #5564, .T. ) ;
#6014 = EDGE_LOOP ( 'NONE', ( #2061, #4060, #4172, #2186 ) ) ;
#6015 = PRESENTATION_LAYER_ASSIGNMENT (  '', '', ( #3910 ) ) ;
#6016 = STYLED_ITEM ( 'NONE', ( #1598 ), #4548 ) ;
#6017 = LINE ( 'NONE', #200, #6354 ) ;
#6018 = FACE_OUTER_BOUND ( 'NONE', #5520, .T. ) ;
#6019 = DIRECTION ( 'NONE',  ( -3.388131789017202342E-16, -0.0000000000000000000, -1.000000000000000000 ) ) ;
#6020 = ADVANCED_FACE ( 'NONE', ( #1819 ), #4197, .T. ) ;
#6021 = DIRECTION ( 'NONE',  ( 1.000000000000000000, 0.0000000000000000000, 0.0000000000000000000 ) ) ;
#6022 = MECHANICAL_DESIGN_GEOMETRIC_PRESENTATION_REPRESENTATION (  '', ( #1702 ), #4299 ) ;
#6023 = DIRECTION ( 'NONE',  ( 3.410973126920686698E-15, -1.000000000000000000, 0.0000000000000000000 ) ) ;
#6024 = EDGE_LOOP ( 'NONE', ( #3319, #3798, #4476, #5575 ) ) ;
#6025 = VECTOR ( 'NONE', #7453, 1000.000000000000000 ) ;
#6026 = FACE_OUTER_BOUND ( 'NONE', #3822, .T. ) ;
#6027 = EDGE_LOOP ( 'NONE', ( #1196, #180, #4504, #446 ) ) ;
#6028 = DIRECTION ( 'NONE',  ( 0.7071067811865472397, 0.7071067811865479058, 0.0000000000000000000 ) ) ;
#6029 = VECTOR ( 'NONE', #5648, 1000.000000000000000 ) ;
#6030 = DIRECTION ( 'NONE',  ( -0.0000000000000000000, -1.000000000000000000, -0.0000000000000000000 ) ) ;
#6031 = SURFACE_SIDE_STYLE ('',( #1293 ) ) ;
#6032 = DIRECTION ( 'NONE',  ( 0.0000000000000000000, 0.0000000000000000000, 1.000000000000000000 ) ) ;
#6033 = VECTOR ( 'NONE', #720, 1000.000000000000000 ) ;
#6034 = CARTESIAN_POINT ( 'NONE',  ( -4.249999999999999112, -3.299999999999999822, -1.749999999999999778 ) ) ;
#6035 = VECTOR ( 'NONE', #4042, 1000.000000000000000 ) ;
#6036 = EDGE_CURVE ( 'NONE', #3507, #1898, #477, .T. ) ;
#6037 = AXIS2_PLACEMENT_3D ( 'NONE', #867, #1508, #6240 ) ;
#6038 = EDGE_LOOP ( 'NONE', ( #161, #199, #7356, #6307 ) ) ;
#6039 = CARTESIAN_POINT ( 'NONE',  ( 4.050000000000001599, -0.09999999999999982514, 0.8499999999999989786 ) ) ;
#6040 = ORIENTED_EDGE ( 'NONE', *, *, #6728, .T. ) ;
#6041 = LINE ( 'NONE', #147, #429 ) ;
#6042 = DIRECTION ( 'NONE',  ( -1.000000000000000000, -0.0000000000000000000, -0.0000000000000000000 ) ) ;
#6043 = CARTESIAN_POINT ( 'NONE',  ( -0.3250000000000001776, 2.000000000000000000, -2.250000000000000888 ) ) ;
#6044 = EDGE_LOOP ( 'NONE', ( #3384, #3398, #6991, #4185 ) ) ;
#6045 = ADVANCED_FACE ( 'NONE', ( #143 ), #798, .T. ) ;
#6046 = FILL_AREA_STYLE_COLOUR ( '', #2281 ) ;
#6047 = VECTOR ( 'NONE', #6161, 1000.000000000000000 ) ;
#6048 = FACE_OUTER_BOUND ( 'NONE', #5822, .T. ) ;
#6049 = LINE ( 'NONE', #297, #4572 ) ;
#6050 = EDGE_CURVE ( 'NONE', #4625, #5845, #181, .T. ) ;
#6051 = VERTEX_POINT ( 'NONE', #2531 ) ;
#6052 = SURFACE_STYLE_USAGE ( .BOTH. , #2659 ) ;
#6053 = VERTEX_POINT ( 'NONE', #2493 ) ;
#6054 = VERTEX_POINT ( 'NONE', #6039 ) ;
#6055 = PRESENTATION_LAYER_ASSIGNMENT (  '', '', ( #2609 ) ) ;
#6056 = EDGE_CURVE ( 'NONE', #6380, #3720, #5996, .T. ) ;
#6057 = DIRECTION ( 'NONE',  ( -1.000000000000000000, -0.0000000000000000000, -0.0000000000000000000 ) ) ;
#6058 = CLOSED_SHELL ( 'NONE', ( #268, #5724, #2826, #6580, #5623, #7087, #1795, #5083, #4450, #6428 ) ) ;
#6059 = CARTESIAN_POINT ( 'NONE',  ( -1.562499999999999112, 1.887500000000000178, 1.000000000000000000 ) ) ;
#6060 = VECTOR ( 'NONE', #6683, 1000.000000000000000 ) ;
#6061 = UNCERTAINTY_MEASURE_WITH_UNIT (LENGTH_MEASURE( 1.000000000000000082E-05 ), #850, 'distance_accuracy_value', 'NONE');
#6062 = CARTESIAN_POINT ( 'NONE',  ( -3.950000000000001066, -0.1000000000000001721, -0.8499999999999998668 ) ) ;
#6063 = VECTOR ( 'NONE', #5202, 1000.000000000000000 ) ;
#6064 = ORIENTED_EDGE ( 'NONE', *, *, #6180, .T. ) ;
#6065 = FACE_BOUND ( 'NONE', #7440, .T. ) ;
#6066 = ORIENTED_EDGE ( 'NONE', *, *, #3234, .T. ) ;
#6067 = STYLED_ITEM ( 'NONE', ( #419 ), #7376 ) ;
#6068 = CARTESIAN_POINT ( 'NONE',  ( -0.3499999999999989231, -2.500000000000000000, -2.250000000000000888 ) ) ;
#6069 = CARTESIAN_POINT ( 'NONE',  ( -0.09999999999999992228, 1.999999999999999556, -1.000000000000000222 ) ) ;
#6070 = SURFACE_SIDE_STYLE ('',( #6791 ) ) ;
#6071 = ORIENTED_EDGE ( 'NONE', *, *, #4658, .T. ) ;
#6072 = FILL_AREA_STYLE ('',( #7119 ) ) ;
#6073 = ORIENTED_EDGE ( 'NONE', *, *, #6764, .F. ) ;
#6074 = EDGE_LOOP ( 'NONE', ( #2268, #7358, #6386, #6606 ) ) ;
#6075 = CARTESIAN_POINT ( 'NONE',  ( -4.050000000000007816, -1.780000000000000693, -0.0000000000000000000 ) ) ;
#6076 = CARTESIAN_POINT ( 'NONE',  ( -4.050000000000001599, -1.800000000000000044, 0.6500000000000000222 ) ) ;
#6077 = EDGE_CURVE ( 'NONE', #7176, #3299, #216, .T. ) ;
#6078 = CARTESIAN_POINT ( 'NONE',  ( 0.0000000000000000000, 0.2000000000000000111, 0.0000000000000000000 ) ) ;
#6079 = VERTEX_POINT ( 'NONE', #3031 ) ;
#6080 = SURFACE_SIDE_STYLE ('',( #773 ) ) ;
#6081 = FILL_AREA_STYLE_COLOUR ( '', #3314 ) ;
#6082 = ORIENTED_EDGE ( 'NONE', *, *, #4195, .F. ) ;
#6083 = VECTOR ( 'NONE', #3644, 1000.000000000000000 ) ;
#6084 = DIRECTION ( 'NONE',  ( 0.0000000000000000000, 1.000000000000000000, 6.123233995736766036E-17 ) ) ;
#6085 = VERTEX_POINT ( 'NONE', #2566 ) ;
#6086 = ORIENTED_EDGE ( 'NONE', *, *, #3054, .F. ) ;
#6087 = DIRECTION ( 'NONE',  ( 0.0000000000000000000, 1.000000000000000000, 0.0000000000000000000 ) ) ;
#6088 = CARTESIAN_POINT ( 'NONE',  ( -2.849999999999998757, -2.500000000000000000, -1.750000000000000222 ) ) ;
#6089 = CARTESIAN_POINT ( 'NONE',  ( 4.050000000000001599, 1.364389250768275310E-14, 0.0000000000000000000 ) ) ;
#6090 = ORIENTED_EDGE ( 'NONE', *, *, #315, .F. ) ;
#6091 = AXIS2_PLACEMENT_3D ( 'NONE', #7084, #5457, #4156 ) ;
#6092 = FILL_AREA_STYLE_COLOUR ( '', #2816 ) ;
#6093 = VECTOR ( 'NONE', #4208, 1000.000000000000000 ) ;
#6094 = DIRECTION ( 'NONE',  ( 0.0000000000000000000, 1.000000000000000000, 0.0000000000000000000 ) ) ;
#6095 = CARTESIAN_POINT ( 'NONE',  ( 0.3500000000000011435, -2.500000000000000000, 2.549999999999998934 ) ) ;
#6096 = SURFACE_STYLE_USAGE ( .BOTH. , #4441 ) ;
#6097 = SURFACE_STYLE_FILL_AREA ( #828 ) ;
#6098 = PLANE ( 'NONE',  #642 ) ;
#6099 = EDGE_CURVE ( 'NONE', #2914, #6396, #7307, .T. ) ;
#6100 = ORIENTED_EDGE ( 'NONE', *, *, #7324, .T. ) ;
#6101 = PRESENTATION_STYLE_ASSIGNMENT (( #7163 ) ) ;
#6102 = ORIENTED_EDGE ( 'NONE', *, *, #7329, .F. ) ;
#6103 = FILL_AREA_STYLE_COLOUR ( '', #1049 ) ;
#6104 = SURFACE_SIDE_STYLE ('',( #2647 ) ) ;
#6105 =( GEOMETRIC_REPRESENTATION_CONTEXT ( 3 ) GLOBAL_UNCERTAINTY_ASSIGNED_CONTEXT ( ( #4725 ) ) GLOBAL_UNIT_ASSIGNED_CONTEXT ( ( #7173, #1235, #6006 ) ) REPRESENTATION_CONTEXT ( 'NONE', 'WORKASPACE' ) );
#6106 = CARTESIAN_POINT ( 'NONE',  ( 3.950000000000001066, -0.1000000000000001721, 0.8499999999999989786 ) ) ;
#6107 = ORIENTED_EDGE ( 'NONE', *, *, #6186, .F. ) ;
#6108 = CARTESIAN_POINT ( 'NONE',  ( 2.299999999999999822, 0.0000000000000000000, -1.199999999999999956 ) ) ;
#6109 = CARTESIAN_POINT ( 'NONE',  ( 0.0000000000000000000, 0.0000000000000000000, 1.000000000000000000 ) ) ;
#6110 = LINE ( 'NONE', #5533, #3920 ) ;
#6111 = ORIENTED_EDGE ( 'NONE', *, *, #2490, .F. ) ;
#6112 = EDGE_CURVE ( 'NONE', #1722, #955, #1936, .T. ) ;
#6113 = STYLED_ITEM ( 'NONE', ( #7572 ), #6010 ) ;
#6114 = VECTOR ( 'NONE', #6087, 1000.000000000000000 ) ;
#6115 = CARTESIAN_POINT ( 'NONE',  ( 4.000000000000001776, 9.486769009248163798E-17, 0.9499999999999990674 ) ) ;
#6116 = ORIENTED_EDGE ( 'NONE', *, *, #6273, .T. ) ;
#6117 = EDGE_LOOP ( 'NONE', ( #2605, #266, #1926, #7244 ) ) ;
#6118 = CARTESIAN_POINT ( 'NONE',  ( 2.850000000000000977, -2.200000000000000178, -2.250000000000000888 ) ) ;
#6119 = FACE_OUTER_BOUND ( 'NONE', #469, .T. ) ;
#6120 = CARTESIAN_POINT ( 'NONE',  ( -2.149999999999999911, 0.0000000000000000000, 1.050000000000000044 ) ) ;
#6121 = LINE ( 'NONE', #4323, #2623 ) ;
#6122 = STYLED_ITEM ( 'NONE', ( #3882 ), #4569 ) ;
#6123 = EDGE_LOOP ( 'NONE', ( #2519, #6665, #1907, #1323 ) ) ;
#6124 = VECTOR ( 'NONE', #7168, 999.9999999999998863 ) ;
#6125 = CARTESIAN_POINT ( 'NONE',  ( -0.2499999999999989175, -2.500000000000000000, 2.649999999999998579 ) ) ;
#6126 = FACE_OUTER_BOUND ( 'NONE', #912, .T. ) ;
#6127 = FILL_AREA_STYLE ('',( #3788 ) ) ;
#6128 = LINE ( 'NONE', #7267, #4917 ) ;
#6129 = VECTOR ( 'NONE', #5706, 1000.000000000000000 ) ;
#6130 = PRESENTATION_LAYER_ASSIGNMENT (  '', '', ( #1818 ) ) ;
#6131 = SURFACE_STYLE_USAGE ( .BOTH. , #1430 ) ;
#6132 = EDGE_CURVE ( 'NONE', #1786, #10, #102, .T. ) ;
#6133 = PRESENTATION_STYLE_ASSIGNMENT (( #3037 ) ) ;
#6134 = VECTOR ( 'NONE', #3990, 1000.000000000000000 ) ;
#6135 = ADVANCED_FACE ( 'NONE', ( #3760 ), #715, .T. ) ;
#6136 = CARTESIAN_POINT ( 'NONE',  ( 2.850000000000000977, -2.200000000000000178, 1.749999999999998890 ) ) ;
#6137 = MECHANICAL_DESIGN_GEOMETRIC_PRESENTATION_REPRESENTATION (  '', ( #3199 ), #6759 ) ;
#6138 = VERTEX_POINT ( 'NONE', #5421 ) ;
#6139 = DIRECTION ( 'NONE',  ( 0.0000000000000000000, 0.0000000000000000000, 1.000000000000000000 ) ) ;
#6140 = CARTESIAN_POINT ( 'NONE',  ( -4.050000000000001599, -0.8000000000000000444, 0.8999999999999993561 ) ) ;
#6141 = FACE_OUTER_BOUND ( 'NONE', #6436, .T. ) ;
#6142 = VECTOR ( 'NONE', #1570, 1000.000000000000000 ) ;
#6143 = STYLED_ITEM ( 'NONE', ( #7081 ), #4997 ) ;
#6144 = ORIENTED_EDGE ( 'NONE', *, *, #5819, .T. ) ;
#6145 = DIRECTION ( 'NONE',  ( -0.0000000000000000000, -1.000000000000000000, -0.0000000000000000000 ) ) ;
#6146 =( NAMED_UNIT ( * ) PLANE_ANGLE_UNIT ( ) SI_UNIT ( $, .RADIAN. ) );
#6147 = DIRECTION ( 'NONE',  ( 0.0000000000000000000, 1.000000000000000000, 6.123233995736766036E-17 ) ) ;
#6148 = DIRECTION ( 'NONE',  ( 0.7071067811865474617, -0.7071067811865474617, -7.666467083416870691E-17 ) ) ;
#6149 = FACE_OUTER_BOUND ( 'NONE', #7094, .T. ) ;
#6150 = CARTESIAN_POINT ( 'NONE',  ( -2.149999999999999023, -2.200000000000000178, 1.749999999999998890 ) ) ;
#6151 = ORIENTED_EDGE ( 'NONE', *, *, #458, .T. ) ;
#6152 = SURFACE_STYLE_USAGE ( .BOTH. , #1953 ) ;
#6153 = EDGE_LOOP ( 'NONE', ( #6563, #3933, #1680, #4126 ) ) ;
#6154 = ORIENTED_EDGE ( 'NONE', *, *, #6908, .F. ) ;
#6155 = SURFACE_SIDE_STYLE ('',( #6815 ) ) ;
#6156 = SURFACE_STYLE_USAGE ( .BOTH. , #5503 ) ;
#6157 = EDGE_CURVE ( 'NONE', #56, #2269, #6648, .T. ) ;
#6158 = EDGE_CURVE ( 'NONE', #1371, #1350, #4919, .T. ) ;
#6159 = CARTESIAN_POINT ( 'NONE',  ( -4.250000000000006217, -3.299999999999999822, 1.499999999999998890 ) ) ;
#6160 = ORIENTED_EDGE ( 'NONE', *, *, #179, .F. ) ;
#6161 = DIRECTION ( 'NONE',  ( -1.000000000000000000, -0.0000000000000000000, -0.0000000000000000000 ) ) ;
#6162 = UNCERTAINTY_MEASURE_WITH_UNIT (LENGTH_MEASURE( 1.000000000000000082E-05 ), #5851, 'distance_accuracy_value', 'NONE');
#6163 = DIRECTION ( 'NONE',  ( 1.000000000000000000, 0.0000000000000000000, 0.0000000000000000000 ) ) ;
#6164 = DIRECTION ( 'NONE',  ( 0.7071067811865482389, -0.0000000000000000000, -0.7071067811865469066 ) ) ;
#6165 = MECHANICAL_DESIGN_GEOMETRIC_PRESENTATION_REPRESENTATION (  '', ( #6285 ), #768 ) ;
#6166 = DIRECTION ( 'NONE',  ( -0.0000000000000000000, -1.000000000000000000, -0.0000000000000000000 ) ) ;
#6167 = CARTESIAN_POINT ( 'NONE',  ( 2.999999999999998668, 0.2000000000000000111, 1.699999999999999956 ) ) ;
#6168 =( GEOMETRIC_REPRESENTATION_CONTEXT ( 3 ) GLOBAL_UNCERTAINTY_ASSIGNED_CONTEXT ( ( #2871 ) ) GLOBAL_UNIT_ASSIGNED_CONTEXT ( ( #131, #5543, #820 ) ) REPRESENTATION_CONTEXT ( 'NONE', 'WORKASPACE' ) );
#6169 = FACE_OUTER_BOUND ( 'NONE', #366, .T. ) ;
#6170 = ORIENTED_EDGE ( 'NONE', *, *, #1206, .F. ) ;
#6171 = CARTESIAN_POINT ( 'NONE',  ( -0.2499999999999989175, -2.200000000000000178, 2.649999999999998579 ) ) ;
#6172 = LINE ( 'NONE', #3184, #5730 ) ;
#6173 = DIRECTION ( 'NONE',  ( 0.0000000000000000000, 0.0000000000000000000, 1.000000000000000000 ) ) ;
#6174 = AXIS2_PLACEMENT_3D ( 'NONE', #2309, #5245, #7024 ) ;
#6175 = CARTESIAN_POINT ( 'NONE',  ( -2.299999999999999378, 0.0000000000000000000, 1.199999999999999956 ) ) ;
#6176 = DIRECTION ( 'NONE',  ( 0.0000000000000000000, 0.0000000000000000000, -1.000000000000000000 ) ) ;
#6177 = AXIS2_PLACEMENT_3D ( 'NONE', #3885, #4425, #375 ) ;
#6178 = ORIENTED_EDGE ( 'NONE', *, *, #6251, .T. ) ;
#6179 = LINE ( 'NONE', #6108, #85 ) ;
#6180 = EDGE_CURVE ( 'NONE', #7587, #2914, #7273, .T. ) ;
#6181 = PLANE ( 'NONE',  #4189 ) ;
#6182 = ADVANCED_FACE ( 'NONE', ( #1434 ), #5958, .F. ) ;
#6183 = DIRECTION ( 'NONE',  ( 0.0000000000000000000, 0.0000000000000000000, 1.000000000000000000 ) ) ;
#6184 = EDGE_LOOP ( 'NONE', ( #4038, #255, #6425, #4029 ) ) ;
#6185 = FILL_AREA_STYLE_COLOUR ( '', #2628 ) ;
#6186 = EDGE_CURVE ( 'NONE', #5539, #7113, #6829, .T. ) ;
#6187 = DIRECTION ( 'NONE',  ( 1.807003620809174878E-16, -0.0000000000000000000, 1.000000000000000000 ) ) ;
#6188 = ORIENTED_EDGE ( 'NONE', *, *, #3781, .T. ) ;
#6189 = ORIENTED_EDGE ( 'NONE', *, *, #6938, .F. ) ;
#6190 = SURFACE_SIDE_STYLE ('',( #6816 ) ) ;
#6191 = VECTOR ( 'NONE', #2368, 1000.000000000000000 ) ;
#6192 = ORIENTED_EDGE ( 'NONE', *, *, #2480, .F. ) ;
#6193 = MECHANICAL_DESIGN_GEOMETRIC_PRESENTATION_REPRESENTATION (  '', ( #4984 ), #7206 ) ;
#6194 = EDGE_CURVE ( 'NONE', #5341, #6890, #5675, .T. ) ;
#6195 = CARTESIAN_POINT ( 'NONE',  ( 3.919999999999999929, 0.2000000000000000111, 1.319999999999999840 ) ) ;
#6196 = CARTESIAN_POINT ( 'NONE',  ( -0.7749999999999998002, 2.000000000000000000, 1.000000000000000000 ) ) ;
#6197 = FACE_OUTER_BOUND ( 'NONE', #4486, .T. ) ;
#6198 = CARTESIAN_POINT ( 'NONE',  ( 2.999999999999998668, 0.2000000000000000111, 1.699999999999999956 ) ) ;
#6199 = STYLED_ITEM ( 'NONE', ( #866 ), #117 ) ;
#6200 = DIRECTION ( 'NONE',  ( 0.0000000000000000000, 1.000000000000000000, -3.097720492815726673E-16 ) ) ;
#6201 = DIRECTION ( 'NONE',  ( 0.0000000000000000000, 1.275531967630005739E-16, -1.000000000000000000 ) ) ;
#6202 = DIRECTION ( 'NONE',  ( -0.0000000000000000000, -0.0000000000000000000, 1.000000000000000000 ) ) ;
#6203 = VECTOR ( 'NONE', #4959, 1000.000000000000114 ) ;
#6204 = VECTOR ( 'NONE', #2581, 1000.000000000000000 ) ;
#6205 = CARTESIAN_POINT ( 'NONE',  ( -3.950000000000001066, -0.1000000000000001721, 0.8499999999999994227 ) ) ;
#6206 = ORIENTED_EDGE ( 'NONE', *, *, #3900, .T. ) ;
#6207 = ORIENTED_EDGE ( 'NONE', *, *, #4396, .T. ) ;
#6208 = CARTESIAN_POINT ( 'NONE',  ( 3.919999999999999929, 0.2000000000000000111, 1.319999999999999840 ) ) ;
#6209 = CARTESIAN_POINT ( 'NONE',  ( 3.950000000000001066, 0.2000000000000000944, 0.8499999999999989786 ) ) ;
#6210 = CARTESIAN_POINT ( 'NONE',  ( -2.149999999999999911, 0.0000000000000000000, -1.050000000000000044 ) ) ;
#6211 = STYLED_ITEM ( 'NONE', ( #4626 ), #2826 ) ;
#6212 = VECTOR ( 'NONE', #6329, 1000.000000000000114 ) ;
#6213 = CARTESIAN_POINT ( 'NONE',  ( -4.050000000000004263, -0.8199999999999718625, 1.729999999999998872 ) ) ;
#6214 = PRESENTATION_LAYER_ASSIGNMENT (  '', '', ( #1914 ) ) ;
#6215 = ORIENTED_EDGE ( 'NONE', *, *, #6375, .T. ) ;
#6216 = LINE ( 'NONE', #7433, #4768 ) ;
#6217 = DIRECTION ( 'NONE',  ( 0.7071067811865474617, -0.7071067811865474617, -7.666467083416870691E-17 ) ) ;
#6218 = LINE ( 'NONE', #6771, #121 ) ;
#6219 = ORIENTED_EDGE ( 'NONE', *, *, #4603, .F. ) ;
#6220 = VECTOR ( 'NONE', #3954, 1000.000000000000000 ) ;
#6221 = EDGE_CURVE ( 'NONE', #5009, #2867, #583, .T. ) ;
#6222 = PRODUCT_CONTEXT ( 'NONE', #4942, 'mechanical' ) ;
#6223 =( NAMED_UNIT ( * ) SI_UNIT ( $, .STERADIAN. ) SOLID_ANGLE_UNIT ( ) );
#6224 = ORIENTED_EDGE ( 'NONE', *, *, #3790, .T. ) ;
#6225 = VERTEX_POINT ( 'NONE', #394 ) ;
#6226 = CARTESIAN_POINT ( 'NONE',  ( 4.050000000000001599, -0.7999999999999998224, -0.9000000000000000222 ) ) ;
#6227 = FACE_OUTER_BOUND ( 'NONE', #791, .T. ) ;
#6228 = DIRECTION ( 'NONE',  ( 1.000000000000000000, -0.0000000000000000000, 0.0000000000000000000 ) ) ;
#6229 = CARTESIAN_POINT ( 'NONE',  ( -3.950000000000001066, -0.1000000000000001721, -0.8499999999999998668 ) ) ;
#6230 = VECTOR ( 'NONE', #1785, 1000.000000000000000 ) ;
#6231 = SURFACE_STYLE_FILL_AREA ( #1500 ) ;
#6232 = ORIENTED_EDGE ( 'NONE', *, *, #7442, .F. ) ;
#6233 = CARTESIAN_POINT ( 'NONE',  ( -4.050000000000001599, -0.7999999999999998224, -1.750000000000000666 ) ) ;
#6234 = FACE_OUTER_BOUND ( 'NONE', #4878, .T. ) ;
#6235 = AXIS2_PLACEMENT_3D ( 'NONE', #4807, #4301, #3067 ) ;
#6236 = DIRECTION ( 'NONE',  ( -1.000000000000000000, -0.0000000000000000000, -0.0000000000000000000 ) ) ;
#6237 = DIRECTION ( 'NONE',  ( 1.000000000000000000, 0.0000000000000000000, 0.0000000000000000000 ) ) ;
#6238 = SURFACE_STYLE_USAGE ( .BOTH. , #1615 ) ;
#6239 = COLOUR_RGB ( '',0.7529411764705882248, 0.7529411764705882248, 0.7529411764705882248 ) ;
#6240 = DIRECTION ( 'NONE',  ( 3.410973126920686698E-15, 1.000000000000000000, 0.0000000000000000000 ) ) ;
#6241 = DIRECTION ( 'NONE',  ( 0.7071067811865472397, 0.7071067811865479058, 0.0000000000000000000 ) ) ;
#6242 = VECTOR ( 'NONE', #38, 1000.000000000000000 ) ;
#6243 = DIRECTION ( 'NONE',  ( 0.0000000000000000000, 0.0000000000000000000, -1.000000000000000000 ) ) ;
#6244 = ORIENTED_EDGE ( 'NONE', *, *, #6758, .T. ) ;
#6245 =( GEOMETRIC_REPRESENTATION_CONTEXT ( 3 ) GLOBAL_UNCERTAINTY_ASSIGNED_CONTEXT ( ( #2855 ) ) GLOBAL_UNIT_ASSIGNED_CONTEXT ( ( #7265, #243, #7299 ) ) REPRESENTATION_CONTEXT ( 'NONE', 'WORKASPACE' ) );
#6246 = CARTESIAN_POINT ( 'NONE',  ( -3.950000000000001066, -0.1000000000000001721, 0.8499999999999994227 ) ) ;
#6247 = VECTOR ( 'NONE', #2619, 1000.000000000000000 ) ;
#6248 = ORIENTED_EDGE ( 'NONE', *, *, #6853, .F. ) ;
#6249 = DIRECTION ( 'NONE',  ( -1.000000000000000000, 0.0000000000000000000, 2.356961244533705420E-16 ) ) ;
#6250 =( NAMED_UNIT ( * ) PLANE_ANGLE_UNIT ( ) SI_UNIT ( $, .RADIAN. ) );
#6251 = EDGE_CURVE ( 'NONE', #4631, #3498, #5075, .T. ) ;
#6252 = VECTOR ( 'NONE', #1901, 1000.000000000000000 ) ;
#6253 = CARTESIAN_POINT ( 'NONE',  ( -2.299999999999999822, 0.0000000000000000000, -1.199999999999999956 ) ) ;
#6254 = VECTOR ( 'NONE', #3938, 1000.000000000000000 ) ;
#6255 = DIRECTION ( 'NONE',  ( -0.0000000000000000000, -0.0000000000000000000, 1.000000000000000000 ) ) ;
#6256 = ORIENTED_EDGE ( 'NONE', *, *, #3488, .F. ) ;
#6257 = CARTESIAN_POINT ( 'NONE',  ( 3.049999999999998934, 0.2000000000000000111, 1.370000000000000107 ) ) ;
#6258 =( NAMED_UNIT ( * ) SI_UNIT ( $, .STERADIAN. ) SOLID_ANGLE_UNIT ( ) );
#6259 = VECTOR ( 'NONE', #2379, 1000.000000000000000 ) ;
#6260 = LINE ( 'NONE', #2691, #6029 ) ;
#6261 = MECHANICAL_DESIGN_GEOMETRIC_PRESENTATION_REPRESENTATION (  '', ( #738 ), #1481 ) ;
#6262 = CARTESIAN_POINT ( 'NONE',  ( -4.250000000000000888, -0.09999999999999914513, 0.8499999999999994227 ) ) ;
#6263 = FACE_OUTER_BOUND ( 'NONE', #6274, .T. ) ;
#6264 = ORIENTED_EDGE ( 'NONE', *, *, #5367, .T. ) ;
#6265 = VECTOR ( 'NONE', #6508, 1000.000000000000000 ) ;
#6266 = ORIENTED_EDGE ( 'NONE', *, *, #80, .F. ) ;
#6267 = ORIENTED_EDGE ( 'NONE', *, *, #5594, .F. ) ;
#6268 =( GEOMETRIC_REPRESENTATION_CONTEXT ( 3 ) GLOBAL_UNCERTAINTY_ASSIGNED_CONTEXT ( ( #472 ) ) GLOBAL_UNIT_ASSIGNED_CONTEXT ( ( #284, #2747, #5591 ) ) REPRESENTATION_CONTEXT ( 'NONE', 'WORKASPACE' ) );
#6269 = EDGE_CURVE ( 'NONE', #2587, #6536, #4447, .T. ) ;
#6270 = FACE_OUTER_BOUND ( 'NONE', #4408, .T. ) ;
#6271 = CARTESIAN_POINT ( 'NONE',  ( -4.050000000000001599, 0.0000000000000000000, 0.8999999999999994671 ) ) ;
#6272 = PRESENTATION_STYLE_ASSIGNMENT (( #7406 ) ) ;
#6273 = EDGE_CURVE ( 'NONE', #4896, #4520, #359, .T. ) ;
#6274 = EDGE_LOOP ( 'NONE', ( #5248, #4682, #5485, #1275 ) ) ;
#6275 = VERTEX_POINT ( 'NONE', #6136 ) ;
#6276 = DIRECTION ( 'NONE',  ( 1.000000000000000000, 3.410973126920686698E-15, 0.0000000000000000000 ) ) ;
#6277 = CARTESIAN_POINT ( 'NONE',  ( 2.500000000000000888, -2.500000000000000000, 5.399999999999998579 ) ) ;
#6278 = DIRECTION ( 'NONE',  ( 0.7071067811865482389, -0.0000000000000000000, 0.7071067811865469066 ) ) ;
#6279 = EDGE_CURVE ( 'NONE', #725, #6617, #3902, .T. ) ;
#6280 = VECTOR ( 'NONE', #3823, 1000.000000000000000 ) ;
#6281 = EDGE_CURVE ( 'NONE', #6384, #3158, #977, .T. ) ;
#6282 = CARTESIAN_POINT ( 'NONE',  ( 4.050000000000001599, -0.09999999999999982514, 0.8499999999999989786 ) ) ;
#6283 = CARTESIAN_POINT ( 'NONE',  ( -4.249999999999999112, 0.2000000000000000111, -0.8999999999999999112 ) ) ;
#6284 = EDGE_CURVE ( 'NONE', #1089, #7401, #1583, .T. ) ;
#6285 = STYLED_ITEM ( 'NONE', ( #7215 ), #6895 ) ;
#6286 = ORIENTED_EDGE ( 'NONE', *, *, #831, .T. ) ;
#6287 = DIRECTION ( 'NONE',  ( 1.000000000000000000, 3.410973126920686698E-15, -0.0000000000000000000 ) ) ;
#6288 =( NAMED_UNIT ( * ) PLANE_ANGLE_UNIT ( ) SI_UNIT ( $, .RADIAN. ) );
#6289 = PRESENTATION_STYLE_ASSIGNMENT (( #2160 ) ) ;
#6290 = VECTOR ( 'NONE', #1697, 1000.000000000000000 ) ;
#6291 = VECTOR ( 'NONE', #409, 1000.000000000000000 ) ;
#6292 = ORIENTED_EDGE ( 'NONE', *, *, #1735, .F. ) ;
#6293 = FILL_AREA_STYLE_COLOUR ( '', #6545 ) ;
#6294 =( NAMED_UNIT ( * ) SI_UNIT ( $, .STERADIAN. ) SOLID_ANGLE_UNIT ( ) );
#6295 = ADVANCED_FACE ( 'NONE', ( #6169 ), #431, .F. ) ;
#6296 = MECHANICAL_DESIGN_GEOMETRIC_PRESENTATION_REPRESENTATION (  '', ( #3732 ), #7298 ) ;
#6297 = FILL_AREA_STYLE_COLOUR ( '', #4756 ) ;
#6298 = DIRECTION ( 'NONE',  ( 0.0000000000000000000, -0.0000000000000000000, 1.000000000000000000 ) ) ;
#6299 = ORIENTED_EDGE ( 'NONE', *, *, #1943, .F. ) ;
#6300 = PRODUCT_DEFINITION_FORMATION_WITH_SPECIFIED_SOURCE ( 'ANY', '', #2592, .NOT_KNOWN. ) ;
#6301 = CARTESIAN_POINT ( 'NONE',  ( 4.050000000000007816, -1.780000000000000693, -0.6697014260101288308 ) ) ;
#6302 = ORIENTED_EDGE ( 'NONE', *, *, #885, .F. ) ;
#6303 = ORIENTED_EDGE ( 'NONE', *, *, #4118, .T. ) ;
#6304 = CARTESIAN_POINT ( 'NONE',  ( -2.149999999999999023, -2.500000000000000000, 2.549999999999998934 ) ) ;
#6305 = CARTESIAN_POINT ( 'NONE',  ( -3.919999999999999929, 0.0000000000000000000, -1.319999999999999174 ) ) ;
#6306 = VERTEX_POINT ( 'NONE', #7485 ) ;
#6307 = ORIENTED_EDGE ( 'NONE', *, *, #2793, .T. ) ;
#6308 = UNCERTAINTY_MEASURE_WITH_UNIT (LENGTH_MEASURE( 1.000000000000000082E-05 ), #2857, 'distance_accuracy_value', 'NONE');
#6309 = SURFACE_SIDE_STYLE ('',( #498 ) ) ;
#6310 = LINE ( 'NONE', #3402, #2327 ) ;
#6311 = CARTESIAN_POINT ( 'NONE',  ( -2.299999999999999822, 0.2000000000000000111, -1.199999999999999956 ) ) ;
#6312 = ADVANCED_FACE ( 'NONE', ( #2201 ), #4560, .F. ) ;
#6313 = CARTESIAN_POINT ( 'NONE',  ( 4.249999999999997335, 0.2000000000000000111, -0.8999999999999999112 ) ) ;
#6314 = FILL_AREA_STYLE_COLOUR ( '', #772 ) ;
#6315 = ORIENTED_EDGE ( 'NONE', *, *, #3564, .F. ) ;
#6316 = DIRECTION ( 'NONE',  ( -1.000000000000000000, 0.0000000000000000000, 1.182766006347823109E-16 ) ) ;
#6317 = ORIENTED_EDGE ( 'NONE', *, *, #1065, .T. ) ;
#6318 = FILL_AREA_STYLE ('',( #5718 ) ) ;
#6319 = UNCERTAINTY_MEASURE_WITH_UNIT (LENGTH_MEASURE( 1.000000000000000082E-05 ), #6645, 'distance_accuracy_value', 'NONE');
#6320 = UNCERTAINTY_MEASURE_WITH_UNIT (LENGTH_MEASURE( 1.000000000000000082E-05 ), #160, 'distance_accuracy_value', 'NONE');
#6321 = DIRECTION ( 'NONE',  ( -0.0000000000000000000, -0.0000000000000000000, 1.000000000000000000 ) ) ;
#6322 = EDGE_CURVE ( 'NONE', #378, #4147, #1165, .T. ) ;
#6323 =( NAMED_UNIT ( * ) PLANE_ANGLE_UNIT ( ) SI_UNIT ( $, .RADIAN. ) );
#6324 = VECTOR ( 'NONE', #2035, 1000.000000000000000 ) ;
#6325 = DIRECTION ( 'NONE',  ( -0.0000000000000000000, -1.000000000000000000, -0.0000000000000000000 ) ) ;
#6326 = EDGE_LOOP ( 'NONE', ( #271, #6470, #3375, #6720 ) ) ;
#6327 = SURFACE_STYLE_FILL_AREA ( #5765 ) ;
#6328 = DIRECTION ( 'NONE',  ( -1.000000000000000000, -0.0000000000000000000, 0.0000000000000000000 ) ) ;
#6330 = MECHANICAL_DESIGN_GEOMETRIC_PRESENTATION_REPRESENTATION (  '', ( #3766 ), #3281 ) ;
#6329 = DIRECTION ( 'NONE',  ( 0.7071067811865474617, 0.7071067811865474617, -7.666467083416870691E-17 ) ) ;
#6331 = EDGE_CURVE ( 'NONE', #6588, #5694, #6948, .T. ) ;
#6332 = DIRECTION ( 'NONE',  ( -0.0000000000000000000, -1.000000000000000000, -0.0000000000000000000 ) ) ;
#6333 = CARTESIAN_POINT ( 'NONE',  ( -4.050000000000001599, -1.800000000000000044, -1.750000000000000888 ) ) ;
#6334 = ORIENTED_EDGE ( 'NONE', *, *, #7563, .T. ) ;
#6335 = SURFACE_STYLE_USAGE ( .BOTH. , #951 ) ;
#6336 = PRESENTATION_LAYER_ASSIGNMENT (  '', '', ( #2414 ) ) ;
#6337 = CARTESIAN_POINT ( 'NONE',  ( -2.999999999999999556, 0.0000000000000000000, 1.700000000000000400 ) ) ;
#6338 = ORIENTED_EDGE ( 'NONE', *, *, #7465, .F. ) ;
#6339 = ORIENTED_EDGE ( 'NONE', *, *, #2529, .T. ) ;
#6340 = ORIENTED_EDGE ( 'NONE', *, *, #6221, .T. ) ;
#6341 = DIRECTION ( 'NONE',  ( -1.000000000000000000, -0.0000000000000000000, -0.0000000000000000000 ) ) ;
#6342 = CARTESIAN_POINT ( 'NONE',  ( -4.250000000000006217, -2.949999999999999734, 1.749999999999998890 ) ) ;
#6343 = VECTOR ( 'NONE', #2879, 1000.000000000000000 ) ;
#6344 = LINE ( 'NONE', #44, #1354 ) ;
#6345 = ADVANCED_FACE ( 'NONE', ( #4727 ), #5219, .T. ) ;
#6346 = FACE_OUTER_BOUND ( 'NONE', #1090, .T. ) ;
#6347 = ORIENTED_EDGE ( 'NONE', *, *, #2616, .F. ) ;
#6348 = VERTEX_POINT ( 'NONE', #3490 ) ;
#6349 = PRESENTATION_STYLE_ASSIGNMENT (( #4052 ) ) ;
#6350 = DIRECTION ( 'NONE',  ( 1.000000000000000000, -9.757819552369541484E-15, 0.0000000000000000000 ) ) ;
#6351 = FACE_OUTER_BOUND ( 'NONE', #6928, .T. ) ;
#6352 = LINE ( 'NONE', #5788, #1473 ) ;
#6353 = CARTESIAN_POINT ( 'NONE',  ( -3.049999999999999822, 0.0000000000000000000, 1.750000000000000222 ) ) ;
#6354 = VECTOR ( 'NONE', #6057, 1000.000000000000000 ) ;
#6355 = ORIENTED_EDGE ( 'NONE', *, *, #3351, .T. ) ;
#6356 = DIRECTION ( 'NONE',  ( 0.0000000000000000000, 1.000000000000000000, -0.0000000000000000000 ) ) ;
#6357 = ORIENTED_EDGE ( 'NONE', *, *, #6036, .F. ) ;
#6358 = LINE ( 'NONE', #5338, #474 ) ;
#6359 = SURFACE_STYLE_FILL_AREA ( #3906 ) ;
#6360 = FACE_OUTER_BOUND ( 'NONE', #6407, .T. ) ;
#6361 = EDGE_CURVE ( 'NONE', #6931, #1700, #2242, .T. ) ;
#6362 = DIRECTION ( 'NONE',  ( -0.0000000000000000000, -0.0000000000000000000, 1.000000000000000000 ) ) ;
#6363 = AXIS2_PLACEMENT_3D ( 'NONE', #4905, #752, #705 ) ;
#6364 = UNCERTAINTY_MEASURE_WITH_UNIT (LENGTH_MEASURE( 1.000000000000000082E-05 ), #5286, 'distance_accuracy_value', 'NONE');
#6365 = ADVANCED_FACE ( 'NONE', ( #5335 ), #4681, .T. ) ;
#6366 = AXIS2_PLACEMENT_3D ( 'NONE', #6912, #6356, #5185 ) ;
#6367 = ADVANCED_FACE ( 'NONE', ( #5872 ), #2282, .F. ) ;
#6368 = PRESENTATION_LAYER_ASSIGNMENT (  '', '', ( #6874 ) ) ;
#6369 = DIRECTION ( 'NONE',  ( 0.0000000000000000000, 0.0000000000000000000, 1.000000000000000000 ) ) ;
#6370 = VERTEX_POINT ( 'NONE', #1810 ) ;
#6371 = VECTOR ( 'NONE', #1491, 1000.000000000000000 ) ;
#6372 = LINE ( 'NONE', #5803, #6911 ) ;
#6374 =( GEOMETRIC_REPRESENTATION_CONTEXT ( 3 ) GLOBAL_UNCERTAINTY_ASSIGNED_CONTEXT ( ( #1728 ) ) GLOBAL_UNIT_ASSIGNED_CONTEXT ( ( #7405, #5098, #5130 ) ) REPRESENTATION_CONTEXT ( 'NONE', 'WORKASPACE' ) );
#6373 = DIRECTION ( 'NONE',  ( 0.0000000000000000000, 0.0000000000000000000, 1.000000000000000000 ) ) ;
#6375 = EDGE_CURVE ( 'NONE', #2867, #1935, #6562, .T. ) ;
#6376 = SURFACE_STYLE_FILL_AREA ( #6961 ) ;
#6377 = DIRECTION ( 'NONE',  ( 0.7071067811865482389, -0.0000000000000000000, -0.7071067811865469066 ) ) ;
#6378 = CARTESIAN_POINT ( 'NONE',  ( 3.950000000000001066, -0.1000000000000001721, 0.8499999999999989786 ) ) ;
#6379 = VECTOR ( 'NONE', #2117, 1000.000000000000000 ) ;
#6380 = VERTEX_POINT ( 'NONE', #2595 ) ;
#6381 = CARTESIAN_POINT ( 'NONE',  ( -3.919999999999999929, 0.0000000000000000000, -1.319999999999999174 ) ) ;
#6382 = VECTOR ( 'NONE', #1091, 1000.000000000000000 ) ;
#6383 = LINE ( 'NONE', #2421, #4411 ) ;
#6384 = VERTEX_POINT ( 'NONE', #5410 ) ;
#6385 = PRESENTATION_LAYER_ASSIGNMENT (  '', '', ( #7018 ) ) ;
#6386 = ORIENTED_EDGE ( 'NONE', *, *, #4782, .F. ) ;
#6387 = CARTESIAN_POINT ( 'NONE',  ( -2.299999999999999822, 0.2000000000000000111, -1.199999999999999956 ) ) ;
#6388 =( GEOMETRIC_REPRESENTATION_CONTEXT ( 3 ) GLOBAL_UNCERTAINTY_ASSIGNED_CONTEXT ( ( #5842 ) ) GLOBAL_UNIT_ASSIGNED_CONTEXT ( ( #1226, #4075, #5807 ) ) REPRESENTATION_CONTEXT ( 'NONE', 'WORKASPACE' ) );
#6389 = AXIS2_PLACEMENT_3D ( 'NONE', #4889, #1346, #3157 ) ;
#6390 = CARTESIAN_POINT ( 'NONE',  ( -4.050000000000004263, -0.8199999999999715294, -1.730000000000000870 ) ) ;
#6391 = CARTESIAN_POINT ( 'NONE',  ( 0.3500000000000008660, -2.200000000000000178, -2.250000000000000888 ) ) ;
#6392 = PRESENTATION_LAYER_ASSIGNMENT (  '', '', ( #3993 ) ) ;
#6393 = FACE_OUTER_BOUND ( 'NONE', #6024, .T. ) ;
#6394 = STYLED_ITEM ( 'NONE', ( #547 ), #4972 ) ;
#6395 = VERTEX_POINT ( 'NONE', #3719 ) ;
#6396 = VERTEX_POINT ( 'NONE', #4326 ) ;
#6397 = EDGE_CURVE ( 'NONE', #5110, #3508, #1322, .T. ) ;
#6398 = CARTESIAN_POINT ( 'NONE',  ( 4.050000000000007816, -1.780000000000000693, 0.0000000000000000000 ) ) ;
#6399 = ADVANCED_FACE ( 'NONE', ( #6065, #6026 ), #3097, .F. ) ;
#6400 = CARTESIAN_POINT ( 'NONE',  ( 3.950000000000001066, 9.486769009248163798E-17, -0.8500000000000013101 ) ) ;
#6401 = AXIS2_PLACEMENT_3D ( 'NONE', #4250, #7111, #2440 ) ;
#6402 = CLOSED_SHELL ( 'NONE', ( #4223, #4569, #1107, #6367, #213, #5399 ) ) ;
#6403 = CARTESIAN_POINT ( 'NONE',  ( -4.050000000000007816, -1.780000000000000693, -0.6697014260101297189 ) ) ;
#6404 = DIRECTION ( 'NONE',  ( 3.388131789017201849E-16, 0.0000000000000000000, 1.000000000000000000 ) ) ;
#6405 = VECTOR ( 'NONE', #2719, 1000.000000000000000 ) ;
#6406 = ORIENTED_EDGE ( 'NONE', *, *, #2947, .F. ) ;
#6407 = EDGE_LOOP ( 'NONE', ( #207, #5763, #7114, #4839 ) ) ;
#6408 =( LENGTH_UNIT ( ) NAMED_UNIT ( * ) SI_UNIT ( .MILLI., .METRE. ) );
#6409 = LINE ( 'NONE', #1132, #3876 ) ;
#6410 = CIRCLE ( 'NONE', #3717, 0.2500000000000002220 ) ;
#6411 = CARTESIAN_POINT ( 'NONE',  ( 2.999999999999998668, 0.2000000000000000111, 1.699999999999999956 ) ) ;
#6412 = VECTOR ( 'NONE', #7574, 1000.000000000000000 ) ;
#6413 =( NAMED_UNIT ( * ) SI_UNIT ( $, .STERADIAN. ) SOLID_ANGLE_UNIT ( ) );
#6414 = ORIENTED_EDGE ( 'NONE', *, *, #6492, .T. ) ;
#6415 = LINE ( 'NONE', #4031, #2032 ) ;
#6416 = CLOSED_SHELL ( 'NONE', ( #6345, #1396, #3554, #6295, #6614, #2941, #5695, #5967, #3329, #2429 ) ) ;
#6417 = DIRECTION ( 'NONE',  ( -0.0000000000000000000, -1.000000000000000000, -0.0000000000000000000 ) ) ;
#6418 =( GEOMETRIC_REPRESENTATION_CONTEXT ( 3 ) GLOBAL_UNCERTAINTY_ASSIGNED_CONTEXT ( ( #1629 ) ) GLOBAL_UNIT_ASSIGNED_CONTEXT ( ( #1127, #5912, #537 ) ) REPRESENTATION_CONTEXT ( 'NONE', 'WORKASPACE' ) );
#6419 = SURFACE_SIDE_STYLE ('',( #4659 ) ) ;
#6420 = LINE ( 'NONE', #1829, #2494 ) ;
#6421 = ORIENTED_EDGE ( 'NONE', *, *, #3113, .F. ) ;
#6422 = LINE ( 'NONE', #5850, #7483 ) ;
#6423 = VECTOR ( 'NONE', #2834, 1000.000000000000000 ) ;
#6424 =( LENGTH_UNIT ( ) NAMED_UNIT ( * ) SI_UNIT ( .MILLI., .METRE. ) );
#6425 = ORIENTED_EDGE ( 'NONE', *, *, #6739, .F. ) ;
#6426 = VERTEX_POINT ( 'NONE', #6674 ) ;
#6427 = FILL_AREA_STYLE ('',( #4666 ) ) ;
#6428 = ADVANCED_FACE ( 'NONE', ( #2482 ), #1289, .F. ) ;
#6429 = CARTESIAN_POINT ( 'NONE',  ( 4.050000000000001599, -1.800000000000000044, 0.6500000000000000222 ) ) ;
#6430 = ORIENTED_EDGE ( 'NONE', *, *, #5963, .F. ) ;
#6431 = EDGE_CURVE ( 'NONE', #3315, #2644, #6410, .T. ) ;
#6432 = EDGE_CURVE ( 'NONE', #2962, #3194, #3604, .T. ) ;
#6433 = MECHANICAL_DESIGN_GEOMETRIC_PRESENTATION_REPRESENTATION (  '', ( #1276 ), #3735 ) ;
#6434 = DIRECTION ( 'NONE',  ( 0.0000000000000000000, 0.0000000000000000000, 1.000000000000000000 ) ) ;
#6435 = UNCERTAINTY_MEASURE_WITH_UNIT (LENGTH_MEASURE( 1.000000000000000082E-05 ), #3293, 'distance_accuracy_value', 'NONE');
#6436 = EDGE_LOOP ( 'NONE', ( #4448, #3597, #3407, #2818 ) ) ;
#6437 = ORIENTED_EDGE ( 'NONE', *, *, #1389, .F. ) ;
#6438 = DIRECTION ( 'NONE',  ( 0.0000000000000000000, 0.0000000000000000000, 1.000000000000000000 ) ) ;
#6439 = COLOUR_RGB ( '',0.2509803921568627416, 0.2509803921568627416, 0.2509803921568627416 ) ;
#6440 = PRESENTATION_STYLE_ASSIGNMENT (( #1734 ) ) ;
#6441 = LINE ( 'NONE', #2395, #4613 ) ;
#6442 = DIRECTION ( 'NONE',  ( -0.0000000000000000000, -1.000000000000000000, -0.0000000000000000000 ) ) ;
#6443 = CARTESIAN_POINT ( 'NONE',  ( 2.999999999999998668, 0.2000000000000000111, -1.320000000000000506 ) ) ;
#6444 =( NAMED_UNIT ( * ) SI_UNIT ( $, .STERADIAN. ) SOLID_ANGLE_UNIT ( ) );
#6445 = ORIENTED_EDGE ( 'NONE', *, *, #5344, .T. ) ;
#6446 = ORIENTED_EDGE ( 'NONE', *, *, #3781, .F. ) ;
#6447 = CARTESIAN_POINT ( 'NONE',  ( 0.2500000000000011657, -2.500000000000000000, 2.649999999999998579 ) ) ;
#6448 = DIRECTION ( 'NONE',  ( -0.7071067811865470176, 0.0000000000000000000, -0.7071067811865481278 ) ) ;
#6449 = CARTESIAN_POINT ( 'NONE',  ( 2.999999999999998668, 0.2000000000000000111, 1.319999999999999840 ) ) ;
#6450 = SURFACE_SIDE_STYLE ('',( #3453 ) ) ;
#6451 = FILL_AREA_STYLE ('',( #4111 ) ) ;
#6452 = ORIENTED_EDGE ( 'NONE', *, *, #128, .T. ) ;
#6453 = LINE ( 'NONE', #3033, #564 ) ;
#6454 = CARTESIAN_POINT ( 'NONE',  ( 2.149999999999999911, 0.0000000000000000000, 1.050000000000000044 ) ) ;
#6455 = DIRECTION ( 'NONE',  ( -0.0000000000000000000, -1.000000000000000000, -0.0000000000000000000 ) ) ;
#6456 = ORIENTED_EDGE ( 'NONE', *, *, #1002, .T. ) ;
#6457 = EDGE_CURVE ( 'NONE', #4253, #3406, #242, .T. ) ;
#6458 = CARTESIAN_POINT ( 'NONE',  ( -0.1000000000000002554, 2.000000000000000000, -1.000000000000000222 ) ) ;
#6459 = ORIENTED_EDGE ( 'NONE', *, *, #2101, .F. ) ;
#6460 = COLOUR_RGB ( '',0.7529411764705882248, 0.7529411764705882248, 0.7529411764705882248 ) ;
#6461 = ORIENTED_EDGE ( 'NONE', *, *, #2594, .T. ) ;
#6462 = DIRECTION ( 'NONE',  ( -0.7071067811865470176, 0.0000000000000000000, -0.7071067811865481278 ) ) ;
#6463 = UNCERTAINTY_MEASURE_WITH_UNIT (LENGTH_MEASURE( 1.000000000000000082E-05 ), #481, 'distance_accuracy_value', 'NONE');
#6464 = LINE ( 'NONE', #6973, #4041 ) ;
#6465 = CARTESIAN_POINT ( 'NONE',  ( -4.050000000000001599, -1.800000000000000266, 1.749999999999998446 ) ) ;
#6466 = ADVANCED_FACE ( 'NONE', ( #5369 ), #92, .T. ) ;
#6467 = ORIENTED_EDGE ( 'NONE', *, *, #203, .T. ) ;
#6468 = VECTOR ( 'NONE', #1604, 1000.000000000000000 ) ;
#6469 = CARTESIAN_POINT ( 'NONE',  ( -3.850000000000001421, 9.486769009248163798E-17, 0.8499999999999994227 ) ) ;
#6470 = ORIENTED_EDGE ( 'NONE', *, *, #3415, .F. ) ;
#6471 = ORIENTED_EDGE ( 'NONE', *, *, #3381, .F. ) ;
#6472 = CARTESIAN_POINT ( 'NONE',  ( 4.250000000000003553, -0.8199999999999998401, -1.730000000000000870 ) ) ;
#6473 = AXIS2_PLACEMENT_3D ( 'NONE', #5932, #726, #4311 ) ;
#6474 =( NAMED_UNIT ( * ) SI_UNIT ( $, .STERADIAN. ) SOLID_ANGLE_UNIT ( ) );
#6475 = SURFACE_STYLE_FILL_AREA ( #2358 ) ;
#6476 = PLANE ( 'NONE',  #2589 ) ;
#6477 = CARTESIAN_POINT ( 'NONE',  ( 0.3500000000000008660, -2.200000000000000178, 1.749999999999998890 ) ) ;
#6478 = UNCERTAINTY_MEASURE_WITH_UNIT (LENGTH_MEASURE( 1.000000000000000082E-05 ), #5717, 'distance_accuracy_value', 'NONE');
#6479 = EDGE_CURVE ( 'NONE', #7522, #1965, #3935, .T. ) ;
#6480 = ORIENTED_EDGE ( 'NONE', *, *, #3616, .T. ) ;
#6481 = SURFACE_STYLE_USAGE ( .BOTH. , #5261 ) ;
#6482 = ORIENTED_EDGE ( 'NONE', *, *, #3005, .F. ) ;
#6483 = SURFACE_SIDE_STYLE ('',( #4801 ) ) ;
#6484 = ORIENTED_EDGE ( 'NONE', *, *, #4357, .F. ) ;
#6485 = SURFACE_SIDE_STYLE ('',( #1778 ) ) ;
#6486 = LINE ( 'NONE', #1215, #5840 ) ;
#6487 = ORIENTED_EDGE ( 'NONE', *, *, #1030, .T. ) ;
#6488 = CARTESIAN_POINT ( 'NONE',  ( -0.2499999999999985290, -2.200000000000000178, 5.399999999999998579 ) ) ;
#6489 = AXIS2_PLACEMENT_3D ( 'NONE', #2373, #4735, #3534 ) ;
#6490 = VECTOR ( 'NONE', #6667, 1000.000000000000000 ) ;
#6491 = VERTEX_POINT ( 'NONE', #6125 ) ;
#6492 = EDGE_CURVE ( 'NONE', #496, #5262, #6861, .T. ) ;
#6493 = CARTESIAN_POINT ( 'NONE',  ( -2.749999999999998668, -2.500000000000000000, 5.399999999999998579 ) ) ;
#6494 = SURFACE_SIDE_STYLE ('',( #7085 ) ) ;
#6496 = LINE ( 'NONE', #4739, #4924 ) ;
#6495 = VECTOR ( 'NONE', #2679, 1000.000000000000000 ) ;
#6497 = DIRECTION ( 'NONE',  ( 1.000000000000000000, -0.0000000000000000000, -0.0000000000000000000 ) ) ;
#6498 = DIRECTION ( 'NONE',  ( -1.379893674072460211E-16, 0.0000000000000000000, -1.000000000000000000 ) ) ;
#6499 = CARTESIAN_POINT ( 'NONE',  ( 4.250000000000003553, -0.8199999999999998401, 0.8499999999999989786 ) ) ;
#6500 =( GEOMETRIC_REPRESENTATION_CONTEXT ( 3 ) GLOBAL_UNCERTAINTY_ASSIGNED_CONTEXT ( ( #6364 ) ) GLOBAL_UNIT_ASSIGNED_CONTEXT ( ( #5286, #5353, #5817 ) ) REPRESENTATION_CONTEXT ( 'NONE', 'WORKASPACE' ) );
#6501 = CIRCLE ( 'NONE', #6625, 0.2500000000000002220 ) ;
#6502 = LINE ( 'NONE', #1232, #3677 ) ;
#6503 = ORIENTED_EDGE ( 'NONE', *, *, #1452, .T. ) ;
#6504 = FACE_OUTER_BOUND ( 'NONE', #3555, .T. ) ;
#6505 = PRESENTATION_LAYER_ASSIGNMENT (  '', '', ( #1219 ) ) ;
#6506 = AXIS2_PLACEMENT_3D ( 'NONE', #6277, #4514, #6864 ) ;
#6507 = CARTESIAN_POINT ( 'NONE',  ( -2.849999999999998757, -2.200000000000000178, 2.549999999999998934 ) ) ;
#6508 = DIRECTION ( 'NONE',  ( -0.0000000000000000000, -1.000000000000000000, -0.0000000000000000000 ) ) ;
#6509 = VECTOR ( 'NONE', #1976, 1000.000000000000000 ) ;
#6510 = ORIENTED_EDGE ( 'NONE', *, *, #3291, .T. ) ;
#6511 = VECTOR ( 'NONE', #1325, 1000.000000000000000 ) ;
#6512 = FACE_OUTER_BOUND ( 'NONE', #4342, .T. ) ;
#6513 = EDGE_CURVE ( 'NONE', #6051, #7288, #859, .T. ) ;
#6514 = ORIENTED_EDGE ( 'NONE', *, *, #3886, .F. ) ;
#6515 = EDGE_LOOP ( 'NONE', ( #6966, #5129, #6978, #7595 ) ) ;
#6516 = CARTESIAN_POINT ( 'NONE',  ( 3.919999999999999929, 0.2000000000000000111, 0.8499999999999989786 ) ) ;
#6517 = FILL_AREA_STYLE_COLOUR ( '', #6988 ) ;
#6518 = VECTOR ( 'NONE', #5935, 1000.000000000000000 ) ;
#6519 = DIRECTION ( 'NONE',  ( -0.0000000000000000000, -1.000000000000000000, -0.0000000000000000000 ) ) ;
#6520 = PLANE ( 'NONE',  #4875 ) ;
#6521 = MECHANICAL_DESIGN_GEOMETRIC_PRESENTATION_REPRESENTATION (  '', ( #2827 ), #3202 ) ;
#6522 = EDGE_CURVE ( 'NONE', #6875, #4859, #1575, .T. ) ;
#6523 = CARTESIAN_POINT ( 'NONE',  ( 3.850000000000001421, 0.2000000000000000389, 0.9499999999999990674 ) ) ;
#6524 = DIRECTION ( 'NONE',  ( -1.000000000000000000, 0.0000000000000000000, 1.807003620809174632E-16 ) ) ;
#6525 = ORIENTED_EDGE ( 'NONE', *, *, #4987, .F. ) ;
#6526 = DIRECTION ( 'NONE',  ( 0.0000000000000000000, -0.0000000000000000000, -1.000000000000000000 ) ) ;
#6527 = VERTEX_POINT ( 'NONE', #3213 ) ;
#6528 = EDGE_CURVE ( 'NONE', #2399, #3014, #5546, .T. ) ;
#6529 = DIRECTION ( 'NONE',  ( 0.7071067811865472397, 0.7071067811865479058, -7.666467083416866993E-17 ) ) ;
#6530 = DIRECTION ( 'NONE',  ( 0.7071067811865469066, -0.7071067811865482389, 0.0000000000000000000 ) ) ;
#6531 = ADVANCED_FACE ( 'NONE', ( #3253 ), #386, .T. ) ;
#6532 = PRESENTATION_STYLE_ASSIGNMENT (( #1891 ) ) ;
#6533 = DIRECTION ( 'NONE',  ( 0.0000000000000000000, -0.0000000000000000000, 1.000000000000000000 ) ) ;
#6534 = EDGE_CURVE ( 'NONE', #5281, #1649, #3894, .T. ) ;
#6535 = DIRECTION ( 'NONE',  ( -1.000000000000000000, 0.0000000000000000000, 0.0000000000000000000 ) ) ;
#6536 = VERTEX_POINT ( 'NONE', #7516 ) ;
#6537 = CARTESIAN_POINT ( 'NONE',  ( 4.250000000000003553, -0.8199999999999996181, -0.8500000000000013101 ) ) ;
#6538 = SURFACE_STYLE_USAGE ( .BOTH. , #6494 ) ;
#6539 =( NAMED_UNIT ( * ) PLANE_ANGLE_UNIT ( ) SI_UNIT ( $, .RADIAN. ) );
#6540 = DIRECTION ( 'NONE',  ( 0.0000000000000000000, 0.0000000000000000000, -1.000000000000000000 ) ) ;
#6541 = VECTOR ( 'NONE', #5693, 1000.000000000000000 ) ;
#6542 = EDGE_CURVE ( 'NONE', #716, #6549, #5294, .T. ) ;
#6543 = ORIENTED_EDGE ( 'NONE', *, *, #3221, .T. ) ;
#6544 = LINE ( 'NONE', #7134, #4389 ) ;
#6545 = COLOUR_RGB ( '',0.7529411764705882248, 0.7529411764705882248, 0.7529411764705882248 ) ;
#6546 = FILL_AREA_STYLE ('',( #77 ) ) ;
#6547 = LINE ( 'NONE', #1272, #2181 ) ;
#6548 = CYLINDRICAL_SURFACE ( 'NONE', #1259, 0.2500000000000002220 ) ;
#6549 = VERTEX_POINT ( 'NONE', #4594 ) ;
#6550 = SURFACE_STYLE_USAGE ( .BOTH. , #2936 ) ;
#6551 = AXIS2_PLACEMENT_3D ( 'NONE', #4828, #702, #2983 ) ;
#6552 = VERTEX_POINT ( 'NONE', #6472 ) ;
#6553 = ORIENTED_EDGE ( 'NONE', *, *, #1994, .T. ) ;
#6554 = VECTOR ( 'NONE', #2883, 1000.000000000000000 ) ;
#6555 = CARTESIAN_POINT ( 'NONE',  ( 2.850000000000000977, -2.200000000000000178, 2.549999999999998934 ) ) ;
#6556 = CARTESIAN_POINT ( 'NONE',  ( 0.3500000000000011435, -2.200000000000000178, 2.549999999999998934 ) ) ;
#6557 = CARTESIAN_POINT ( 'NONE',  ( -0.3499999999999990896, -2.200000000000000178, 1.749999999999998890 ) ) ;
#6558 = VECTOR ( 'NONE', #6671, 1000.000000000000000 ) ;
#6559 = FILL_AREA_STYLE_COLOUR ( '', #369 ) ;
#6560 = SURFACE_STYLE_USAGE ( .BOTH. , #2907 ) ;
#6561 = ORIENTED_EDGE ( 'NONE', *, *, #1920, .T. ) ;
#6562 = LINE ( 'NONE', #3057, #7363 ) ;
#6563 = ORIENTED_EDGE ( 'NONE', *, *, #3537, .F. ) ;
#6564 = DIRECTION ( 'NONE',  ( -1.000000000000000000, -0.0000000000000000000, -0.0000000000000000000 ) ) ;
#6565 = LINE ( 'NONE', #95, #237 ) ;
#6566 = FACE_OUTER_BOUND ( 'NONE', #5358, .T. ) ;
#6567 = DIRECTION ( 'NONE',  ( 0.0000000000000000000, 3.696143769836947338E-16, -1.000000000000000000 ) ) ;
#6568 = EDGE_CURVE ( 'NONE', #7224, #4198, #1732, .T. ) ;
#6569 = ORIENTED_EDGE ( 'NONE', *, *, #4396, .F. ) ;
#6570 = SURFACE_STYLE_FILL_AREA ( #4228 ) ;
#6571 = ORIENTED_EDGE ( 'NONE', *, *, #804, .T. ) ;
#6572 = CARTESIAN_POINT ( 'NONE',  ( 3.049999999999998934, 0.0000000000000000000, 1.370000000000000107 ) ) ;
#6573 = EDGE_CURVE ( 'NONE', #412, #6384, #2188, .T. ) ;
#6574 = LINE ( 'NONE', #4305, #4669 ) ;
#6575 = AXIS2_PLACEMENT_3D ( 'NONE', #1664, #6954, #4066 ) ;
#6576 = DIRECTION ( 'NONE',  ( -1.000000000000000000, -9.757819552369541484E-15, 0.0000000000000000000 ) ) ;
#6577 = LINE ( 'NONE', #5383, #6124 ) ;
#6578 = CARTESIAN_POINT ( 'NONE',  ( -4.250000000000006217, -2.949999999999999734, -1.750000000000000666 ) ) ;
#6579 = ORIENTED_EDGE ( 'NONE', *, *, #5214, .T. ) ;
#6580 = ADVANCED_FACE ( 'NONE', ( #1765 ), #1159, .F. ) ;
#6581 = AXIS2_PLACEMENT_3D ( 'NONE', #4368, #7269, #6200 ) ;
#6582 = DIRECTION ( 'NONE',  ( 0.0000000000000000000, 0.0000000000000000000, 1.000000000000000000 ) ) ;
#6583 = PLANE ( 'NONE',  #2319 ) ;
#6584 = CARTESIAN_POINT ( 'NONE',  ( -2.749999999999999112, -2.500000000000000000, 2.649999999999998579 ) ) ;
#6585 = EDGE_LOOP ( 'NONE', ( #3517, #3344, #1166, #4621 ) ) ;
#6586 = FILL_AREA_STYLE_COLOUR ( '', #1877 ) ;
#6587 = MECHANICAL_DESIGN_GEOMETRIC_PRESENTATION_REPRESENTATION (  '', ( #5122 ), #4497 ) ;
#6588 = VERTEX_POINT ( 'NONE', #2899 ) ;
#6589 = EDGE_LOOP ( 'NONE', ( #1808, #227, #432, #349, #5299, #5676, #5501, #2336 ) ) ;
#6590 = DIRECTION ( 'NONE',  ( -1.000000000000000000, 3.410973126920686698E-15, -0.0000000000000000000 ) ) ;
#6591 = ADVANCED_FACE ( 'NONE', ( #3518, #3973 ), #2230, .F. ) ;
#6592 = DIRECTION ( 'NONE',  ( 3.410973126920686698E-15, -1.000000000000000000, 0.0000000000000000000 ) ) ;
#6593 = LINE ( 'NONE', #3673, #438 ) ;
#6594 = VECTOR ( 'NONE', #2606, 1000.000000000000000 ) ;
#6595 = LINE ( 'NONE', #1884, #3706 ) ;
#6596 = SURFACE_SIDE_STYLE ('',( #3095 ) ) ;
#6597 = ORIENTED_EDGE ( 'NONE', *, *, #3002, .F. ) ;
#6598 =( GEOMETRIC_REPRESENTATION_CONTEXT ( 3 ) GLOBAL_UNCERTAINTY_ASSIGNED_CONTEXT ( ( #538 ) ) GLOBAL_UNIT_ASSIGNED_CONTEXT ( ( #3471, #1645, #4040 ) ) REPRESENTATION_CONTEXT ( 'NONE', 'WORKASPACE' ) );
#6599 = ORIENTED_EDGE ( 'NONE', *, *, #804, .F. ) ;
#6600 = DIRECTION ( 'NONE',  ( 1.000000000000000000, 3.410973126920686698E-15, 0.0000000000000000000 ) ) ;
#6601 =( NAMED_UNIT ( * ) SI_UNIT ( $, .STERADIAN. ) SOLID_ANGLE_UNIT ( ) );
#6602 = LINE ( 'NONE', #6034, #3457 ) ;
#6603 = CARTESIAN_POINT ( 'NONE',  ( 0.0000000000000000000, 1.899999999999999689, 1.000000000000000000 ) ) ;
#6604 = VECTOR ( 'NONE', #6373, 1000.000000000000000 ) ;
#6605 = EDGE_CURVE ( 'NONE', #7104, #134, #4718, .T. ) ;
#6606 = ORIENTED_EDGE ( 'NONE', *, *, #6609, .T. ) ;
#6607 = DIRECTION ( 'NONE',  ( -0.0000000000000000000, -1.000000000000000000, -4.336808689942017736E-16 ) ) ;
#6609 = EDGE_CURVE ( 'NONE', #3962, #5959, #1198, .T. ) ;
#6608 = ORIENTED_EDGE ( 'NONE', *, *, #3840, .T. ) ;
#6610 = VECTOR ( 'NONE', #3958, 1000.000000000000000 ) ;
#6611 = DIRECTION ( 'NONE',  ( 0.0000000000000000000, 0.0000000000000000000, -1.000000000000000000 ) ) ;
#6612 = LINE ( 'NONE', #718, #2698 ) ;
#6613 = PRESENTATION_LAYER_ASSIGNMENT (  '', '', ( #5619 ) ) ;
#6614 = ADVANCED_FACE ( 'NONE', ( #3015 ), #51, .F. ) ;
#6615 = LINE ( 'NONE', #5492, #3785 ) ;
#6616 = ADVANCED_FACE ( 'NONE', ( #5401 ), #5328, .F. ) ;
#6617 = VERTEX_POINT ( 'NONE', #879 ) ;
#6618 =( GEOMETRIC_REPRESENTATION_CONTEXT ( 3 ) GLOBAL_UNCERTAINTY_ASSIGNED_CONTEXT ( ( #4398 ) ) GLOBAL_UNIT_ASSIGNED_CONTEXT ( ( #3262, #3222, #5037 ) ) REPRESENTATION_CONTEXT ( 'NONE', 'WORKASPACE' ) );
#6619 = CARTESIAN_POINT ( 'NONE',  ( 8.673617379884035472E-16, -2.200000000000000178, 5.399999999999998579 ) ) ;
#6620 = CARTESIAN_POINT ( 'NONE',  ( -3.919999999999999929, 0.0000000000000000000, 0.9499999999999995115 ) ) ;
#6621 = AXIS2_PLACEMENT_3D ( 'NONE', #3982, #6316, #2326 ) ;
#6622 = FILL_AREA_STYLE_COLOUR ( '', #1832 ) ;
#6623 = EDGE_LOOP ( 'NONE', ( #5744, #302, #2213, #3106 ) ) ;
#6624 = SURFACE_SIDE_STYLE ('',( #5536 ) ) ;
#6625 = AXIS2_PLACEMENT_3D ( 'NONE', #2461, #4813, #3655 ) ;
#6626 = SURFACE_STYLE_FILL_AREA ( #4894 ) ;
#6627 = ORIENTED_EDGE ( 'NONE', *, *, #178, .F. ) ;
#6628 = ORIENTED_EDGE ( 'NONE', *, *, #2401, .F. ) ;
#6629 = COLOUR_RGB ( '',0.7529411764705882248, 0.7529411764705882248, 0.7529411764705882248 ) ;
#6630 = VECTOR ( 'NONE', #3773, 1000.000000000000000 ) ;
#6631 = FACE_OUTER_BOUND ( 'NONE', #6515, .T. ) ;
#6632 = PRESENTATION_LAYER_ASSIGNMENT (  '', '', ( #6113 ) ) ;
#6633 = AXIS2_PLACEMENT_3D ( 'NONE', #4374, #907, #6722 ) ;
#6634 = CARTESIAN_POINT ( 'NONE',  ( -2.249999999999998668, -2.500000000000000000, 5.399999999999998579 ) ) ;
#6635 = LINE ( 'NONE', #1923, #2111 ) ;
#6636 = EDGE_LOOP ( 'NONE', ( #1530, #6814, #6102, #556 ) ) ;
#6637 = ADVANCED_FACE ( 'NONE', ( #3670 ), #696, .F. ) ;
#6638 = ORIENTED_EDGE ( 'NONE', *, *, #258, .T. ) ;
#6639 = CARTESIAN_POINT ( 'NONE',  ( 4.250000000000000888, -3.299999999999999822, -1.750000000000000666 ) ) ;
#6640 = VECTOR ( 'NONE', #1750, 1000.000000000000000 ) ;
#6641 = DIRECTION ( 'NONE',  ( 0.0000000000000000000, 0.0000000000000000000, -1.000000000000000000 ) ) ;
#6642 = FILL_AREA_STYLE_COLOUR ( '', #2702 ) ;
#6643 = DIRECTION ( 'NONE',  ( 0.0000000000000000000, 1.000000000000000000, 0.0000000000000000000 ) ) ;
#6644 = CIRCLE ( 'NONE', #5068, 0.2999999999999999334 ) ;
#6645 =( LENGTH_UNIT ( ) NAMED_UNIT ( * ) SI_UNIT ( .MILLI., .METRE. ) );
#6646 = LINE ( 'NONE', #214, #5441 ) ;
#6647 = ORIENTED_EDGE ( 'NONE', *, *, #569, .T. ) ;
#6648 = LINE ( 'NONE', #7201, #5758 ) ;
#6649 = ORIENTED_EDGE ( 'NONE', *, *, #5255, .F. ) ;
#6650 = CARTESIAN_POINT ( 'NONE',  ( -4.250000000000006217, -3.299999999999999822, 0.8249999999999991784 ) ) ;
#6651 = FILL_AREA_STYLE ('',( #2378 ) ) ;
#6652 = STYLED_ITEM ( 'NONE', ( #4322 ), #5330 ) ;
#6653 = DIRECTION ( 'NONE',  ( -0.0000000000000000000, 0.0000000000000000000, -1.000000000000000000 ) ) ;
#6654 =( NAMED_UNIT ( * ) SI_UNIT ( $, .STERADIAN. ) SOLID_ANGLE_UNIT ( ) );
#6655 = STYLED_ITEM ( 'NONE', ( #6289 ), #4932 ) ;
#6656 = ORIENTED_EDGE ( 'NONE', *, *, #5148, .F. ) ;
#6657 =( NAMED_UNIT ( * ) SI_UNIT ( $, .STERADIAN. ) SOLID_ANGLE_UNIT ( ) );
#6658 = DIRECTION ( 'NONE',  ( 0.0000000000000000000, 0.0000000000000000000, 1.000000000000000000 ) ) ;
#6659 = STYLED_ITEM ( 'NONE', ( #2518 ), #6428 ) ;
#6660 = LINE ( 'NONE', #3122, #348 ) ;
#6661 = LINE ( 'NONE', #6584, #3074 ) ;
#6662 = ORIENTED_EDGE ( 'NONE', *, *, #279, .F. ) ;
#6663 = DIRECTION ( 'NONE',  ( 0.0000000000000000000, 1.000000000000000000, 0.0000000000000000000 ) ) ;
#6664 = ORIENTED_EDGE ( 'NONE', *, *, #4658, .F. ) ;
#6665 = ORIENTED_EDGE ( 'NONE', *, *, #5419, .F. ) ;
#6666 =( GEOMETRIC_REPRESENTATION_CONTEXT ( 3 ) GLOBAL_UNCERTAINTY_ASSIGNED_CONTEXT ( ( #3131 ) ) GLOBAL_UNIT_ASSIGNED_CONTEXT ( ( #4382, #4176, #2433 ) ) REPRESENTATION_CONTEXT ( 'NONE', 'WORKASPACE' ) );
#6667 = DIRECTION ( 'NONE',  ( -1.000000000000000000, -3.410973126920686698E-15, 0.0000000000000000000 ) ) ;
#6668 = EDGE_CURVE ( 'NONE', #3058, #1209, #3630, .T. ) ;
#6669 = PRESENTATION_LAYER_ASSIGNMENT (  '', '', ( #2106 ) ) ;
#6670 = UNCERTAINTY_MEASURE_WITH_UNIT (LENGTH_MEASURE( 1.000000000000000082E-05 ), #5183, 'distance_accuracy_value', 'NONE');
#6671 = DIRECTION ( 'NONE',  ( 1.000000000000000000, -0.0000000000000000000, -0.0000000000000000000 ) ) ;
#6672 = AXIS2_PLACEMENT_3D ( 'NONE', #3847, #6774, #6183 ) ;
#6673 = EDGE_LOOP ( 'NONE', ( #2532, #27, #3694, #3320 ) ) ;
#6674 = CARTESIAN_POINT ( 'NONE',  ( 2.250000000000000000, 0.2000000000000000111, -1.149999999999999911 ) ) ;
#6675 = STYLED_ITEM ( 'NONE', ( #857 ), #7332 ) ;
#6676 = PRESENTATION_LAYER_ASSIGNMENT (  '', '', ( #5318 ) ) ;
#6677 = DIRECTION ( 'NONE',  ( -0.7071067811865481278, 0.0000000000000000000, -0.7071067811865470176 ) ) ;
#6678 = CARTESIAN_POINT ( 'NONE',  ( -4.050000000000004263, -0.8199999999999718625, 1.729999999999998872 ) ) ;
#6679 = DIRECTION ( 'NONE',  ( -0.0000000000000000000, -0.0000000000000000000, 1.000000000000000000 ) ) ;
#6680 = PRESENTATION_STYLE_ASSIGNMENT (( #6096 ) ) ;
#6681 = CARTESIAN_POINT ( 'NONE',  ( -3.969999999999999751, 0.0000000000000000000, -1.370000000000000551 ) ) ;
#6682 = CARTESIAN_POINT ( 'NONE',  ( 3.049999999999998934, 0.0000000000000000000, 1.370000000000000107 ) ) ;
#6683 = DIRECTION ( 'NONE',  ( -0.0000000000000000000, -0.0000000000000000000, 1.000000000000000000 ) ) ;
#6684 = AXIS2_PLACEMENT_3D ( 'NONE', #267, #6663, #1450 ) ;
#6685 = ORIENTED_EDGE ( 'NONE', *, *, #7, .F. ) ;
#6686 = DIRECTION ( 'NONE',  ( 0.0000000000000000000, 0.0000000000000000000, 1.000000000000000000 ) ) ;
#6687 = ORIENTED_EDGE ( 'NONE', *, *, #458, .F. ) ;
#6688 = FACE_OUTER_BOUND ( 'NONE', #7250, .T. ) ;
#6689 = CARTESIAN_POINT ( 'NONE',  ( 2.999999999999998668, 0.2000000000000000111, -1.320000000000000506 ) ) ;
#6690 = ADVANCED_FACE ( 'NONE', ( #7146 ), #4966, .F. ) ;
#6691 = VECTOR ( 'NONE', #2019, 1000.000000000000000 ) ;
#6692 = LINE ( 'NONE', #769, #4277 ) ;
#6693 = ORIENTED_EDGE ( 'NONE', *, *, #5620, .F. ) ;
#6694 = CARTESIAN_POINT ( 'NONE',  ( -1.899999999999999023, 2.000000000000000000, 1.000000000000000000 ) ) ;
#6695 =( NAMED_UNIT ( * ) SI_UNIT ( $, .STERADIAN. ) SOLID_ANGLE_UNIT ( ) );
#6696 = CARTESIAN_POINT ( 'NONE',  ( -3.049999999999999822, 0.0000000000000000000, -1.370000000000000551 ) ) ;
#6697 = LINE ( 'NONE', #2543, #5169 ) ;
#6698 = ORIENTED_EDGE ( 'NONE', *, *, #1155, .F. ) ;
#6699 = VECTOR ( 'NONE', #3754, 1000.000000000000000 ) ;
#6700 = ORIENTED_EDGE ( 'NONE', *, *, #2436, .F. ) ;
#6701 = ORIENTED_EDGE ( 'NONE', *, *, #6457, .F. ) ;
#6702 = CARTESIAN_POINT ( 'NONE',  ( -0.6125000000000009326, 1.387500000000000178, -1.000000000000000222 ) ) ;
#6703 =( NAMED_UNIT ( * ) PLANE_ANGLE_UNIT ( ) SI_UNIT ( $, .RADIAN. ) );
#6704 = EDGE_CURVE ( 'NONE', #2353, #2583, #7313, .T. ) ;
#6705 = LINE ( 'NONE', #5019, #3584 ) ;
#6706 = EDGE_CURVE ( 'NONE', #1548, #1714, #7180, .T. ) ;
#6707 = STYLED_ITEM ( 'NONE', ( #388 ), #967 ) ;
#6708 = SURFACE_STYLE_USAGE ( .BOTH. , #4359 ) ;
#6709 = ORIENTED_EDGE ( 'NONE', *, *, #5168, .T. ) ;
#6710 = VECTOR ( 'NONE', #2570, 1000.000000000000000 ) ;
#6711 = DIRECTION ( 'NONE',  ( -1.000000000000000000, -0.0000000000000000000, -0.0000000000000000000 ) ) ;
#6712 = STYLED_ITEM ( 'NONE', ( #2097 ), #1306 ) ;
#6713 = SURFACE_STYLE_FILL_AREA ( #314 ) ;
#6714 = LINE ( 'NONE', #1929, #7373 ) ;
#6715 = FACE_OUTER_BOUND ( 'NONE', #7566, .T. ) ;
#6716 = LINE ( 'NONE', #2600, #2267 ) ;
#6717 =( NAMED_UNIT ( * ) SI_UNIT ( $, .STERADIAN. ) SOLID_ANGLE_UNIT ( ) );
#6718 = DIRECTION ( 'NONE',  ( 0.0000000000000000000, 1.000000000000000000, 0.0000000000000000000 ) ) ;
#6719 = DIRECTION ( 'NONE',  ( 0.0000000000000000000, 1.000000000000000000, 1.084202172485504681E-16 ) ) ;
#6720 = ORIENTED_EDGE ( 'NONE', *, *, #585, .T. ) ;
#6721 = CARTESIAN_POINT ( 'NONE',  ( -3.000000000000000000, 0.2000000000000000111, -1.699999999999999512 ) ) ;
#6722 = DIRECTION ( 'NONE',  ( 0.0000000000000000000, -0.0000000000000000000, -1.000000000000000000 ) ) ;
#6723 = DIRECTION ( 'NONE',  ( 1.000000000000000000, 0.0000000000000000000, 0.0000000000000000000 ) ) ;
#6724 = EDGE_CURVE ( 'NONE', #4751, #7224, #2652, .T. ) ;
#6725 = VERTEX_POINT ( 'NONE', #1243 ) ;
#6726 = DIRECTION ( 'NONE',  ( 0.7071067811865449082, -0.7071067811865501263, 0.0000000000000000000 ) ) ;
#6727 = PLANE ( 'NONE',  #7107 ) ;
#6728 = EDGE_CURVE ( 'NONE', #10, #7323, #5003, .T. ) ;
#6729 = CARTESIAN_POINT ( 'NONE',  ( -3.850000000000001421, 0.0000000000000000000, 0.8499999999999994227 ) ) ;
#6730 = CARTESIAN_POINT ( 'NONE',  ( -0.1000000000000003109, 2.000000000000000000, -1.000000000000000222 ) ) ;
#6731 = CARTESIAN_POINT ( 'NONE',  ( 2.850000000000000977, -2.500000000000000000, -1.750000000000000222 ) ) ;
#6732 = DIRECTION ( 'NONE',  ( 0.0000000000000000000, 0.0000000000000000000, 1.000000000000000000 ) ) ;
#6733 = ORIENTED_EDGE ( 'NONE', *, *, #6968, .F. ) ;
#6734 =( GEOMETRIC_REPRESENTATION_CONTEXT ( 3 ) GLOBAL_UNCERTAINTY_ASSIGNED_CONTEXT ( ( #3860 ) ) GLOBAL_UNIT_ASSIGNED_CONTEXT ( ( #833, #1370, #3648 ) ) REPRESENTATION_CONTEXT ( 'NONE', 'WORKASPACE' ) );
#6735 = STYLED_ITEM ( 'NONE', ( #3710 ), #1795 ) ;
#6736 = ORIENTED_EDGE ( 'NONE', *, *, #1939, .T. ) ;
#6737 = EDGE_LOOP ( 'NONE', ( #5704, #6192, #3536, #571 ) ) ;
#6738 =( GEOMETRIC_REPRESENTATION_CONTEXT ( 3 ) GLOBAL_UNCERTAINTY_ASSIGNED_CONTEXT ( ( #6670 ) ) GLOBAL_UNIT_ASSIGNED_CONTEXT ( ( #5183, #1208, #6444 ) ) REPRESENTATION_CONTEXT ( 'NONE', 'WORKASPACE' ) );
#6739 = EDGE_CURVE ( 'NONE', #507, #4505, #2049, .T. ) ;
#6740 = SURFACE_STYLE_FILL_AREA ( #2590 ) ;
#6741 = SURFACE_STYLE_USAGE ( .BOTH. , #6596 ) ;
#6742 = MECHANICAL_DESIGN_GEOMETRIC_PRESENTATION_REPRESENTATION (  '', ( #3306 ), #1694 ) ;
#6743 = MECHANICAL_DESIGN_GEOMETRIC_PRESENTATION_REPRESENTATION (  '', ( #6874 ), #6500 ) ;
#6744 = VERTEX_POINT ( 'NONE', #4418 ) ;
#6745 = AXIS2_PLACEMENT_3D ( 'NONE', #4468, #2699, #2261 ) ;
#6746 = DIRECTION ( 'NONE',  ( 0.0000000000000000000, 0.0000000000000000000, -1.000000000000000000 ) ) ;
#6747 = PRESENTATION_STYLE_ASSIGNMENT (( #4907 ) ) ;
#6748 = DIRECTION ( 'NONE',  ( 0.0000000000000000000, -6.123233995736766036E-17, 1.000000000000000000 ) ) ;
#6749 = CARTESIAN_POINT ( 'NONE',  ( -4.050000000000001599, -1.800000000000000044, -1.750000000000000888 ) ) ;
#6750 = CARTESIAN_POINT ( 'NONE',  ( 2.150000000000001243, -2.200000000000000178, -1.750000000000000222 ) ) ;
#6751 = AXIS2_PLACEMENT_3D ( 'NONE', #3897, #2859, #7557 ) ;
#6752 = DIRECTION ( 'NONE',  ( 0.0000000000000000000, 0.0000000000000000000, 1.000000000000000000 ) ) ;
#6753 = VECTOR ( 'NONE', #7300, 1000.000000000000000 ) ;
#6754 = EDGE_CURVE ( 'NONE', #2731, #1242, #620, .T. ) ;
#6755 = VECTOR ( 'NONE', #6592, 1000.000000000000000 ) ;
#6756 = CARTESIAN_POINT ( 'NONE',  ( -0.6624999999999998668, 1.887500000000000178, -2.250000000000000888 ) ) ;
#6757 = ADVANCED_FACE ( 'NONE', ( #7496 ), #6921, .F. ) ;
#6758 = EDGE_CURVE ( 'NONE', #4958, #5539, #1633, .T. ) ;
#6759 =( GEOMETRIC_REPRESENTATION_CONTEXT ( 3 ) GLOBAL_UNCERTAINTY_ASSIGNED_CONTEXT ( ( #5881 ) ) GLOBAL_UNIT_ASSIGNED_CONTEXT ( ( #4347, #2505, #4854 ) ) REPRESENTATION_CONTEXT ( 'NONE', 'WORKASPACE' ) );
#6760 = ORIENTED_EDGE ( 'NONE', *, *, #5806, .T. ) ;
#6761 = DIRECTION ( 'NONE',  ( -0.0000000000000000000, 1.000000000000000000, -0.0000000000000000000 ) ) ;
#6762 = LINE ( 'NONE', #800, #74 ) ;
#6763 = LINE ( 'NONE', #1406, #3191 ) ;
#6764 = EDGE_CURVE ( 'NONE', #3204, #1365, #404, .T. ) ;
#6765 = CARTESIAN_POINT ( 'NONE',  ( -0.1625000000000002276, 2.162500000000000089, -1.000000000000000222 ) ) ;
#6766 = VECTOR ( 'NONE', #5799, 1000.000000000000000 ) ;
#6767 = ORIENTED_EDGE ( 'NONE', *, *, #3537, .T. ) ;
#6768 = DIRECTION ( 'NONE',  ( 0.7071067811865501263, 0.7071067811865449082, 0.0000000000000000000 ) ) ;
#6769 = VECTOR ( 'NONE', #1285, 1000.000000000000000 ) ;
#6770 = DIRECTION ( 'NONE',  ( -0.0000000000000000000, 2.464095846557966371E-16, 1.000000000000000000 ) ) ;
#6771 = CARTESIAN_POINT ( 'NONE',  ( -4.250000000000003553, -0.8199999999999709743, -1.730000000000000870 ) ) ;
#6772 = STYLED_ITEM ( 'NONE', ( #6532 ), #17 ) ;
#6773 = SURFACE_STYLE_USAGE ( .BOTH. , #3846 ) ;
#6774 = DIRECTION ( 'NONE',  ( -1.000000000000000000, 0.0000000000000000000, 0.0000000000000000000 ) ) ;
#6775 = ORIENTED_EDGE ( 'NONE', *, *, #1452, .F. ) ;
#6776 =( NAMED_UNIT ( * ) PLANE_ANGLE_UNIT ( ) SI_UNIT ( $, .RADIAN. ) );
#6777 = ADVANCED_FACE ( 'NONE', ( #5088 ), #1555, .F. ) ;
#6778 = VECTOR ( 'NONE', #1591, 1000.000000000000000 ) ;
#6779 = VERTEX_POINT ( 'NONE', #6885 ) ;
#6780 = ORIENTED_EDGE ( 'NONE', *, *, #5620, .T. ) ;
#6781 =( LENGTH_UNIT ( ) NAMED_UNIT ( * ) SI_UNIT ( .MILLI., .METRE. ) );
#6782 = CARTESIAN_POINT ( 'NONE',  ( -0.8874999999999997335, 1.887500000000000178, 1.000000000000000000 ) ) ;
#6783 = LINE ( 'NONE', #1996, #623 ) ;
#6784 = PLANE ( 'NONE',  #4591 ) ;
#6785 = AXIS2_PLACEMENT_3D ( 'NONE', #913, #5604, #5048 ) ;
#6786 = VERTEX_POINT ( 'NONE', #6257 ) ;
#6787 = UNCERTAINTY_MEASURE_WITH_UNIT (LENGTH_MEASURE( 1.000000000000000082E-05 ), #3417, 'distance_accuracy_value', 'NONE');
#6788 = LINE ( 'NONE', #4867, #2574 ) ;
#6789 =( NAMED_UNIT ( * ) PLANE_ANGLE_UNIT ( ) SI_UNIT ( $, .RADIAN. ) );
#6790 = FILL_AREA_STYLE ('',( #3258 ) ) ;
#6791 = SURFACE_STYLE_FILL_AREA ( #3139 ) ;
#6792 = LINE ( 'NONE', #5481, #7209 ) ;
#6793 = MECHANICAL_DESIGN_GEOMETRIC_PRESENTATION_REPRESENTATION (  '', ( #5685 ), #3367 ) ;
#6794 = LINE ( 'NONE', #3260, #3485 ) ;
#6795 = COLOUR_RGB ( '',0.7529411764705882248, 0.7529411764705882248, 0.7529411764705882248 ) ;
#6796 = FILL_AREA_STYLE_COLOUR ( '', #1691 ) ;
#6797 = ORIENTED_EDGE ( 'NONE', *, *, #7428, .T. ) ;
#6798 = LINE ( 'NONE', #905, #5000 ) ;
#6799 = FILL_AREA_STYLE ('',( #6103 ) ) ;
#6800 = EDGE_CURVE ( 'NONE', #2975, #6051, #479, .T. ) ;
#6801 = VECTOR ( 'NONE', #7550, 1000.000000000000000 ) ;
#6802 = FACE_BOUND ( 'NONE', #6153, .T. ) ;
#6803 = FILL_AREA_STYLE_COLOUR ( '', #350 ) ;
#6804 = ORIENTED_EDGE ( 'NONE', *, *, #4841, .T. ) ;
#6805 = DIRECTION ( 'NONE',  ( 0.0000000000000000000, -1.000000000000000000, -1.084202172485504434E-16 ) ) ;
#6806 = DIRECTION ( 'NONE',  ( -3.410973126920686698E-15, -1.000000000000000000, 0.0000000000000000000 ) ) ;
#6807 = DIRECTION ( 'NONE',  ( 0.7071067811865472397, -0.7071067811865479058, 0.0000000000000000000 ) ) ;
#6808 = LINE ( 'NONE', #6262, #4295 ) ;
#6809 = CARTESIAN_POINT ( 'NONE',  ( 4.050000000000007816, -1.780000000000000693, -1.730000000000000870 ) ) ;
#6810 = VERTEX_POINT ( 'NONE', #2133 ) ;
#6811 = ADVANCED_FACE ( 'NONE', ( #988 ), #1063, .F. ) ;
#6812 = CARTESIAN_POINT ( 'NONE',  ( 4.000000000000001776, 0.2000000000000000111, -0.8500000000000013101 ) ) ;
#6813 = ORIENTED_EDGE ( 'NONE', *, *, #1065, .F. ) ;
#6814 = ORIENTED_EDGE ( 'NONE', *, *, #4309, .F. ) ;
#6815 = SURFACE_STYLE_FILL_AREA ( #854 ) ;
#6816 = SURFACE_STYLE_FILL_AREA ( #2645 ) ;
#6817 = VECTOR ( 'NONE', #5682, 1000.000000000000000 ) ;
#6818 = DIRECTION ( 'NONE',  ( 0.0000000000000000000, 1.000000000000000000, 0.0000000000000000000 ) ) ;
#6819 =( NAMED_UNIT ( * ) SI_UNIT ( $, .STERADIAN. ) SOLID_ANGLE_UNIT ( ) );
#6820 = ORIENTED_EDGE ( 'NONE', *, *, #1394, .F. ) ;
#6821 = VECTOR ( 'NONE', #6278, 999.9999999999998863 ) ;
#6822 = EDGE_CURVE ( 'NONE', #5309, #2889, #7390, .T. ) ;
#6823 = FILL_AREA_STYLE ('',( #1003 ) ) ;
#6824 = DIRECTION ( 'NONE',  ( 0.0000000000000000000, -6.123233995736766036E-17, 1.000000000000000000 ) ) ;
#6825 = LINE ( 'NONE', #932, #3879 ) ;
#6826 =( NAMED_UNIT ( * ) SI_UNIT ( $, .STERADIAN. ) SOLID_ANGLE_UNIT ( ) );
#6827 = PLANE ( 'NONE',  #2736 ) ;
#6828 = MECHANICAL_DESIGN_GEOMETRIC_PRESENTATION_REPRESENTATION (  '', ( #4259 ), #2580 ) ;
#6829 = LINE ( 'NONE', #2716, #2048 ) ;
#6830 = EDGE_LOOP ( 'NONE', ( #3023, #5397, #4392, #654 ) ) ;
#6831 = PLANE ( 'NONE',  #6366 ) ;
#6832 = ORIENTED_EDGE ( 'NONE', *, *, #5660, .F. ) ;
#6833 = CARTESIAN_POINT ( 'NONE',  ( 2.149999999999999911, 0.0000000000000000000, -1.050000000000000044 ) ) ;
#6834 = CARTESIAN_POINT ( 'NONE',  ( -4.250000000000000888, -0.7999999999999998224, -0.9000000000000000222 ) ) ;
#6835 = DIRECTION ( 'NONE',  ( 0.0000000000000000000, 0.0000000000000000000, -1.000000000000000000 ) ) ;
#6836 = CARTESIAN_POINT ( 'NONE',  ( 4.250000000000000888, -0.7999999999999998224, -0.9000000000000000222 ) ) ;
#6837 = VECTOR ( 'NONE', #6341, 1000.000000000000000 ) ;
#6838 = EDGE_CURVE ( 'NONE', #6842, #6138, #518, .T. ) ;
#6839 = EDGE_CURVE ( 'NONE', #522, #1307, #1100, .T. ) ;
#6840 = LINE ( 'NONE', #3383, #6230 ) ;
#6841 = VECTOR ( 'NONE', #405, 1000.000000000000000 ) ;
#6842 = VERTEX_POINT ( 'NONE', #2878 ) ;
#6843 = DIRECTION ( 'NONE',  ( -0.0000000000000000000, -1.000000000000000000, -0.0000000000000000000 ) ) ;
#6844 = PRESENTATION_STYLE_ASSIGNMENT (( #7434 ) ) ;
#6845 = EDGE_CURVE ( 'NONE', #2984, #4465, #6372, .T. ) ;
#6846 = DIRECTION ( 'NONE',  ( 0.7071067811865474617, 0.7071067811865474617, 0.0000000000000000000 ) ) ;
#6847 = CARTESIAN_POINT ( 'NONE',  ( 0.2500000000000011657, -2.200000000000000178, 2.649999999999998579 ) ) ;
#6848 = VERTEX_POINT ( 'NONE', #2508 ) ;
#6849 = AXIS2_PLACEMENT_3D ( 'NONE', #3651, #1867, #3069 ) ;
#6850 = CARTESIAN_POINT ( 'NONE',  ( 2.999999999999998668, 0.2000000000000000111, -1.700000000000000622 ) ) ;
#6851 = ORIENTED_EDGE ( 'NONE', *, *, #3877, .F. ) ;
#6852 = ORIENTED_EDGE ( 'NONE', *, *, #4809, .F. ) ;
#6853 = EDGE_CURVE ( 'NONE', #2914, #1853, #735, .T. ) ;
#6854 = PLANE ( 'NONE',  #2149 ) ;
#6855 = FILL_AREA_STYLE ('',( #5312 ) ) ;
#6856 = DIRECTION ( 'NONE',  ( -1.000000000000000000, 0.0000000000000000000, 1.807003620809174139E-16 ) ) ;
#6857 = MECHANICAL_DESIGN_GEOMETRIC_PRESENTATION_REPRESENTATION (  '', ( #4892 ), #7239 ) ;
#6858 = CARTESIAN_POINT ( 'NONE',  ( 2.150000000000001243, -2.200000000000000178, -2.250000000000000888 ) ) ;
#6859 = COLOUR_RGB ( '',0.7529411764705882248, 0.7529411764705882248, 0.7529411764705882248 ) ;
#6860 = EDGE_LOOP ( 'NONE', ( #7514, #3888, #6503, #3470 ) ) ;
#6861 = LINE ( 'NONE', #2148, #6280 ) ;
#6862 =( NAMED_UNIT ( * ) PLANE_ANGLE_UNIT ( ) SI_UNIT ( $, .RADIAN. ) );
#6863 = DIRECTION ( 'NONE',  ( -0.0000000000000000000, -1.000000000000000000, -0.0000000000000000000 ) ) ;
#6864 = DIRECTION ( 'NONE',  ( 0.0000000000000000000, 0.0000000000000000000, 1.000000000000000000 ) ) ;
#6865 = CARTESIAN_POINT ( 'NONE',  ( 0.0000000000000000000, 1.899999999999999689, -1.000000000000000222 ) ) ;
#6866 =( GEOMETRIC_REPRESENTATION_CONTEXT ( 3 ) GLOBAL_UNCERTAINTY_ASSIGNED_CONTEXT ( ( #1081 ) ) GLOBAL_UNIT_ASSIGNED_CONTEXT ( ( #2154, #4521, #2866 ) ) REPRESENTATION_CONTEXT ( 'NONE', 'WORKASPACE' ) );
#6867 = PLANE ( 'NONE',  #274 ) ;
#6868 = STYLED_ITEM ( 'NONE', ( #3699 ), #5724 ) ;
#6869 = EDGE_CURVE ( 'NONE', #5994, #4843, #4318, .T. ) ;
#6870 = DIRECTION ( 'NONE',  ( -0.0000000000000000000, -1.000000000000000000, -0.0000000000000000000 ) ) ;
#6871 = EDGE_LOOP ( 'NONE', ( #1776, #6628, #3718, #7189 ) ) ;
#6872 = AXIS2_PLACEMENT_3D ( 'NONE', #6639, #2073, #3136 ) ;
#6873 = FILL_AREA_STYLE_COLOUR ( '', #6239 ) ;
#6874 = STYLED_ITEM ( 'NONE', ( #3854 ), #4267 ) ;
#6875 = VERTEX_POINT ( 'NONE', #3161 ) ;
#6876 = DIRECTION ( 'NONE',  ( -1.000000000000000000, 0.0000000000000000000, 0.0000000000000000000 ) ) ;
#6877 = SURFACE_SIDE_STYLE ('',( #1056 ) ) ;
#6878 = UNCERTAINTY_MEASURE_WITH_UNIT (LENGTH_MEASURE( 1.000000000000000082E-05 ), #238, 'distance_accuracy_value', 'NONE');
#6879 = CARTESIAN_POINT ( 'NONE',  ( -2.849999999999998757, -2.200000000000000178, -2.250000000000000888 ) ) ;
#6880 = AXIS2_PLACEMENT_3D ( 'NONE', #6689, #257, #6173 ) ;
#6881 = CARTESIAN_POINT ( 'NONE',  ( 4.050000000000004263, -0.8200000000000005063, -1.730000000000000870 ) ) ;
#6882 = VECTOR ( 'NONE', #1123, 1000.000000000000000 ) ;
#6883 = DIRECTION ( 'NONE',  ( 3.491481338843133355E-15, -1.000000000000000000, 0.0000000000000000000 ) ) ;
#6884 = ORIENTED_EDGE ( 'NONE', *, *, #7, .T. ) ;
#6885 = CARTESIAN_POINT ( 'NONE',  ( 4.050000000000004263, -0.8200000000000005063, 0.8499999999999989786 ) ) ;
#6886 = PLANE ( 'NONE',  #2545 ) ;
#6887 = VECTOR ( 'NONE', #699, 1000.000000000000000 ) ;
#6888 = LINE ( 'NONE', #7537, #1954 ) ;
#6889 = FILL_AREA_STYLE ('',( #332 ) ) ;
#6890 = VERTEX_POINT ( 'NONE', #2548 ) ;
#6891 = EDGE_LOOP ( 'NONE', ( #7349, #4168, #5697, #4819, #3342, #5292, #5857, #762, #6525, #781, #1546 ) ) ;
#6892 = ORIENTED_EDGE ( 'NONE', *, *, #4946, .F. ) ;
#6893 = VECTOR ( 'NONE', #7221, 1000.000000000000000 ) ;
#6894 = LINE ( 'NONE', #526, #6468 ) ;
#6895 = ADVANCED_FACE ( 'NONE', ( #4427 ), #2022, .T. ) ;
#6896 = FACE_OUTER_BOUND ( 'NONE', #123, .T. ) ;
#6897 = VECTOR ( 'NONE', #5928, 1000.000000000000000 ) ;
#6898 = DIRECTION ( 'NONE',  ( 0.7071067811865475727, 0.7071067811865475727, 0.0000000000000000000 ) ) ;
#6899 = ORIENTED_EDGE ( 'NONE', *, *, #6432, .F. ) ;
#6900 = ORIENTED_EDGE ( 'NONE', *, *, #3208, .T. ) ;
#6901 = ADVANCED_FACE ( 'NONE', ( #1417 ), #3203, .F. ) ;
#6902 = SURFACE_STYLE_FILL_AREA ( #1309 ) ;
#6903 = CARTESIAN_POINT ( 'NONE',  ( 2.250000000000000000, 0.2000000000000000111, -1.149999999999999911 ) ) ;
#6904 = CARTESIAN_POINT ( 'NONE',  ( 0.0000000000000000000, -3.299999999999999822, 0.0000000000000000000 ) ) ;
#6905 = STYLED_ITEM ( 'NONE', ( #1999 ), #6466 ) ;
#6906 = FACE_OUTER_BOUND ( 'NONE', #7037, .T. ) ;
#6907 = LINE ( 'NONE', #1620, #6290 ) ;
#6908 = EDGE_CURVE ( 'NONE', #2132, #486, #814, .T. ) ;
#6909 = FILL_AREA_STYLE_COLOUR ( '', #6987 ) ;
#6910 = ORIENTED_EDGE ( 'NONE', *, *, #1206, .T. ) ;
#6911 = VECTOR ( 'NONE', #4030, 1000.000000000000000 ) ;
#6912 = CARTESIAN_POINT ( 'NONE',  ( -4.250000000000006217, -2.949999999999999734, -1.750000000000000666 ) ) ;
#6913 = ORIENTED_EDGE ( 'NONE', *, *, #3712, .F. ) ;
#6914 = CARTESIAN_POINT ( 'NONE',  ( -4.050000000000000711, -1.800000000000000266, 1.749999999999999778 ) ) ;
#6915 = CARTESIAN_POINT ( 'NONE',  ( 3.049999999999998934, 0.2000000000000000111, -1.370000000000000551 ) ) ;
#6916 = CARTESIAN_POINT ( 'NONE',  ( 0.0000000000000000000, 0.2000000000000000111, 0.0000000000000000000 ) ) ;
#6917 = VECTOR ( 'NONE', #4913, 1000.000000000000000 ) ;
#6918 = PRESENTATION_STYLE_ASSIGNMENT (( #2794 ) ) ;
#6919 = VECTOR ( 'NONE', #3042, 1000.000000000000000 ) ;
#6920 = EDGE_LOOP ( 'NONE', ( #6299, #3959, #6900, #478 ) ) ;
#6921 = CYLINDRICAL_SURFACE ( 'NONE', #3101, 0.1000000000000002554 ) ;
#6922 = ADVANCED_FACE ( 'NONE', ( #5500 ), #7339, .F. ) ;
#6923 = DIRECTION ( 'NONE',  ( 0.0000000000000000000, 0.0000000000000000000, 1.000000000000000000 ) ) ;
#6924 = DIRECTION ( 'NONE',  ( 1.000000000000000000, 0.0000000000000000000, 0.0000000000000000000 ) ) ;
#6925 = LINE ( 'NONE', #3421, #5051 ) ;
#6926 = CARTESIAN_POINT ( 'NONE',  ( 3.969999999999999751, 0.2000000000000000111, 0.8999999999999994671 ) ) ;
#6927 = FACE_OUTER_BOUND ( 'NONE', #3545, .T. ) ;
#6928 = EDGE_LOOP ( 'NONE', ( #6303, #2084, #7322, #6339 ) ) ;
#6929 = SURFACE_STYLE_USAGE ( .BOTH. , #4582 ) ;
#6930 = ORIENTED_EDGE ( 'NONE', *, *, #4363, .F. ) ;
#6931 = VERTEX_POINT ( 'NONE', #796 ) ;
#6932 = ORIENTED_EDGE ( 'NONE', *, *, #6158, .F. ) ;
#6933 = CARTESIAN_POINT ( 'NONE',  ( 0.0000000000000000000, 2.000000000000000000, -1.000000000000000222 ) ) ;
#6934 = CARTESIAN_POINT ( 'NONE',  ( -0.1000000000000002554, 2.000000000000000000, 0.0000000000000000000 ) ) ;
#6935 = ORIENTED_EDGE ( 'NONE', *, *, #2416, .F. ) ;
#6936 = EDGE_LOOP ( 'NONE', ( #2031, #2220, #93, #1896 ) ) ;
#6937 = UNCERTAINTY_MEASURE_WITH_UNIT (LENGTH_MEASURE( 1.000000000000000082E-05 ), #3343, 'distance_accuracy_value', 'NONE');
#6938 = EDGE_CURVE ( 'NONE', #298, #188, #177, .T. ) ;
#6939 = SURFACE_SIDE_STYLE ('',( #6980 ) ) ;
#6940 =( GEOMETRIC_REPRESENTATION_CONTEXT ( 3 ) GLOBAL_UNCERTAINTY_ASSIGNED_CONTEXT ( ( #6435 ) ) GLOBAL_UNIT_ASSIGNED_CONTEXT ( ( #3293, #1364, #4989 ) ) REPRESENTATION_CONTEXT ( 'NONE', 'WORKASPACE' ) );
#6941 = CARTESIAN_POINT ( 'NONE',  ( -3.000000000000000000, 0.2000000000000000111, -1.699999999999999512 ) ) ;
#6942 = CARTESIAN_POINT ( 'NONE',  ( 4.050000000000007816, -1.800000000000000933, 0.0000000000000000000 ) ) ;
#6943 = LINE ( 'NONE', #7597, #2648 ) ;
#6944 = EDGE_CURVE ( 'NONE', #7019, #5883, #6646, .T. ) ;
#6945 = EDGE_CURVE ( 'NONE', #7508, #3516, #2601, .T. ) ;
#6946 = DIRECTION ( 'NONE',  ( -1.000000000000000000, 0.0000000000000000000, -0.0000000000000000000 ) ) ;
#6947 = COLOUR_RGB ( '',0.7529411764705882248, 0.7529411764705882248, 0.7529411764705882248 ) ;
#6948 = LINE ( 'NONE', #4018, #5625 ) ;
#6949 = FILL_AREA_STYLE ('',( #6873 ) ) ;
#6950 = VECTOR ( 'NONE', #283, 1000.000000000000000 ) ;
#6951 = ORIENTED_EDGE ( 'NONE', *, *, #6845, .F. ) ;
#6952 = LINE ( 'NONE', #7605, #6382 ) ;
#6953 = FACE_OUTER_BOUND ( 'NONE', #7544, .T. ) ;
#6954 = DIRECTION ( 'NONE',  ( 0.0000000000000000000, -1.000000000000000000, 0.0000000000000000000 ) ) ;
#6955 = UNCERTAINTY_MEASURE_WITH_UNIT (LENGTH_MEASURE( 1.000000000000000082E-05 ), #5820, 'distance_accuracy_value', 'NONE');
#6956 =( NAMED_UNIT ( * ) SI_UNIT ( $, .STERADIAN. ) SOLID_ANGLE_UNIT ( ) );
#6957 = DIRECTION ( 'NONE',  ( 0.7071067811865474617, 0.7071067811865474617, -7.666467083416870691E-17 ) ) ;
#6958 = VECTOR ( 'NONE', #7283, 1000.000000000000000 ) ;
#6959 = ORIENTED_EDGE ( 'NONE', *, *, #7560, .T. ) ;
#6960 = PRESENTATION_LAYER_ASSIGNMENT (  '', '', ( #5853 ) ) ;
#6962 = AXIS2_PLACEMENT_3D ( 'NONE', #1558, #6924, #3955 ) ;
#6961 = FILL_AREA_STYLE ('',( #4617 ) ) ;
#6963 = DIRECTION ( 'NONE',  ( -0.0000000000000000000, 0.0000000000000000000, 1.000000000000000000 ) ) ;
#6964 = CARTESIAN_POINT ( 'NONE',  ( -4.050000000000001599, -1.800000000000000044, -1.750000000000000888 ) ) ;
#6965 = SURFACE_STYLE_USAGE ( .BOTH. , #5315 ) ;
#6966 = ORIENTED_EDGE ( 'NONE', *, *, #2339, .F. ) ;
#6967 = DIRECTION ( 'NONE',  ( 1.000000000000000000, 0.0000000000000000000, -0.0000000000000000000 ) ) ;
#6968 = EDGE_CURVE ( 'NONE', #730, #2388, #2005, .T. ) ;
#6969 = ADVANCED_FACE ( 'NONE', ( #7375 ), #2037, .F. ) ;
#6970 = CARTESIAN_POINT ( 'NONE',  ( -4.249999999999999112, 0.2000000000000000111, -1.749999999999999778 ) ) ;
#6971 = VERTEX_POINT ( 'NONE', #3757 ) ;
#6972 = EDGE_LOOP ( 'NONE', ( #4545, #7466, #7227, #2176 ) ) ;
#6973 = CARTESIAN_POINT ( 'NONE',  ( -3.969999999999999751, 0.2000000000000000111, 1.370000000000000107 ) ) ;
#6974 = AXIS2_PLACEMENT_3D ( 'NONE', #154, #687, #4207 ) ;
#6975 =( NAMED_UNIT ( * ) PLANE_ANGLE_UNIT ( ) SI_UNIT ( $, .RADIAN. ) );
#6976 = CARTESIAN_POINT ( 'NONE',  ( -2.999999999999999556, 0.0000000000000000000, 1.320000000000000284 ) ) ;
#6977 = UNCERTAINTY_MEASURE_WITH_UNIT (LENGTH_MEASURE( 1.000000000000000082E-05 ), #622, 'distance_accuracy_value', 'NONE');
#6978 = ORIENTED_EDGE ( 'NONE', *, *, #4925, .F. ) ;
#6979 = EDGE_LOOP ( 'NONE', ( #1948, #3591, #6266, #7452 ) ) ;
#6980 = SURFACE_STYLE_FILL_AREA ( #5176 ) ;
#6981 = LINE ( 'NONE', #7556, #196 ) ;
#6982 = CARTESIAN_POINT ( 'NONE',  ( 0.3500000000000008660, -2.500000000000000000, 1.749999999999998890 ) ) ;
#6983 = DIRECTION ( 'NONE',  ( -1.000000000000000000, 0.0000000000000000000, 2.356961244533705420E-16 ) ) ;
#6984 =( GEOMETRIC_REPRESENTATION_CONTEXT ( 3 ) GLOBAL_UNCERTAINTY_ASSIGNED_CONTEXT ( ( #7333 ) ) GLOBAL_UNIT_ASSIGNED_CONTEXT ( ( #597, #2920, #6413 ) ) REPRESENTATION_CONTEXT ( 'NONE', 'WORKASPACE' ) );
#6985 = FACE_OUTER_BOUND ( 'NONE', #4788, .T. ) ;
#6986 = DIRECTION ( 'NONE',  ( 0.0000000000000000000, 0.0000000000000000000, -1.000000000000000000 ) ) ;
#6987 = COLOUR_RGB ( '',0.7529411764705882248, 0.7529411764705882248, 0.7529411764705882248 ) ;
#6988 = COLOUR_RGB ( '',0.7529411764705882248, 0.7529411764705882248, 0.7529411764705882248 ) ;
#6989 = ORIENTED_EDGE ( 'NONE', *, *, #3092, .F. ) ;
#6990 = FACE_OUTER_BOUND ( 'NONE', #4510, .T. ) ;
#6991 = ORIENTED_EDGE ( 'NONE', *, *, #5952, .F. ) ;
#6992 = DIRECTION ( 'NONE',  ( 0.7071067811865474617, 0.7071067811865474617, -7.666467083416870691E-17 ) ) ;
#6993 =( NAMED_UNIT ( * ) SI_UNIT ( $, .STERADIAN. ) SOLID_ANGLE_UNIT ( ) );
#6994 = CARTESIAN_POINT ( 'NONE',  ( -3.919999999999999929, 0.2000000000000000111, 1.320000000000000284 ) ) ;
#6995 = CARTESIAN_POINT ( 'NONE',  ( 2.150000000000001243, -2.200000000000000178, -2.250000000000000888 ) ) ;
#6996 = LINE ( 'NONE', #7570, #7268 ) ;
#6997 =( GEOMETRIC_REPRESENTATION_CONTEXT ( 3 ) GLOBAL_UNCERTAINTY_ASSIGNED_CONTEXT ( ( #2072 ) ) GLOBAL_UNIT_ASSIGNED_CONTEXT ( ( #6424, #2929, #3040 ) ) REPRESENTATION_CONTEXT ( 'NONE', 'WORKASPACE' ) );
#6998 = EDGE_CURVE ( 'NONE', #4975, #1145, #4333, .T. ) ;
#6999 = UNCERTAINTY_MEASURE_WITH_UNIT (LENGTH_MEASURE( 1.000000000000000082E-05 ), #2523, 'distance_accuracy_value', 'NONE');
#7000 = PRESENTATION_LAYER_ASSIGNMENT (  '', '', ( #4173 ) ) ;
#7001 = ADVANCED_FACE ( 'NONE', ( #2563 ), #4297, .F. ) ;
#7002 =( GEOMETRIC_REPRESENTATION_CONTEXT ( 3 ) GLOBAL_UNCERTAINTY_ASSIGNED_CONTEXT ( ( #4069 ) ) GLOBAL_UNIT_ASSIGNED_CONTEXT ( ( #5573, #3239, #1027 ) ) REPRESENTATION_CONTEXT ( 'NONE', 'WORKASPACE' ) );
#7003 = PRESENTATION_STYLE_ASSIGNMENT (( #4114 ) ) ;
#7004 = ORIENTED_EDGE ( 'NONE', *, *, #632, .F. ) ;
#7005 = COLOUR_RGB ( '',0.7529411764705882248, 0.7529411764705882248, 0.7529411764705882248 ) ;
#7006 = DIRECTION ( 'NONE',  ( 0.0000000000000000000, 1.000000000000000000, 6.123233995736766036E-17 ) ) ;
#7008 = CIRCLE ( 'NONE', #3567, 0.6700000000000000400 ) ;
#7007 = CARTESIAN_POINT ( 'NONE',  ( -2.999999999999999556, 0.0000000000000000000, 1.320000000000000284 ) ) ;
#7009 = ADVANCED_FACE ( 'NONE', ( #1366 ), #6098, .F. ) ;
#7010 = EDGE_CURVE ( 'NONE', #4890, #1599, #1432, .T. ) ;
#7011 = LINE ( 'NONE', #36, #1830 ) ;
#7012 = CARTESIAN_POINT ( 'NONE',  ( -2.250000000000000000, 0.2000000000000000111, -1.149999999999999911 ) ) ;
#7013 = STYLED_ITEM ( 'NONE', ( #4480 ), #3659 ) ;
#7014 = ORIENTED_EDGE ( 'NONE', *, *, #2277, .T. ) ;
#7015 = CARTESIAN_POINT ( 'NONE',  ( 0.0000000000000000000, -2.500000000000000000, 0.0000000000000000000 ) ) ;
#7016 = DIRECTION ( 'NONE',  ( 1.000000000000000000, 0.0000000000000000000, -0.0000000000000000000 ) ) ;
#7017 = ORIENTED_EDGE ( 'NONE', *, *, #5157, .T. ) ;
#7018 = STYLED_ITEM ( 'NONE', ( #3540 ), #4153 ) ;
#7019 = VERTEX_POINT ( 'NONE', #4331 ) ;
#7020 = VECTOR ( 'NONE', #7167, 1000.000000000000000 ) ;
#7021 = FILL_AREA_STYLE_COLOUR ( '', #647 ) ;
#7022 = EDGE_CURVE ( 'NONE', #883, #7545, #7303, .T. ) ;
#7023 = ORIENTED_EDGE ( 'NONE', *, *, #6375, .F. ) ;
#7024 = DIRECTION ( 'NONE',  ( 1.000000000000000000, 0.0000000000000000000, -0.0000000000000000000 ) ) ;
#7025 =( GEOMETRIC_REPRESENTATION_CONTEXT ( 3 ) GLOBAL_UNCERTAINTY_ASSIGNED_CONTEXT ( ( #4566 ) ) GLOBAL_UNIT_ASSIGNED_CONTEXT ( ( #2210, #6323, #5920 ) ) REPRESENTATION_CONTEXT ( 'NONE', 'WORKASPACE' ) );
#7026 = ORIENTED_EDGE ( 'NONE', *, *, #3802, .F. ) ;
#7027 = ORIENTED_EDGE ( 'NONE', *, *, #7576, .F. ) ;
#7028 = CARTESIAN_POINT ( 'NONE',  ( -1.224999999999999201, 2.000000000000000000, 1.000000000000000000 ) ) ;
#7029 = CYLINDRICAL_SURFACE ( 'NONE', #3141, 0.6500000000000000222 ) ;
#7030 =( GEOMETRIC_REPRESENTATION_CONTEXT ( 3 ) GLOBAL_UNCERTAINTY_ASSIGNED_CONTEXT ( ( #5190 ) ) GLOBAL_UNIT_ASSIGNED_CONTEXT ( ( #4900, #2514, #2553 ) ) REPRESENTATION_CONTEXT ( 'NONE', 'WORKASPACE' ) );
#7031 = LINE ( 'NONE', #1738, #5787 ) ;
#7032 = UNCERTAINTY_MEASURE_WITH_UNIT (LENGTH_MEASURE( 1.000000000000000082E-05 ), #6781, 'distance_accuracy_value', 'NONE');
#7033 = VECTOR ( 'NONE', #3227, 1000.000000000000000 ) ;
#7034 = CARTESIAN_POINT ( 'NONE',  ( -2.499999999999999112, -2.200000000000000178, 5.399999999999998579 ) ) ;
#7035 = VERTEX_POINT ( 'NONE', #830 ) ;
#7036 = SURFACE_STYLE_USAGE ( .BOTH. , #6483 ) ;
#7037 = EDGE_LOOP ( 'NONE', ( #7594, #3819, #118, #995 ) ) ;
#7038 = CARTESIAN_POINT ( 'NONE',  ( -4.250000000000000888, -1.800000000000000044, -0.6500000000000000222 ) ) ;
#7039 = SURFACE_STYLE_FILL_AREA ( #3683 ) ;
#7040 =( LENGTH_UNIT ( ) NAMED_UNIT ( * ) SI_UNIT ( .MILLI., .METRE. ) );
#7041 = VECTOR ( 'NONE', #3333, 1000.000000000000000 ) ;
#7042 = PLANE ( 'NONE',  #5902 ) ;
#7043 = EDGE_CURVE ( 'NONE', #3204, #6875, #6794, .T. ) ;
#7044 = SURFACE_STYLE_FILL_AREA ( #3532 ) ;
#7045 = PRESENTATION_LAYER_ASSIGNMENT (  '', '', ( #1737 ) ) ;
#7046 = FILL_AREA_STYLE ('',( #32 ) ) ;
#7048 = EDGE_CURVE ( 'NONE', #2975, #2155, #3220, .T. ) ;
#7047 = ORIENTED_EDGE ( 'NONE', *, *, #7511, .T. ) ;
#7049 = DIRECTION ( 'NONE',  ( 1.000000000000000000, 0.0000000000000000000, 0.0000000000000000000 ) ) ;
#7050 = CARTESIAN_POINT ( 'NONE',  ( 2.149999999999999911, 0.0000000000000000000, -1.050000000000000044 ) ) ;
#7051 = SURFACE_STYLE_FILL_AREA ( #445 ) ;
#7052 = AXIS2_PLACEMENT_3D ( 'NONE', #1971, #6718, #5035 ) ;
#7053 = LINE ( 'NONE', #3423, #3714 ) ;
#7054 = EDGE_LOOP ( 'NONE', ( #805, #6206, #851, #3669 ) ) ;
#7055 = LINE ( 'NONE', #557, #6897 ) ;
#7056 = PRESENTATION_LAYER_ASSIGNMENT (  '', '', ( #1134 ) ) ;
#7057 = ORIENTED_EDGE ( 'NONE', *, *, #3771, .F. ) ;
#7058 = AXIS2_PLACEMENT_3D ( 'NONE', #4549, #5064, #5132 ) ;
#7059 = VERTEX_POINT ( 'NONE', #5514 ) ;
#7060 = LINE ( 'NONE', #1236, #7131 ) ;
#7061 = SURFACE_SIDE_STYLE ('',( #1237 ) ) ;
#7062 = VERTEX_POINT ( 'NONE', #392 ) ;
#7063 = PRESENTATION_LAYER_ASSIGNMENT (  '', '', ( #1276 ) ) ;
#7064 = ORIENTED_EDGE ( 'NONE', *, *, #4721, .T. ) ;
#7065 = ORIENTED_EDGE ( 'NONE', *, *, #5157, .F. ) ;
#7066 = CARTESIAN_POINT ( 'NONE',  ( 4.250000000000000888, -3.299999999999999822, -1.750000000000000666 ) ) ;
#7067 = DIRECTION ( 'NONE',  ( -2.032879073410321553E-16, 0.0000000000000000000, -1.000000000000000000 ) ) ;
#7068 =( LENGTH_UNIT ( ) NAMED_UNIT ( * ) SI_UNIT ( .MILLI., .METRE. ) );
#7069 = DIRECTION ( 'NONE',  ( 0.7071067811865482389, -0.0000000000000000000, -0.7071067811865469066 ) ) ;
#7070 = CARTESIAN_POINT ( 'NONE',  ( 3.049999999999998934, 0.2000000000000000111, -1.750000000000000666 ) ) ;
#7071 = EDGE_CURVE ( 'NONE', #3943, #6725, #7562, .T. ) ;
#7072 = ORIENTED_EDGE ( 'NONE', *, *, #2253, .F. ) ;
#7073 = SURFACE_STYLE_FILL_AREA ( #465 ) ;
#7074 = ORIENTED_EDGE ( 'NONE', *, *, #3900, .F. ) ;
#7075 = CARTESIAN_POINT ( 'NONE',  ( -2.250000000000000000, 0.0000000000000000000, -1.149999999999999911 ) ) ;
#7076 = EDGE_LOOP ( 'NONE', ( #3761, #5776, #3247, #441 ) ) ;
#7077 = DIRECTION ( 'NONE',  ( -1.182766006347823109E-16, -0.0000000000000000000, -1.000000000000000000 ) ) ;
#7078 = FILL_AREA_STYLE_COLOUR ( '', #4866 ) ;
#7079 = PLANE ( 'NONE',  #1517 ) ;
#7080 = ORIENTED_EDGE ( 'NONE', *, *, #3234, .F. ) ;
#7081 = PRESENTATION_STYLE_ASSIGNMENT (( #2959 ) ) ;
#7082 = VECTOR ( 'NONE', #4837, 1000.000000000000000 ) ;
#7083 = EDGE_LOOP ( 'NONE', ( #7551, #1071, #3700, #3503 ) ) ;
#7084 = CARTESIAN_POINT ( 'NONE',  ( -4.050000000000001599, -1.800000000000000488, 0.0000000000000000000 ) ) ;
#7085 = SURFACE_STYLE_FILL_AREA ( #6651 ) ;
#7086 = DIRECTION ( 'NONE',  ( 1.000000000000000000, 0.0000000000000000000, 0.0000000000000000000 ) ) ;
#7087 = ADVANCED_FACE ( 'NONE', ( #3979 ), #6827, .F. ) ;
#7088 = FILL_AREA_STYLE ('',( #2296 ) ) ;
#7089 = VECTOR ( 'NONE', #1873, 1000.000000000000000 ) ;
#7090 = CARTESIAN_POINT ( 'NONE',  ( 0.3500000000000008660, -2.200000000000000178, 1.749999999999998890 ) ) ;
#7091 = STYLED_ITEM ( 'NONE', ( #5755 ), #3469 ) ;
#7092 = EDGE_CURVE ( 'NONE', #4243, #5238, #7419, .T. ) ;
#7093 = VECTOR ( 'NONE', #3861, 1000.000000000000000 ) ;
#7094 = EDGE_LOOP ( 'NONE', ( #5467, #6951, #7396, #7296 ) ) ;
#7095 = PLANE ( 'NONE',  #6473 ) ;
#7096 = EDGE_CURVE ( 'NONE', #5422, #582, #3445, .T. ) ;
#7097 = LINE ( 'NONE', #652, #1944 ) ;
#7098 = DIRECTION ( 'NONE',  ( -1.182766006347823109E-16, -0.0000000000000000000, -1.000000000000000000 ) ) ;
#7099 = EDGE_LOOP ( 'NONE', ( #1800, #4500, #1234, #2402 ) ) ;
#7100 =( GEOMETRIC_REPRESENTATION_CONTEXT ( 3 ) GLOBAL_UNCERTAINTY_ASSIGNED_CONTEXT ( ( #5291 ) ) GLOBAL_UNIT_ASSIGNED_CONTEXT ( ( #3520, #7183, #5945 ) ) REPRESENTATION_CONTEXT ( 'NONE', 'WORKASPACE' ) );
#7101 = LINE ( 'NONE', #2352, #2501 ) ;
#7102 = EDGE_CURVE ( 'NONE', #162, #496, #4602, .T. ) ;
#7103 = ORIENTED_EDGE ( 'NONE', *, *, #1152, .T. ) ;
#7104 = VERTEX_POINT ( 'NONE', #5074 ) ;
#7105 = EDGE_CURVE ( 'NONE', #3498, #2832, #1543, .T. ) ;
#7106 = DIRECTION ( 'NONE',  ( 2.032879073410321307E-16, -0.0000000000000000000, 1.000000000000000000 ) ) ;
#7107 = AXIS2_PLACEMENT_3D ( 'NONE', #3842, #7391, #4460 ) ;
#7108 =( NAMED_UNIT ( * ) SI_UNIT ( $, .STERADIAN. ) SOLID_ANGLE_UNIT ( ) );
#7109 = ADVANCED_FACE ( 'NONE', ( #428 ), #975, .F. ) ;
#7110 =( NAMED_UNIT ( * ) SI_UNIT ( $, .STERADIAN. ) SOLID_ANGLE_UNIT ( ) );
#7111 = DIRECTION ( 'NONE',  ( 0.0000000000000000000, -0.0000000000000000000, 1.000000000000000000 ) ) ;
#7112 = LINE ( 'NONE', #4724, #3365 ) ;
#7113 = VERTEX_POINT ( 'NONE', #6353 ) ;
#7114 = ORIENTED_EDGE ( 'NONE', *, *, #6273, .F. ) ;
#7115 = CARTESIAN_POINT ( 'NONE',  ( -4.050000000000004263, -0.8199999999999715294, -1.730000000000000870 ) ) ;
#7116 = LINE ( 'NONE', #4021, #3071 ) ;
#7117 = FACE_OUTER_BOUND ( 'NONE', #4155, .T. ) ;
#7118 = EDGE_LOOP ( 'NONE', ( #1290, #6959, #5101, #6480, #3998, #5324 ) ) ;
#7119 = FILL_AREA_STYLE_COLOUR ( '', #1357 ) ;
#7120 = ADVANCED_FACE ( 'NONE', ( #1010 ), #6867, .F. ) ;
#7121 = VECTOR ( 'NONE', #2094, 1000.000000000000000 ) ;
#7122 =( GEOMETRIC_REPRESENTATION_CONTEXT ( 3 ) GLOBAL_UNCERTAINTY_ASSIGNED_CONTEXT ( ( #4633 ) ) GLOBAL_UNIT_ASSIGNED_CONTEXT ( ( #1244, #4791, #3632 ) ) REPRESENTATION_CONTEXT ( 'NONE', 'WORKASPACE' ) );
#7123 = ORIENTED_EDGE ( 'NONE', *, *, #5017, .T. ) ;
#7124 = FACE_OUTER_BOUND ( 'NONE', #4388, .T. ) ;
#7125 = CARTESIAN_POINT ( 'NONE',  ( 3.950000000000001066, -0.1000000000000001721, 0.8499999999999989786 ) ) ;
#7127 = CARTESIAN_POINT ( 'NONE',  ( 4.250000000000000888, -1.800000000000000266, 1.749999999999998446 ) ) ;
#7126 = AXIS2_PLACEMENT_3D ( 'NONE', #7034, #5831, #4103 ) ;
#7128 = CARTESIAN_POINT ( 'NONE',  ( 4.250000000000000888, -2.949999999999999734, -0.8250000000000009548 ) ) ;
#7129 = CARTESIAN_POINT ( 'NONE',  ( 2.250000000000000000, 0.0000000000000000000, -1.149999999999999911 ) ) ;
#7130 = MECHANICAL_DESIGN_GEOMETRIC_PRESENTATION_REPRESENTATION (  '', ( #957 ), #3429 ) ;
#7131 = VECTOR ( 'NONE', #5322, 1000.000000000000000 ) ;
#7132 = SURFACE_STYLE_FILL_AREA ( #1677 ) ;
#7133 = ORIENTED_EDGE ( 'NONE', *, *, #2387, .F. ) ;
#7134 = CARTESIAN_POINT ( 'NONE',  ( 4.050000000000001599, 0.2000000000000000111, -0.8999999999999999112 ) ) ;
#7135 = AXIS2_PLACEMENT_3D ( 'NONE', #861, #1504, #6677 ) ;
#7136 = AXIS2_PLACEMENT_3D ( 'NONE', #5588, #3172, #172 ) ;
#7137 = LINE ( 'NONE', #534, #7450 ) ;
#7138 = FILL_AREA_STYLE ('',( #3509 ) ) ;
#7139 = LINE ( 'NONE', #5323, #5057 ) ;
#7140 = ORIENTED_EDGE ( 'NONE', *, *, #6706, .F. ) ;
#7141 = DIRECTION ( 'NONE',  ( -0.0000000000000000000, 1.000000000000000000, 2.168404344971008868E-16 ) ) ;
#7142 = VECTOR ( 'NONE', #2965, 1000.000000000000000 ) ;
#7143 = ORIENTED_EDGE ( 'NONE', *, *, #1964, .F. ) ;
#7144 = VERTEX_POINT ( 'NONE', #2783 ) ;
#7145 = EDGE_CURVE ( 'NONE', #5577, #448, #6907, .T. ) ;
#7146 = FACE_OUTER_BOUND ( 'NONE', #5849, .T. ) ;
#7147 = PRESENTATION_STYLE_ASSIGNMENT (( #3050 ) ) ;
#7148 = LINE ( 'NONE', #5864, #6887 ) ;
#7149 = AXIS2_PLACEMENT_3D ( 'NONE', #6933, #452, #1075 ) ;
#7150 = DIRECTION ( 'NONE',  ( 1.000000000000000000, 0.0000000000000000000, -0.0000000000000000000 ) ) ;
#7151 = PLANE ( 'NONE',  #6551 ) ;
#7152 = EDGE_CURVE ( 'NONE', #945, #3315, #7520, .T. ) ;
#7153 = ORIENTED_EDGE ( 'NONE', *, *, #4987, .T. ) ;
#7154 = ORIENTED_EDGE ( 'NONE', *, *, #3321, .T. ) ;
#7155 = VECTOR ( 'NONE', #7519, 1000.000000000000000 ) ;
#7156 = PLANE ( 'NONE',  #5634 ) ;
#7157 = CARTESIAN_POINT ( 'NONE',  ( -4.050000000000007816, -1.779999999999971605, 1.729999999999998872 ) ) ;
#7158 = CARTESIAN_POINT ( 'NONE',  ( -3.919999999999999929, 0.2000000000000000111, -0.8499999999999998668 ) ) ;
#7159 = LINE ( 'NONE', #5451, #5581 ) ;
#7160 = FILL_AREA_STYLE_COLOUR ( '', #4196 ) ;
#7161 = VECTOR ( 'NONE', #643, 1000.000000000000000 ) ;
#7162 = EDGE_CURVE ( 'NONE', #7164, #3508, #4016, .T. ) ;
#7163 = SURFACE_STYLE_USAGE ( .BOTH. , #4261 ) ;
#7164 = VERTEX_POINT ( 'NONE', #4059 ) ;
#7165 = DIRECTION ( 'NONE',  ( -0.7071067811865482389, -0.7071067811865469066, 0.0000000000000000000 ) ) ;
#7166 =( NAMED_UNIT ( * ) PLANE_ANGLE_UNIT ( ) SI_UNIT ( $, .RADIAN. ) );
#7167 = DIRECTION ( 'NONE',  ( 1.000000000000000000, -0.0000000000000000000, -1.020425574104004122E-16 ) ) ;
#7168 = DIRECTION ( 'NONE',  ( 0.7071067811865482389, -0.0000000000000000000, 0.7071067811865469066 ) ) ;
#7169 = EDGE_CURVE ( 'NONE', #3058, #3391, #934, .T. ) ;
#7170 = LINE ( 'NONE', #5151, #948 ) ;
#7171 = PRESENTATION_LAYER_ASSIGNMENT (  '', '', ( #3087 ) ) ;
#7172 = EDGE_LOOP ( 'NONE', ( #2927, #5013, #1843, #6553, #7509, #6040, #1796, #6487, #789, #3353, #7472, #3212, #707, #4310, #2958, #3449, #6736, #5047, #4271, #3465, #182, #2095, #6510, #3841, #1991, #7064, #509, #4686 ) ) ;
#7173 =( LENGTH_UNIT ( ) NAMED_UNIT ( * ) SI_UNIT ( .MILLI., .METRE. ) );
#7174 = FILL_AREA_STYLE_COLOUR ( '', #6460 ) ;
#7175 = DIRECTION ( 'NONE',  ( 0.0000000000000000000, 0.0000000000000000000, 1.000000000000000000 ) ) ;
#7176 = VERTEX_POINT ( 'NONE', #2441 ) ;
#7177 = VECTOR ( 'NONE', #868, 1000.000000000000000 ) ;
#7178 = ORIENTED_EDGE ( 'NONE', *, *, #2815, .T. ) ;
#7179 = ORIENTED_EDGE ( 'NONE', *, *, #3090, .T. ) ;
#7180 = LINE ( 'NONE', #293, #2098 ) ;
#7181 =( NAMED_UNIT ( * ) PLANE_ANGLE_UNIT ( ) SI_UNIT ( $, .RADIAN. ) );
#7182 = FILL_AREA_STYLE_COLOUR ( '', #976 ) ;
#7183 =( NAMED_UNIT ( * ) PLANE_ANGLE_UNIT ( ) SI_UNIT ( $, .RADIAN. ) );
#7184 = VECTOR ( 'NONE', #7141, 1000.000000000000000 ) ;
#7185 = EDGE_CURVE ( 'NONE', #1649, #3580, #2397, .T. ) ;
#7186 = CARTESIAN_POINT ( 'NONE',  ( 3.049999999999998934, 0.2000000000000000111, 1.370000000000000107 ) ) ;
#7187 = SURFACE_SIDE_STYLE ('',( #5366 ) ) ;
#7188 = ADVANCED_FACE ( 'NONE', ( #1248 ), #1162, .F. ) ;
#7189 = ORIENTED_EDGE ( 'NONE', *, *, #2610, .T. ) ;
#7190 = DIRECTION ( 'NONE',  ( 0.0000000000000000000, 0.0000000000000000000, -1.000000000000000000 ) ) ;
#7191 = ORIENTED_EDGE ( 'NONE', *, *, #6853, .T. ) ;
#7192 = DIRECTION ( 'NONE',  ( -1.000000000000000000, 0.0000000000000000000, -0.0000000000000000000 ) ) ;
#7193 = CARTESIAN_POINT ( 'NONE',  ( 2.850000000000000977, -2.200000000000000178, 2.549999999999998934 ) ) ;
#7194 = CYLINDRICAL_SURFACE ( 'NONE', #7136, 0.6700000000000002620 ) ;
#7195 = PRESENTATION_STYLE_ASSIGNMENT (( #3494 ) ) ;
#7196 = ADVANCED_FACE ( 'NONE', ( #5332 ), #2320, .F. ) ;
#7197 = FILL_AREA_STYLE ('',( #4151 ) ) ;
#7198 = CARTESIAN_POINT ( 'NONE',  ( -1.674999999999998934, 2.000000000000000000, -2.250000000000000888 ) ) ;
#7199 = EDGE_CURVE ( 'NONE', #6536, #4465, #7112, .T. ) ;
#7200 = ORIENTED_EDGE ( 'NONE', *, *, #1253, .F. ) ;
#7201 = CARTESIAN_POINT ( 'NONE',  ( -2.250000000000000000, 0.2000000000000000111, 1.149999999999999911 ) ) ;
#7202 = VERTEX_POINT ( 'NONE', #1739 ) ;
#7203 = DIRECTION ( 'NONE',  ( 1.000000000000000000, 0.0000000000000000000, -0.0000000000000000000 ) ) ;
#7204 =( NAMED_UNIT ( * ) SI_UNIT ( $, .STERADIAN. ) SOLID_ANGLE_UNIT ( ) );
#7205 = COLOUR_RGB ( '',0.7529411764705882248, 0.7529411764705882248, 0.7529411764705882248 ) ;
#7206 =( GEOMETRIC_REPRESENTATION_CONTEXT ( 3 ) GLOBAL_UNCERTAINTY_ASSIGNED_CONTEXT ( ( #5821 ) ) GLOBAL_UNIT_ASSIGNED_CONTEXT ( ( #316, #209, #3789 ) ) REPRESENTATION_CONTEXT ( 'NONE', 'WORKASPACE' ) );
#7207 = SURFACE_STYLE_USAGE ( .BOTH. , #187 ) ;
#7208 = ORIENTED_EDGE ( 'NONE', *, *, #1439, .T. ) ;
#7209 = VECTOR ( 'NONE', #6166, 1000.000000000000000 ) ;
#7210 = PLANE ( 'NONE',  #313 ) ;
#7211 = CARTESIAN_POINT ( 'NONE',  ( -0.2499999999999985290, -2.500000000000000000, 5.399999999999998579 ) ) ;
#7212 = ORIENTED_EDGE ( 'NONE', *, *, #5729, .T. ) ;
#7213 = EDGE_CURVE ( 'NONE', #5448, #883, #4099, .T. ) ;
#7214 = VECTOR ( 'NONE', #6770, 1000.000000000000000 ) ;
#7215 = PRESENTATION_STYLE_ASSIGNMENT (( #6052 ) ) ;
#7216 = VERTEX_POINT ( 'NONE', #3020 ) ;
#7217 = ORIENTED_EDGE ( 'NONE', *, *, #2280, .F. ) ;
#7218 = DIRECTION ( 'NONE',  ( -1.000000000000000000, 0.0000000000000000000, 0.0000000000000000000 ) ) ;
#7219 = LINE ( 'NONE', #6059, #4265 ) ;
#7220 = MECHANICAL_DESIGN_GEOMETRIC_PRESENTATION_REPRESENTATION (  '', ( #3524 ), #7100 ) ;
#7221 = DIRECTION ( 'NONE',  ( 0.0000000000000000000, 0.0000000000000000000, 1.000000000000000000 ) ) ;
#7222 = UNCERTAINTY_MEASURE_WITH_UNIT (LENGTH_MEASURE( 1.000000000000000082E-05 ), #2356, 'distance_accuracy_value', 'NONE');
#7223 = FILL_AREA_STYLE ('',( #2630 ) ) ;
#7224 = VERTEX_POINT ( 'NONE', #6443 ) ;
#7225 = VECTOR ( 'NONE', #7049, 1000.000000000000000 ) ;
#7226 =( NAMED_UNIT ( * ) SI_UNIT ( $, .STERADIAN. ) SOLID_ANGLE_UNIT ( ) );
#7227 = ORIENTED_EDGE ( 'NONE', *, *, #1520, .F. ) ;
#7228 = CARTESIAN_POINT ( 'NONE',  ( -0.2750000000000002442, 2.274999999999999911, -1.000000000000000222 ) ) ;
#7229 = FACE_OUTER_BOUND ( 'NONE', #1476, .T. ) ;
#7230 = LINE ( 'NONE', #1930, #2009 ) ;
#7231 = VERTEX_POINT ( 'NONE', #4796 ) ;
#7232 = COLOUR_RGB ( '',0.7529411764705882248, 0.7529411764705882248, 0.7529411764705882248 ) ;
#7233 = CARTESIAN_POINT ( 'NONE',  ( 4.250000000000000888, -3.299999999999999822, 1.499999999999998890 ) ) ;
#7234 = ORIENTED_EDGE ( 'NONE', *, *, #476, .T. ) ;
#7235 = DIRECTION ( 'NONE',  ( -1.000000000000000000, 0.0000000000000000000, 0.0000000000000000000 ) ) ;
#7236 = VERTEX_POINT ( 'NONE', #3638 ) ;
#7237 = DIRECTION ( 'NONE',  ( 0.7071067811865474617, -0.7071067811865474617, 0.0000000000000000000 ) ) ;
#7238 = CARTESIAN_POINT ( 'NONE',  ( -1.224999999999999201, 2.000000000000000000, 1.000000000000000000 ) ) ;
#7239 =( GEOMETRIC_REPRESENTATION_CONTEXT ( 3 ) GLOBAL_UNCERTAINTY_ASSIGNED_CONTEXT ( ( #2633 ) ) GLOBAL_UNIT_ASSIGNED_CONTEXT ( ( #7532, #5195, #1712 ) ) REPRESENTATION_CONTEXT ( 'NONE', 'WORKASPACE' ) );
#7240 = MECHANICAL_DESIGN_GEOMETRIC_PRESENTATION_REPRESENTATION (  '', ( #5515 ), #5880 ) ;
#7241 = SURFACE_STYLE_USAGE ( .BOTH. , #259 ) ;
#7242 = EDGE_CURVE ( 'NONE', #1391, #5860, #5985, .T. ) ;
#7243 = ADVANCED_FACE ( 'NONE', ( #1205, #581 ), #7151, .T. ) ;
#7244 = ORIENTED_EDGE ( 'NONE', *, *, #5279, .F. ) ;
#7245 = VECTOR ( 'NONE', #7421, 1000.000000000000000 ) ;
#7246 = CARTESIAN_POINT ( 'NONE',  ( -4.050000000000001599, -0.8000000000000000444, 0.8999999999999993561 ) ) ;
#7247 = AXIS2_PLACEMENT_3D ( 'NONE', #2000, #281, #4291 ) ;
#7248 = DIRECTION ( 'NONE',  ( -0.0000000000000000000, -1.000000000000000000, -0.0000000000000000000 ) ) ;
#7249 = PRESENTATION_STYLE_ASSIGNMENT (( #845 ) ) ;
#7250 = EDGE_LOOP ( 'NONE', ( #4607, #6317, #4584, #6421 ) ) ;
#7251 = DIRECTION ( 'NONE',  ( -1.000000000000000000, 0.0000000000000000000, -0.0000000000000000000 ) ) ;
#7252 = STYLED_ITEM ( 'NONE', ( #5696 ), #5571 ) ;
#7253 = EDGE_LOOP ( 'NONE', ( #132, #4927, #1610, #7254 ) ) ;
#7254 = ORIENTED_EDGE ( 'NONE', *, *, #3179, .T. ) ;
#7255 = VECTOR ( 'NONE', #2597, 1000.000000000000000 ) ;
#7256 = AXIS2_PLACEMENT_3D ( 'NONE', #5464, #4888, #5433 ) ;
#7257 = FILL_AREA_STYLE ('',( #2627 ) ) ;
#7258 = AXIS2_PLACEMENT_3D ( 'NONE', #184, #4200, #1941 ) ;
#7259 = STYLED_ITEM ( 'NONE', ( #5954 ), #895 ) ;
#7260 = FILL_AREA_STYLE ('',( #2843 ) ) ;
#7261 = CARTESIAN_POINT ( 'NONE',  ( 2.999999999999998668, 0.2000000000000000111, -1.320000000000000506 ) ) ;
#7262 = ORIENTED_EDGE ( 'NONE', *, *, #6822, .T. ) ;
#7263 = DIRECTION ( 'NONE',  ( 0.0000000000000000000, -1.000000000000000000, 0.0000000000000000000 ) ) ;
#7264 = ORIENTED_EDGE ( 'NONE', *, *, #4134, .F. ) ;
#7265 =( LENGTH_UNIT ( ) NAMED_UNIT ( * ) SI_UNIT ( .MILLI., .METRE. ) );
#7266 = PLANE ( 'NONE',  #2144 ) ;
#7267 = CARTESIAN_POINT ( 'NONE',  ( -2.000000000000000000, 0.0000000000000000000, 1.000000000000000000 ) ) ;
#7268 = VECTOR ( 'NONE', #1631, 1000.000000000000000 ) ;
#7269 = DIRECTION ( 'NONE',  ( 0.0000000000000000000, -3.097720492815726673E-16, -1.000000000000000000 ) ) ;
#7270 = SURFACE_STYLE_USAGE ( .BOTH. , #211 ) ;
#7271 = MECHANICAL_DESIGN_GEOMETRIC_PRESENTATION_REPRESENTATION (  '', ( #5657 ), #985 ) ;
#7272 = ORIENTED_EDGE ( 'NONE', *, *, #4542, .T. ) ;
#7273 = LINE ( 'NONE', #2006, #1933 ) ;
#7274 = ORIENTED_EDGE ( 'NONE', *, *, #7092, .T. ) ;
#7275 = CARTESIAN_POINT ( 'NONE',  ( -2.749999999999998668, -2.200000000000000178, 5.399999999999998579 ) ) ;
#7276 = DIRECTION ( 'NONE',  ( -3.410973126920686698E-15, 1.000000000000000000, 0.0000000000000000000 ) ) ;
#7277 = VECTOR ( 'NONE', #4601, 1000.000000000000000 ) ;
#7278 = CARTESIAN_POINT ( 'NONE',  ( 4.250000000000000888, 0.0000000000000000000, 1.749999999999998890 ) ) ;
#7279 = ADVANCED_FACE ( 'NONE', ( #2945 ), #1771, .T. ) ;
#7280 = CARTESIAN_POINT ( 'NONE',  ( 0.3500000000000008660, -2.200000000000000178, -2.250000000000000888 ) ) ;
#7281 = ORIENTED_EDGE ( 'NONE', *, *, #4542, .F. ) ;
#7282 = CARTESIAN_POINT ( 'NONE',  ( -2.849999999999998757, -2.200000000000000178, 2.549999999999998934 ) ) ;
#7283 = DIRECTION ( 'NONE',  ( -0.0000000000000000000, -1.000000000000000000, -0.0000000000000000000 ) ) ;
#7284 = CARTESIAN_POINT ( 'NONE',  ( -1.337499999999999245, 1.887500000000000178, -2.250000000000000888 ) ) ;
#7285 = FILL_AREA_STYLE ('',( #6622 ) ) ;
#7286 = ORIENTED_EDGE ( 'NONE', *, *, #5981, .T. ) ;
#7287 = FILL_AREA_STYLE_COLOUR ( '', #508 ) ;
#7288 = VERTEX_POINT ( 'NONE', #1395 ) ;
#7289 = ORIENTED_EDGE ( 'NONE', *, *, #4873, .F. ) ;
#7290 = LINE ( 'NONE', #1421, #7471 ) ;
#7291 = EDGE_CURVE ( 'NONE', #7019, #377, #6635, .T. ) ;
#7292 = MECHANICAL_DESIGN_GEOMETRIC_PRESENTATION_REPRESENTATION (  '', ( #4461 ), #5555 ) ;
#7293 = SURFACE_STYLE_FILL_AREA ( #7260 ) ;
#7294 =( NAMED_UNIT ( * ) SI_UNIT ( $, .STERADIAN. ) SOLID_ANGLE_UNIT ( ) );
#7295 = PRESENTATION_LAYER_ASSIGNMENT (  '', '', ( #5685 ) ) ;
#7296 = ORIENTED_EDGE ( 'NONE', *, *, #6269, .T. ) ;
#7297 = DIRECTION ( 'NONE',  ( 1.000000000000000000, -0.0000000000000000000, 0.0000000000000000000 ) ) ;
#7298 =( GEOMETRIC_REPRESENTATION_CONTEXT ( 3 ) GLOBAL_UNCERTAINTY_ASSIGNED_CONTEXT ( ( #7491 ) ) GLOBAL_UNIT_ASSIGNED_CONTEXT ( ( #384, #3969, #2814 ) ) REPRESENTATION_CONTEXT ( 'NONE', 'WORKASPACE' ) );
#7299 =( NAMED_UNIT ( * ) SI_UNIT ( $, .STERADIAN. ) SOLID_ANGLE_UNIT ( ) );
#7300 = DIRECTION ( 'NONE',  ( 1.000000000000000000, 0.0000000000000000000, 0.0000000000000000000 ) ) ;
#7301 = DIRECTION ( 'NONE',  ( -0.0000000000000000000, -0.0000000000000000000, 1.000000000000000000 ) ) ;
#7302 = CARTESIAN_POINT ( 'NONE',  ( -1.337499999999999245, 1.887500000000000178, 1.000000000000000000 ) ) ;
#7303 = LINE ( 'NONE', #3792, #6060 ) ;
#7304 = EDGE_CURVE ( 'NONE', #4777, #7202, #6121, .T. ) ;
#7305 =( GEOMETRIC_REPRESENTATION_CONTEXT ( 3 ) GLOBAL_UNCERTAINTY_ASSIGNED_CONTEXT ( ( #4023 ) ) GLOBAL_UNIT_ASSIGNED_CONTEXT ( ( #3316, #3390, #2696 ) ) REPRESENTATION_CONTEXT ( 'NONE', 'WORKASPACE' ) );
#7306 = ADVANCED_FACE ( 'NONE', ( #7365 ), #3716, .F. ) ;
#7307 = LINE ( 'NONE', #254, #2564 ) ;
#7308 = ORIENTED_EDGE ( 'NONE', *, *, #5279, .T. ) ;
#7309 = LINE ( 'NONE', #3266, #4298 ) ;
#7310 = CARTESIAN_POINT ( 'NONE',  ( -2.299999999999999822, 0.0000000000000000000, -1.199999999999999956 ) ) ;
#7311 = AXIS2_PLACEMENT_3D ( 'NONE', #3185, #4922, #3907 ) ;
#7312 = EDGE_LOOP ( 'NONE', ( #2742, #5487, #3874, #5239 ) ) ;
#7313 = LINE ( 'NONE', #6516, #3228 ) ;
#7314 = DIRECTION ( 'NONE',  ( 0.7071067811865474617, 0.7071067811865474617, -7.666467083416870691E-17 ) ) ;
#7315 = EDGE_CURVE ( 'NONE', #2898, #730, #788, .T. ) ;
#7316 = LINE ( 'NONE', #6109, #1654 ) ;
#7317 = PLANE ( 'NONE',  #1233 ) ;
#7318 = DIRECTION ( 'NONE',  ( 0.0000000000000000000, 0.0000000000000000000, -1.000000000000000000 ) ) ;
#7319 = EDGE_LOOP ( 'NONE', ( #1180, #1512, #2517, #4429 ) ) ;
#7320 = DIRECTION ( 'NONE',  ( -0.0000000000000000000, -0.0000000000000000000, -1.000000000000000000 ) ) ;
#7321 = CARTESIAN_POINT ( 'NONE',  ( 2.149999999999999911, 0.0000000000000000000, -1.050000000000000044 ) ) ;
#7322 = ORIENTED_EDGE ( 'NONE', *, *, #2804, .F. ) ;
#7323 = VERTEX_POINT ( 'NONE', #893 ) ;
#7324 = EDGE_CURVE ( 'NONE', #3568, #5203, #2740, .T. ) ;
#7325 = DIRECTION ( 'NONE',  ( 0.7071067811865474617, 0.7071067811865474617, 0.0000000000000000000 ) ) ;
#7326 = EDGE_CURVE ( 'NONE', #1377, #4896, #5473, .T. ) ;
#7327 = SURFACE_SIDE_STYLE ('',( #165 ) ) ;
#7328 = MECHANICAL_DESIGN_GEOMETRIC_PRESENTATION_REPRESENTATION (  '', ( #1536 ), #4868 ) ;
#7329 = EDGE_CURVE ( 'NONE', #7224, #1537, #4902, .T. ) ;
#7330 = ORIENTED_EDGE ( 'NONE', *, *, #3588, .T. ) ;
#7331 = SURFACE_STYLE_FILL_AREA ( #4985 ) ;
#7332 = ADVANCED_FACE ( 'NONE', ( #4252 ), #4944, .F. ) ;
#7333 = UNCERTAINTY_MEASURE_WITH_UNIT (LENGTH_MEASURE( 1.000000000000000082E-05 ), #597, 'distance_accuracy_value', 'NONE');
#7334 = VECTOR ( 'NONE', #1704, 1000.000000000000000 ) ;
#7335 = LINE ( 'NONE', #3256, #7255 ) ;
#7336 = LINE ( 'NONE', #6095, #727 ) ;
#7337 =( LENGTH_UNIT ( ) NAMED_UNIT ( * ) SI_UNIT ( .MILLI., .METRE. ) );
#7338 =( NAMED_UNIT ( * ) PLANE_ANGLE_UNIT ( ) SI_UNIT ( $, .RADIAN. ) );
#7339 = PLANE ( 'NONE',  #1130 ) ;
#7340 = SURFACE_STYLE_FILL_AREA ( #3795 ) ;
#7341 = ORIENTED_EDGE ( 'NONE', *, *, #3610, .F. ) ;
#7342 = LINE ( 'NONE', #6833, #3647 ) ;
#7343 = DIRECTION ( 'NONE',  ( -0.0000000000000000000, -1.000000000000000000, -0.0000000000000000000 ) ) ;
#7344 = CARTESIAN_POINT ( 'NONE',  ( -2.299999999999999378, 0.2000000000000000111, 1.199999999999999956 ) ) ;
#7345 = COLOUR_RGB ( '',0.7529411764705882248, 0.7529411764705882248, 0.7529411764705882248 ) ;
#7346 = ADVANCED_FACE ( 'NONE', ( #6346 ), #6784, .T. ) ;
#7347 = CARTESIAN_POINT ( 'NONE',  ( 4.250000000000000888, -3.299999999999999822, -1.750000000000000666 ) ) ;
#7348 = CARTESIAN_POINT ( 'NONE',  ( 4.250000000000000888, -2.949999999999999734, -1.500000000000000666 ) ) ;
#7349 = ORIENTED_EDGE ( 'NONE', *, *, #3953, .T. ) ;
#7350 = CARTESIAN_POINT ( 'NONE',  ( -0.3499999999999989231, -2.200000000000000178, -2.250000000000000888 ) ) ;
#7351 = LINE ( 'NONE', #2050, #2672 ) ;
#7352 = LINE ( 'NONE', #2541, #4141 ) ;
#7353 = CARTESIAN_POINT ( 'NONE',  ( 4.050000000000001599, 1.364389250768275310E-14, -0.8500000000000013101 ) ) ;
#7354 = CARTESIAN_POINT ( 'NONE',  ( 2.850000000000000977, -2.200000000000000178, 2.549999999999998934 ) ) ;
#7355 = LINE ( 'NONE', #2055, #2225 ) ;
#7356 = ORIENTED_EDGE ( 'NONE', *, *, #909, .F. ) ;
#7357 =( NAMED_UNIT ( * ) SI_UNIT ( $, .STERADIAN. ) SOLID_ANGLE_UNIT ( ) );
#7358 = ORIENTED_EDGE ( 'NONE', *, *, #936, .F. ) ;
#7359 = VERTEX_POINT ( 'NONE', #6858 ) ;
#7360 = CARTESIAN_POINT ( 'NONE',  ( -4.250000000000007105, -1.780000000000000027, 0.8499999999999994227 ) ) ;
#7361 = DIRECTION ( 'NONE',  ( 0.7071067811865475727, -0.7071067811865475727, 0.0000000000000000000 ) ) ;
#7362 = LINE ( 'NONE', #6342, #6142 ) ;
#7363 = VECTOR ( 'NONE', #7190, 1000.000000000000000 ) ;
#7364 = SURFACE_SIDE_STYLE ('',( #6740 ) ) ;
#7365 = FACE_OUTER_BOUND ( 'NONE', #5109, .T. ) ;
#7366 = AXIS2_PLACEMENT_3D ( 'NONE', #6926, #4578, #1560 ) ;
#7367 = ORIENTED_EDGE ( 'NONE', *, *, #5218, .T. ) ;
#7368 = MECHANICAL_DESIGN_GEOMETRIC_PRESENTATION_REPRESENTATION (  '', ( #5764 ), #6997 ) ;
#7369 = AXIS2_PLACEMENT_3D ( 'NONE', #5999, #2457, #3617 ) ;
#7370 = LINE ( 'NONE', #312, #467 ) ;
#7371 = SURFACE_STYLE_USAGE ( .BOTH. , #4479 ) ;
#7372 = PLANE ( 'NONE',  #4047 ) ;
#7373 = VECTOR ( 'NONE', #2676, 1000.000000000000000 ) ;
#7374 =( NAMED_UNIT ( * ) PLANE_ANGLE_UNIT ( ) SI_UNIT ( $, .RADIAN. ) );
#7375 = FACE_OUTER_BOUND ( 'NONE', #587, .T. ) ;
#7376 = ADVANCED_FACE ( 'NONE', ( #3856 ), #3328, .T. ) ;
#7377 = PRESENTATION_LAYER_ASSIGNMENT (  '', '', ( #1582 ) ) ;
#7378 = DIRECTION ( 'NONE',  ( 3.388131789017201849E-16, 0.0000000000000000000, 1.000000000000000000 ) ) ;
#7379 = ORIENTED_EDGE ( 'NONE', *, *, #1152, .F. ) ;
#7380 =( GEOMETRIC_REPRESENTATION_CONTEXT ( 3 ) GLOBAL_UNCERTAINTY_ASSIGNED_CONTEXT ( ( #1017 ) ) GLOBAL_UNIT_ASSIGNED_CONTEXT ( ( #2343, #1638, #1300 ) ) REPRESENTATION_CONTEXT ( 'NONE', 'WORKASPACE' ) );
#7381 = ORIENTED_EDGE ( 'NONE', *, *, #1030, .F. ) ;
#7382 =( NAMED_UNIT ( * ) PLANE_ANGLE_UNIT ( ) SI_UNIT ( $, .RADIAN. ) );
#7383 =( NAMED_UNIT ( * ) PLANE_ANGLE_UNIT ( ) SI_UNIT ( $, .RADIAN. ) );
#7384 = CARTESIAN_POINT ( 'NONE',  ( 4.050000000000001599, -0.8000000000000003775, 1.749999999999998890 ) ) ;
#7385 = CARTESIAN_POINT ( 'NONE',  ( 3.969999999999999751, 0.2000000000000000111, 1.370000000000000107 ) ) ;
#7386 = EDGE_CURVE ( 'NONE', #3961, #4071, #7408, .T. ) ;
#7387 = MECHANICAL_DESIGN_GEOMETRIC_PRESENTATION_REPRESENTATION (  '', ( #6394 ), #5172 ) ;
#7388 = CARTESIAN_POINT ( 'NONE',  ( 4.250000000000000888, -0.8000000000000000444, 0.8999999999999993561 ) ) ;
#7389 = ORIENTED_EDGE ( 'NONE', *, *, #2119, .F. ) ;
#7390 = LINE ( 'NONE', #5231, #6412 ) ;
#7391 = DIRECTION ( 'NONE',  ( -0.0000000000000000000, 1.000000000000000000, 1.971276677246374477E-16 ) ) ;
#7392 = SURFACE_STYLE_USAGE ( .BOTH. , #3273 ) ;
#7393 = CARTESIAN_POINT ( 'NONE',  ( -4.250000000000006217, -2.949999999999999734, 0.8249999999999991784 ) ) ;
#7394 =( GEOMETRIC_REPRESENTATION_CONTEXT ( 3 ) GLOBAL_UNCERTAINTY_ASSIGNED_CONTEXT ( ( #1178 ) ) GLOBAL_UNIT_ASSIGNED_CONTEXT ( ( #633, #4805, #1862 ) ) REPRESENTATION_CONTEXT ( 'NONE', 'WORKASPACE' ) );
#7395 = DIRECTION ( 'NONE',  ( 0.0000000000000000000, 0.0000000000000000000, -1.000000000000000000 ) ) ;
#7396 = ORIENTED_EDGE ( 'NONE', *, *, #2335, .F. ) ;
#7397 = FILL_AREA_STYLE ('',( #6185 ) ) ;
#7398 = ADVANCED_FACE ( 'NONE', ( #4433 ), #2741, .T. ) ;
#7399 = VECTOR ( 'NONE', #7580, 1000.000000000000000 ) ;
#7400 = LINE ( 'NONE', #6812, #3186 ) ;
#7401 = VERTEX_POINT ( 'NONE', #82 ) ;
#7402 = ORIENTED_EDGE ( 'NONE', *, *, #4684, .T. ) ;
#7403 = CYLINDRICAL_SURFACE ( 'NONE', #2538, 0.2999999999999999334 ) ;
#7404 = AXIS2_PLACEMENT_3D ( 'NONE', #3784, #5102, #6746 ) ;
#7405 =( LENGTH_UNIT ( ) NAMED_UNIT ( * ) SI_UNIT ( .MILLI., .METRE. ) );
#7406 = SURFACE_STYLE_USAGE ( .BOTH. , #6190 ) ;
#7407 = CARTESIAN_POINT ( 'NONE',  ( 2.250000000000001776, -2.200000000000000178, 5.399999999999998579 ) ) ;
#7408 = LINE ( 'NONE', #3433, #2995 ) ;
#7409 = VECTOR ( 'NONE', #367, 1000.000000000000000 ) ;
#7410 = EDGE_LOOP ( 'NONE', ( #1455, #1120, #3736, #4708 ) ) ;
#7411 = VECTOR ( 'NONE', #5956, 1000.000000000000114 ) ;
#7412 = CARTESIAN_POINT ( 'NONE',  ( -3.049999999999999822, 0.0000000000000000000, 1.370000000000000107 ) ) ;
#7413 = FACE_OUTER_BOUND ( 'NONE', #217, .T. ) ;
#7414 = LINE ( 'NONE', #5786, #6379 ) ;
#7415 = CARTESIAN_POINT ( 'NONE',  ( -4.249999999999999112, 0.2000000000000000111, -0.8999999999999999112 ) ) ;
#7416 = ADVANCED_FACE ( 'NONE', ( #6512 ), #4749, .T. ) ;
#7417 = CARTESIAN_POINT ( 'NONE',  ( 4.250000000000000888, -2.949999999999999734, 1.749999999999998890 ) ) ;
#7418 = EDGE_CURVE ( 'NONE', #2569, #2374, #5938, .T. ) ;
#7419 = LINE ( 'NONE', #1657, #4832 ) ;
#7420 = EDGE_CURVE ( 'NONE', #5422, #4976, #4133, .T. ) ;
#7421 = DIRECTION ( 'NONE',  ( -0.0000000000000000000, -1.000000000000000000, -0.0000000000000000000 ) ) ;
#7422 = EDGE_CURVE ( 'NONE', #6395, #4198, #1156, .T. ) ;
#7423 = PRESENTATION_STYLE_ASSIGNMENT (( #1585 ) ) ;
#7424 = ORIENTED_EDGE ( 'NONE', *, *, #3650, .T. ) ;
#7425 = PRESENTATION_STYLE_ASSIGNMENT (( #5080 ) ) ;
#7426 = PLANE ( 'NONE',  #7311 ) ;
#7427 = VECTOR ( 'NONE', #7320, 1000.000000000000000 ) ;
#7428 = EDGE_CURVE ( 'NONE', #5754, #3058, #7101, .T. ) ;
#7429 = LINE ( 'NONE', #2649, #376 ) ;
#7430 = CARTESIAN_POINT ( 'NONE',  ( 3.919999999999999929, 0.0000000000000000000, -0.8500000000000013101 ) ) ;
#7431 = ORIENTED_EDGE ( 'NONE', *, *, #3756, .T. ) ;
#7432 = DIRECTION ( 'NONE',  ( 0.0000000000000000000, 0.0000000000000000000, 1.000000000000000000 ) ) ;
#7433 = CARTESIAN_POINT ( 'NONE',  ( -2.249999999999999112, -2.500000000000000000, 2.649999999999998579 ) ) ;
#7434 = SURFACE_STYLE_USAGE ( .BOTH. , #1025 ) ;
#7435 = LINE ( 'NONE', #5886, #7142 ) ;
#7436 = FILL_AREA_STYLE ('',( #372 ) ) ;
#7437 = DIRECTION ( 'NONE',  ( -1.000000000000000000, -0.0000000000000000000, -0.0000000000000000000 ) ) ;
#7438 = ORIENTED_EDGE ( 'NONE', *, *, #7304, .T. ) ;
#7439 = ORIENTED_EDGE ( 'NONE', *, *, #5370, .T. ) ;
#7440 = EDGE_LOOP ( 'NONE', ( #2549, #4697, #904, #782 ) ) ;
#7441 = PLANE ( 'NONE',  #2200 ) ;
#7442 = EDGE_CURVE ( 'NONE', #1148, #7323, #1277, .T. ) ;
#7443 =( NAMED_UNIT ( * ) PLANE_ANGLE_UNIT ( ) SI_UNIT ( $, .RADIAN. ) );
#7444 = ORIENTED_EDGE ( 'NONE', *, *, #6077, .T. ) ;
#7445 = CARTESIAN_POINT ( 'NONE',  ( -2.299999999999999378, 0.0000000000000000000, 1.199999999999999956 ) ) ;
#7446 =( NAMED_UNIT ( * ) PLANE_ANGLE_UNIT ( ) SI_UNIT ( $, .RADIAN. ) );
#7447 = FACE_OUTER_BOUND ( 'NONE', #4135, .T. ) ;
#7448 = DIRECTION ( 'NONE',  ( 1.000000000000000000, -0.0000000000000000000, -0.0000000000000000000 ) ) ;
#7449 = VECTOR ( 'NONE', #6249, 1000.000000000000000 ) ;
#7450 = VECTOR ( 'NONE', #7517, 1000.000000000000000 ) ;
#7451 = DIRECTION ( 'NONE',  ( 0.7071067811865474617, 0.7071067811865474617, -7.666467083416870691E-17 ) ) ;
#7452 = ORIENTED_EDGE ( 'NONE', *, *, #1528, .T. ) ;
#7453 = DIRECTION ( 'NONE',  ( -1.000000000000000000, -0.0000000000000000000, -0.0000000000000000000 ) ) ;
#7454 = LINE ( 'NONE', #3948, #3461 ) ;
#7455 = VECTOR ( 'NONE', #2306, 1000.000000000000000 ) ;
#7456 = SURFACE_STYLE_FILL_AREA ( #1516 ) ;
#7457 = VECTOR ( 'NONE', #2015, 1000.000000000000000 ) ;
#7458 = VERTEX_POINT ( 'NONE', #5903 ) ;
#7459 = SURFACE_STYLE_USAGE ( .BOTH. , #5118 ) ;
#7460 = CARTESIAN_POINT ( 'NONE',  ( 0.3500000000000008660, -2.500000000000000000, 1.749999999999998890 ) ) ;
#7461 = CARTESIAN_POINT ( 'NONE',  ( 4.050000000000001599, -1.800000000000000266, 1.749999999999998446 ) ) ;
#7462 = DIRECTION ( 'NONE',  ( -3.883709274574940726E-15, 1.000000000000000000, 0.0000000000000000000 ) ) ;
#7463 = FILL_AREA_STYLE_COLOUR ( '', #391 ) ;
#7464 = ORIENTED_EDGE ( 'NONE', *, *, #5182, .T. ) ;
#7465 = EDGE_CURVE ( 'NONE', #6527, #1573, #4784, .T. ) ;
#7466 = ORIENTED_EDGE ( 'NONE', *, *, #203, .F. ) ;
#7467 = ORIENTED_EDGE ( 'NONE', *, *, #3044, .T. ) ;
#7468 = FACE_OUTER_BOUND ( 'NONE', #5411, .T. ) ;
#7469 = CARTESIAN_POINT ( 'NONE',  ( 2.149999999999999911, 0.2000000000000000111, 1.050000000000000044 ) ) ;
#7470 = MECHANICAL_DESIGN_GEOMETRIC_PRESENTATION_REPRESENTATION (  '', ( #5619 ), #1072 ) ;
#7471 = VECTOR ( 'NONE', #6590, 1000.000000000000000 ) ;
#7472 = ORIENTED_EDGE ( 'NONE', *, *, #6322, .T. ) ;
#7473 = ORIENTED_EDGE ( 'NONE', *, *, #1716, .F. ) ;
#7474 = CARTESIAN_POINT ( 'NONE',  ( 2.999999999999998668, 0.2000000000000000111, -1.320000000000000506 ) ) ;
#7475 = DIRECTION ( 'NONE',  ( -0.0000000000000000000, -0.0000000000000000000, 1.000000000000000000 ) ) ;
#7476 = VECTOR ( 'NONE', #7564, 1000.000000000000000 ) ;
#7477 = LINE ( 'NONE', #2192, #6093 ) ;
#7478 = CARTESIAN_POINT ( 'NONE',  ( 2.300000000000000266, 0.2000000000000000111, 1.199999999999999956 ) ) ;
#7479 = VECTOR ( 'NONE', #586, 1000.000000000000000 ) ;
#7480 =( NAMED_UNIT ( * ) SI_UNIT ( $, .STERADIAN. ) SOLID_ANGLE_UNIT ( ) );
#7481 = COLOUR_RGB ( '',0.7529411764705882248, 0.7529411764705882248, 0.7529411764705882248 ) ;
#7482 = DIRECTION ( 'NONE',  ( -1.000000000000000000, 0.0000000000000000000, -0.0000000000000000000 ) ) ;
#7483 = VECTOR ( 'NONE', #4622, 1000.000000000000000 ) ;
#7484 = EDGE_CURVE ( 'NONE', #5076, #4895, #2974, .T. ) ;
#7485 = CARTESIAN_POINT ( 'NONE',  ( -4.250000000000003553, -0.8199999999999711964, 1.729999999999998872 ) ) ;
#7486 = ORIENTED_EDGE ( 'NONE', *, *, #7530, .F. ) ;
#7487 = ORIENTED_EDGE ( 'NONE', *, *, #4979, .F. ) ;
#7488 = FACE_OUTER_BOUND ( 'NONE', #3867, .T. ) ;
#7489 =( NAMED_UNIT ( * ) SI_UNIT ( $, .STERADIAN. ) SOLID_ANGLE_UNIT ( ) );
#7490 = UNCERTAINTY_MEASURE_WITH_UNIT (LENGTH_MEASURE( 1.000000000000000082E-05 ), #3175, 'distance_accuracy_value', 'NONE');
#7491 = UNCERTAINTY_MEASURE_WITH_UNIT (LENGTH_MEASURE( 1.000000000000000082E-05 ), #384, 'distance_accuracy_value', 'NONE');
#7492 = LINE ( 'NONE', #6411, #158 ) ;
#7493 = VECTOR ( 'NONE', #4157, 1000.000000000000000 ) ;
#7494 = VECTOR ( 'NONE', #7077, 1000.000000000000000 ) ;
#7495 = ORIENTED_EDGE ( 'NONE', *, *, #1528, .F. ) ;
#7496 = FACE_OUTER_BOUND ( 'NONE', #2222, .T. ) ;
#7497 = CARTESIAN_POINT ( 'NONE',  ( -0.3499999999999989231, -2.200000000000000178, -1.750000000000000222 ) ) ;
#7498 = PRESENTATION_LAYER_ASSIGNMENT (  '', '', ( #2827 ) ) ;
#7499 = CARTESIAN_POINT ( 'NONE',  ( 3.850000000000001421, 0.2000000000000000111, 0.0000000000000000000 ) ) ;
#7500 = CARTESIAN_POINT ( 'NONE',  ( 4.050000000000007816, -1.780000000000000693, -1.730000000000000870 ) ) ;
#7501 = COLOUR_RGB ( '',0.7529411764705882248, 0.7529411764705882248, 0.7529411764705882248 ) ;
#7502 = DIRECTION ( 'NONE',  ( -1.000000000000000000, 0.0000000000000000000, -0.0000000000000000000 ) ) ;
#7503 = CARTESIAN_POINT ( 'NONE',  ( -2.999999999999999556, 0.2000000000000000111, 1.700000000000000400 ) ) ;
#7504 = ORIENTED_EDGE ( 'NONE', *, *, #3622, .T. ) ;
#7505 = ADVANCED_FACE ( 'NONE', ( #3012 ), #4169, .F. ) ;
#7506 = APPLICATION_PROTOCOL_DEFINITION ( 'draft international standard', 'automotive_design', 1998, #3119 ) ;
#7507 = PRESENTATION_STYLE_ASSIGNMENT (( #3997 ) ) ;
#7508 = VERTEX_POINT ( 'NONE', #3627 ) ;
#7509 = ORIENTED_EDGE ( 'NONE', *, *, #6132, .T. ) ;
#7510 = VECTOR ( 'NONE', #4723, 1000.000000000000000 ) ;
#7511 = EDGE_CURVE ( 'NONE', #3068, #5577, #4212, .T. ) ;
#7512 = SURFACE_STYLE_USAGE ( .BOTH. , #2808 ) ;
#7513 = UNCERTAINTY_MEASURE_WITH_UNIT (LENGTH_MEASURE( 1.000000000000000082E-05 ), #5275, 'distance_accuracy_value', 'NONE');
#7514 = ORIENTED_EDGE ( 'NONE', *, *, #4032, .F. ) ;
#7515 = VERTEX_POINT ( 'NONE', #3045 ) ;
#7516 = CARTESIAN_POINT ( 'NONE',  ( 2.150000000000001243, -2.500000000000000000, -1.750000000000000222 ) ) ;
#7517 = DIRECTION ( 'NONE',  ( -1.000000000000000000, 3.410973126920686698E-15, 0.0000000000000000000 ) ) ;
#7518 = SURFACE_STYLE_USAGE ( .BOTH. , #461 ) ;
#7519 = DIRECTION ( 'NONE',  ( 1.000000000000000000, -0.0000000000000000000, -0.0000000000000000000 ) ) ;
#7520 = LINE ( 'NONE', #2239, #390 ) ;
#7521 =( LENGTH_UNIT ( ) NAMED_UNIT ( * ) SI_UNIT ( .MILLI., .METRE. ) );
#7522 = VERTEX_POINT ( 'NONE', #4045 ) ;
#7523 = EDGE_LOOP ( 'NONE', ( #5465, #4214, #5535, #2492 ) ) ;
#7524 = DIRECTION ( 'NONE',  ( 0.0000000000000000000, 1.000000000000000000, 0.0000000000000000000 ) ) ;
#7525 = FILL_AREA_STYLE_COLOUR ( '', #3765 ) ;
#7526 = LINE ( 'NONE', #6449, #6817 ) ;
#7527 = DIRECTION ( 'NONE',  ( 0.0000000000000000000, 0.0000000000000000000, -1.000000000000000000 ) ) ;
#7528 = ADVANCED_FACE ( 'NONE', ( #6393 ), #1116, .F. ) ;
#7529 = FACE_OUTER_BOUND ( 'NONE', #4670, .T. ) ;
#7530 = EDGE_CURVE ( 'NONE', #1022, #507, #811, .T. ) ;
#7531 = VECTOR ( 'NONE', #4076, 1000.000000000000000 ) ;
#7532 =( LENGTH_UNIT ( ) NAMED_UNIT ( * ) SI_UNIT ( .MILLI., .METRE. ) );
#7533 = ORIENTED_EDGE ( 'NONE', *, *, #7105, .T. ) ;
#7534 =( NAMED_UNIT ( * ) PLANE_ANGLE_UNIT ( ) SI_UNIT ( $, .RADIAN. ) );
#7535 =( LENGTH_UNIT ( ) NAMED_UNIT ( * ) SI_UNIT ( .MILLI., .METRE. ) );
#7536 = STYLED_ITEM ( 'NONE', ( #5290 ), #7416 ) ;
#7537 = CARTESIAN_POINT ( 'NONE',  ( 4.250000000000000888, -3.299999999999999822, 0.8249999999999991784 ) ) ;
#7538 = PLANE ( 'NONE',  #1352 ) ;
#7539 = DIRECTION ( 'NONE',  ( -1.000000000000000000, 0.0000000000000000000, 0.0000000000000000000 ) ) ;
#7540 = VERTEX_POINT ( 'NONE', #1915 ) ;
#7541 = DIRECTION ( 'NONE',  ( 0.0000000000000000000, 0.0000000000000000000, -1.000000000000000000 ) ) ;
#7542 =( GEOMETRIC_REPRESENTATION_CONTEXT ( 3 ) GLOBAL_UNCERTAINTY_ASSIGNED_CONTEXT ( ( #473 ) ) GLOBAL_UNIT_ASSIGNED_CONTEXT ( ( #2471, #3742, #3665 ) ) REPRESENTATION_CONTEXT ( 'NONE', 'WORKASPACE' ) );
#7543 = CARTESIAN_POINT ( 'NONE',  ( 4.250000000000007105, -1.780000000000000027, 0.8499999999999989786 ) ) ;
#7544 = EDGE_LOOP ( 'NONE', ( #6170, #5355, #7153, #5125 ) ) ;
#7545 = VERTEX_POINT ( 'NONE', #884 ) ;
#7546 = CARTESIAN_POINT ( 'NONE',  ( -2.299999999999999822, 0.2000000000000000111, -1.199999999999999956 ) ) ;
#7547 = MANIFOLD_SOLID_BREP ( 'Body-Move/Copy1[1]', #6058 ) ;
#7548 = DIRECTION ( 'NONE',  ( 0.0000000000000000000, 1.000000000000000000, 0.0000000000000000000 ) ) ;
#7549 = CARTESIAN_POINT ( 'NONE',  ( -1.449999999999999289, 2.000000000000000000, 1.000000000000000000 ) ) ;
#7550 = DIRECTION ( 'NONE',  ( 0.0000000000000000000, 1.000000000000000000, 6.123233995736766036E-17 ) ) ;
#7551 = ORIENTED_EDGE ( 'NONE', *, *, #3505, .T. ) ;
#7552 = ORIENTED_EDGE ( 'NONE', *, *, #4599, .F. ) ;
#7553 = UNCERTAINTY_MEASURE_WITH_UNIT (LENGTH_MEASURE( 1.000000000000000082E-05 ), #4188, 'distance_accuracy_value', 'NONE');
#7554 = AXIS2_PLACEMENT_3D ( 'NONE', #1858, #1779, #5955 ) ;
#7555 = DIRECTION ( 'NONE',  ( 0.0000000000000000000, 0.0000000000000000000, 1.000000000000000000 ) ) ;
#7556 = CARTESIAN_POINT ( 'NONE',  ( 0.0000000000000000000, 0.2000000000000000111, 0.9499999999999995115 ) ) ;
#7557 = DIRECTION ( 'NONE',  ( -1.000000000000000000, 3.410973126920687092E-15, 0.0000000000000000000 ) ) ;
#7558 = SURFACE_SIDE_STYLE ('',( #3337 ) ) ;
#7559 = EDGE_CURVE ( 'NONE', #5221, #5422, #1348, .T. ) ;
#7560 = EDGE_CURVE ( 'NONE', #5694, #2384, #1414, .T. ) ;
#7561 = EDGE_CURVE ( 'NONE', #5539, #3204, #2546, .T. ) ;
#7562 = LINE ( 'NONE', #3339, #1981 ) ;
#7563 = EDGE_CURVE ( 'NONE', #7458, #2024, #3084, .T. ) ;
#7564 = DIRECTION ( 'NONE',  ( -0.0000000000000000000, -0.0000000000000000000, -1.000000000000000000 ) ) ;
#7565 = ORIENTED_EDGE ( 'NONE', *, *, #1701, .F. ) ;
#7566 = EDGE_LOOP ( 'NONE', ( #1815, #1105, #5117, #7065, #5923, #810, #3166, #6482 ) ) ;
#7567 = CARTESIAN_POINT ( 'NONE',  ( -4.250000000000007105, -1.779999999999971161, -1.730000000000000870 ) ) ;
#7568 = CARTESIAN_POINT ( 'NONE',  ( 4.050000000000001599, -1.800000000000000044, -1.750000000000000888 ) ) ;
#7569 = CARTESIAN_POINT ( 'NONE',  ( 3.850000000000001421, 0.0000000000000000000, -0.8500000000000013101 ) ) ;
#7570 = CARTESIAN_POINT ( 'NONE',  ( -0.2125000000000002998, 1.887500000000000178, 1.000000000000000000 ) ) ;
#7571 = VECTOR ( 'NONE', #6658, 1000.000000000000000 ) ;
#7572 = PRESENTATION_STYLE_ASSIGNMENT (( #4154 ) ) ;
#7573 = ORIENTED_EDGE ( 'NONE', *, *, #3622, .F. ) ;
#7574 = DIRECTION ( 'NONE',  ( -0.0000000000000000000, -1.000000000000000000, -0.0000000000000000000 ) ) ;
#7575 = FILL_AREA_STYLE_COLOUR ( '', #7345 ) ;
#7576 = EDGE_CURVE ( 'NONE', #3194, #3884, #2120, .T. ) ;
#7577 =( GEOMETRIC_REPRESENTATION_CONTEXT ( 3 ) GLOBAL_UNCERTAINTY_ASSIGNED_CONTEXT ( ( #2321 ) ) GLOBAL_UNIT_ASSIGNED_CONTEXT ( ( #5374, #61, #4257 ) ) REPRESENTATION_CONTEXT ( 'NONE', 'WORKASPACE' ) );
#7578 = MECHANICAL_DESIGN_GEOMETRIC_PRESENTATION_REPRESENTATION (  '', ( #75 ), #931 ) ;
#7579 = CARTESIAN_POINT ( 'NONE',  ( 2.150000000000001243, -2.500000000000000000, -2.250000000000000888 ) ) ;
#7580 = DIRECTION ( 'NONE',  ( -1.000000000000000000, -0.0000000000000000000, -0.0000000000000000000 ) ) ;
#7581 = CARTESIAN_POINT ( 'NONE',  ( -0.09999999999999992228, 1.999999999999999556, 1.000000000000000000 ) ) ;
#7582 = EDGE_LOOP ( 'NONE', ( #4300, #2124, #2509, #1726 ) ) ;
#7583 = DIRECTION ( 'NONE',  ( 0.0000000000000000000, -0.0000000000000000000, 1.000000000000000000 ) ) ;
#7584 = VECTOR ( 'NONE', #1848, 1000.000000000000000 ) ;
#7585 = DIRECTION ( 'NONE',  ( -0.0000000000000000000, -0.0000000000000000000, 1.000000000000000000 ) ) ;
#7586 = ORIENTED_EDGE ( 'NONE', *, *, #7291, .T. ) ;
#7587 = VERTEX_POINT ( 'NONE', #1989 ) ;
#7588 = CARTESIAN_POINT ( 'NONE',  ( 4.050000000000001599, -0.8000000000000000444, 0.8999999999999993561 ) ) ;
#7589 = FACE_OUTER_BOUND ( 'NONE', #6860, .T. ) ;
#7590 = DIRECTION ( 'NONE',  ( 0.0000000000000000000, -1.000000000000000000, 0.0000000000000000000 ) ) ;
#7591 = EDGE_LOOP ( 'NONE', ( #6484, #3926, #6111, #48, #3492, #872, #1851, #4325 ) ) ;
#7592 =( NAMED_UNIT ( * ) SI_UNIT ( $, .STERADIAN. ) SOLID_ANGLE_UNIT ( ) );
#7593 = UNCERTAINTY_MEASURE_WITH_UNIT (LENGTH_MEASURE( 1.000000000000000082E-05 ), #3034, 'distance_accuracy_value', 'NONE');
#7594 = ORIENTED_EDGE ( 'NONE', *, *, #7315, .F. ) ;
#7595 = ORIENTED_EDGE ( 'NONE', *, *, #6945, .F. ) ;
#7596 = LINE ( 'NONE', #1847, #244 ) ;
#7597 = CARTESIAN_POINT ( 'NONE',  ( -4.250000000000006217, -3.299999999999999822, -0.8250000000000008438 ) ) ;
#7598 = PRESENTATION_LAYER_ASSIGNMENT (  '', '', ( #6868 ) ) ;
#7599 = PLANE ( 'NONE',  #1592 ) ;
#7600 = ADVANCED_FACE ( 'NONE', ( #3125 ), #1387, .F. ) ;
#7601 = AXIS2_PLACEMENT_3D ( 'NONE', #5792, #2828, #7602 ) ;
#7602 = DIRECTION ( 'NONE',  ( 3.410973126920686698E-15, -1.000000000000000000, 0.0000000000000000000 ) ) ;
#7603 = ORIENTED_EDGE ( 'NONE', *, *, #6573, .F. ) ;
#7604 = ORIENTED_EDGE ( 'NONE', *, *, #3936, .T. ) ;
#7605 = CARTESIAN_POINT ( 'NONE',  ( 4.250000000000007105, -1.780000000000000027, 1.729999999999998872 ) ) ;
#7606 = FACE_OUTER_BOUND ( 'NONE', #4288, .T. ) ;
#7607 = PRESENTATION_LAYER_ASSIGNMENT (  '', '', ( #3312 ) ) ;
#7608 = LINE ( 'NONE', #1665, #1384 ) ;
#7609 = SURFACE_STYLE_USAGE ( .BOTH. , #4024 ) ;
#7610 = MECHANICAL_DESIGN_GEOMETRIC_PRESENTATION_REPRESENTATION (  '', ( #4177 ), #3913 ) ;
#7611 = UNCERTAINTY_MEASURE_WITH_UNIT (LENGTH_MEASURE( 1.000000000000000082E-05 ), #959, 'distance_accuracy_value', 'NONE');
#7612 = MECHANICAL_DESIGN_GEOMETRIC_PRESENTATION_REPRESENTATION (  '', ( #1219 ), #6245 ) ;
#7613 = AXIS2_PLACEMENT_3D ( 'NONE', #5692, #991, #6846 ) ;
#7614 = MANIFOLD_SOLID_BREP ( 'Body-Move/Copy1[2]', #2102 ) ;
#7615 = SURFACE_SIDE_STYLE ('',( #3458 ) ) ;
#7616 = VERTEX_POINT ( 'NONE', #5611 ) ;
#7618 = VECTOR ( 'NONE', #1549, 1000.000000000000000 ) ;
#7617 = LINE ( 'NONE', #3386, #6841 ) ;
#7619 = DIRECTION ( 'NONE',  ( -0.0000000000000000000, 1.000000000000000000, -0.0000000000000000000 ) ) ;
#7620 = LINE ( 'NONE', #5769, #4588 ) ;
#7621 = STYLED_ITEM ( 'NONE', ( #4225 ), #3575 ) ;
#7622 = VERTEX_POINT ( 'NONE', #3279 ) ;
ENDSEC;
END-ISO-10303-21;
