ISO-10303-21;
HEADER;
/* Generated by software containing ST-Developer
 * from STEP Tools, Inc. (www.steptools.com) 
 */
/* OPTION: using custom renumber hook */

FILE_DESCRIPTION(
/* description */ ('STEP AP214'),
/* implementation_level */ '2;1');

FILE_NAME(
/* name */ 'SS12SDH4',
/* time_stamp */ '2024-09-25T09:15:14+02:00',
/* author */ ('License CC BY-ND 4.0'),
/* organization */ ('CADENAS'),
/* preprocessor_version */ 'ST-DEVELOPER v19.3',
/* originating_system */ 'PARTsolutions',
/* authorisation */ '  ');

FILE_SCHEMA (('AUTOMOTIVE_DESIGN {1 0 10303 214 3 1 1}'));
ENDSEC;

DATA;
#10=PROPERTY_DEFINITION_REPRESENTATION(#14,#12);
#11=PROPERTY_DEFINITION_REPRESENTATION(#15,#13);
#12=REPRESENTATION('',(#16),#3930);
#13=REPRESENTATION('',(#17),#3930);
#14=PROPERTY_DEFINITION('pmi validation property','',#3946);
#15=PROPERTY_DEFINITION('pmi validation property','',#3946);
#16=VALUE_REPRESENTATION_ITEM('number of annotations',COUNT_MEASURE(0.));
#17=VALUE_REPRESENTATION_ITEM('number of views',COUNT_MEASURE(0.));
#18=DRAUGHTING_PRE_DEFINED_COLOUR('black');
#19=CONTEXT_DEPENDENT_SHAPE_REPRESENTATION(#27,#3948);
#20=CONTEXT_DEPENDENT_SHAPE_REPRESENTATION(#28,#3950);
#21=CONTEXT_DEPENDENT_SHAPE_REPRESENTATION(#29,#3952);
#22=CONTEXT_DEPENDENT_SHAPE_REPRESENTATION(#30,#3954);
#23=NEXT_ASSEMBLY_USAGE_OCCURRENCE('NAUO1','SS12SDH4body2',
'SS12SDH4body2',#3955,#3956,'');
#24=NEXT_ASSEMBLY_USAGE_OCCURRENCE('NAUO2','SS12SDH4trmd',
'SS12SDH4trmd',#3955,#3957,'');
#25=NEXT_ASSEMBLY_USAGE_OCCURRENCE('NAUO3','SS12SDH4side',
'SS12SDH4side',#3955,#3958,'');
#26=NEXT_ASSEMBLY_USAGE_OCCURRENCE('NAUO4','SS12SDH4actus',
'SS12SDH4actus',#3955,#3959,'');
#27=(
REPRESENTATION_RELATIONSHIP(' ',' ',#2449,#2448)
REPRESENTATION_RELATIONSHIP_WITH_TRANSFORMATION(#31)
SHAPE_REPRESENTATION_RELATIONSHIP()
);
#28=(
REPRESENTATION_RELATIONSHIP(' ',' ',#2450,#2448)
REPRESENTATION_RELATIONSHIP_WITH_TRANSFORMATION(#32)
SHAPE_REPRESENTATION_RELATIONSHIP()
);
#29=(
REPRESENTATION_RELATIONSHIP(' ',' ',#2451,#2448)
REPRESENTATION_RELATIONSHIP_WITH_TRANSFORMATION(#33)
SHAPE_REPRESENTATION_RELATIONSHIP()
);
#30=(
REPRESENTATION_RELATIONSHIP(' ',' ',#2452,#2448)
REPRESENTATION_RELATIONSHIP_WITH_TRANSFORMATION(#34)
SHAPE_REPRESENTATION_RELATIONSHIP()
);
#31=ITEM_DEFINED_TRANSFORMATION(' ',' ',#2453,#2531);
#32=ITEM_DEFINED_TRANSFORMATION(' ',' ',#2453,#2571);
#33=ITEM_DEFINED_TRANSFORMATION(' ',' ',#2453,#2606);
#34=ITEM_DEFINED_TRANSFORMATION(' ',' ',#2453,#2619);
#35=SHAPE_REPRESENTATION_RELATIONSHIP('','',#2449,#39);
#36=SHAPE_REPRESENTATION_RELATIONSHIP('','',#2450,#40);
#37=SHAPE_REPRESENTATION_RELATIONSHIP('','',#2451,#41);
#38=SHAPE_REPRESENTATION_RELATIONSHIP('','',#2452,#42);
#39=ADVANCED_BREP_SHAPE_REPRESENTATION('',(#2439),#3931);
#40=ADVANCED_BREP_SHAPE_REPRESENTATION('',(#2440),#3932);
#41=ADVANCED_BREP_SHAPE_REPRESENTATION('',(#2441),#3933);
#42=ADVANCED_BREP_SHAPE_REPRESENTATION('',(#2442),#3934);
#43=CYLINDRICAL_SURFACE('',#2481,0.01);
#44=CYLINDRICAL_SURFACE('',#2483,0.01);
#45=CYLINDRICAL_SURFACE('',#2486,0.01);
#46=CYLINDRICAL_SURFACE('',#2488,0.01);
#47=CYLINDRICAL_SURFACE('',#2492,0.01);
#48=CYLINDRICAL_SURFACE('',#2495,0.01);
#49=CYLINDRICAL_SURFACE('',#2498,0.01);
#50=CYLINDRICAL_SURFACE('',#2501,0.01);
#51=CYLINDRICAL_SURFACE('',#2509,0.01);
#52=CYLINDRICAL_SURFACE('',#2516,0.00999999999999999);
#53=CYLINDRICAL_SURFACE('',#2520,0.01);
#54=CYLINDRICAL_SURFACE('',#2527,0.00999999999999999);
#55=CYLINDRICAL_SURFACE('',#2551,0.012);
#56=CYLINDRICAL_SURFACE('',#2558,0.012);
#57=CYLINDRICAL_SURFACE('',#2565,0.0119999999999999);
#58=CIRCLE('',#2456,0.01);
#59=CIRCLE('',#2457,0.01);
#60=CIRCLE('',#2458,0.01);
#61=CIRCLE('',#2459,0.01);
#62=CIRCLE('',#2460,0.01);
#63=CIRCLE('',#2461,0.01);
#64=CIRCLE('',#2462,0.01);
#65=CIRCLE('',#2463,0.01);
#66=CIRCLE('',#2465,0.01);
#67=CIRCLE('',#2467,0.01);
#68=CIRCLE('',#2469,0.01);
#69=CIRCLE('',#2471,0.01);
#70=CIRCLE('',#2472,0.00999999999999999);
#71=CIRCLE('',#2475,0.00999999999999999);
#72=CIRCLE('',#2476,0.01);
#73=CIRCLE('',#2479,0.01);
#74=CIRCLE('',#2482,0.01);
#75=CIRCLE('',#2484,0.01);
#76=CIRCLE('',#2487,0.01);
#77=CIRCLE('',#2489,0.01);
#78=CIRCLE('',#2493,0.01);
#79=CIRCLE('',#2496,0.01);
#80=CIRCLE('',#2499,0.01);
#81=CIRCLE('',#2502,0.01);
#82=CIRCLE('',#2510,0.01);
#83=CIRCLE('',#2517,0.00999999999999999);
#84=CIRCLE('',#2521,0.01);
#85=CIRCLE('',#2528,0.00999999999999999);
#86=CIRCLE('',#2552,0.012);
#87=CIRCLE('',#2553,0.012);
#88=CIRCLE('',#2559,0.012);
#89=CIRCLE('',#2560,0.012);
#90=CIRCLE('',#2566,0.0119999999999999);
#91=CIRCLE('',#2567,0.0119999999999999);
#92=ORIENTED_EDGE('',*,*,#754,.F.);
#93=ORIENTED_EDGE('',*,*,#755,.T.);
#94=ORIENTED_EDGE('',*,*,#756,.T.);
#95=ORIENTED_EDGE('',*,*,#757,.T.);
#96=ORIENTED_EDGE('',*,*,#758,.T.);
#97=ORIENTED_EDGE('',*,*,#759,.F.);
#98=ORIENTED_EDGE('',*,*,#760,.T.);
#99=ORIENTED_EDGE('',*,*,#761,.T.);
#100=ORIENTED_EDGE('',*,*,#762,.T.);
#101=ORIENTED_EDGE('',*,*,#763,.F.);
#102=ORIENTED_EDGE('',*,*,#764,.T.);
#103=ORIENTED_EDGE('',*,*,#765,.T.);
#104=ORIENTED_EDGE('',*,*,#766,.T.);
#105=ORIENTED_EDGE('',*,*,#767,.T.);
#106=ORIENTED_EDGE('',*,*,#768,.T.);
#107=ORIENTED_EDGE('',*,*,#769,.F.);
#108=ORIENTED_EDGE('',*,*,#770,.F.);
#109=ORIENTED_EDGE('',*,*,#771,.T.);
#110=ORIENTED_EDGE('',*,*,#772,.T.);
#111=ORIENTED_EDGE('',*,*,#773,.F.);
#112=ORIENTED_EDGE('',*,*,#774,.F.);
#113=ORIENTED_EDGE('',*,*,#775,.T.);
#114=ORIENTED_EDGE('',*,*,#776,.T.);
#115=ORIENTED_EDGE('',*,*,#777,.T.);
#116=ORIENTED_EDGE('',*,*,#778,.F.);
#117=ORIENTED_EDGE('',*,*,#779,.T.);
#118=ORIENTED_EDGE('',*,*,#780,.T.);
#119=ORIENTED_EDGE('',*,*,#781,.T.);
#120=ORIENTED_EDGE('',*,*,#782,.F.);
#121=ORIENTED_EDGE('',*,*,#783,.T.);
#122=ORIENTED_EDGE('',*,*,#784,.T.);
#123=ORIENTED_EDGE('',*,*,#785,.T.);
#124=ORIENTED_EDGE('',*,*,#786,.F.);
#125=ORIENTED_EDGE('',*,*,#787,.T.);
#126=ORIENTED_EDGE('',*,*,#788,.T.);
#127=ORIENTED_EDGE('',*,*,#789,.T.);
#128=ORIENTED_EDGE('',*,*,#790,.T.);
#129=ORIENTED_EDGE('',*,*,#791,.T.);
#130=ORIENTED_EDGE('',*,*,#792,.T.);
#131=ORIENTED_EDGE('',*,*,#793,.T.);
#132=ORIENTED_EDGE('',*,*,#794,.F.);
#133=ORIENTED_EDGE('',*,*,#795,.T.);
#134=ORIENTED_EDGE('',*,*,#796,.F.);
#135=ORIENTED_EDGE('',*,*,#797,.F.);
#136=ORIENTED_EDGE('',*,*,#798,.T.);
#137=ORIENTED_EDGE('',*,*,#799,.F.);
#138=ORIENTED_EDGE('',*,*,#800,.F.);
#139=ORIENTED_EDGE('',*,*,#801,.T.);
#140=ORIENTED_EDGE('',*,*,#802,.F.);
#141=ORIENTED_EDGE('',*,*,#803,.F.);
#142=ORIENTED_EDGE('',*,*,#772,.F.);
#143=ORIENTED_EDGE('',*,*,#804,.F.);
#144=ORIENTED_EDGE('',*,*,#805,.F.);
#145=ORIENTED_EDGE('',*,*,#806,.T.);
#146=ORIENTED_EDGE('',*,*,#782,.T.);
#147=ORIENTED_EDGE('',*,*,#797,.T.);
#148=ORIENTED_EDGE('',*,*,#807,.F.);
#149=ORIENTED_EDGE('',*,*,#756,.F.);
#150=ORIENTED_EDGE('',*,*,#808,.F.);
#151=ORIENTED_EDGE('',*,*,#809,.F.);
#152=ORIENTED_EDGE('',*,*,#810,.F.);
#153=ORIENTED_EDGE('',*,*,#811,.F.);
#154=ORIENTED_EDGE('',*,*,#812,.F.);
#155=ORIENTED_EDGE('',*,*,#768,.F.);
#156=ORIENTED_EDGE('',*,*,#813,.T.);
#157=ORIENTED_EDGE('',*,*,#799,.T.);
#158=ORIENTED_EDGE('',*,*,#814,.F.);
#159=ORIENTED_EDGE('',*,*,#815,.T.);
#160=ORIENTED_EDGE('',*,*,#816,.T.);
#161=ORIENTED_EDGE('',*,*,#778,.T.);
#162=ORIENTED_EDGE('',*,*,#817,.F.);
#163=ORIENTED_EDGE('',*,*,#818,.T.);
#164=ORIENTED_EDGE('',*,*,#819,.T.);
#165=ORIENTED_EDGE('',*,*,#794,.T.);
#166=ORIENTED_EDGE('',*,*,#820,.F.);
#167=ORIENTED_EDGE('',*,*,#757,.F.);
#168=ORIENTED_EDGE('',*,*,#807,.T.);
#169=ORIENTED_EDGE('',*,*,#762,.F.);
#170=ORIENTED_EDGE('',*,*,#821,.T.);
#171=ORIENTED_EDGE('',*,*,#822,.T.);
#172=ORIENTED_EDGE('',*,*,#823,.T.);
#173=ORIENTED_EDGE('',*,*,#796,.T.);
#174=ORIENTED_EDGE('',*,*,#774,.T.);
#175=ORIENTED_EDGE('',*,*,#800,.T.);
#176=ORIENTED_EDGE('',*,*,#824,.F.);
#177=ORIENTED_EDGE('',*,*,#766,.F.);
#178=ORIENTED_EDGE('',*,*,#825,.T.);
#179=ORIENTED_EDGE('',*,*,#826,.T.);
#180=ORIENTED_EDGE('',*,*,#827,.T.);
#181=ORIENTED_EDGE('',*,*,#828,.T.);
#182=ORIENTED_EDGE('',*,*,#829,.T.);
#183=ORIENTED_EDGE('',*,*,#758,.F.);
#184=ORIENTED_EDGE('',*,*,#820,.T.);
#185=ORIENTED_EDGE('',*,*,#802,.T.);
#186=ORIENTED_EDGE('',*,*,#830,.F.);
#187=ORIENTED_EDGE('',*,*,#831,.T.);
#188=ORIENTED_EDGE('',*,*,#832,.T.);
#189=ORIENTED_EDGE('',*,*,#786,.T.);
#190=ORIENTED_EDGE('',*,*,#833,.F.);
#191=ORIENTED_EDGE('',*,*,#834,.T.);
#192=ORIENTED_EDGE('',*,*,#835,.T.);
#193=ORIENTED_EDGE('',*,*,#836,.T.);
#194=ORIENTED_EDGE('',*,*,#813,.F.);
#195=ORIENTED_EDGE('',*,*,#767,.F.);
#196=ORIENTED_EDGE('',*,*,#824,.T.);
#197=ORIENTED_EDGE('',*,*,#836,.F.);
#198=ORIENTED_EDGE('',*,*,#837,.T.);
#199=ORIENTED_EDGE('',*,*,#806,.F.);
#200=ORIENTED_EDGE('',*,*,#784,.F.);
#201=ORIENTED_EDGE('',*,*,#838,.F.);
#202=ORIENTED_EDGE('',*,*,#839,.T.);
#203=ORIENTED_EDGE('',*,*,#840,.T.);
#204=ORIENTED_EDGE('',*,*,#785,.F.);
#205=ORIENTED_EDGE('',*,*,#840,.F.);
#206=ORIENTED_EDGE('',*,*,#841,.T.);
#207=ORIENTED_EDGE('',*,*,#833,.T.);
#208=ORIENTED_EDGE('',*,*,#837,.F.);
#209=ORIENTED_EDGE('',*,*,#835,.F.);
#210=ORIENTED_EDGE('',*,*,#842,.T.);
#211=ORIENTED_EDGE('',*,*,#838,.T.);
#212=ORIENTED_EDGE('',*,*,#783,.F.);
#213=ORIENTED_EDGE('',*,*,#839,.F.);
#214=ORIENTED_EDGE('',*,*,#842,.F.);
#215=ORIENTED_EDGE('',*,*,#834,.F.);
#216=ORIENTED_EDGE('',*,*,#841,.F.);
#217=ORIENTED_EDGE('',*,*,#781,.F.);
#218=ORIENTED_EDGE('',*,*,#843,.F.);
#219=ORIENTED_EDGE('',*,*,#844,.T.);
#220=ORIENTED_EDGE('',*,*,#814,.T.);
#221=ORIENTED_EDGE('',*,*,#798,.F.);
#222=ORIENTED_EDGE('',*,*,#779,.F.);
#223=ORIENTED_EDGE('',*,*,#816,.F.);
#224=ORIENTED_EDGE('',*,*,#845,.T.);
#225=ORIENTED_EDGE('',*,*,#846,.T.);
#226=ORIENTED_EDGE('',*,*,#780,.F.);
#227=ORIENTED_EDGE('',*,*,#846,.F.);
#228=ORIENTED_EDGE('',*,*,#847,.T.);
#229=ORIENTED_EDGE('',*,*,#843,.T.);
#230=ORIENTED_EDGE('',*,*,#844,.F.);
#231=ORIENTED_EDGE('',*,*,#847,.F.);
#232=ORIENTED_EDGE('',*,*,#845,.F.);
#233=ORIENTED_EDGE('',*,*,#815,.F.);
#234=ORIENTED_EDGE('',*,*,#787,.F.);
#235=ORIENTED_EDGE('',*,*,#832,.F.);
#236=ORIENTED_EDGE('',*,*,#848,.T.);
#237=ORIENTED_EDGE('',*,*,#849,.T.);
#238=ORIENTED_EDGE('',*,*,#788,.F.);
#239=ORIENTED_EDGE('',*,*,#849,.F.);
#240=ORIENTED_EDGE('',*,*,#850,.T.);
#241=ORIENTED_EDGE('',*,*,#851,.T.);
#242=ORIENTED_EDGE('',*,*,#789,.F.);
#243=ORIENTED_EDGE('',*,*,#851,.F.);
#244=ORIENTED_EDGE('',*,*,#852,.T.);
#245=ORIENTED_EDGE('',*,*,#830,.T.);
#246=ORIENTED_EDGE('',*,*,#801,.F.);
#247=ORIENTED_EDGE('',*,*,#848,.F.);
#248=ORIENTED_EDGE('',*,*,#831,.F.);
#249=ORIENTED_EDGE('',*,*,#852,.F.);
#250=ORIENTED_EDGE('',*,*,#850,.F.);
#251=ORIENTED_EDGE('',*,*,#795,.F.);
#252=ORIENTED_EDGE('',*,*,#819,.F.);
#253=ORIENTED_EDGE('',*,*,#853,.T.);
#254=ORIENTED_EDGE('',*,*,#854,.T.);
#255=ORIENTED_EDGE('',*,*,#775,.F.);
#256=ORIENTED_EDGE('',*,*,#776,.F.);
#257=ORIENTED_EDGE('',*,*,#854,.F.);
#258=ORIENTED_EDGE('',*,*,#855,.T.);
#259=ORIENTED_EDGE('',*,*,#856,.T.);
#260=ORIENTED_EDGE('',*,*,#777,.F.);
#261=ORIENTED_EDGE('',*,*,#856,.F.);
#262=ORIENTED_EDGE('',*,*,#857,.T.);
#263=ORIENTED_EDGE('',*,*,#817,.T.);
#264=ORIENTED_EDGE('',*,*,#818,.F.);
#265=ORIENTED_EDGE('',*,*,#857,.F.);
#266=ORIENTED_EDGE('',*,*,#855,.F.);
#267=ORIENTED_EDGE('',*,*,#853,.F.);
#268=ORIENTED_EDGE('',*,*,#790,.F.);
#269=ORIENTED_EDGE('',*,*,#858,.F.);
#270=ORIENTED_EDGE('',*,*,#859,.T.);
#271=ORIENTED_EDGE('',*,*,#860,.T.);
#272=ORIENTED_EDGE('',*,*,#791,.F.);
#273=ORIENTED_EDGE('',*,*,#860,.F.);
#274=ORIENTED_EDGE('',*,*,#861,.T.);
#275=ORIENTED_EDGE('',*,*,#862,.T.);
#276=ORIENTED_EDGE('',*,*,#792,.F.);
#277=ORIENTED_EDGE('',*,*,#862,.F.);
#278=ORIENTED_EDGE('',*,*,#863,.T.);
#279=ORIENTED_EDGE('',*,*,#864,.T.);
#280=ORIENTED_EDGE('',*,*,#793,.F.);
#281=ORIENTED_EDGE('',*,*,#864,.F.);
#282=ORIENTED_EDGE('',*,*,#865,.T.);
#283=ORIENTED_EDGE('',*,*,#858,.T.);
#284=ORIENTED_EDGE('',*,*,#859,.F.);
#285=ORIENTED_EDGE('',*,*,#865,.F.);
#286=ORIENTED_EDGE('',*,*,#863,.F.);
#287=ORIENTED_EDGE('',*,*,#861,.F.);
#288=ORIENTED_EDGE('',*,*,#828,.F.);
#289=ORIENTED_EDGE('',*,*,#866,.F.);
#290=ORIENTED_EDGE('',*,*,#867,.T.);
#291=ORIENTED_EDGE('',*,*,#868,.T.);
#292=ORIENTED_EDGE('',*,*,#829,.F.);
#293=ORIENTED_EDGE('',*,*,#868,.F.);
#294=ORIENTED_EDGE('',*,*,#869,.T.);
#295=ORIENTED_EDGE('',*,*,#759,.T.);
#296=ORIENTED_EDGE('',*,*,#821,.F.);
#297=ORIENTED_EDGE('',*,*,#761,.F.);
#298=ORIENTED_EDGE('',*,*,#870,.T.);
#299=ORIENTED_EDGE('',*,*,#871,.T.);
#300=ORIENTED_EDGE('',*,*,#822,.F.);
#301=ORIENTED_EDGE('',*,*,#871,.F.);
#302=ORIENTED_EDGE('',*,*,#872,.T.);
#303=ORIENTED_EDGE('',*,*,#873,.T.);
#304=ORIENTED_EDGE('',*,*,#823,.F.);
#305=ORIENTED_EDGE('',*,*,#873,.F.);
#306=ORIENTED_EDGE('',*,*,#874,.T.);
#307=ORIENTED_EDGE('',*,*,#763,.T.);
#308=ORIENTED_EDGE('',*,*,#825,.F.);
#309=ORIENTED_EDGE('',*,*,#765,.F.);
#310=ORIENTED_EDGE('',*,*,#875,.T.);
#311=ORIENTED_EDGE('',*,*,#876,.T.);
#312=ORIENTED_EDGE('',*,*,#826,.F.);
#313=ORIENTED_EDGE('',*,*,#876,.F.);
#314=ORIENTED_EDGE('',*,*,#877,.T.);
#315=ORIENTED_EDGE('',*,*,#878,.T.);
#316=ORIENTED_EDGE('',*,*,#827,.F.);
#317=ORIENTED_EDGE('',*,*,#878,.F.);
#318=ORIENTED_EDGE('',*,*,#879,.T.);
#319=ORIENTED_EDGE('',*,*,#866,.T.);
#320=ORIENTED_EDGE('',*,*,#867,.F.);
#321=ORIENTED_EDGE('',*,*,#879,.F.);
#322=ORIENTED_EDGE('',*,*,#877,.F.);
#323=ORIENTED_EDGE('',*,*,#875,.F.);
#324=ORIENTED_EDGE('',*,*,#764,.F.);
#325=ORIENTED_EDGE('',*,*,#874,.F.);
#326=ORIENTED_EDGE('',*,*,#872,.F.);
#327=ORIENTED_EDGE('',*,*,#870,.F.);
#328=ORIENTED_EDGE('',*,*,#760,.F.);
#329=ORIENTED_EDGE('',*,*,#869,.F.);
#330=ORIENTED_EDGE('',*,*,#809,.T.);
#331=ORIENTED_EDGE('',*,*,#880,.F.);
#332=ORIENTED_EDGE('',*,*,#881,.F.);
#333=ORIENTED_EDGE('',*,*,#882,.T.);
#334=ORIENTED_EDGE('',*,*,#808,.T.);
#335=ORIENTED_EDGE('',*,*,#755,.F.);
#336=ORIENTED_EDGE('',*,*,#883,.F.);
#337=ORIENTED_EDGE('',*,*,#880,.T.);
#338=ORIENTED_EDGE('',*,*,#803,.T.);
#339=ORIENTED_EDGE('',*,*,#884,.F.);
#340=ORIENTED_EDGE('',*,*,#885,.F.);
#341=ORIENTED_EDGE('',*,*,#773,.T.);
#342=ORIENTED_EDGE('',*,*,#805,.T.);
#343=ORIENTED_EDGE('',*,*,#886,.F.);
#344=ORIENTED_EDGE('',*,*,#887,.F.);
#345=ORIENTED_EDGE('',*,*,#884,.T.);
#346=ORIENTED_EDGE('',*,*,#804,.T.);
#347=ORIENTED_EDGE('',*,*,#771,.F.);
#348=ORIENTED_EDGE('',*,*,#888,.F.);
#349=ORIENTED_EDGE('',*,*,#886,.T.);
#350=ORIENTED_EDGE('',*,*,#812,.T.);
#351=ORIENTED_EDGE('',*,*,#889,.F.);
#352=ORIENTED_EDGE('',*,*,#890,.F.);
#353=ORIENTED_EDGE('',*,*,#769,.T.);
#354=ORIENTED_EDGE('',*,*,#811,.T.);
#355=ORIENTED_EDGE('',*,*,#891,.F.);
#356=ORIENTED_EDGE('',*,*,#892,.F.);
#357=ORIENTED_EDGE('',*,*,#889,.T.);
#358=ORIENTED_EDGE('',*,*,#810,.T.);
#359=ORIENTED_EDGE('',*,*,#882,.F.);
#360=ORIENTED_EDGE('',*,*,#893,.F.);
#361=ORIENTED_EDGE('',*,*,#891,.T.);
#362=ORIENTED_EDGE('',*,*,#881,.T.);
#363=ORIENTED_EDGE('',*,*,#883,.T.);
#364=ORIENTED_EDGE('',*,*,#754,.T.);
#365=ORIENTED_EDGE('',*,*,#885,.T.);
#366=ORIENTED_EDGE('',*,*,#887,.T.);
#367=ORIENTED_EDGE('',*,*,#888,.T.);
#368=ORIENTED_EDGE('',*,*,#770,.T.);
#369=ORIENTED_EDGE('',*,*,#890,.T.);
#370=ORIENTED_EDGE('',*,*,#892,.T.);
#371=ORIENTED_EDGE('',*,*,#893,.T.);
#372=ORIENTED_EDGE('',*,*,#894,.T.);
#373=ORIENTED_EDGE('',*,*,#895,.F.);
#374=ORIENTED_EDGE('',*,*,#896,.F.);
#375=ORIENTED_EDGE('',*,*,#897,.T.);
#376=ORIENTED_EDGE('',*,*,#898,.T.);
#377=ORIENTED_EDGE('',*,*,#899,.F.);
#378=ORIENTED_EDGE('',*,*,#900,.F.);
#379=ORIENTED_EDGE('',*,*,#895,.T.);
#380=ORIENTED_EDGE('',*,*,#901,.T.);
#381=ORIENTED_EDGE('',*,*,#902,.F.);
#382=ORIENTED_EDGE('',*,*,#903,.F.);
#383=ORIENTED_EDGE('',*,*,#899,.T.);
#384=ORIENTED_EDGE('',*,*,#904,.T.);
#385=ORIENTED_EDGE('',*,*,#897,.F.);
#386=ORIENTED_EDGE('',*,*,#905,.F.);
#387=ORIENTED_EDGE('',*,*,#902,.T.);
#388=ORIENTED_EDGE('',*,*,#896,.T.);
#389=ORIENTED_EDGE('',*,*,#900,.T.);
#390=ORIENTED_EDGE('',*,*,#903,.T.);
#391=ORIENTED_EDGE('',*,*,#905,.T.);
#392=ORIENTED_EDGE('',*,*,#906,.F.);
#393=ORIENTED_EDGE('',*,*,#907,.F.);
#394=ORIENTED_EDGE('',*,*,#908,.T.);
#395=ORIENTED_EDGE('',*,*,#909,.T.);
#396=ORIENTED_EDGE('',*,*,#910,.F.);
#397=ORIENTED_EDGE('',*,*,#911,.F.);
#398=ORIENTED_EDGE('',*,*,#912,.T.);
#399=ORIENTED_EDGE('',*,*,#913,.T.);
#400=ORIENTED_EDGE('',*,*,#914,.F.);
#401=ORIENTED_EDGE('',*,*,#915,.F.);
#402=ORIENTED_EDGE('',*,*,#916,.T.);
#403=ORIENTED_EDGE('',*,*,#917,.T.);
#404=ORIENTED_EDGE('',*,*,#894,.F.);
#405=ORIENTED_EDGE('',*,*,#904,.F.);
#406=ORIENTED_EDGE('',*,*,#901,.F.);
#407=ORIENTED_EDGE('',*,*,#898,.F.);
#408=ORIENTED_EDGE('',*,*,#918,.F.);
#409=ORIENTED_EDGE('',*,*,#919,.T.);
#410=ORIENTED_EDGE('',*,*,#910,.T.);
#411=ORIENTED_EDGE('',*,*,#920,.T.);
#412=ORIENTED_EDGE('',*,*,#912,.F.);
#413=ORIENTED_EDGE('',*,*,#921,.T.);
#414=ORIENTED_EDGE('',*,*,#922,.T.);
#415=ORIENTED_EDGE('',*,*,#923,.T.);
#416=ORIENTED_EDGE('',*,*,#924,.F.);
#417=ORIENTED_EDGE('',*,*,#925,.T.);
#418=ORIENTED_EDGE('',*,*,#906,.T.);
#419=ORIENTED_EDGE('',*,*,#926,.T.);
#420=ORIENTED_EDGE('',*,*,#908,.F.);
#421=ORIENTED_EDGE('',*,*,#927,.T.);
#422=ORIENTED_EDGE('',*,*,#928,.T.);
#423=ORIENTED_EDGE('',*,*,#929,.T.);
#424=ORIENTED_EDGE('',*,*,#930,.F.);
#425=ORIENTED_EDGE('',*,*,#931,.T.);
#426=ORIENTED_EDGE('',*,*,#914,.T.);
#427=ORIENTED_EDGE('',*,*,#932,.T.);
#428=ORIENTED_EDGE('',*,*,#916,.F.);
#429=ORIENTED_EDGE('',*,*,#933,.T.);
#430=ORIENTED_EDGE('',*,*,#934,.T.);
#431=ORIENTED_EDGE('',*,*,#935,.T.);
#432=ORIENTED_EDGE('',*,*,#917,.F.);
#433=ORIENTED_EDGE('',*,*,#935,.F.);
#434=ORIENTED_EDGE('',*,*,#936,.T.);
#435=ORIENTED_EDGE('',*,*,#932,.F.);
#436=ORIENTED_EDGE('',*,*,#909,.F.);
#437=ORIENTED_EDGE('',*,*,#929,.F.);
#438=ORIENTED_EDGE('',*,*,#937,.T.);
#439=ORIENTED_EDGE('',*,*,#926,.F.);
#440=ORIENTED_EDGE('',*,*,#913,.F.);
#441=ORIENTED_EDGE('',*,*,#923,.F.);
#442=ORIENTED_EDGE('',*,*,#938,.T.);
#443=ORIENTED_EDGE('',*,*,#920,.F.);
#444=ORIENTED_EDGE('',*,*,#939,.F.);
#445=ORIENTED_EDGE('',*,*,#933,.F.);
#446=ORIENTED_EDGE('',*,*,#915,.T.);
#447=ORIENTED_EDGE('',*,*,#931,.F.);
#448=ORIENTED_EDGE('',*,*,#940,.F.);
#449=ORIENTED_EDGE('',*,*,#927,.F.);
#450=ORIENTED_EDGE('',*,*,#907,.T.);
#451=ORIENTED_EDGE('',*,*,#925,.F.);
#452=ORIENTED_EDGE('',*,*,#941,.F.);
#453=ORIENTED_EDGE('',*,*,#921,.F.);
#454=ORIENTED_EDGE('',*,*,#911,.T.);
#455=ORIENTED_EDGE('',*,*,#919,.F.);
#456=ORIENTED_EDGE('',*,*,#942,.T.);
#457=ORIENTED_EDGE('',*,*,#943,.F.);
#458=ORIENTED_EDGE('',*,*,#944,.F.);
#459=ORIENTED_EDGE('',*,*,#918,.T.);
#460=ORIENTED_EDGE('',*,*,#945,.T.);
#461=ORIENTED_EDGE('',*,*,#946,.F.);
#462=ORIENTED_EDGE('',*,*,#947,.F.);
#463=ORIENTED_EDGE('',*,*,#943,.T.);
#464=ORIENTED_EDGE('',*,*,#948,.T.);
#465=ORIENTED_EDGE('',*,*,#922,.F.);
#466=ORIENTED_EDGE('',*,*,#949,.F.);
#467=ORIENTED_EDGE('',*,*,#946,.T.);
#468=ORIENTED_EDGE('',*,*,#944,.T.);
#469=ORIENTED_EDGE('',*,*,#947,.T.);
#470=ORIENTED_EDGE('',*,*,#949,.T.);
#471=ORIENTED_EDGE('',*,*,#941,.T.);
#472=ORIENTED_EDGE('',*,*,#942,.F.);
#473=ORIENTED_EDGE('',*,*,#938,.F.);
#474=ORIENTED_EDGE('',*,*,#948,.F.);
#475=ORIENTED_EDGE('',*,*,#945,.F.);
#476=ORIENTED_EDGE('',*,*,#950,.T.);
#477=ORIENTED_EDGE('',*,*,#951,.F.);
#478=ORIENTED_EDGE('',*,*,#952,.F.);
#479=ORIENTED_EDGE('',*,*,#924,.T.);
#480=ORIENTED_EDGE('',*,*,#953,.T.);
#481=ORIENTED_EDGE('',*,*,#954,.F.);
#482=ORIENTED_EDGE('',*,*,#955,.F.);
#483=ORIENTED_EDGE('',*,*,#951,.T.);
#484=ORIENTED_EDGE('',*,*,#956,.T.);
#485=ORIENTED_EDGE('',*,*,#928,.F.);
#486=ORIENTED_EDGE('',*,*,#957,.F.);
#487=ORIENTED_EDGE('',*,*,#954,.T.);
#488=ORIENTED_EDGE('',*,*,#952,.T.);
#489=ORIENTED_EDGE('',*,*,#955,.T.);
#490=ORIENTED_EDGE('',*,*,#957,.T.);
#491=ORIENTED_EDGE('',*,*,#940,.T.);
#492=ORIENTED_EDGE('',*,*,#950,.F.);
#493=ORIENTED_EDGE('',*,*,#937,.F.);
#494=ORIENTED_EDGE('',*,*,#956,.F.);
#495=ORIENTED_EDGE('',*,*,#953,.F.);
#496=ORIENTED_EDGE('',*,*,#958,.T.);
#497=ORIENTED_EDGE('',*,*,#959,.F.);
#498=ORIENTED_EDGE('',*,*,#960,.F.);
#499=ORIENTED_EDGE('',*,*,#930,.T.);
#500=ORIENTED_EDGE('',*,*,#961,.T.);
#501=ORIENTED_EDGE('',*,*,#962,.F.);
#502=ORIENTED_EDGE('',*,*,#963,.F.);
#503=ORIENTED_EDGE('',*,*,#959,.T.);
#504=ORIENTED_EDGE('',*,*,#964,.T.);
#505=ORIENTED_EDGE('',*,*,#934,.F.);
#506=ORIENTED_EDGE('',*,*,#965,.F.);
#507=ORIENTED_EDGE('',*,*,#962,.T.);
#508=ORIENTED_EDGE('',*,*,#960,.T.);
#509=ORIENTED_EDGE('',*,*,#963,.T.);
#510=ORIENTED_EDGE('',*,*,#965,.T.);
#511=ORIENTED_EDGE('',*,*,#939,.T.);
#512=ORIENTED_EDGE('',*,*,#958,.F.);
#513=ORIENTED_EDGE('',*,*,#936,.F.);
#514=ORIENTED_EDGE('',*,*,#964,.F.);
#515=ORIENTED_EDGE('',*,*,#961,.F.);
#516=ORIENTED_EDGE('',*,*,#966,.F.);
#517=ORIENTED_EDGE('',*,*,#967,.F.);
#518=ORIENTED_EDGE('',*,*,#968,.F.);
#519=ORIENTED_EDGE('',*,*,#969,.F.);
#520=ORIENTED_EDGE('',*,*,#970,.T.);
#521=ORIENTED_EDGE('',*,*,#971,.T.);
#522=ORIENTED_EDGE('',*,*,#972,.F.);
#523=ORIENTED_EDGE('',*,*,#973,.T.);
#524=ORIENTED_EDGE('',*,*,#974,.F.);
#525=ORIENTED_EDGE('',*,*,#975,.F.);
#526=ORIENTED_EDGE('',*,*,#976,.F.);
#527=ORIENTED_EDGE('',*,*,#977,.F.);
#528=ORIENTED_EDGE('',*,*,#978,.F.);
#529=ORIENTED_EDGE('',*,*,#979,.F.);
#530=ORIENTED_EDGE('',*,*,#980,.T.);
#531=ORIENTED_EDGE('',*,*,#981,.T.);
#532=ORIENTED_EDGE('',*,*,#982,.T.);
#533=ORIENTED_EDGE('',*,*,#983,.F.);
#534=ORIENTED_EDGE('',*,*,#970,.F.);
#535=ORIENTED_EDGE('',*,*,#984,.F.);
#536=ORIENTED_EDGE('',*,*,#985,.T.);
#537=ORIENTED_EDGE('',*,*,#986,.T.);
#538=ORIENTED_EDGE('',*,*,#987,.T.);
#539=ORIENTED_EDGE('',*,*,#988,.F.);
#540=ORIENTED_EDGE('',*,*,#989,.F.);
#541=ORIENTED_EDGE('',*,*,#990,.T.);
#542=ORIENTED_EDGE('',*,*,#991,.F.);
#543=ORIENTED_EDGE('',*,*,#992,.F.);
#544=ORIENTED_EDGE('',*,*,#993,.T.);
#545=ORIENTED_EDGE('',*,*,#968,.T.);
#546=ORIENTED_EDGE('',*,*,#994,.T.);
#547=ORIENTED_EDGE('',*,*,#972,.T.);
#548=ORIENTED_EDGE('',*,*,#995,.T.);
#549=ORIENTED_EDGE('',*,*,#996,.F.);
#550=ORIENTED_EDGE('',*,*,#997,.F.);
#551=ORIENTED_EDGE('',*,*,#998,.F.);
#552=ORIENTED_EDGE('',*,*,#999,.T.);
#553=ORIENTED_EDGE('',*,*,#1000,.T.);
#554=ORIENTED_EDGE('',*,*,#1001,.F.);
#555=ORIENTED_EDGE('',*,*,#1002,.T.);
#556=ORIENTED_EDGE('',*,*,#1003,.T.);
#557=ORIENTED_EDGE('',*,*,#1004,.F.);
#558=ORIENTED_EDGE('',*,*,#1005,.F.);
#559=ORIENTED_EDGE('',*,*,#1006,.F.);
#560=ORIENTED_EDGE('',*,*,#1007,.T.);
#561=ORIENTED_EDGE('',*,*,#998,.T.);
#562=ORIENTED_EDGE('',*,*,#1008,.F.);
#563=ORIENTED_EDGE('',*,*,#1009,.T.);
#564=ORIENTED_EDGE('',*,*,#980,.F.);
#565=ORIENTED_EDGE('',*,*,#1010,.F.);
#566=ORIENTED_EDGE('',*,*,#987,.F.);
#567=ORIENTED_EDGE('',*,*,#1011,.T.);
#568=ORIENTED_EDGE('',*,*,#1004,.T.);
#569=ORIENTED_EDGE('',*,*,#1012,.F.);
#570=ORIENTED_EDGE('',*,*,#982,.F.);
#571=ORIENTED_EDGE('',*,*,#1013,.F.);
#572=ORIENTED_EDGE('',*,*,#1014,.T.);
#573=ORIENTED_EDGE('',*,*,#996,.T.);
#574=ORIENTED_EDGE('',*,*,#1015,.T.);
#575=ORIENTED_EDGE('',*,*,#992,.T.);
#576=ORIENTED_EDGE('',*,*,#1016,.F.);
#577=ORIENTED_EDGE('',*,*,#985,.F.);
#578=ORIENTED_EDGE('',*,*,#1014,.F.);
#579=ORIENTED_EDGE('',*,*,#1017,.F.);
#580=ORIENTED_EDGE('',*,*,#1008,.T.);
#581=ORIENTED_EDGE('',*,*,#997,.T.);
#582=ORIENTED_EDGE('',*,*,#991,.T.);
#583=ORIENTED_EDGE('',*,*,#1018,.F.);
#584=ORIENTED_EDGE('',*,*,#1019,.F.);
#585=ORIENTED_EDGE('',*,*,#1020,.F.);
#586=ORIENTED_EDGE('',*,*,#1005,.T.);
#587=ORIENTED_EDGE('',*,*,#1011,.F.);
#588=ORIENTED_EDGE('',*,*,#986,.F.);
#589=ORIENTED_EDGE('',*,*,#1016,.T.);
#590=ORIENTED_EDGE('',*,*,#1013,.T.);
#591=ORIENTED_EDGE('',*,*,#981,.F.);
#592=ORIENTED_EDGE('',*,*,#1009,.F.);
#593=ORIENTED_EDGE('',*,*,#1017,.T.);
#594=ORIENTED_EDGE('',*,*,#995,.F.);
#595=ORIENTED_EDGE('',*,*,#971,.F.);
#596=ORIENTED_EDGE('',*,*,#983,.T.);
#597=ORIENTED_EDGE('',*,*,#1012,.T.);
#598=ORIENTED_EDGE('',*,*,#993,.F.);
#599=ORIENTED_EDGE('',*,*,#1015,.F.);
#600=ORIENTED_EDGE('',*,*,#984,.T.);
#601=ORIENTED_EDGE('',*,*,#969,.T.);
#602=ORIENTED_EDGE('',*,*,#999,.F.);
#603=ORIENTED_EDGE('',*,*,#1007,.F.);
#604=ORIENTED_EDGE('',*,*,#979,.T.);
#605=ORIENTED_EDGE('',*,*,#1021,.T.);
#606=ORIENTED_EDGE('',*,*,#1022,.F.);
#607=ORIENTED_EDGE('',*,*,#1023,.T.);
#608=ORIENTED_EDGE('',*,*,#1024,.T.);
#609=ORIENTED_EDGE('',*,*,#1000,.F.);
#610=ORIENTED_EDGE('',*,*,#1021,.F.);
#611=ORIENTED_EDGE('',*,*,#978,.T.);
#612=ORIENTED_EDGE('',*,*,#1025,.T.);
#613=ORIENTED_EDGE('',*,*,#1002,.F.);
#614=ORIENTED_EDGE('',*,*,#1003,.F.);
#615=ORIENTED_EDGE('',*,*,#1025,.F.);
#616=ORIENTED_EDGE('',*,*,#988,.T.);
#617=ORIENTED_EDGE('',*,*,#1010,.T.);
#618=ORIENTED_EDGE('',*,*,#974,.T.);
#619=ORIENTED_EDGE('',*,*,#1026,.F.);
#620=ORIENTED_EDGE('',*,*,#1027,.F.);
#621=ORIENTED_EDGE('',*,*,#1028,.T.);
#622=ORIENTED_EDGE('',*,*,#977,.T.);
#623=ORIENTED_EDGE('',*,*,#1029,.F.);
#624=ORIENTED_EDGE('',*,*,#1030,.F.);
#625=ORIENTED_EDGE('',*,*,#1026,.T.);
#626=ORIENTED_EDGE('',*,*,#976,.T.);
#627=ORIENTED_EDGE('',*,*,#1031,.F.);
#628=ORIENTED_EDGE('',*,*,#1032,.F.);
#629=ORIENTED_EDGE('',*,*,#1029,.T.);
#630=ORIENTED_EDGE('',*,*,#975,.T.);
#631=ORIENTED_EDGE('',*,*,#1028,.F.);
#632=ORIENTED_EDGE('',*,*,#1033,.F.);
#633=ORIENTED_EDGE('',*,*,#1031,.T.);
#634=ORIENTED_EDGE('',*,*,#1027,.T.);
#635=ORIENTED_EDGE('',*,*,#1030,.T.);
#636=ORIENTED_EDGE('',*,*,#1032,.T.);
#637=ORIENTED_EDGE('',*,*,#1033,.T.);
#638=ORIENTED_EDGE('',*,*,#1019,.T.);
#639=ORIENTED_EDGE('',*,*,#1034,.F.);
#640=ORIENTED_EDGE('',*,*,#1035,.F.);
#641=ORIENTED_EDGE('',*,*,#1036,.T.);
#642=ORIENTED_EDGE('',*,*,#1018,.T.);
#643=ORIENTED_EDGE('',*,*,#990,.F.);
#644=ORIENTED_EDGE('',*,*,#1037,.F.);
#645=ORIENTED_EDGE('',*,*,#1034,.T.);
#646=ORIENTED_EDGE('',*,*,#1020,.T.);
#647=ORIENTED_EDGE('',*,*,#1036,.F.);
#648=ORIENTED_EDGE('',*,*,#1038,.F.);
#649=ORIENTED_EDGE('',*,*,#1006,.T.);
#650=ORIENTED_EDGE('',*,*,#1035,.T.);
#651=ORIENTED_EDGE('',*,*,#1037,.T.);
#652=ORIENTED_EDGE('',*,*,#989,.T.);
#653=ORIENTED_EDGE('',*,*,#1038,.T.);
#654=ORIENTED_EDGE('',*,*,#1039,.T.);
#655=ORIENTED_EDGE('',*,*,#1023,.F.);
#656=ORIENTED_EDGE('',*,*,#1040,.F.);
#657=ORIENTED_EDGE('',*,*,#1041,.T.);
#658=ORIENTED_EDGE('',*,*,#1042,.T.);
#659=ORIENTED_EDGE('',*,*,#1043,.F.);
#660=ORIENTED_EDGE('',*,*,#1044,.F.);
#661=ORIENTED_EDGE('',*,*,#1001,.T.);
#662=ORIENTED_EDGE('',*,*,#1045,.T.);
#663=ORIENTED_EDGE('',*,*,#1041,.F.);
#664=ORIENTED_EDGE('',*,*,#1046,.F.);
#665=ORIENTED_EDGE('',*,*,#1043,.T.);
#666=ORIENTED_EDGE('',*,*,#1040,.T.);
#667=ORIENTED_EDGE('',*,*,#1022,.T.);
#668=ORIENTED_EDGE('',*,*,#1044,.T.);
#669=ORIENTED_EDGE('',*,*,#1046,.T.);
#670=ORIENTED_EDGE('',*,*,#1039,.F.);
#671=ORIENTED_EDGE('',*,*,#1045,.F.);
#672=ORIENTED_EDGE('',*,*,#1042,.F.);
#673=ORIENTED_EDGE('',*,*,#1024,.F.);
#674=ORIENTED_EDGE('',*,*,#1047,.T.);
#675=ORIENTED_EDGE('',*,*,#1048,.F.);
#676=ORIENTED_EDGE('',*,*,#1049,.F.);
#677=ORIENTED_EDGE('',*,*,#1050,.T.);
#678=ORIENTED_EDGE('',*,*,#1051,.T.);
#679=ORIENTED_EDGE('',*,*,#994,.F.);
#680=ORIENTED_EDGE('',*,*,#1052,.F.);
#681=ORIENTED_EDGE('',*,*,#1048,.T.);
#682=ORIENTED_EDGE('',*,*,#1053,.T.);
#683=ORIENTED_EDGE('',*,*,#1050,.F.);
#684=ORIENTED_EDGE('',*,*,#1054,.F.);
#685=ORIENTED_EDGE('',*,*,#966,.T.);
#686=ORIENTED_EDGE('',*,*,#1049,.T.);
#687=ORIENTED_EDGE('',*,*,#1052,.T.);
#688=ORIENTED_EDGE('',*,*,#967,.T.);
#689=ORIENTED_EDGE('',*,*,#1054,.T.);
#690=ORIENTED_EDGE('',*,*,#1047,.F.);
#691=ORIENTED_EDGE('',*,*,#1053,.F.);
#692=ORIENTED_EDGE('',*,*,#973,.F.);
#693=ORIENTED_EDGE('',*,*,#1051,.F.);
#694=ORIENTED_EDGE('',*,*,#1055,.T.);
#695=ORIENTED_EDGE('',*,*,#1056,.T.);
#696=ORIENTED_EDGE('',*,*,#1057,.F.);
#697=ORIENTED_EDGE('',*,*,#1058,.F.);
#698=ORIENTED_EDGE('',*,*,#1057,.T.);
#699=ORIENTED_EDGE('',*,*,#1059,.T.);
#700=ORIENTED_EDGE('',*,*,#1060,.T.);
#701=ORIENTED_EDGE('',*,*,#1061,.F.);
#702=ORIENTED_EDGE('',*,*,#1062,.F.);
#703=ORIENTED_EDGE('',*,*,#1063,.F.);
#704=ORIENTED_EDGE('',*,*,#1064,.T.);
#705=ORIENTED_EDGE('',*,*,#1065,.F.);
#706=ORIENTED_EDGE('',*,*,#1066,.F.);
#707=ORIENTED_EDGE('',*,*,#1062,.T.);
#708=ORIENTED_EDGE('',*,*,#1065,.T.);
#709=ORIENTED_EDGE('',*,*,#1067,.F.);
#710=ORIENTED_EDGE('',*,*,#1068,.F.);
#711=ORIENTED_EDGE('',*,*,#1069,.T.);
#712=ORIENTED_EDGE('',*,*,#1055,.F.);
#713=ORIENTED_EDGE('',*,*,#1070,.F.);
#714=ORIENTED_EDGE('',*,*,#1058,.T.);
#715=ORIENTED_EDGE('',*,*,#1063,.T.);
#716=ORIENTED_EDGE('',*,*,#1066,.T.);
#717=ORIENTED_EDGE('',*,*,#1070,.T.);
#718=ORIENTED_EDGE('',*,*,#1064,.F.);
#719=ORIENTED_EDGE('',*,*,#1061,.T.);
#720=ORIENTED_EDGE('',*,*,#1071,.T.);
#721=ORIENTED_EDGE('',*,*,#1067,.T.);
#722=ORIENTED_EDGE('',*,*,#1071,.F.);
#723=ORIENTED_EDGE('',*,*,#1060,.F.);
#724=ORIENTED_EDGE('',*,*,#1072,.F.);
#725=ORIENTED_EDGE('',*,*,#1073,.F.);
#726=ORIENTED_EDGE('',*,*,#1074,.T.);
#727=ORIENTED_EDGE('',*,*,#1075,.T.);
#728=ORIENTED_EDGE('',*,*,#1076,.F.);
#729=ORIENTED_EDGE('',*,*,#1068,.T.);
#730=ORIENTED_EDGE('',*,*,#1069,.F.);
#731=ORIENTED_EDGE('',*,*,#1076,.T.);
#732=ORIENTED_EDGE('',*,*,#1077,.T.);
#733=ORIENTED_EDGE('',*,*,#1078,.T.);
#734=ORIENTED_EDGE('',*,*,#1079,.T.);
#735=ORIENTED_EDGE('',*,*,#1072,.T.);
#736=ORIENTED_EDGE('',*,*,#1059,.F.);
#737=ORIENTED_EDGE('',*,*,#1056,.F.);
#738=ORIENTED_EDGE('',*,*,#1078,.F.);
#739=ORIENTED_EDGE('',*,*,#1080,.F.);
#740=ORIENTED_EDGE('',*,*,#1081,.T.);
#741=ORIENTED_EDGE('',*,*,#1082,.T.);
#742=ORIENTED_EDGE('',*,*,#1079,.F.);
#743=ORIENTED_EDGE('',*,*,#1082,.F.);
#744=ORIENTED_EDGE('',*,*,#1083,.T.);
#745=ORIENTED_EDGE('',*,*,#1073,.T.);
#746=ORIENTED_EDGE('',*,*,#1077,.F.);
#747=ORIENTED_EDGE('',*,*,#1075,.F.);
#748=ORIENTED_EDGE('',*,*,#1084,.T.);
#749=ORIENTED_EDGE('',*,*,#1080,.T.);
#750=ORIENTED_EDGE('',*,*,#1081,.F.);
#751=ORIENTED_EDGE('',*,*,#1084,.F.);
#752=ORIENTED_EDGE('',*,*,#1074,.F.);
#753=ORIENTED_EDGE('',*,*,#1083,.F.);
#754=EDGE_CURVE('',#1085,#1086,#1299,.T.);
#755=EDGE_CURVE('',#1085,#1087,#1300,.T.);
#756=EDGE_CURVE('',#1087,#1088,#1301,.T.);
#757=EDGE_CURVE('',#1088,#1089,#1302,.T.);
#758=EDGE_CURVE('',#1089,#1090,#1303,.T.);
#759=EDGE_CURVE('',#1091,#1090,#1304,.T.);
#760=EDGE_CURVE('',#1091,#1092,#1305,.T.);
#761=EDGE_CURVE('',#1092,#1093,#1306,.T.);
#762=EDGE_CURVE('',#1093,#1094,#1307,.T.);
#763=EDGE_CURVE('',#1095,#1094,#1308,.T.);
#764=EDGE_CURVE('',#1095,#1096,#1309,.T.);
#765=EDGE_CURVE('',#1096,#1097,#1310,.T.);
#766=EDGE_CURVE('',#1097,#1098,#1311,.T.);
#767=EDGE_CURVE('',#1098,#1099,#1312,.T.);
#768=EDGE_CURVE('',#1099,#1100,#1313,.T.);
#769=EDGE_CURVE('',#1101,#1100,#1314,.T.);
#770=EDGE_CURVE('',#1102,#1101,#1315,.T.);
#771=EDGE_CURVE('',#1102,#1103,#1316,.T.);
#772=EDGE_CURVE('',#1103,#1104,#1317,.T.);
#773=EDGE_CURVE('',#1086,#1104,#1318,.T.);
#774=EDGE_CURVE('',#1105,#1106,#1319,.T.);
#775=EDGE_CURVE('',#1105,#1107,#58,.T.);
#776=EDGE_CURVE('',#1107,#1108,#1320,.T.);
#777=EDGE_CURVE('',#1108,#1109,#59,.T.);
#778=EDGE_CURVE('',#1110,#1109,#1321,.T.);
#779=EDGE_CURVE('',#1110,#1111,#60,.T.);
#780=EDGE_CURVE('',#1111,#1112,#1322,.T.);
#781=EDGE_CURVE('',#1112,#1113,#61,.T.);
#782=EDGE_CURVE('',#1114,#1113,#1323,.T.);
#783=EDGE_CURVE('',#1114,#1115,#62,.T.);
#784=EDGE_CURVE('',#1115,#1116,#1324,.T.);
#785=EDGE_CURVE('',#1116,#1117,#63,.T.);
#786=EDGE_CURVE('',#1118,#1117,#1325,.T.);
#787=EDGE_CURVE('',#1118,#1119,#64,.T.);
#788=EDGE_CURVE('',#1119,#1120,#1326,.T.);
#789=EDGE_CURVE('',#1120,#1106,#65,.T.);
#790=EDGE_CURVE('',#1121,#1122,#1327,.T.);
#791=EDGE_CURVE('',#1122,#1123,#1328,.T.);
#792=EDGE_CURVE('',#1123,#1124,#1329,.T.);
#793=EDGE_CURVE('',#1124,#1121,#1330,.T.);
#794=EDGE_CURVE('',#1125,#1126,#1331,.T.);
#795=EDGE_CURVE('',#1125,#1105,#66,.T.);
#796=EDGE_CURVE('',#1126,#1105,#1332,.T.);
#797=EDGE_CURVE('',#1113,#1127,#1333,.T.);
#798=EDGE_CURVE('',#1113,#1128,#67,.T.);
#799=EDGE_CURVE('',#1127,#1128,#1334,.T.);
#800=EDGE_CURVE('',#1106,#1129,#1335,.T.);
#801=EDGE_CURVE('',#1106,#1130,#68,.T.);
#802=EDGE_CURVE('',#1129,#1130,#1336,.T.);
#803=EDGE_CURVE('',#1104,#1131,#1337,.T.);
#804=EDGE_CURVE('',#1132,#1103,#1338,.T.);
#805=EDGE_CURVE('',#1131,#1132,#1339,.T.);
#806=EDGE_CURVE('',#1133,#1114,#1340,.T.);
#807=EDGE_CURVE('',#1088,#1127,#1341,.T.);
#808=EDGE_CURVE('',#1134,#1087,#1342,.T.);
#809=EDGE_CURVE('',#1135,#1134,#69,.T.);
#810=EDGE_CURVE('',#1136,#1135,#1343,.T.);
#811=EDGE_CURVE('',#1137,#1136,#70,.T.);
#812=EDGE_CURVE('',#1100,#1137,#1344,.T.);
#813=EDGE_CURVE('',#1099,#1133,#1345,.T.);
#814=EDGE_CURVE('',#1138,#1128,#1346,.T.);
#815=EDGE_CURVE('',#1138,#1139,#1347,.T.);
#816=EDGE_CURVE('',#1139,#1110,#1348,.T.);
#817=EDGE_CURVE('',#1140,#1109,#1349,.T.);
#818=EDGE_CURVE('',#1140,#1141,#1350,.T.);
#819=EDGE_CURVE('',#1141,#1125,#1351,.T.);
#820=EDGE_CURVE('',#1089,#1126,#1352,.T.);
#821=EDGE_CURVE('',#1093,#1142,#1353,.T.);
#822=EDGE_CURVE('',#1142,#1143,#1354,.T.);
#823=EDGE_CURVE('',#1143,#1094,#1355,.T.);
#824=EDGE_CURVE('',#1098,#1129,#1356,.T.);
#825=EDGE_CURVE('',#1097,#1144,#1357,.T.);
#826=EDGE_CURVE('',#1144,#1145,#71,.T.);
#827=EDGE_CURVE('',#1145,#1146,#1358,.T.);
#828=EDGE_CURVE('',#1146,#1147,#72,.T.);
#829=EDGE_CURVE('',#1147,#1090,#1359,.T.);
#830=EDGE_CURVE('',#1148,#1130,#1360,.T.);
#831=EDGE_CURVE('',#1148,#1149,#1361,.T.);
#832=EDGE_CURVE('',#1149,#1118,#1362,.T.);
#833=EDGE_CURVE('',#1150,#1117,#1363,.T.);
#834=EDGE_CURVE('',#1150,#1151,#1364,.T.);
#835=EDGE_CURVE('',#1151,#1152,#1365,.T.);
#836=EDGE_CURVE('',#1152,#1133,#1366,.T.);
#837=EDGE_CURVE('',#1152,#1114,#73,.T.);
#838=EDGE_CURVE('',#1153,#1115,#1367,.T.);
#839=EDGE_CURVE('',#1153,#1154,#1368,.T.);
#840=EDGE_CURVE('',#1154,#1116,#1369,.T.);
#841=EDGE_CURVE('',#1154,#1150,#74,.T.);
#842=EDGE_CURVE('',#1151,#1153,#75,.T.);
#843=EDGE_CURVE('',#1155,#1112,#1370,.T.);
#844=EDGE_CURVE('',#1155,#1138,#76,.T.);
#845=EDGE_CURVE('',#1139,#1156,#77,.T.);
#846=EDGE_CURVE('',#1156,#1111,#1371,.T.);
#847=EDGE_CURVE('',#1156,#1155,#1372,.T.);
#848=EDGE_CURVE('',#1149,#1157,#78,.T.);
#849=EDGE_CURVE('',#1157,#1119,#1373,.T.);
#850=EDGE_CURVE('',#1157,#1158,#1374,.T.);
#851=EDGE_CURVE('',#1158,#1120,#1375,.T.);
#852=EDGE_CURVE('',#1158,#1148,#79,.T.);
#853=EDGE_CURVE('',#1141,#1159,#80,.T.);
#854=EDGE_CURVE('',#1159,#1107,#1376,.T.);
#855=EDGE_CURVE('',#1159,#1160,#1377,.T.);
#856=EDGE_CURVE('',#1160,#1108,#1378,.T.);
#857=EDGE_CURVE('',#1160,#1140,#81,.T.);
#858=EDGE_CURVE('',#1161,#1121,#1379,.T.);
#859=EDGE_CURVE('',#1161,#1162,#1380,.T.);
#860=EDGE_CURVE('',#1162,#1122,#1381,.T.);
#861=EDGE_CURVE('',#1162,#1163,#1382,.T.);
#862=EDGE_CURVE('',#1163,#1123,#1383,.T.);
#863=EDGE_CURVE('',#1163,#1164,#1384,.T.);
#864=EDGE_CURVE('',#1164,#1124,#1385,.T.);
#865=EDGE_CURVE('',#1164,#1161,#1386,.T.);
#866=EDGE_CURVE('',#1165,#1146,#1387,.T.);
#867=EDGE_CURVE('',#1165,#1166,#82,.T.);
#868=EDGE_CURVE('',#1166,#1147,#1388,.T.);
#869=EDGE_CURVE('',#1166,#1091,#1389,.T.);
#870=EDGE_CURVE('',#1092,#1167,#1390,.T.);
#871=EDGE_CURVE('',#1167,#1142,#1391,.T.);
#872=EDGE_CURVE('',#1167,#1168,#1392,.T.);
#873=EDGE_CURVE('',#1168,#1143,#1393,.T.);
#874=EDGE_CURVE('',#1168,#1095,#1394,.T.);
#875=EDGE_CURVE('',#1096,#1169,#1395,.T.);
#876=EDGE_CURVE('',#1169,#1144,#1396,.T.);
#877=EDGE_CURVE('',#1169,#1170,#83,.T.);
#878=EDGE_CURVE('',#1170,#1145,#1397,.T.);
#879=EDGE_CURVE('',#1170,#1165,#1398,.T.);
#880=EDGE_CURVE('',#1171,#1134,#1399,.T.);
#881=EDGE_CURVE('',#1172,#1171,#84,.T.);
#882=EDGE_CURVE('',#1172,#1135,#1400,.T.);
#883=EDGE_CURVE('',#1171,#1085,#1401,.T.);
#884=EDGE_CURVE('',#1173,#1131,#1402,.T.);
#885=EDGE_CURVE('',#1086,#1173,#1403,.T.);
#886=EDGE_CURVE('',#1174,#1132,#1404,.T.);
#887=EDGE_CURVE('',#1173,#1174,#1405,.T.);
#888=EDGE_CURVE('',#1174,#1102,#1406,.T.);
#889=EDGE_CURVE('',#1175,#1137,#1407,.T.);
#890=EDGE_CURVE('',#1101,#1175,#1408,.T.);
#891=EDGE_CURVE('',#1176,#1136,#1409,.T.);
#892=EDGE_CURVE('',#1175,#1176,#85,.T.);
#893=EDGE_CURVE('',#1176,#1172,#1410,.T.);
#894=EDGE_CURVE('',#1177,#1178,#1411,.T.);
#895=EDGE_CURVE('',#1179,#1178,#1412,.T.);
#896=EDGE_CURVE('',#1180,#1179,#1413,.T.);
#897=EDGE_CURVE('',#1180,#1177,#1414,.T.);
#898=EDGE_CURVE('',#1178,#1181,#1415,.T.);
#899=EDGE_CURVE('',#1182,#1181,#1416,.T.);
#900=EDGE_CURVE('',#1179,#1182,#1417,.T.);
#901=EDGE_CURVE('',#1181,#1183,#1418,.T.);
#902=EDGE_CURVE('',#1184,#1183,#1419,.T.);
#903=EDGE_CURVE('',#1182,#1184,#1420,.T.);
#904=EDGE_CURVE('',#1183,#1177,#1421,.T.);
#905=EDGE_CURVE('',#1184,#1180,#1422,.T.);
#906=EDGE_CURVE('',#1185,#1186,#1423,.T.);
#907=EDGE_CURVE('',#1187,#1185,#1424,.T.);
#908=EDGE_CURVE('',#1187,#1188,#1425,.T.);
#909=EDGE_CURVE('',#1188,#1186,#1426,.T.);
#910=EDGE_CURVE('',#1189,#1190,#1427,.T.);
#911=EDGE_CURVE('',#1191,#1189,#1428,.T.);
#912=EDGE_CURVE('',#1191,#1192,#1429,.T.);
#913=EDGE_CURVE('',#1192,#1190,#1430,.T.);
#914=EDGE_CURVE('',#1193,#1194,#1431,.T.);
#915=EDGE_CURVE('',#1195,#1193,#1432,.T.);
#916=EDGE_CURVE('',#1195,#1196,#1433,.T.);
#917=EDGE_CURVE('',#1196,#1194,#1434,.T.);
#918=EDGE_CURVE('',#1197,#1198,#1435,.T.);
#919=EDGE_CURVE('',#1197,#1189,#1436,.T.);
#920=EDGE_CURVE('',#1190,#1198,#1437,.T.);
#921=EDGE_CURVE('',#1191,#1199,#1438,.T.);
#922=EDGE_CURVE('',#1199,#1200,#1439,.T.);
#923=EDGE_CURVE('',#1200,#1192,#1440,.T.);
#924=EDGE_CURVE('',#1201,#1202,#1441,.T.);
#925=EDGE_CURVE('',#1201,#1185,#1442,.T.);
#926=EDGE_CURVE('',#1186,#1202,#1443,.T.);
#927=EDGE_CURVE('',#1187,#1203,#1444,.T.);
#928=EDGE_CURVE('',#1203,#1204,#1445,.T.);
#929=EDGE_CURVE('',#1204,#1188,#1446,.T.);
#930=EDGE_CURVE('',#1205,#1206,#1447,.T.);
#931=EDGE_CURVE('',#1205,#1193,#1448,.T.);
#932=EDGE_CURVE('',#1194,#1206,#1449,.T.);
#933=EDGE_CURVE('',#1195,#1207,#1450,.T.);
#934=EDGE_CURVE('',#1207,#1208,#1451,.T.);
#935=EDGE_CURVE('',#1208,#1196,#1452,.T.);
#936=EDGE_CURVE('',#1208,#1206,#1453,.T.);
#937=EDGE_CURVE('',#1204,#1202,#1454,.T.);
#938=EDGE_CURVE('',#1200,#1198,#1455,.T.);
#939=EDGE_CURVE('',#1207,#1205,#1456,.T.);
#940=EDGE_CURVE('',#1203,#1201,#1457,.T.);
#941=EDGE_CURVE('',#1199,#1197,#1458,.T.);
#942=EDGE_CURVE('',#1198,#1209,#1459,.T.);
#943=EDGE_CURVE('',#1210,#1209,#1460,.T.);
#944=EDGE_CURVE('',#1197,#1210,#1461,.T.);
#945=EDGE_CURVE('',#1209,#1211,#86,.T.);
#946=EDGE_CURVE('',#1212,#1211,#1462,.T.);
#947=EDGE_CURVE('',#1210,#1212,#87,.T.);
#948=EDGE_CURVE('',#1211,#1200,#1463,.T.);
#949=EDGE_CURVE('',#1212,#1199,#1464,.T.);
#950=EDGE_CURVE('',#1202,#1213,#1465,.T.);
#951=EDGE_CURVE('',#1214,#1213,#1466,.T.);
#952=EDGE_CURVE('',#1201,#1214,#1467,.T.);
#953=EDGE_CURVE('',#1213,#1215,#88,.T.);
#954=EDGE_CURVE('',#1216,#1215,#1468,.T.);
#955=EDGE_CURVE('',#1214,#1216,#89,.T.);
#956=EDGE_CURVE('',#1215,#1204,#1469,.T.);
#957=EDGE_CURVE('',#1216,#1203,#1470,.T.);
#958=EDGE_CURVE('',#1206,#1217,#1471,.T.);
#959=EDGE_CURVE('',#1218,#1217,#1472,.T.);
#960=EDGE_CURVE('',#1205,#1218,#1473,.T.);
#961=EDGE_CURVE('',#1217,#1219,#90,.T.);
#962=EDGE_CURVE('',#1220,#1219,#1474,.T.);
#963=EDGE_CURVE('',#1218,#1220,#91,.T.);
#964=EDGE_CURVE('',#1219,#1208,#1475,.T.);
#965=EDGE_CURVE('',#1220,#1207,#1476,.T.);
#966=EDGE_CURVE('',#1221,#1222,#1477,.T.);
#967=EDGE_CURVE('',#1223,#1221,#1478,.T.);
#968=EDGE_CURVE('',#1224,#1223,#1479,.T.);
#969=EDGE_CURVE('',#1225,#1224,#1480,.T.);
#970=EDGE_CURVE('',#1225,#1226,#1481,.T.);
#971=EDGE_CURVE('',#1226,#1227,#1482,.T.);
#972=EDGE_CURVE('',#1228,#1227,#1483,.T.);
#973=EDGE_CURVE('',#1228,#1222,#1484,.T.);
#974=EDGE_CURVE('',#1229,#1230,#1485,.T.);
#975=EDGE_CURVE('',#1231,#1229,#1486,.T.);
#976=EDGE_CURVE('',#1232,#1231,#1487,.T.);
#977=EDGE_CURVE('',#1230,#1232,#1488,.T.);
#978=EDGE_CURVE('',#1233,#1234,#1489,.T.);
#979=EDGE_CURVE('',#1235,#1233,#1490,.T.);
#980=EDGE_CURVE('',#1235,#1236,#1491,.T.);
#981=EDGE_CURVE('',#1236,#1237,#1492,.T.);
#982=EDGE_CURVE('',#1237,#1238,#1493,.T.);
#983=EDGE_CURVE('',#1226,#1238,#1494,.T.);
#984=EDGE_CURVE('',#1239,#1225,#1495,.T.);
#985=EDGE_CURVE('',#1239,#1240,#1496,.T.);
#986=EDGE_CURVE('',#1240,#1241,#1497,.T.);
#987=EDGE_CURVE('',#1241,#1242,#1498,.T.);
#988=EDGE_CURVE('',#1234,#1242,#1499,.T.);
#989=EDGE_CURVE('',#1243,#1244,#1500,.T.);
#990=EDGE_CURVE('',#1243,#1245,#1501,.T.);
#991=EDGE_CURVE('',#1246,#1245,#1502,.T.);
#992=EDGE_CURVE('',#1247,#1246,#1503,.T.);
#993=EDGE_CURVE('',#1247,#1224,#1504,.T.);
#994=EDGE_CURVE('',#1223,#1228,#1505,.T.);
#995=EDGE_CURVE('',#1227,#1248,#1506,.T.);
#996=EDGE_CURVE('',#1249,#1248,#1507,.T.);
#997=EDGE_CURVE('',#1250,#1249,#1508,.T.);
#998=EDGE_CURVE('',#1251,#1250,#1509,.T.);
#999=EDGE_CURVE('',#1251,#1252,#1510,.T.);
#1000=EDGE_CURVE('',#1252,#1253,#1511,.T.);
#1001=EDGE_CURVE('',#1254,#1253,#1512,.T.);
#1002=EDGE_CURVE('',#1254,#1255,#1513,.T.);
#1003=EDGE_CURVE('',#1255,#1256,#1514,.T.);
#1004=EDGE_CURVE('',#1257,#1256,#1515,.T.);
#1005=EDGE_CURVE('',#1258,#1257,#1516,.T.);
#1006=EDGE_CURVE('',#1244,#1258,#1517,.T.);
#1007=EDGE_CURVE('',#1235,#1251,#1518,.T.);
#1008=EDGE_CURVE('',#1259,#1250,#1519,.T.);
#1009=EDGE_CURVE('',#1259,#1236,#1520,.T.);
#1010=EDGE_CURVE('',#1242,#1256,#1521,.T.);
#1011=EDGE_CURVE('',#1241,#1257,#1522,.T.);
#1012=EDGE_CURVE('',#1238,#1248,#1523,.T.);
#1013=EDGE_CURVE('',#1260,#1237,#1524,.T.);
#1014=EDGE_CURVE('',#1260,#1249,#1525,.T.);
#1015=EDGE_CURVE('',#1239,#1247,#1526,.T.);
#1016=EDGE_CURVE('',#1240,#1246,#1527,.T.);
#1017=EDGE_CURVE('',#1259,#1260,#1528,.T.);
#1018=EDGE_CURVE('',#1261,#1245,#1529,.T.);
#1019=EDGE_CURVE('',#1262,#1261,#1530,.T.);
#1020=EDGE_CURVE('',#1258,#1262,#1531,.T.);
#1021=EDGE_CURVE('',#1233,#1252,#1532,.T.);
#1022=EDGE_CURVE('',#1263,#1254,#1533,.T.);
#1023=EDGE_CURVE('',#1263,#1264,#1534,.T.);
#1024=EDGE_CURVE('',#1264,#1253,#1535,.T.);
#1025=EDGE_CURVE('',#1234,#1255,#1536,.T.);
#1026=EDGE_CURVE('',#1265,#1230,#1537,.T.);
#1027=EDGE_CURVE('',#1266,#1265,#1538,.T.);
#1028=EDGE_CURVE('',#1266,#1229,#1539,.T.);
#1029=EDGE_CURVE('',#1267,#1232,#1540,.T.);
#1030=EDGE_CURVE('',#1265,#1267,#1541,.T.);
#1031=EDGE_CURVE('',#1268,#1231,#1542,.T.);
#1032=EDGE_CURVE('',#1267,#1268,#1543,.T.);
#1033=EDGE_CURVE('',#1268,#1266,#1544,.T.);
#1034=EDGE_CURVE('',#1269,#1261,#1545,.T.);
#1035=EDGE_CURVE('',#1270,#1269,#1546,.T.);
#1036=EDGE_CURVE('',#1270,#1262,#1547,.T.);
#1037=EDGE_CURVE('',#1269,#1243,#1548,.T.);
#1038=EDGE_CURVE('',#1244,#1270,#1549,.T.);
#1039=EDGE_CURVE('',#1271,#1264,#1550,.T.);
#1040=EDGE_CURVE('',#1272,#1263,#1551,.T.);
#1041=EDGE_CURVE('',#1272,#1271,#1552,.T.);
#1042=EDGE_CURVE('',#1253,#1273,#1553,.T.);
#1043=EDGE_CURVE('',#1274,#1273,#1554,.T.);
#1044=EDGE_CURVE('',#1254,#1274,#1555,.T.);
#1045=EDGE_CURVE('',#1273,#1271,#1556,.T.);
#1046=EDGE_CURVE('',#1274,#1272,#1557,.T.);
#1047=EDGE_CURVE('',#1275,#1276,#1558,.T.);
#1048=EDGE_CURVE('',#1277,#1276,#1559,.T.);
#1049=EDGE_CURVE('',#1278,#1277,#1560,.T.);
#1050=EDGE_CURVE('',#1278,#1275,#1561,.T.);
#1051=EDGE_CURVE('',#1276,#1228,#1562,.T.);
#1052=EDGE_CURVE('',#1277,#1223,#1563,.T.);
#1053=EDGE_CURVE('',#1222,#1275,#1564,.T.);
#1054=EDGE_CURVE('',#1221,#1278,#1565,.T.);
#1055=EDGE_CURVE('',#1279,#1280,#1566,.T.);
#1056=EDGE_CURVE('',#1280,#1281,#1567,.T.);
#1057=EDGE_CURVE('',#1282,#1281,#1568,.T.);
#1058=EDGE_CURVE('',#1279,#1282,#1569,.T.);
#1059=EDGE_CURVE('',#1281,#1283,#1570,.T.);
#1060=EDGE_CURVE('',#1283,#1284,#1571,.T.);
#1061=EDGE_CURVE('',#1285,#1284,#1572,.T.);
#1062=EDGE_CURVE('',#1286,#1285,#1573,.T.);
#1063=EDGE_CURVE('',#1282,#1286,#1574,.T.);
#1064=EDGE_CURVE('',#1285,#1287,#1575,.T.);
#1065=EDGE_CURVE('',#1288,#1287,#1576,.T.);
#1066=EDGE_CURVE('',#1286,#1288,#1577,.T.);
#1067=EDGE_CURVE('',#1289,#1287,#1578,.T.);
#1068=EDGE_CURVE('',#1290,#1289,#1579,.T.);
#1069=EDGE_CURVE('',#1290,#1280,#1580,.T.);
#1070=EDGE_CURVE('',#1288,#1279,#1581,.T.);
#1071=EDGE_CURVE('',#1284,#1289,#1582,.T.);
#1072=EDGE_CURVE('',#1291,#1283,#1583,.T.);
#1073=EDGE_CURVE('',#1292,#1291,#1584,.T.);
#1074=EDGE_CURVE('',#1292,#1293,#1585,.T.);
#1075=EDGE_CURVE('',#1293,#1294,#1586,.T.);
#1076=EDGE_CURVE('',#1290,#1294,#1587,.T.);
#1077=EDGE_CURVE('',#1294,#1295,#1588,.T.);
#1078=EDGE_CURVE('',#1295,#1296,#1589,.T.);
#1079=EDGE_CURVE('',#1296,#1291,#1590,.T.);
#1080=EDGE_CURVE('',#1297,#1295,#1591,.T.);
#1081=EDGE_CURVE('',#1297,#1298,#1592,.T.);
#1082=EDGE_CURVE('',#1298,#1296,#1593,.T.);
#1083=EDGE_CURVE('',#1298,#1292,#1594,.T.);
#1084=EDGE_CURVE('',#1293,#1297,#1595,.T.);
#1085=VERTEX_POINT('',#3254);
#1086=VERTEX_POINT('',#3255);
#1087=VERTEX_POINT('',#3257);
#1088=VERTEX_POINT('',#3259);
#1089=VERTEX_POINT('',#3261);
#1090=VERTEX_POINT('',#3263);
#1091=VERTEX_POINT('',#3265);
#1092=VERTEX_POINT('',#3267);
#1093=VERTEX_POINT('',#3269);
#1094=VERTEX_POINT('',#3271);
#1095=VERTEX_POINT('',#3273);
#1096=VERTEX_POINT('',#3275);
#1097=VERTEX_POINT('',#3277);
#1098=VERTEX_POINT('',#3279);
#1099=VERTEX_POINT('',#3281);
#1100=VERTEX_POINT('',#3283);
#1101=VERTEX_POINT('',#3285);
#1102=VERTEX_POINT('',#3287);
#1103=VERTEX_POINT('',#3289);
#1104=VERTEX_POINT('',#3291);
#1105=VERTEX_POINT('',#3295);
#1106=VERTEX_POINT('',#3296);
#1107=VERTEX_POINT('',#3298);
#1108=VERTEX_POINT('',#3300);
#1109=VERTEX_POINT('',#3302);
#1110=VERTEX_POINT('',#3304);
#1111=VERTEX_POINT('',#3306);
#1112=VERTEX_POINT('',#3308);
#1113=VERTEX_POINT('',#3310);
#1114=VERTEX_POINT('',#3312);
#1115=VERTEX_POINT('',#3314);
#1116=VERTEX_POINT('',#3316);
#1117=VERTEX_POINT('',#3318);
#1118=VERTEX_POINT('',#3320);
#1119=VERTEX_POINT('',#3322);
#1120=VERTEX_POINT('',#3324);
#1121=VERTEX_POINT('',#3327);
#1122=VERTEX_POINT('',#3328);
#1123=VERTEX_POINT('',#3330);
#1124=VERTEX_POINT('',#3332);
#1125=VERTEX_POINT('',#3336);
#1126=VERTEX_POINT('',#3337);
#1127=VERTEX_POINT('',#3342);
#1128=VERTEX_POINT('',#3344);
#1129=VERTEX_POINT('',#3348);
#1130=VERTEX_POINT('',#3350);
#1131=VERTEX_POINT('',#3354);
#1132=VERTEX_POINT('',#3356);
#1133=VERTEX_POINT('',#3359);
#1134=VERTEX_POINT('',#3362);
#1135=VERTEX_POINT('',#3364);
#1136=VERTEX_POINT('',#3366);
#1137=VERTEX_POINT('',#3368);
#1138=VERTEX_POINT('',#3373);
#1139=VERTEX_POINT('',#3375);
#1140=VERTEX_POINT('',#3378);
#1141=VERTEX_POINT('',#3380);
#1142=VERTEX_POINT('',#3385);
#1143=VERTEX_POINT('',#3387);
#1144=VERTEX_POINT('',#3391);
#1145=VERTEX_POINT('',#3393);
#1146=VERTEX_POINT('',#3395);
#1147=VERTEX_POINT('',#3397);
#1148=VERTEX_POINT('',#3401);
#1149=VERTEX_POINT('',#3403);
#1150=VERTEX_POINT('',#3406);
#1151=VERTEX_POINT('',#3408);
#1152=VERTEX_POINT('',#3410);
#1153=VERTEX_POINT('',#3416);
#1154=VERTEX_POINT('',#3418);
#1155=VERTEX_POINT('',#3427);
#1156=VERTEX_POINT('',#3431);
#1157=VERTEX_POINT('',#3438);
#1158=VERTEX_POINT('',#3442);
#1159=VERTEX_POINT('',#3449);
#1160=VERTEX_POINT('',#3453);
#1161=VERTEX_POINT('',#3460);
#1162=VERTEX_POINT('',#3462);
#1163=VERTEX_POINT('',#3466);
#1164=VERTEX_POINT('',#3470);
#1165=VERTEX_POINT('',#3477);
#1166=VERTEX_POINT('',#3479);
#1167=VERTEX_POINT('',#3485);
#1168=VERTEX_POINT('',#3489);
#1169=VERTEX_POINT('',#3495);
#1170=VERTEX_POINT('',#3499);
#1171=VERTEX_POINT('',#3506);
#1172=VERTEX_POINT('',#3508);
#1173=VERTEX_POINT('',#3514);
#1174=VERTEX_POINT('',#3518);
#1175=VERTEX_POINT('',#3524);
#1176=VERTEX_POINT('',#3528);
#1177=VERTEX_POINT('',#3536);
#1178=VERTEX_POINT('',#3537);
#1179=VERTEX_POINT('',#3539);
#1180=VERTEX_POINT('',#3541);
#1181=VERTEX_POINT('',#3545);
#1182=VERTEX_POINT('',#3547);
#1183=VERTEX_POINT('',#3551);
#1184=VERTEX_POINT('',#3553);
#1185=VERTEX_POINT('',#3561);
#1186=VERTEX_POINT('',#3562);
#1187=VERTEX_POINT('',#3564);
#1188=VERTEX_POINT('',#3566);
#1189=VERTEX_POINT('',#3569);
#1190=VERTEX_POINT('',#3570);
#1191=VERTEX_POINT('',#3572);
#1192=VERTEX_POINT('',#3574);
#1193=VERTEX_POINT('',#3577);
#1194=VERTEX_POINT('',#3578);
#1195=VERTEX_POINT('',#3580);
#1196=VERTEX_POINT('',#3582);
#1197=VERTEX_POINT('',#3586);
#1198=VERTEX_POINT('',#3587);
#1199=VERTEX_POINT('',#3592);
#1200=VERTEX_POINT('',#3594);
#1201=VERTEX_POINT('',#3598);
#1202=VERTEX_POINT('',#3599);
#1203=VERTEX_POINT('',#3604);
#1204=VERTEX_POINT('',#3606);
#1205=VERTEX_POINT('',#3610);
#1206=VERTEX_POINT('',#3611);
#1207=VERTEX_POINT('',#3616);
#1208=VERTEX_POINT('',#3618);
#1209=VERTEX_POINT('',#3634);
#1210=VERTEX_POINT('',#3636);
#1211=VERTEX_POINT('',#3640);
#1212=VERTEX_POINT('',#3642);
#1213=VERTEX_POINT('',#3651);
#1214=VERTEX_POINT('',#3653);
#1215=VERTEX_POINT('',#3657);
#1216=VERTEX_POINT('',#3659);
#1217=VERTEX_POINT('',#3668);
#1218=VERTEX_POINT('',#3670);
#1219=VERTEX_POINT('',#3674);
#1220=VERTEX_POINT('',#3676);
#1221=VERTEX_POINT('',#3686);
#1222=VERTEX_POINT('',#3687);
#1223=VERTEX_POINT('',#3689);
#1224=VERTEX_POINT('',#3691);
#1225=VERTEX_POINT('',#3693);
#1226=VERTEX_POINT('',#3695);
#1227=VERTEX_POINT('',#3697);
#1228=VERTEX_POINT('',#3699);
#1229=VERTEX_POINT('',#3703);
#1230=VERTEX_POINT('',#3704);
#1231=VERTEX_POINT('',#3706);
#1232=VERTEX_POINT('',#3708);
#1233=VERTEX_POINT('',#3711);
#1234=VERTEX_POINT('',#3712);
#1235=VERTEX_POINT('',#3714);
#1236=VERTEX_POINT('',#3716);
#1237=VERTEX_POINT('',#3718);
#1238=VERTEX_POINT('',#3720);
#1239=VERTEX_POINT('',#3723);
#1240=VERTEX_POINT('',#3725);
#1241=VERTEX_POINT('',#3727);
#1242=VERTEX_POINT('',#3729);
#1243=VERTEX_POINT('',#3733);
#1244=VERTEX_POINT('',#3734);
#1245=VERTEX_POINT('',#3736);
#1246=VERTEX_POINT('',#3738);
#1247=VERTEX_POINT('',#3740);
#1248=VERTEX_POINT('',#3744);
#1249=VERTEX_POINT('',#3746);
#1250=VERTEX_POINT('',#3748);
#1251=VERTEX_POINT('',#3750);
#1252=VERTEX_POINT('',#3752);
#1253=VERTEX_POINT('',#3754);
#1254=VERTEX_POINT('',#3756);
#1255=VERTEX_POINT('',#3758);
#1256=VERTEX_POINT('',#3760);
#1257=VERTEX_POINT('',#3762);
#1258=VERTEX_POINT('',#3764);
#1259=VERTEX_POINT('',#3769);
#1260=VERTEX_POINT('',#3777);
#1261=VERTEX_POINT('',#3786);
#1262=VERTEX_POINT('',#3788);
#1263=VERTEX_POINT('',#3797);
#1264=VERTEX_POINT('',#3799);
#1265=VERTEX_POINT('',#3805);
#1266=VERTEX_POINT('',#3807);
#1267=VERTEX_POINT('',#3811);
#1268=VERTEX_POINT('',#3815);
#1269=VERTEX_POINT('',#3822);
#1270=VERTEX_POINT('',#3824);
#1271=VERTEX_POINT('',#3833);
#1272=VERTEX_POINT('',#3835);
#1273=VERTEX_POINT('',#3839);
#1274=VERTEX_POINT('',#3841);
#1275=VERTEX_POINT('',#3850);
#1276=VERTEX_POINT('',#3851);
#1277=VERTEX_POINT('',#3853);
#1278=VERTEX_POINT('',#3855);
#1279=VERTEX_POINT('',#3868);
#1280=VERTEX_POINT('',#3869);
#1281=VERTEX_POINT('',#3871);
#1282=VERTEX_POINT('',#3873);
#1283=VERTEX_POINT('',#3877);
#1284=VERTEX_POINT('',#3879);
#1285=VERTEX_POINT('',#3881);
#1286=VERTEX_POINT('',#3883);
#1287=VERTEX_POINT('',#3887);
#1288=VERTEX_POINT('',#3889);
#1289=VERTEX_POINT('',#3893);
#1290=VERTEX_POINT('',#3895);
#1291=VERTEX_POINT('',#3903);
#1292=VERTEX_POINT('',#3905);
#1293=VERTEX_POINT('',#3907);
#1294=VERTEX_POINT('',#3909);
#1295=VERTEX_POINT('',#3913);
#1296=VERTEX_POINT('',#3915);
#1297=VERTEX_POINT('',#3919);
#1298=VERTEX_POINT('',#3921);
#1299=LINE('',#3253,#1596);
#1300=LINE('',#3256,#1597);
#1301=LINE('',#3258,#1598);
#1302=LINE('',#3260,#1599);
#1303=LINE('',#3262,#1600);
#1304=LINE('',#3264,#1601);
#1305=LINE('',#3266,#1602);
#1306=LINE('',#3268,#1603);
#1307=LINE('',#3270,#1604);
#1308=LINE('',#3272,#1605);
#1309=LINE('',#3274,#1606);
#1310=LINE('',#3276,#1607);
#1311=LINE('',#3278,#1608);
#1312=LINE('',#3280,#1609);
#1313=LINE('',#3282,#1610);
#1314=LINE('',#3284,#1611);
#1315=LINE('',#3286,#1612);
#1316=LINE('',#3288,#1613);
#1317=LINE('',#3290,#1614);
#1318=LINE('',#3292,#1615);
#1319=LINE('',#3294,#1616);
#1320=LINE('',#3299,#1617);
#1321=LINE('',#3303,#1618);
#1322=LINE('',#3307,#1619);
#1323=LINE('',#3311,#1620);
#1324=LINE('',#3315,#1621);
#1325=LINE('',#3319,#1622);
#1326=LINE('',#3323,#1623);
#1327=LINE('',#3326,#1624);
#1328=LINE('',#3329,#1625);
#1329=LINE('',#3331,#1626);
#1330=LINE('',#3333,#1627);
#1331=LINE('',#3335,#1628);
#1332=LINE('',#3339,#1629);
#1333=LINE('',#3341,#1630);
#1334=LINE('',#3345,#1631);
#1335=LINE('',#3347,#1632);
#1336=LINE('',#3351,#1633);
#1337=LINE('',#3353,#1634);
#1338=LINE('',#3355,#1635);
#1339=LINE('',#3357,#1636);
#1340=LINE('',#3358,#1637);
#1341=LINE('',#3360,#1638);
#1342=LINE('',#3361,#1639);
#1343=LINE('',#3365,#1640);
#1344=LINE('',#3369,#1641);
#1345=LINE('',#3370,#1642);
#1346=LINE('',#3372,#1643);
#1347=LINE('',#3374,#1644);
#1348=LINE('',#3376,#1645);
#1349=LINE('',#3377,#1646);
#1350=LINE('',#3379,#1647);
#1351=LINE('',#3381,#1648);
#1352=LINE('',#3382,#1649);
#1353=LINE('',#3384,#1650);
#1354=LINE('',#3386,#1651);
#1355=LINE('',#3388,#1652);
#1356=LINE('',#3389,#1653);
#1357=LINE('',#3390,#1654);
#1358=LINE('',#3394,#1655);
#1359=LINE('',#3398,#1656);
#1360=LINE('',#3400,#1657);
#1361=LINE('',#3402,#1658);
#1362=LINE('',#3404,#1659);
#1363=LINE('',#3405,#1660);
#1364=LINE('',#3407,#1661);
#1365=LINE('',#3409,#1662);
#1366=LINE('',#3411,#1663);
#1367=LINE('',#3415,#1664);
#1368=LINE('',#3417,#1665);
#1369=LINE('',#3419,#1666);
#1370=LINE('',#3426,#1667);
#1371=LINE('',#3432,#1668);
#1372=LINE('',#3434,#1669);
#1373=LINE('',#3439,#1670);
#1374=LINE('',#3441,#1671);
#1375=LINE('',#3443,#1672);
#1376=LINE('',#3450,#1673);
#1377=LINE('',#3452,#1674);
#1378=LINE('',#3454,#1675);
#1379=LINE('',#3459,#1676);
#1380=LINE('',#3461,#1677);
#1381=LINE('',#3463,#1678);
#1382=LINE('',#3465,#1679);
#1383=LINE('',#3467,#1680);
#1384=LINE('',#3469,#1681);
#1385=LINE('',#3471,#1682);
#1386=LINE('',#3473,#1683);
#1387=LINE('',#3476,#1684);
#1388=LINE('',#3480,#1685);
#1389=LINE('',#3482,#1686);
#1390=LINE('',#3484,#1687);
#1391=LINE('',#3486,#1688);
#1392=LINE('',#3488,#1689);
#1393=LINE('',#3490,#1690);
#1394=LINE('',#3492,#1691);
#1395=LINE('',#3494,#1692);
#1396=LINE('',#3496,#1693);
#1397=LINE('',#3500,#1694);
#1398=LINE('',#3502,#1695);
#1399=LINE('',#3505,#1696);
#1400=LINE('',#3509,#1697);
#1401=LINE('',#3511,#1698);
#1402=LINE('',#3513,#1699);
#1403=LINE('',#3515,#1700);
#1404=LINE('',#3517,#1701);
#1405=LINE('',#3519,#1702);
#1406=LINE('',#3521,#1703);
#1407=LINE('',#3523,#1704);
#1408=LINE('',#3525,#1705);
#1409=LINE('',#3527,#1706);
#1410=LINE('',#3531,#1707);
#1411=LINE('',#3535,#1708);
#1412=LINE('',#3538,#1709);
#1413=LINE('',#3540,#1710);
#1414=LINE('',#3542,#1711);
#1415=LINE('',#3544,#1712);
#1416=LINE('',#3546,#1713);
#1417=LINE('',#3548,#1714);
#1418=LINE('',#3550,#1715);
#1419=LINE('',#3552,#1716);
#1420=LINE('',#3554,#1717);
#1421=LINE('',#3556,#1718);
#1422=LINE('',#3557,#1719);
#1423=LINE('',#3560,#1720);
#1424=LINE('',#3563,#1721);
#1425=LINE('',#3565,#1722);
#1426=LINE('',#3567,#1723);
#1427=LINE('',#3568,#1724);
#1428=LINE('',#3571,#1725);
#1429=LINE('',#3573,#1726);
#1430=LINE('',#3575,#1727);
#1431=LINE('',#3576,#1728);
#1432=LINE('',#3579,#1729);
#1433=LINE('',#3581,#1730);
#1434=LINE('',#3583,#1731);
#1435=LINE('',#3585,#1732);
#1436=LINE('',#3588,#1733);
#1437=LINE('',#3589,#1734);
#1438=LINE('',#3591,#1735);
#1439=LINE('',#3593,#1736);
#1440=LINE('',#3595,#1737);
#1441=LINE('',#3597,#1738);
#1442=LINE('',#3600,#1739);
#1443=LINE('',#3601,#1740);
#1444=LINE('',#3603,#1741);
#1445=LINE('',#3605,#1742);
#1446=LINE('',#3607,#1743);
#1447=LINE('',#3609,#1744);
#1448=LINE('',#3612,#1745);
#1449=LINE('',#3613,#1746);
#1450=LINE('',#3615,#1747);
#1451=LINE('',#3617,#1748);
#1452=LINE('',#3619,#1749);
#1453=LINE('',#3621,#1750);
#1454=LINE('',#3623,#1751);
#1455=LINE('',#3625,#1752);
#1456=LINE('',#3627,#1753);
#1457=LINE('',#3629,#1754);
#1458=LINE('',#3631,#1755);
#1459=LINE('',#3633,#1756);
#1460=LINE('',#3635,#1757);
#1461=LINE('',#3637,#1758);
#1462=LINE('',#3641,#1759);
#1463=LINE('',#3645,#1760);
#1464=LINE('',#3646,#1761);
#1465=LINE('',#3650,#1762);
#1466=LINE('',#3652,#1763);
#1467=LINE('',#3654,#1764);
#1468=LINE('',#3658,#1765);
#1469=LINE('',#3662,#1766);
#1470=LINE('',#3663,#1767);
#1471=LINE('',#3667,#1768);
#1472=LINE('',#3669,#1769);
#1473=LINE('',#3671,#1770);
#1474=LINE('',#3675,#1771);
#1475=LINE('',#3679,#1772);
#1476=LINE('',#3680,#1773);
#1477=LINE('',#3685,#1774);
#1478=LINE('',#3688,#1775);
#1479=LINE('',#3690,#1776);
#1480=LINE('',#3692,#1777);
#1481=LINE('',#3694,#1778);
#1482=LINE('',#3696,#1779);
#1483=LINE('',#3698,#1780);
#1484=LINE('',#3700,#1781);
#1485=LINE('',#3702,#1782);
#1486=LINE('',#3705,#1783);
#1487=LINE('',#3707,#1784);
#1488=LINE('',#3709,#1785);
#1489=LINE('',#3710,#1786);
#1490=LINE('',#3713,#1787);
#1491=LINE('',#3715,#1788);
#1492=LINE('',#3717,#1789);
#1493=LINE('',#3719,#1790);
#1494=LINE('',#3721,#1791);
#1495=LINE('',#3722,#1792);
#1496=LINE('',#3724,#1793);
#1497=LINE('',#3726,#1794);
#1498=LINE('',#3728,#1795);
#1499=LINE('',#3730,#1796);
#1500=LINE('',#3732,#1797);
#1501=LINE('',#3735,#1798);
#1502=LINE('',#3737,#1799);
#1503=LINE('',#3739,#1800);
#1504=LINE('',#3741,#1801);
#1505=LINE('',#3742,#1802);
#1506=LINE('',#3743,#1803);
#1507=LINE('',#3745,#1804);
#1508=LINE('',#3747,#1805);
#1509=LINE('',#3749,#1806);
#1510=LINE('',#3751,#1807);
#1511=LINE('',#3753,#1808);
#1512=LINE('',#3755,#1809);
#1513=LINE('',#3757,#1810);
#1514=LINE('',#3759,#1811);
#1515=LINE('',#3761,#1812);
#1516=LINE('',#3763,#1813);
#1517=LINE('',#3765,#1814);
#1518=LINE('',#3767,#1815);
#1519=LINE('',#3768,#1816);
#1520=LINE('',#3770,#1817);
#1521=LINE('',#3772,#1818);
#1522=LINE('',#3773,#1819);
#1523=LINE('',#3775,#1820);
#1524=LINE('',#3776,#1821);
#1525=LINE('',#3778,#1822);
#1526=LINE('',#3780,#1823);
#1527=LINE('',#3781,#1824);
#1528=LINE('',#3783,#1825);
#1529=LINE('',#3785,#1826);
#1530=LINE('',#3787,#1827);
#1531=LINE('',#3789,#1828);
#1532=LINE('',#3794,#1829);
#1533=LINE('',#3796,#1830);
#1534=LINE('',#3798,#1831);
#1535=LINE('',#3800,#1832);
#1536=LINE('',#3801,#1833);
#1537=LINE('',#3804,#1834);
#1538=LINE('',#3806,#1835);
#1539=LINE('',#3808,#1836);
#1540=LINE('',#3810,#1837);
#1541=LINE('',#3812,#1838);
#1542=LINE('',#3814,#1839);
#1543=LINE('',#3816,#1840);
#1544=LINE('',#3818,#1841);
#1545=LINE('',#3821,#1842);
#1546=LINE('',#3823,#1843);
#1547=LINE('',#3825,#1844);
#1548=LINE('',#3827,#1845);
#1549=LINE('',#3829,#1846);
#1550=LINE('',#3832,#1847);
#1551=LINE('',#3834,#1848);
#1552=LINE('',#3836,#1849);
#1553=LINE('',#3838,#1850);
#1554=LINE('',#3840,#1851);
#1555=LINE('',#3842,#1852);
#1556=LINE('',#3844,#1853);
#1557=LINE('',#3845,#1854);
#1558=LINE('',#3849,#1855);
#1559=LINE('',#3852,#1856);
#1560=LINE('',#3854,#1857);
#1561=LINE('',#3856,#1858);
#1562=LINE('',#3858,#1859);
#1563=LINE('',#3859,#1860);
#1564=LINE('',#3861,#1861);
#1565=LINE('',#3862,#1862);
#1566=LINE('',#3867,#1863);
#1567=LINE('',#3870,#1864);
#1568=LINE('',#3872,#1865);
#1569=LINE('',#3874,#1866);
#1570=LINE('',#3876,#1867);
#1571=LINE('',#3878,#1868);
#1572=LINE('',#3880,#1869);
#1573=LINE('',#3882,#1870);
#1574=LINE('',#3884,#1871);
#1575=LINE('',#3886,#1872);
#1576=LINE('',#3888,#1873);
#1577=LINE('',#3890,#1874);
#1578=LINE('',#3892,#1875);
#1579=LINE('',#3894,#1876);
#1580=LINE('',#3896,#1877);
#1581=LINE('',#3897,#1878);
#1582=LINE('',#3900,#1879);
#1583=LINE('',#3902,#1880);
#1584=LINE('',#3904,#1881);
#1585=LINE('',#3906,#1882);
#1586=LINE('',#3908,#1883);
#1587=LINE('',#3910,#1884);
#1588=LINE('',#3912,#1885);
#1589=LINE('',#3914,#1886);
#1590=LINE('',#3916,#1887);
#1591=LINE('',#3918,#1888);
#1592=LINE('',#3920,#1889);
#1593=LINE('',#3922,#1890);
#1594=LINE('',#3924,#1891);
#1595=LINE('',#3926,#1892);
#1596=VECTOR('',#2624,39.3700787401575);
#1597=VECTOR('',#2625,39.3700787401575);
#1598=VECTOR('',#2626,39.3700787401575);
#1599=VECTOR('',#2627,39.3700787401575);
#1600=VECTOR('',#2628,39.3700787401575);
#1601=VECTOR('',#2629,39.3700787401575);
#1602=VECTOR('',#2630,39.3700787401575);
#1603=VECTOR('',#2631,39.3700787401575);
#1604=VECTOR('',#2632,39.3700787401575);
#1605=VECTOR('',#2633,39.3700787401575);
#1606=VECTOR('',#2634,39.3700787401575);
#1607=VECTOR('',#2635,39.3700787401575);
#1608=VECTOR('',#2636,39.3700787401575);
#1609=VECTOR('',#2637,39.3700787401575);
#1610=VECTOR('',#2638,39.3700787401575);
#1611=VECTOR('',#2639,39.3700787401575);
#1612=VECTOR('',#2640,39.3700787401575);
#1613=VECTOR('',#2641,39.3700787401575);
#1614=VECTOR('',#2642,39.3700787401575);
#1615=VECTOR('',#2643,39.3700787401575);
#1616=VECTOR('',#2646,39.3700787401575);
#1617=VECTOR('',#2649,39.3700787401575);
#1618=VECTOR('',#2652,39.3700787401575);
#1619=VECTOR('',#2655,39.3700787401575);
#1620=VECTOR('',#2658,39.3700787401575);
#1621=VECTOR('',#2661,39.3700787401575);
#1622=VECTOR('',#2664,39.3700787401575);
#1623=VECTOR('',#2667,39.3700787401575);
#1624=VECTOR('',#2670,39.3700787401575);
#1625=VECTOR('',#2671,39.3700787401575);
#1626=VECTOR('',#2672,39.3700787401575);
#1627=VECTOR('',#2673,39.3700787401575);
#1628=VECTOR('',#2676,39.3700787401575);
#1629=VECTOR('',#2679,39.3700787401575);
#1630=VECTOR('',#2682,39.3700787401575);
#1631=VECTOR('',#2685,39.3700787401575);
#1632=VECTOR('',#2688,39.3700787401575);
#1633=VECTOR('',#2691,39.3700787401575);
#1634=VECTOR('',#2694,39.3700787401575);
#1635=VECTOR('',#2695,39.3700787401575);
#1636=VECTOR('',#2696,39.3700787401575);
#1637=VECTOR('',#2697,39.3700787401575);
#1638=VECTOR('',#2698,39.3700787401575);
#1639=VECTOR('',#2699,39.3700787401575);
#1640=VECTOR('',#2702,39.3700787401575);
#1641=VECTOR('',#2705,39.3700787401575);
#1642=VECTOR('',#2706,39.3700787401575);
#1643=VECTOR('',#2709,39.3700787401575);
#1644=VECTOR('',#2710,39.3700787401575);
#1645=VECTOR('',#2711,39.3700787401575);
#1646=VECTOR('',#2712,39.3700787401575);
#1647=VECTOR('',#2713,39.3700787401575);
#1648=VECTOR('',#2714,39.3700787401575);
#1649=VECTOR('',#2715,39.3700787401575);
#1650=VECTOR('',#2718,39.3700787401575);
#1651=VECTOR('',#2719,39.3700787401575);
#1652=VECTOR('',#2720,39.3700787401575);
#1653=VECTOR('',#2721,39.3700787401575);
#1654=VECTOR('',#2722,39.3700787401575);
#1655=VECTOR('',#2725,39.3700787401575);
#1656=VECTOR('',#2728,39.3700787401575);
#1657=VECTOR('',#2731,39.3700787401575);
#1658=VECTOR('',#2732,39.3700787401575);
#1659=VECTOR('',#2733,39.3700787401575);
#1660=VECTOR('',#2734,39.3700787401575);
#1661=VECTOR('',#2735,39.3700787401575);
#1662=VECTOR('',#2736,39.3700787401575);
#1663=VECTOR('',#2737,39.3700787401575);
#1664=VECTOR('',#2744,39.3700787401575);
#1665=VECTOR('',#2745,39.3700787401575);
#1666=VECTOR('',#2746,39.3700787401575);
#1667=VECTOR('',#2759,39.3700787401575);
#1668=VECTOR('',#2766,39.3700787401575);
#1669=VECTOR('',#2769,39.3700787401575);
#1670=VECTOR('',#2776,39.3700787401575);
#1671=VECTOR('',#2779,39.3700787401575);
#1672=VECTOR('',#2780,39.3700787401575);
#1673=VECTOR('',#2791,39.3700787401575);
#1674=VECTOR('',#2794,39.3700787401575);
#1675=VECTOR('',#2795,39.3700787401575);
#1676=VECTOR('',#2804,39.3700787401575);
#1677=VECTOR('',#2805,39.3700787401575);
#1678=VECTOR('',#2806,39.3700787401575);
#1679=VECTOR('',#2809,39.3700787401575);
#1680=VECTOR('',#2810,39.3700787401575);
#1681=VECTOR('',#2813,39.3700787401575);
#1682=VECTOR('',#2814,39.3700787401575);
#1683=VECTOR('',#2817,39.3700787401575);
#1684=VECTOR('',#2822,39.3700787401575);
#1685=VECTOR('',#2825,39.3700787401575);
#1686=VECTOR('',#2828,39.3700787401575);
#1687=VECTOR('',#2831,39.3700787401575);
#1688=VECTOR('',#2832,39.3700787401575);
#1689=VECTOR('',#2835,39.3700787401575);
#1690=VECTOR('',#2836,39.3700787401575);
#1691=VECTOR('',#2839,39.3700787401575);
#1692=VECTOR('',#2842,39.3700787401575);
#1693=VECTOR('',#2843,39.3700787401575);
#1694=VECTOR('',#2848,39.3700787401575);
#1695=VECTOR('',#2851,39.3700787401575);
#1696=VECTOR('',#2856,39.3700787401575);
#1697=VECTOR('',#2859,39.3700787401575);
#1698=VECTOR('',#2862,39.3700787401575);
#1699=VECTOR('',#2865,39.3700787401575);
#1700=VECTOR('',#2866,39.3700787401575);
#1701=VECTOR('',#2869,39.3700787401575);
#1702=VECTOR('',#2870,39.3700787401575);
#1703=VECTOR('',#2873,39.3700787401575);
#1704=VECTOR('',#2876,39.3700787401575);
#1705=VECTOR('',#2877,39.3700787401575);
#1706=VECTOR('',#2880,39.3700787401575);
#1707=VECTOR('',#2885,39.3700787401575);
#1708=VECTOR('',#2892,39.3700787401575);
#1709=VECTOR('',#2893,39.3700787401575);
#1710=VECTOR('',#2894,39.3700787401575);
#1711=VECTOR('',#2895,39.3700787401575);
#1712=VECTOR('',#2898,39.3700787401575);
#1713=VECTOR('',#2899,39.3700787401575);
#1714=VECTOR('',#2900,39.3700787401575);
#1715=VECTOR('',#2903,39.3700787401575);
#1716=VECTOR('',#2904,39.3700787401575);
#1717=VECTOR('',#2905,39.3700787401575);
#1718=VECTOR('',#2908,39.3700787401575);
#1719=VECTOR('',#2909,39.3700787401575);
#1720=VECTOR('',#2914,39.3700787401575);
#1721=VECTOR('',#2915,39.3700787401575);
#1722=VECTOR('',#2916,39.3700787401575);
#1723=VECTOR('',#2917,39.3700787401575);
#1724=VECTOR('',#2918,39.3700787401575);
#1725=VECTOR('',#2919,39.3700787401575);
#1726=VECTOR('',#2920,39.3700787401575);
#1727=VECTOR('',#2921,39.3700787401575);
#1728=VECTOR('',#2922,39.3700787401575);
#1729=VECTOR('',#2923,39.3700787401575);
#1730=VECTOR('',#2924,39.3700787401575);
#1731=VECTOR('',#2925,39.3700787401575);
#1732=VECTOR('',#2928,39.3700787401575);
#1733=VECTOR('',#2929,39.3700787401575);
#1734=VECTOR('',#2930,39.3700787401575);
#1735=VECTOR('',#2933,39.3700787401575);
#1736=VECTOR('',#2934,39.3700787401575);
#1737=VECTOR('',#2935,39.3700787401575);
#1738=VECTOR('',#2938,39.3700787401575);
#1739=VECTOR('',#2939,39.3700787401575);
#1740=VECTOR('',#2940,39.3700787401575);
#1741=VECTOR('',#2943,39.3700787401575);
#1742=VECTOR('',#2944,39.3700787401575);
#1743=VECTOR('',#2945,39.3700787401575);
#1744=VECTOR('',#2948,39.3700787401575);
#1745=VECTOR('',#2949,39.3700787401575);
#1746=VECTOR('',#2950,39.3700787401575);
#1747=VECTOR('',#2953,39.3700787401575);
#1748=VECTOR('',#2954,39.3700787401575);
#1749=VECTOR('',#2955,39.3700787401575);
#1750=VECTOR('',#2958,39.3700787401575);
#1751=VECTOR('',#2961,39.3700787401575);
#1752=VECTOR('',#2964,39.3700787401575);
#1753=VECTOR('',#2967,39.3700787401575);
#1754=VECTOR('',#2970,39.3700787401575);
#1755=VECTOR('',#2973,39.3700787401575);
#1756=VECTOR('',#2976,39.3700787401575);
#1757=VECTOR('',#2977,39.3700787401575);
#1758=VECTOR('',#2978,39.3700787401575);
#1759=VECTOR('',#2983,39.3700787401575);
#1760=VECTOR('',#2988,39.3700787401575);
#1761=VECTOR('',#2989,39.3700787401575);
#1762=VECTOR('',#2996,39.3700787401575);
#1763=VECTOR('',#2997,39.3700787401575);
#1764=VECTOR('',#2998,39.3700787401575);
#1765=VECTOR('',#3003,39.3700787401575);
#1766=VECTOR('',#3008,39.3700787401575);
#1767=VECTOR('',#3009,39.3700787401575);
#1768=VECTOR('',#3016,39.3700787401575);
#1769=VECTOR('',#3017,39.3700787401575);
#1770=VECTOR('',#3018,39.3700787401575);
#1771=VECTOR('',#3023,39.3700787401575);
#1772=VECTOR('',#3028,39.3700787401575);
#1773=VECTOR('',#3029,39.3700787401575);
#1774=VECTOR('',#3038,39.3700787401575);
#1775=VECTOR('',#3039,39.3700787401575);
#1776=VECTOR('',#3040,39.3700787401575);
#1777=VECTOR('',#3041,39.3700787401575);
#1778=VECTOR('',#3042,39.3700787401575);
#1779=VECTOR('',#3043,39.3700787401575);
#1780=VECTOR('',#3044,39.3700787401575);
#1781=VECTOR('',#3045,39.3700787401575);
#1782=VECTOR('',#3048,39.3700787401575);
#1783=VECTOR('',#3049,39.3700787401575);
#1784=VECTOR('',#3050,39.3700787401575);
#1785=VECTOR('',#3051,39.3700787401575);
#1786=VECTOR('',#3052,39.3700787401575);
#1787=VECTOR('',#3053,39.3700787401575);
#1788=VECTOR('',#3054,39.3700787401575);
#1789=VECTOR('',#3055,39.3700787401575);
#1790=VECTOR('',#3056,39.3700787401575);
#1791=VECTOR('',#3057,39.3700787401575);
#1792=VECTOR('',#3058,39.3700787401575);
#1793=VECTOR('',#3059,39.3700787401575);
#1794=VECTOR('',#3060,39.3700787401575);
#1795=VECTOR('',#3061,39.3700787401575);
#1796=VECTOR('',#3062,39.3700787401575);
#1797=VECTOR('',#3065,39.3700787401575);
#1798=VECTOR('',#3066,39.3700787401575);
#1799=VECTOR('',#3067,39.3700787401575);
#1800=VECTOR('',#3068,39.3700787401575);
#1801=VECTOR('',#3069,39.3700787401575);
#1802=VECTOR('',#3070,39.3700787401575);
#1803=VECTOR('',#3071,39.3700787401575);
#1804=VECTOR('',#3072,39.3700787401575);
#1805=VECTOR('',#3073,39.3700787401575);
#1806=VECTOR('',#3074,39.3700787401575);
#1807=VECTOR('',#3075,39.3700787401575);
#1808=VECTOR('',#3076,39.3700787401575);
#1809=VECTOR('',#3077,39.3700787401575);
#1810=VECTOR('',#3078,39.3700787401575);
#1811=VECTOR('',#3079,39.3700787401575);
#1812=VECTOR('',#3080,39.3700787401575);
#1813=VECTOR('',#3081,39.3700787401575);
#1814=VECTOR('',#3082,39.3700787401575);
#1815=VECTOR('',#3085,39.3700787401575);
#1816=VECTOR('',#3086,39.3700787401575);
#1817=VECTOR('',#3087,39.3700787401575);
#1818=VECTOR('',#3090,39.3700787401575);
#1819=VECTOR('',#3091,39.3700787401575);
#1820=VECTOR('',#3094,39.3700787401575);
#1821=VECTOR('',#3095,39.3700787401575);
#1822=VECTOR('',#3096,39.3700787401575);
#1823=VECTOR('',#3099,39.3700787401575);
#1824=VECTOR('',#3100,39.3700787401575);
#1825=VECTOR('',#3103,39.3700787401575);
#1826=VECTOR('',#3106,39.3700787401575);
#1827=VECTOR('',#3107,39.3700787401575);
#1828=VECTOR('',#3108,39.3700787401575);
#1829=VECTOR('',#3117,39.3700787401575);
#1830=VECTOR('',#3120,39.3700787401575);
#1831=VECTOR('',#3121,39.3700787401575);
#1832=VECTOR('',#3122,39.3700787401575);
#1833=VECTOR('',#3123,39.3700787401575);
#1834=VECTOR('',#3128,39.3700787401575);
#1835=VECTOR('',#3129,39.3700787401575);
#1836=VECTOR('',#3130,39.3700787401575);
#1837=VECTOR('',#3133,39.3700787401575);
#1838=VECTOR('',#3134,39.3700787401575);
#1839=VECTOR('',#3137,39.3700787401575);
#1840=VECTOR('',#3138,39.3700787401575);
#1841=VECTOR('',#3141,39.3700787401575);
#1842=VECTOR('',#3146,39.3700787401575);
#1843=VECTOR('',#3147,39.3700787401575);
#1844=VECTOR('',#3148,39.3700787401575);
#1845=VECTOR('',#3151,39.3700787401575);
#1846=VECTOR('',#3154,39.3700787401575);
#1847=VECTOR('',#3159,39.3700787401575);
#1848=VECTOR('',#3160,39.3700787401575);
#1849=VECTOR('',#3161,39.3700787401575);
#1850=VECTOR('',#3164,39.3700787401575);
#1851=VECTOR('',#3165,39.3700787401575);
#1852=VECTOR('',#3166,39.3700787401575);
#1853=VECTOR('',#3169,39.3700787401575);
#1854=VECTOR('',#3170,39.3700787401575);
#1855=VECTOR('',#3177,39.3700787401575);
#1856=VECTOR('',#3178,39.3700787401575);
#1857=VECTOR('',#3179,39.3700787401575);
#1858=VECTOR('',#3180,39.3700787401575);
#1859=VECTOR('',#3183,39.3700787401575);
#1860=VECTOR('',#3184,39.3700787401575);
#1861=VECTOR('',#3187,39.3700787401575);
#1862=VECTOR('',#3188,39.3700787401575);
#1863=VECTOR('',#3197,39.3700787401575);
#1864=VECTOR('',#3198,39.3700787401575);
#1865=VECTOR('',#3199,39.3700787401575);
#1866=VECTOR('',#3200,39.3700787401575);
#1867=VECTOR('',#3203,39.3700787401575);
#1868=VECTOR('',#3204,39.3700787401575);
#1869=VECTOR('',#3205,39.3700787401575);
#1870=VECTOR('',#3206,39.3700787401575);
#1871=VECTOR('',#3207,39.3700787401575);
#1872=VECTOR('',#3210,39.3700787401575);
#1873=VECTOR('',#3211,39.3700787401575);
#1874=VECTOR('',#3212,39.3700787401575);
#1875=VECTOR('',#3215,39.3700787401575);
#1876=VECTOR('',#3216,39.3700787401575);
#1877=VECTOR('',#3217,39.3700787401575);
#1878=VECTOR('',#3218,39.3700787401575);
#1879=VECTOR('',#3223,39.3700787401575);
#1880=VECTOR('',#3226,39.3700787401575);
#1881=VECTOR('',#3227,39.3700787401575);
#1882=VECTOR('',#3228,39.3700787401575);
#1883=VECTOR('',#3229,39.3700787401575);
#1884=VECTOR('',#3230,39.3700787401575);
#1885=VECTOR('',#3233,39.3700787401575);
#1886=VECTOR('',#3234,39.3700787401575);
#1887=VECTOR('',#3235,39.3700787401575);
#1888=VECTOR('',#3238,39.3700787401575);
#1889=VECTOR('',#3239,39.3700787401575);
#1890=VECTOR('',#3240,39.3700787401575);
#1891=VECTOR('',#3243,39.3700787401575);
#1892=VECTOR('',#3246,39.3700787401575);
#1893=EDGE_LOOP('',(#92,#93,#94,#95,#96,#97,#98,#99,#100,#101,#102,#103,
#104,#105,#106,#107,#108,#109,#110,#111));
#1894=EDGE_LOOP('',(#112,#113,#114,#115,#116,#117,#118,#119,#120,#121,#122,
#123,#124,#125,#126,#127));
#1895=EDGE_LOOP('',(#128,#129,#130,#131));
#1896=EDGE_LOOP('',(#132,#133,#134));
#1897=EDGE_LOOP('',(#135,#136,#137));
#1898=EDGE_LOOP('',(#138,#139,#140));
#1899=EDGE_LOOP('',(#141,#142,#143,#144));
#1900=EDGE_LOOP('',(#145,#146,#147,#148,#149,#150,#151,#152,#153,#154,#155,
#156));
#1901=EDGE_LOOP('',(#157,#158,#159,#160,#161,#162,#163,#164,#165,#166,#167,
#168));
#1902=EDGE_LOOP('',(#169,#170,#171,#172));
#1903=EDGE_LOOP('',(#173,#174,#175,#176,#177,#178,#179,#180,#181,#182,#183,
#184));
#1904=EDGE_LOOP('',(#185,#186,#187,#188,#189,#190,#191,#192,#193,#194,#195,
#196));
#1905=EDGE_LOOP('',(#197,#198,#199));
#1906=EDGE_LOOP('',(#200,#201,#202,#203));
#1907=EDGE_LOOP('',(#204,#205,#206,#207));
#1908=EDGE_LOOP('',(#208,#209,#210,#211,#212));
#1909=EDGE_LOOP('',(#213,#214,#215,#216));
#1910=EDGE_LOOP('',(#217,#218,#219,#220,#221));
#1911=EDGE_LOOP('',(#222,#223,#224,#225));
#1912=EDGE_LOOP('',(#226,#227,#228,#229));
#1913=EDGE_LOOP('',(#230,#231,#232,#233));
#1914=EDGE_LOOP('',(#234,#235,#236,#237));
#1915=EDGE_LOOP('',(#238,#239,#240,#241));
#1916=EDGE_LOOP('',(#242,#243,#244,#245,#246));
#1917=EDGE_LOOP('',(#247,#248,#249,#250));
#1918=EDGE_LOOP('',(#251,#252,#253,#254,#255));
#1919=EDGE_LOOP('',(#256,#257,#258,#259));
#1920=EDGE_LOOP('',(#260,#261,#262,#263));
#1921=EDGE_LOOP('',(#264,#265,#266,#267));
#1922=EDGE_LOOP('',(#268,#269,#270,#271));
#1923=EDGE_LOOP('',(#272,#273,#274,#275));
#1924=EDGE_LOOP('',(#276,#277,#278,#279));
#1925=EDGE_LOOP('',(#280,#281,#282,#283));
#1926=EDGE_LOOP('',(#284,#285,#286,#287));
#1927=EDGE_LOOP('',(#288,#289,#290,#291));
#1928=EDGE_LOOP('',(#292,#293,#294,#295));
#1929=EDGE_LOOP('',(#296,#297,#298,#299));
#1930=EDGE_LOOP('',(#300,#301,#302,#303));
#1931=EDGE_LOOP('',(#304,#305,#306,#307));
#1932=EDGE_LOOP('',(#308,#309,#310,#311));
#1933=EDGE_LOOP('',(#312,#313,#314,#315));
#1934=EDGE_LOOP('',(#316,#317,#318,#319));
#1935=EDGE_LOOP('',(#320,#321,#322,#323,#324,#325,#326,#327,#328,#329));
#1936=EDGE_LOOP('',(#330,#331,#332,#333));
#1937=EDGE_LOOP('',(#334,#335,#336,#337));
#1938=EDGE_LOOP('',(#338,#339,#340,#341));
#1939=EDGE_LOOP('',(#342,#343,#344,#345));
#1940=EDGE_LOOP('',(#346,#347,#348,#349));
#1941=EDGE_LOOP('',(#350,#351,#352,#353));
#1942=EDGE_LOOP('',(#354,#355,#356,#357));
#1943=EDGE_LOOP('',(#358,#359,#360,#361));
#1944=EDGE_LOOP('',(#362,#363,#364,#365,#366,#367,#368,#369,#370,#371));
#1945=EDGE_LOOP('',(#372,#373,#374,#375));
#1946=EDGE_LOOP('',(#376,#377,#378,#379));
#1947=EDGE_LOOP('',(#380,#381,#382,#383));
#1948=EDGE_LOOP('',(#384,#385,#386,#387));
#1949=EDGE_LOOP('',(#388,#389,#390,#391));
#1950=EDGE_LOOP('',(#392,#393,#394,#395));
#1951=EDGE_LOOP('',(#396,#397,#398,#399));
#1952=EDGE_LOOP('',(#400,#401,#402,#403));
#1953=EDGE_LOOP('',(#404,#405,#406,#407));
#1954=EDGE_LOOP('',(#408,#409,#410,#411));
#1955=EDGE_LOOP('',(#412,#413,#414,#415));
#1956=EDGE_LOOP('',(#416,#417,#418,#419));
#1957=EDGE_LOOP('',(#420,#421,#422,#423));
#1958=EDGE_LOOP('',(#424,#425,#426,#427));
#1959=EDGE_LOOP('',(#428,#429,#430,#431));
#1960=EDGE_LOOP('',(#432,#433,#434,#435));
#1961=EDGE_LOOP('',(#436,#437,#438,#439));
#1962=EDGE_LOOP('',(#440,#441,#442,#443));
#1963=EDGE_LOOP('',(#444,#445,#446,#447));
#1964=EDGE_LOOP('',(#448,#449,#450,#451));
#1965=EDGE_LOOP('',(#452,#453,#454,#455));
#1966=EDGE_LOOP('',(#456,#457,#458,#459));
#1967=EDGE_LOOP('',(#460,#461,#462,#463));
#1968=EDGE_LOOP('',(#464,#465,#466,#467));
#1969=EDGE_LOOP('',(#468,#469,#470,#471));
#1970=EDGE_LOOP('',(#472,#473,#474,#475));
#1971=EDGE_LOOP('',(#476,#477,#478,#479));
#1972=EDGE_LOOP('',(#480,#481,#482,#483));
#1973=EDGE_LOOP('',(#484,#485,#486,#487));
#1974=EDGE_LOOP('',(#488,#489,#490,#491));
#1975=EDGE_LOOP('',(#492,#493,#494,#495));
#1976=EDGE_LOOP('',(#496,#497,#498,#499));
#1977=EDGE_LOOP('',(#500,#501,#502,#503));
#1978=EDGE_LOOP('',(#504,#505,#506,#507));
#1979=EDGE_LOOP('',(#508,#509,#510,#511));
#1980=EDGE_LOOP('',(#512,#513,#514,#515));
#1981=EDGE_LOOP('',(#516,#517,#518,#519,#520,#521,#522,#523));
#1982=EDGE_LOOP('',(#524,#525,#526,#527));
#1983=EDGE_LOOP('',(#528,#529,#530,#531,#532,#533,#534,#535,#536,#537,#538,
#539));
#1984=EDGE_LOOP('',(#540,#541,#542,#543,#544,#545,#546,#547,#548,#549,#550,
#551,#552,#553,#554,#555,#556,#557,#558,#559));
#1985=EDGE_LOOP('',(#560,#561,#562,#563,#564));
#1986=EDGE_LOOP('',(#565,#566,#567,#568));
#1987=EDGE_LOOP('',(#569,#570,#571,#572,#573));
#1988=EDGE_LOOP('',(#574,#575,#576,#577));
#1989=EDGE_LOOP('',(#578,#579,#580,#581));
#1990=EDGE_LOOP('',(#582,#583,#584,#585,#586,#587,#588,#589));
#1991=EDGE_LOOP('',(#590,#591,#592,#593));
#1992=EDGE_LOOP('',(#594,#595,#596,#597));
#1993=EDGE_LOOP('',(#598,#599,#600,#601));
#1994=EDGE_LOOP('',(#602,#603,#604,#605));
#1995=EDGE_LOOP('',(#606,#607,#608,#609,#610,#611,#612,#613));
#1996=EDGE_LOOP('',(#614,#615,#616,#617));
#1997=EDGE_LOOP('',(#618,#619,#620,#621));
#1998=EDGE_LOOP('',(#622,#623,#624,#625));
#1999=EDGE_LOOP('',(#626,#627,#628,#629));
#2000=EDGE_LOOP('',(#630,#631,#632,#633));
#2001=EDGE_LOOP('',(#634,#635,#636,#637));
#2002=EDGE_LOOP('',(#638,#639,#640,#641));
#2003=EDGE_LOOP('',(#642,#643,#644,#645));
#2004=EDGE_LOOP('',(#646,#647,#648,#649));
#2005=EDGE_LOOP('',(#650,#651,#652,#653));
#2006=EDGE_LOOP('',(#654,#655,#656,#657));
#2007=EDGE_LOOP('',(#658,#659,#660,#661));
#2008=EDGE_LOOP('',(#662,#663,#664,#665));
#2009=EDGE_LOOP('',(#666,#667,#668,#669));
#2010=EDGE_LOOP('',(#670,#671,#672,#673));
#2011=EDGE_LOOP('',(#674,#675,#676,#677));
#2012=EDGE_LOOP('',(#678,#679,#680,#681));
#2013=EDGE_LOOP('',(#682,#683,#684,#685));
#2014=EDGE_LOOP('',(#686,#687,#688,#689));
#2015=EDGE_LOOP('',(#690,#691,#692,#693));
#2016=EDGE_LOOP('',(#694,#695,#696,#697));
#2017=EDGE_LOOP('',(#698,#699,#700,#701,#702,#703));
#2018=EDGE_LOOP('',(#704,#705,#706,#707));
#2019=EDGE_LOOP('',(#708,#709,#710,#711,#712,#713));
#2020=EDGE_LOOP('',(#714,#715,#716,#717));
#2021=EDGE_LOOP('',(#718,#719,#720,#721));
#2022=EDGE_LOOP('',(#722,#723,#724,#725,#726,#727,#728,#729));
#2023=EDGE_LOOP('',(#730,#731,#732,#733,#734,#735,#736,#737));
#2024=EDGE_LOOP('',(#738,#739,#740,#741));
#2025=EDGE_LOOP('',(#742,#743,#744,#745));
#2026=EDGE_LOOP('',(#746,#747,#748,#749));
#2027=EDGE_LOOP('',(#750,#751,#752,#753));
#2028=FACE_BOUND('',#1893,.T.);
#2029=FACE_BOUND('',#1894,.T.);
#2030=FACE_BOUND('',#1895,.T.);
#2031=FACE_BOUND('',#1896,.T.);
#2032=FACE_BOUND('',#1897,.T.);
#2033=FACE_BOUND('',#1898,.T.);
#2034=FACE_BOUND('',#1899,.T.);
#2035=FACE_BOUND('',#1900,.T.);
#2036=FACE_BOUND('',#1901,.T.);
#2037=FACE_BOUND('',#1902,.T.);
#2038=FACE_BOUND('',#1903,.T.);
#2039=FACE_BOUND('',#1904,.T.);
#2040=FACE_BOUND('',#1905,.T.);
#2041=FACE_BOUND('',#1906,.T.);
#2042=FACE_BOUND('',#1907,.T.);
#2043=FACE_BOUND('',#1908,.T.);
#2044=FACE_BOUND('',#1909,.T.);
#2045=FACE_BOUND('',#1910,.T.);
#2046=FACE_BOUND('',#1911,.T.);
#2047=FACE_BOUND('',#1912,.T.);
#2048=FACE_BOUND('',#1913,.T.);
#2049=FACE_BOUND('',#1914,.T.);
#2050=FACE_BOUND('',#1915,.T.);
#2051=FACE_BOUND('',#1916,.T.);
#2052=FACE_BOUND('',#1917,.T.);
#2053=FACE_BOUND('',#1918,.T.);
#2054=FACE_BOUND('',#1919,.T.);
#2055=FACE_BOUND('',#1920,.T.);
#2056=FACE_BOUND('',#1921,.T.);
#2057=FACE_BOUND('',#1922,.T.);
#2058=FACE_BOUND('',#1923,.T.);
#2059=FACE_BOUND('',#1924,.T.);
#2060=FACE_BOUND('',#1925,.T.);
#2061=FACE_BOUND('',#1926,.T.);
#2062=FACE_BOUND('',#1927,.T.);
#2063=FACE_BOUND('',#1928,.T.);
#2064=FACE_BOUND('',#1929,.T.);
#2065=FACE_BOUND('',#1930,.T.);
#2066=FACE_BOUND('',#1931,.T.);
#2067=FACE_BOUND('',#1932,.T.);
#2068=FACE_BOUND('',#1933,.T.);
#2069=FACE_BOUND('',#1934,.T.);
#2070=FACE_BOUND('',#1935,.T.);
#2071=FACE_BOUND('',#1936,.T.);
#2072=FACE_BOUND('',#1937,.T.);
#2073=FACE_BOUND('',#1938,.T.);
#2074=FACE_BOUND('',#1939,.T.);
#2075=FACE_BOUND('',#1940,.T.);
#2076=FACE_BOUND('',#1941,.T.);
#2077=FACE_BOUND('',#1942,.T.);
#2078=FACE_BOUND('',#1943,.T.);
#2079=FACE_BOUND('',#1944,.T.);
#2080=FACE_BOUND('',#1945,.T.);
#2081=FACE_BOUND('',#1946,.T.);
#2082=FACE_BOUND('',#1947,.T.);
#2083=FACE_BOUND('',#1948,.T.);
#2084=FACE_BOUND('',#1949,.T.);
#2085=FACE_BOUND('',#1950,.T.);
#2086=FACE_BOUND('',#1951,.T.);
#2087=FACE_BOUND('',#1952,.T.);
#2088=FACE_BOUND('',#1953,.T.);
#2089=FACE_BOUND('',#1954,.T.);
#2090=FACE_BOUND('',#1955,.T.);
#2091=FACE_BOUND('',#1956,.T.);
#2092=FACE_BOUND('',#1957,.T.);
#2093=FACE_BOUND('',#1958,.T.);
#2094=FACE_BOUND('',#1959,.T.);
#2095=FACE_BOUND('',#1960,.T.);
#2096=FACE_BOUND('',#1961,.T.);
#2097=FACE_BOUND('',#1962,.T.);
#2098=FACE_BOUND('',#1963,.T.);
#2099=FACE_BOUND('',#1964,.T.);
#2100=FACE_BOUND('',#1965,.T.);
#2101=FACE_BOUND('',#1966,.T.);
#2102=FACE_BOUND('',#1967,.T.);
#2103=FACE_BOUND('',#1968,.T.);
#2104=FACE_BOUND('',#1969,.T.);
#2105=FACE_BOUND('',#1970,.T.);
#2106=FACE_BOUND('',#1971,.T.);
#2107=FACE_BOUND('',#1972,.T.);
#2108=FACE_BOUND('',#1973,.T.);
#2109=FACE_BOUND('',#1974,.T.);
#2110=FACE_BOUND('',#1975,.T.);
#2111=FACE_BOUND('',#1976,.T.);
#2112=FACE_BOUND('',#1977,.T.);
#2113=FACE_BOUND('',#1978,.T.);
#2114=FACE_BOUND('',#1979,.T.);
#2115=FACE_BOUND('',#1980,.T.);
#2116=FACE_BOUND('',#1981,.T.);
#2117=FACE_BOUND('',#1982,.T.);
#2118=FACE_BOUND('',#1983,.T.);
#2119=FACE_BOUND('',#1984,.T.);
#2120=FACE_BOUND('',#1985,.T.);
#2121=FACE_BOUND('',#1986,.T.);
#2122=FACE_BOUND('',#1987,.T.);
#2123=FACE_BOUND('',#1988,.T.);
#2124=FACE_BOUND('',#1989,.T.);
#2125=FACE_BOUND('',#1990,.T.);
#2126=FACE_BOUND('',#1991,.T.);
#2127=FACE_BOUND('',#1992,.T.);
#2128=FACE_BOUND('',#1993,.T.);
#2129=FACE_BOUND('',#1994,.T.);
#2130=FACE_BOUND('',#1995,.T.);
#2131=FACE_BOUND('',#1996,.T.);
#2132=FACE_BOUND('',#1997,.T.);
#2133=FACE_BOUND('',#1998,.T.);
#2134=FACE_BOUND('',#1999,.T.);
#2135=FACE_BOUND('',#2000,.T.);
#2136=FACE_BOUND('',#2001,.T.);
#2137=FACE_BOUND('',#2002,.T.);
#2138=FACE_BOUND('',#2003,.T.);
#2139=FACE_BOUND('',#2004,.T.);
#2140=FACE_BOUND('',#2005,.T.);
#2141=FACE_BOUND('',#2006,.T.);
#2142=FACE_BOUND('',#2007,.T.);
#2143=FACE_BOUND('',#2008,.T.);
#2144=FACE_BOUND('',#2009,.T.);
#2145=FACE_BOUND('',#2010,.T.);
#2146=FACE_BOUND('',#2011,.T.);
#2147=FACE_BOUND('',#2012,.T.);
#2148=FACE_BOUND('',#2013,.T.);
#2149=FACE_BOUND('',#2014,.T.);
#2150=FACE_BOUND('',#2015,.T.);
#2151=FACE_BOUND('',#2016,.T.);
#2152=FACE_BOUND('',#2017,.T.);
#2153=FACE_BOUND('',#2018,.T.);
#2154=FACE_BOUND('',#2019,.T.);
#2155=FACE_BOUND('',#2020,.T.);
#2156=FACE_BOUND('',#2021,.T.);
#2157=FACE_BOUND('',#2022,.T.);
#2158=FACE_BOUND('',#2023,.T.);
#2159=FACE_BOUND('',#2024,.T.);
#2160=FACE_BOUND('',#2025,.T.);
#2161=FACE_BOUND('',#2026,.T.);
#2162=FACE_BOUND('',#2027,.T.);
#2163=PLANE('',#2454);
#2164=PLANE('',#2455);
#2165=PLANE('',#2464);
#2166=PLANE('',#2466);
#2167=PLANE('',#2468);
#2168=PLANE('',#2470);
#2169=PLANE('',#2473);
#2170=PLANE('',#2474);
#2171=PLANE('',#2477);
#2172=PLANE('',#2478);
#2173=PLANE('',#2480);
#2174=PLANE('',#2485);
#2175=PLANE('',#2490);
#2176=PLANE('',#2491);
#2177=PLANE('',#2494);
#2178=PLANE('',#2497);
#2179=PLANE('',#2500);
#2180=PLANE('',#2503);
#2181=PLANE('',#2504);
#2182=PLANE('',#2505);
#2183=PLANE('',#2506);
#2184=PLANE('',#2507);
#2185=PLANE('',#2508);
#2186=PLANE('',#2511);
#2187=PLANE('',#2512);
#2188=PLANE('',#2513);
#2189=PLANE('',#2514);
#2190=PLANE('',#2515);
#2191=PLANE('',#2518);
#2192=PLANE('',#2519);
#2193=PLANE('',#2522);
#2194=PLANE('',#2523);
#2195=PLANE('',#2524);
#2196=PLANE('',#2525);
#2197=PLANE('',#2526);
#2198=PLANE('',#2529);
#2199=PLANE('',#2530);
#2200=PLANE('',#2532);
#2201=PLANE('',#2533);
#2202=PLANE('',#2534);
#2203=PLANE('',#2535);
#2204=PLANE('',#2536);
#2205=PLANE('',#2537);
#2206=PLANE('',#2538);
#2207=PLANE('',#2539);
#2208=PLANE('',#2540);
#2209=PLANE('',#2541);
#2210=PLANE('',#2542);
#2211=PLANE('',#2543);
#2212=PLANE('',#2544);
#2213=PLANE('',#2545);
#2214=PLANE('',#2546);
#2215=PLANE('',#2547);
#2216=PLANE('',#2548);
#2217=PLANE('',#2549);
#2218=PLANE('',#2550);
#2219=PLANE('',#2554);
#2220=PLANE('',#2555);
#2221=PLANE('',#2556);
#2222=PLANE('',#2557);
#2223=PLANE('',#2561);
#2224=PLANE('',#2562);
#2225=PLANE('',#2563);
#2226=PLANE('',#2564);
#2227=PLANE('',#2568);
#2228=PLANE('',#2569);
#2229=PLANE('',#2570);
#2230=PLANE('',#2572);
#2231=PLANE('',#2573);
#2232=PLANE('',#2574);
#2233=PLANE('',#2575);
#2234=PLANE('',#2576);
#2235=PLANE('',#2577);
#2236=PLANE('',#2578);
#2237=PLANE('',#2579);
#2238=PLANE('',#2580);
#2239=PLANE('',#2581);
#2240=PLANE('',#2582);
#2241=PLANE('',#2583);
#2242=PLANE('',#2584);
#2243=PLANE('',#2585);
#2244=PLANE('',#2586);
#2245=PLANE('',#2587);
#2246=PLANE('',#2588);
#2247=PLANE('',#2589);
#2248=PLANE('',#2590);
#2249=PLANE('',#2591);
#2250=PLANE('',#2592);
#2251=PLANE('',#2593);
#2252=PLANE('',#2594);
#2253=PLANE('',#2595);
#2254=PLANE('',#2596);
#2255=PLANE('',#2597);
#2256=PLANE('',#2598);
#2257=PLANE('',#2599);
#2258=PLANE('',#2600);
#2259=PLANE('',#2601);
#2260=PLANE('',#2602);
#2261=PLANE('',#2603);
#2262=PLANE('',#2604);
#2263=PLANE('',#2605);
#2264=PLANE('',#2607);
#2265=PLANE('',#2608);
#2266=PLANE('',#2609);
#2267=PLANE('',#2610);
#2268=PLANE('',#2611);
#2269=PLANE('',#2612);
#2270=PLANE('',#2613);
#2271=PLANE('',#2614);
#2272=PLANE('',#2615);
#2273=PLANE('',#2616);
#2274=PLANE('',#2617);
#2275=PLANE('',#2618);
#2276=ADVANCED_FACE('',(#2028),#2163,.T.);
#2277=ADVANCED_FACE('',(#2029,#2030),#2164,.F.);
#2278=ADVANCED_FACE('',(#2031),#2165,.F.);
#2279=ADVANCED_FACE('',(#2032),#2166,.F.);
#2280=ADVANCED_FACE('',(#2033),#2167,.F.);
#2281=ADVANCED_FACE('',(#2034,#2035),#2168,.F.);
#2282=ADVANCED_FACE('',(#2036),#2169,.F.);
#2283=ADVANCED_FACE('',(#2037,#2038),#2170,.F.);
#2284=ADVANCED_FACE('',(#2039),#2171,.F.);
#2285=ADVANCED_FACE('',(#2040),#2172,.F.);
#2286=ADVANCED_FACE('',(#2041),#2173,.T.);
#2287=ADVANCED_FACE('',(#2042),#43,.T.);
#2288=ADVANCED_FACE('',(#2043),#44,.T.);
#2289=ADVANCED_FACE('',(#2044),#2174,.F.);
#2290=ADVANCED_FACE('',(#2045),#45,.T.);
#2291=ADVANCED_FACE('',(#2046),#46,.T.);
#2292=ADVANCED_FACE('',(#2047),#2175,.T.);
#2293=ADVANCED_FACE('',(#2048),#2176,.F.);
#2294=ADVANCED_FACE('',(#2049),#47,.T.);
#2295=ADVANCED_FACE('',(#2050),#2177,.T.);
#2296=ADVANCED_FACE('',(#2051),#48,.T.);
#2297=ADVANCED_FACE('',(#2052),#2178,.F.);
#2298=ADVANCED_FACE('',(#2053),#49,.T.);
#2299=ADVANCED_FACE('',(#2054),#2179,.T.);
#2300=ADVANCED_FACE('',(#2055),#50,.T.);
#2301=ADVANCED_FACE('',(#2056),#2180,.F.);
#2302=ADVANCED_FACE('',(#2057),#2181,.T.);
#2303=ADVANCED_FACE('',(#2058),#2182,.T.);
#2304=ADVANCED_FACE('',(#2059),#2183,.T.);
#2305=ADVANCED_FACE('',(#2060),#2184,.T.);
#2306=ADVANCED_FACE('',(#2061),#2185,.F.);
#2307=ADVANCED_FACE('',(#2062),#51,.T.);
#2308=ADVANCED_FACE('',(#2063),#2186,.T.);
#2309=ADVANCED_FACE('',(#2064),#2187,.T.);
#2310=ADVANCED_FACE('',(#2065),#2188,.T.);
#2311=ADVANCED_FACE('',(#2066),#2189,.T.);
#2312=ADVANCED_FACE('',(#2067),#2190,.T.);
#2313=ADVANCED_FACE('',(#2068),#52,.T.);
#2314=ADVANCED_FACE('',(#2069),#2191,.T.);
#2315=ADVANCED_FACE('',(#2070),#2192,.F.);
#2316=ADVANCED_FACE('',(#2071),#53,.T.);
#2317=ADVANCED_FACE('',(#2072),#2193,.F.);
#2318=ADVANCED_FACE('',(#2073),#2194,.F.);
#2319=ADVANCED_FACE('',(#2074),#2195,.F.);
#2320=ADVANCED_FACE('',(#2075),#2196,.F.);
#2321=ADVANCED_FACE('',(#2076),#2197,.F.);
#2322=ADVANCED_FACE('',(#2077),#54,.T.);
#2323=ADVANCED_FACE('',(#2078),#2198,.F.);
#2324=ADVANCED_FACE('',(#2079),#2199,.T.);
#2325=ADVANCED_FACE('',(#2080),#2200,.F.);
#2326=ADVANCED_FACE('',(#2081),#2201,.F.);
#2327=ADVANCED_FACE('',(#2082),#2202,.F.);
#2328=ADVANCED_FACE('',(#2083),#2203,.F.);
#2329=ADVANCED_FACE('',(#2084),#2204,.T.);
#2330=ADVANCED_FACE('',(#2085,#2086,#2087,#2088),#2205,.F.);
#2331=ADVANCED_FACE('',(#2089),#2206,.F.);
#2332=ADVANCED_FACE('',(#2090),#2207,.F.);
#2333=ADVANCED_FACE('',(#2091),#2208,.F.);
#2334=ADVANCED_FACE('',(#2092),#2209,.F.);
#2335=ADVANCED_FACE('',(#2093),#2210,.F.);
#2336=ADVANCED_FACE('',(#2094),#2211,.F.);
#2337=ADVANCED_FACE('',(#2095),#2212,.F.);
#2338=ADVANCED_FACE('',(#2096),#2213,.F.);
#2339=ADVANCED_FACE('',(#2097),#2214,.F.);
#2340=ADVANCED_FACE('',(#2098),#2215,.F.);
#2341=ADVANCED_FACE('',(#2099),#2216,.F.);
#2342=ADVANCED_FACE('',(#2100),#2217,.F.);
#2343=ADVANCED_FACE('',(#2101),#2218,.F.);
#2344=ADVANCED_FACE('',(#2102),#55,.T.);
#2345=ADVANCED_FACE('',(#2103),#2219,.F.);
#2346=ADVANCED_FACE('',(#2104),#2220,.T.);
#2347=ADVANCED_FACE('',(#2105),#2221,.F.);
#2348=ADVANCED_FACE('',(#2106),#2222,.F.);
#2349=ADVANCED_FACE('',(#2107),#56,.T.);
#2350=ADVANCED_FACE('',(#2108),#2223,.F.);
#2351=ADVANCED_FACE('',(#2109),#2224,.T.);
#2352=ADVANCED_FACE('',(#2110),#2225,.F.);
#2353=ADVANCED_FACE('',(#2111),#2226,.F.);
#2354=ADVANCED_FACE('',(#2112),#57,.T.);
#2355=ADVANCED_FACE('',(#2113),#2227,.F.);
#2356=ADVANCED_FACE('',(#2114),#2228,.T.);
#2357=ADVANCED_FACE('',(#2115),#2229,.F.);
#2358=ADVANCED_FACE('',(#2116),#2230,.T.);
#2359=ADVANCED_FACE('',(#2117,#2118),#2231,.T.);
#2360=ADVANCED_FACE('',(#2119),#2232,.F.);
#2361=ADVANCED_FACE('',(#2120),#2233,.F.);
#2362=ADVANCED_FACE('',(#2121),#2234,.F.);
#2363=ADVANCED_FACE('',(#2122),#2235,.F.);
#2364=ADVANCED_FACE('',(#2123),#2236,.F.);
#2365=ADVANCED_FACE('',(#2124),#2237,.F.);
#2366=ADVANCED_FACE('',(#2125),#2238,.F.);
#2367=ADVANCED_FACE('',(#2126),#2239,.F.);
#2368=ADVANCED_FACE('',(#2127),#2240,.T.);
#2369=ADVANCED_FACE('',(#2128),#2241,.T.);
#2370=ADVANCED_FACE('',(#2129),#2242,.T.);
#2371=ADVANCED_FACE('',(#2130),#2243,.T.);
#2372=ADVANCED_FACE('',(#2131),#2244,.T.);
#2373=ADVANCED_FACE('',(#2132),#2245,.F.);
#2374=ADVANCED_FACE('',(#2133),#2246,.F.);
#2375=ADVANCED_FACE('',(#2134),#2247,.F.);
#2376=ADVANCED_FACE('',(#2135),#2248,.F.);
#2377=ADVANCED_FACE('',(#2136),#2249,.T.);
#2378=ADVANCED_FACE('',(#2137),#2250,.F.);
#2379=ADVANCED_FACE('',(#2138),#2251,.F.);
#2380=ADVANCED_FACE('',(#2139),#2252,.F.);
#2381=ADVANCED_FACE('',(#2140),#2253,.T.);
#2382=ADVANCED_FACE('',(#2141),#2254,.F.);
#2383=ADVANCED_FACE('',(#2142),#2255,.F.);
#2384=ADVANCED_FACE('',(#2143),#2256,.F.);
#2385=ADVANCED_FACE('',(#2144),#2257,.T.);
#2386=ADVANCED_FACE('',(#2145),#2258,.F.);
#2387=ADVANCED_FACE('',(#2146),#2259,.F.);
#2388=ADVANCED_FACE('',(#2147),#2260,.F.);
#2389=ADVANCED_FACE('',(#2148),#2261,.F.);
#2390=ADVANCED_FACE('',(#2149),#2262,.F.);
#2391=ADVANCED_FACE('',(#2150),#2263,.T.);
#2392=ADVANCED_FACE('',(#2151),#2264,.F.);
#2393=ADVANCED_FACE('',(#2152),#2265,.F.);
#2394=ADVANCED_FACE('',(#2153),#2266,.F.);
#2395=ADVANCED_FACE('',(#2154),#2267,.F.);
#2396=ADVANCED_FACE('',(#2155),#2268,.T.);
#2397=ADVANCED_FACE('',(#2156),#2269,.T.);
#2398=ADVANCED_FACE('',(#2157),#2270,.T.);
#2399=ADVANCED_FACE('',(#2158),#2271,.T.);
#2400=ADVANCED_FACE('',(#2159),#2272,.T.);
#2401=ADVANCED_FACE('',(#2160),#2273,.T.);
#2402=ADVANCED_FACE('',(#2161),#2274,.T.);
#2403=ADVANCED_FACE('',(#2162),#2275,.F.);
#2404=CLOSED_SHELL('',(#2276,#2277,#2278,#2279,#2280,#2281,#2282,#2283,
#2284,#2285,#2286,#2287,#2288,#2289,#2290,#2291,#2292,#2293,#2294,#2295,
#2296,#2297,#2298,#2299,#2300,#2301,#2302,#2303,#2304,#2305,#2306,#2307,
#2308,#2309,#2310,#2311,#2312,#2313,#2314,#2315,#2316,#2317,#2318,#2319,
#2320,#2321,#2322,#2323,#2324));
#2405=CLOSED_SHELL('',(#2325,#2326,#2327,#2328,#2329,#2330,#2331,#2332,
#2333,#2334,#2335,#2336,#2337,#2338,#2339,#2340,#2341,#2342,#2343,#2344,
#2345,#2346,#2347,#2348,#2349,#2350,#2351,#2352,#2353,#2354,#2355,#2356,
#2357));
#2406=CLOSED_SHELL('',(#2358,#2359,#2360,#2361,#2362,#2363,#2364,#2365,
#2366,#2367,#2368,#2369,#2370,#2371,#2372,#2373,#2374,#2375,#2376,#2377,
#2378,#2379,#2380,#2381,#2382,#2383,#2384,#2385,#2386,#2387,#2388,#2389,
#2390,#2391));
#2407=CLOSED_SHELL('',(#2392,#2393,#2394,#2395,#2396,#2397,#2398,#2399,
#2400,#2401,#2402,#2403));
#2408=STYLED_ITEM('',(#2412),#2439);
#2409=STYLED_ITEM('',(#2413),#2440);
#2410=STYLED_ITEM('',(#2414),#2441);
#2411=STYLED_ITEM('',(#2415),#2442);
#2412=PRESENTATION_STYLE_ASSIGNMENT((#2416));
#2413=PRESENTATION_STYLE_ASSIGNMENT((#2417));
#2414=PRESENTATION_STYLE_ASSIGNMENT((#2418));
#2415=PRESENTATION_STYLE_ASSIGNMENT((#2419));
#2416=SURFACE_STYLE_USAGE(.BOTH.,#2420);
#2417=SURFACE_STYLE_USAGE(.BOTH.,#2421);
#2418=SURFACE_STYLE_USAGE(.BOTH.,#2422);
#2419=SURFACE_STYLE_USAGE(.BOTH.,#2423);
#2420=SURFACE_SIDE_STYLE('',(#2424));
#2421=SURFACE_SIDE_STYLE('',(#2425));
#2422=SURFACE_SIDE_STYLE('',(#2426));
#2423=SURFACE_SIDE_STYLE('',(#2427));
#2424=SURFACE_STYLE_FILL_AREA(#2428);
#2425=SURFACE_STYLE_FILL_AREA(#2429);
#2426=SURFACE_STYLE_FILL_AREA(#2430);
#2427=SURFACE_STYLE_FILL_AREA(#2431);
#2428=FILL_AREA_STYLE('',(#2432));
#2429=FILL_AREA_STYLE('',(#2433));
#2430=FILL_AREA_STYLE('',(#2434));
#2431=FILL_AREA_STYLE('',(#2435));
#2432=FILL_AREA_STYLE_COLOUR('',#2436);
#2433=FILL_AREA_STYLE_COLOUR('',#2437);
#2434=FILL_AREA_STYLE_COLOUR('',#2438);
#2435=FILL_AREA_STYLE_COLOUR('',#18);
#2436=COLOUR_RGB('',0.5,0.5,0.5);
#2437=COLOUR_RGB('',0.961000025272369,0.885999977588654,0.344999998807907);
#2438=COLOUR_RGB('',0.689999997615814,0.689999997615814,0.689999997615814);
#2439=MANIFOLD_SOLID_BREP('SS12SDH4body2',#2404);
#2440=MANIFOLD_SOLID_BREP('SS12SDH4trmd',#2405);
#2441=MANIFOLD_SOLID_BREP('SS12SDH4side',#2406);
#2442=MANIFOLD_SOLID_BREP('SS12SDH4actus',#2407);
#2443=SHAPE_DEFINITION_REPRESENTATION(#3946,#2448);
#2444=SHAPE_DEFINITION_REPRESENTATION(#3947,#2449);
#2445=SHAPE_DEFINITION_REPRESENTATION(#3949,#2450);
#2446=SHAPE_DEFINITION_REPRESENTATION(#3951,#2451);
#2447=SHAPE_DEFINITION_REPRESENTATION(#3953,#2452);
#2448=SHAPE_REPRESENTATION('SS12SDH4',(#2453,#2531,#2571,#2606,#2619),#3930);
#2449=SHAPE_REPRESENTATION('SS12SDH4body2',(#2453),#3931);
#2450=SHAPE_REPRESENTATION('SS12SDH4trmd',(#2453),#3932);
#2451=SHAPE_REPRESENTATION('SS12SDH4side',(#2453),#3933);
#2452=SHAPE_REPRESENTATION('SS12SDH4actus',(#2453),#3934);
#2453=AXIS2_PLACEMENT_3D('',#3251,#2620,#2621);
#2454=AXIS2_PLACEMENT_3D('',#3252,#2622,#2623);
#2455=AXIS2_PLACEMENT_3D('',#3293,#2644,#2645);
#2456=AXIS2_PLACEMENT_3D('',#3297,#2647,#2648);
#2457=AXIS2_PLACEMENT_3D('',#3301,#2650,#2651);
#2458=AXIS2_PLACEMENT_3D('',#3305,#2653,#2654);
#2459=AXIS2_PLACEMENT_3D('',#3309,#2656,#2657);
#2460=AXIS2_PLACEMENT_3D('',#3313,#2659,#2660);
#2461=AXIS2_PLACEMENT_3D('',#3317,#2662,#2663);
#2462=AXIS2_PLACEMENT_3D('',#3321,#2665,#2666);
#2463=AXIS2_PLACEMENT_3D('',#3325,#2668,#2669);
#2464=AXIS2_PLACEMENT_3D('',#3334,#2674,#2675);
#2465=AXIS2_PLACEMENT_3D('',#3338,#2677,#2678);
#2466=AXIS2_PLACEMENT_3D('',#3340,#2680,#2681);
#2467=AXIS2_PLACEMENT_3D('',#3343,#2683,#2684);
#2468=AXIS2_PLACEMENT_3D('',#3346,#2686,#2687);
#2469=AXIS2_PLACEMENT_3D('',#3349,#2689,#2690);
#2470=AXIS2_PLACEMENT_3D('',#3352,#2692,#2693);
#2471=AXIS2_PLACEMENT_3D('',#3363,#2700,#2701);
#2472=AXIS2_PLACEMENT_3D('',#3367,#2703,#2704);
#2473=AXIS2_PLACEMENT_3D('',#3371,#2707,#2708);
#2474=AXIS2_PLACEMENT_3D('',#3383,#2716,#2717);
#2475=AXIS2_PLACEMENT_3D('',#3392,#2723,#2724);
#2476=AXIS2_PLACEMENT_3D('',#3396,#2726,#2727);
#2477=AXIS2_PLACEMENT_3D('',#3399,#2729,#2730);
#2478=AXIS2_PLACEMENT_3D('',#3412,#2738,#2739);
#2479=AXIS2_PLACEMENT_3D('',#3413,#2740,#2741);
#2480=AXIS2_PLACEMENT_3D('',#3414,#2742,#2743);
#2481=AXIS2_PLACEMENT_3D('',#3420,#2747,#2748);
#2482=AXIS2_PLACEMENT_3D('',#3421,#2749,#2750);
#2483=AXIS2_PLACEMENT_3D('',#3422,#2751,#2752);
#2484=AXIS2_PLACEMENT_3D('',#3423,#2753,#2754);
#2485=AXIS2_PLACEMENT_3D('',#3424,#2755,#2756);
#2486=AXIS2_PLACEMENT_3D('',#3425,#2757,#2758);
#2487=AXIS2_PLACEMENT_3D('',#3428,#2760,#2761);
#2488=AXIS2_PLACEMENT_3D('',#3429,#2762,#2763);
#2489=AXIS2_PLACEMENT_3D('',#3430,#2764,#2765);
#2490=AXIS2_PLACEMENT_3D('',#3433,#2767,#2768);
#2491=AXIS2_PLACEMENT_3D('',#3435,#2770,#2771);
#2492=AXIS2_PLACEMENT_3D('',#3436,#2772,#2773);
#2493=AXIS2_PLACEMENT_3D('',#3437,#2774,#2775);
#2494=AXIS2_PLACEMENT_3D('',#3440,#2777,#2778);
#2495=AXIS2_PLACEMENT_3D('',#3444,#2781,#2782);
#2496=AXIS2_PLACEMENT_3D('',#3445,#2783,#2784);
#2497=AXIS2_PLACEMENT_3D('',#3446,#2785,#2786);
#2498=AXIS2_PLACEMENT_3D('',#3447,#2787,#2788);
#2499=AXIS2_PLACEMENT_3D('',#3448,#2789,#2790);
#2500=AXIS2_PLACEMENT_3D('',#3451,#2792,#2793);
#2501=AXIS2_PLACEMENT_3D('',#3455,#2796,#2797);
#2502=AXIS2_PLACEMENT_3D('',#3456,#2798,#2799);
#2503=AXIS2_PLACEMENT_3D('',#3457,#2800,#2801);
#2504=AXIS2_PLACEMENT_3D('',#3458,#2802,#2803);
#2505=AXIS2_PLACEMENT_3D('',#3464,#2807,#2808);
#2506=AXIS2_PLACEMENT_3D('',#3468,#2811,#2812);
#2507=AXIS2_PLACEMENT_3D('',#3472,#2815,#2816);
#2508=AXIS2_PLACEMENT_3D('',#3474,#2818,#2819);
#2509=AXIS2_PLACEMENT_3D('',#3475,#2820,#2821);
#2510=AXIS2_PLACEMENT_3D('',#3478,#2823,#2824);
#2511=AXIS2_PLACEMENT_3D('',#3481,#2826,#2827);
#2512=AXIS2_PLACEMENT_3D('',#3483,#2829,#2830);
#2513=AXIS2_PLACEMENT_3D('',#3487,#2833,#2834);
#2514=AXIS2_PLACEMENT_3D('',#3491,#2837,#2838);
#2515=AXIS2_PLACEMENT_3D('',#3493,#2840,#2841);
#2516=AXIS2_PLACEMENT_3D('',#3497,#2844,#2845);
#2517=AXIS2_PLACEMENT_3D('',#3498,#2846,#2847);
#2518=AXIS2_PLACEMENT_3D('',#3501,#2849,#2850);
#2519=AXIS2_PLACEMENT_3D('',#3503,#2852,#2853);
#2520=AXIS2_PLACEMENT_3D('',#3504,#2854,#2855);
#2521=AXIS2_PLACEMENT_3D('',#3507,#2857,#2858);
#2522=AXIS2_PLACEMENT_3D('',#3510,#2860,#2861);
#2523=AXIS2_PLACEMENT_3D('',#3512,#2863,#2864);
#2524=AXIS2_PLACEMENT_3D('',#3516,#2867,#2868);
#2525=AXIS2_PLACEMENT_3D('',#3520,#2871,#2872);
#2526=AXIS2_PLACEMENT_3D('',#3522,#2874,#2875);
#2527=AXIS2_PLACEMENT_3D('',#3526,#2878,#2879);
#2528=AXIS2_PLACEMENT_3D('',#3529,#2881,#2882);
#2529=AXIS2_PLACEMENT_3D('',#3530,#2883,#2884);
#2530=AXIS2_PLACEMENT_3D('',#3532,#2886,#2887);
#2531=AXIS2_PLACEMENT_3D('',#3533,#2888,#2889);
#2532=AXIS2_PLACEMENT_3D('',#3534,#2890,#2891);
#2533=AXIS2_PLACEMENT_3D('',#3543,#2896,#2897);
#2534=AXIS2_PLACEMENT_3D('',#3549,#2901,#2902);
#2535=AXIS2_PLACEMENT_3D('',#3555,#2906,#2907);
#2536=AXIS2_PLACEMENT_3D('',#3558,#2910,#2911);
#2537=AXIS2_PLACEMENT_3D('',#3559,#2912,#2913);
#2538=AXIS2_PLACEMENT_3D('',#3584,#2926,#2927);
#2539=AXIS2_PLACEMENT_3D('',#3590,#2931,#2932);
#2540=AXIS2_PLACEMENT_3D('',#3596,#2936,#2937);
#2541=AXIS2_PLACEMENT_3D('',#3602,#2941,#2942);
#2542=AXIS2_PLACEMENT_3D('',#3608,#2946,#2947);
#2543=AXIS2_PLACEMENT_3D('',#3614,#2951,#2952);
#2544=AXIS2_PLACEMENT_3D('',#3620,#2956,#2957);
#2545=AXIS2_PLACEMENT_3D('',#3622,#2959,#2960);
#2546=AXIS2_PLACEMENT_3D('',#3624,#2962,#2963);
#2547=AXIS2_PLACEMENT_3D('',#3626,#2965,#2966);
#2548=AXIS2_PLACEMENT_3D('',#3628,#2968,#2969);
#2549=AXIS2_PLACEMENT_3D('',#3630,#2971,#2972);
#2550=AXIS2_PLACEMENT_3D('',#3632,#2974,#2975);
#2551=AXIS2_PLACEMENT_3D('',#3638,#2979,#2980);
#2552=AXIS2_PLACEMENT_3D('',#3639,#2981,#2982);
#2553=AXIS2_PLACEMENT_3D('',#3643,#2984,#2985);
#2554=AXIS2_PLACEMENT_3D('',#3644,#2986,#2987);
#2555=AXIS2_PLACEMENT_3D('',#3647,#2990,#2991);
#2556=AXIS2_PLACEMENT_3D('',#3648,#2992,#2993);
#2557=AXIS2_PLACEMENT_3D('',#3649,#2994,#2995);
#2558=AXIS2_PLACEMENT_3D('',#3655,#2999,#3000);
#2559=AXIS2_PLACEMENT_3D('',#3656,#3001,#3002);
#2560=AXIS2_PLACEMENT_3D('',#3660,#3004,#3005);
#2561=AXIS2_PLACEMENT_3D('',#3661,#3006,#3007);
#2562=AXIS2_PLACEMENT_3D('',#3664,#3010,#3011);
#2563=AXIS2_PLACEMENT_3D('',#3665,#3012,#3013);
#2564=AXIS2_PLACEMENT_3D('',#3666,#3014,#3015);
#2565=AXIS2_PLACEMENT_3D('',#3672,#3019,#3020);
#2566=AXIS2_PLACEMENT_3D('',#3673,#3021,#3022);
#2567=AXIS2_PLACEMENT_3D('',#3677,#3024,#3025);
#2568=AXIS2_PLACEMENT_3D('',#3678,#3026,#3027);
#2569=AXIS2_PLACEMENT_3D('',#3681,#3030,#3031);
#2570=AXIS2_PLACEMENT_3D('',#3682,#3032,#3033);
#2571=AXIS2_PLACEMENT_3D('',#3683,#3034,#3035);
#2572=AXIS2_PLACEMENT_3D('',#3684,#3036,#3037);
#2573=AXIS2_PLACEMENT_3D('',#3701,#3046,#3047);
#2574=AXIS2_PLACEMENT_3D('',#3731,#3063,#3064);
#2575=AXIS2_PLACEMENT_3D('',#3766,#3083,#3084);
#2576=AXIS2_PLACEMENT_3D('',#3771,#3088,#3089);
#2577=AXIS2_PLACEMENT_3D('',#3774,#3092,#3093);
#2578=AXIS2_PLACEMENT_3D('',#3779,#3097,#3098);
#2579=AXIS2_PLACEMENT_3D('',#3782,#3101,#3102);
#2580=AXIS2_PLACEMENT_3D('',#3784,#3104,#3105);
#2581=AXIS2_PLACEMENT_3D('',#3790,#3109,#3110);
#2582=AXIS2_PLACEMENT_3D('',#3791,#3111,#3112);
#2583=AXIS2_PLACEMENT_3D('',#3792,#3113,#3114);
#2584=AXIS2_PLACEMENT_3D('',#3793,#3115,#3116);
#2585=AXIS2_PLACEMENT_3D('',#3795,#3118,#3119);
#2586=AXIS2_PLACEMENT_3D('',#3802,#3124,#3125);
#2587=AXIS2_PLACEMENT_3D('',#3803,#3126,#3127);
#2588=AXIS2_PLACEMENT_3D('',#3809,#3131,#3132);
#2589=AXIS2_PLACEMENT_3D('',#3813,#3135,#3136);
#2590=AXIS2_PLACEMENT_3D('',#3817,#3139,#3140);
#2591=AXIS2_PLACEMENT_3D('',#3819,#3142,#3143);
#2592=AXIS2_PLACEMENT_3D('',#3820,#3144,#3145);
#2593=AXIS2_PLACEMENT_3D('',#3826,#3149,#3150);
#2594=AXIS2_PLACEMENT_3D('',#3828,#3152,#3153);
#2595=AXIS2_PLACEMENT_3D('',#3830,#3155,#3156);
#2596=AXIS2_PLACEMENT_3D('',#3831,#3157,#3158);
#2597=AXIS2_PLACEMENT_3D('',#3837,#3162,#3163);
#2598=AXIS2_PLACEMENT_3D('',#3843,#3167,#3168);
#2599=AXIS2_PLACEMENT_3D('',#3846,#3171,#3172);
#2600=AXIS2_PLACEMENT_3D('',#3847,#3173,#3174);
#2601=AXIS2_PLACEMENT_3D('',#3848,#3175,#3176);
#2602=AXIS2_PLACEMENT_3D('',#3857,#3181,#3182);
#2603=AXIS2_PLACEMENT_3D('',#3860,#3185,#3186);
#2604=AXIS2_PLACEMENT_3D('',#3863,#3189,#3190);
#2605=AXIS2_PLACEMENT_3D('',#3864,#3191,#3192);
#2606=AXIS2_PLACEMENT_3D('',#3865,#3193,#3194);
#2607=AXIS2_PLACEMENT_3D('',#3866,#3195,#3196);
#2608=AXIS2_PLACEMENT_3D('',#3875,#3201,#3202);
#2609=AXIS2_PLACEMENT_3D('',#3885,#3208,#3209);
#2610=AXIS2_PLACEMENT_3D('',#3891,#3213,#3214);
#2611=AXIS2_PLACEMENT_3D('',#3898,#3219,#3220);
#2612=AXIS2_PLACEMENT_3D('',#3899,#3221,#3222);
#2613=AXIS2_PLACEMENT_3D('',#3901,#3224,#3225);
#2614=AXIS2_PLACEMENT_3D('',#3911,#3231,#3232);
#2615=AXIS2_PLACEMENT_3D('',#3917,#3236,#3237);
#2616=AXIS2_PLACEMENT_3D('',#3923,#3241,#3242);
#2617=AXIS2_PLACEMENT_3D('',#3925,#3244,#3245);
#2618=AXIS2_PLACEMENT_3D('',#3927,#3247,#3248);
#2619=AXIS2_PLACEMENT_3D('',#3928,#3249,#3250);
#2620=DIRECTION('',(0.,0.,1.));
#2621=DIRECTION('',(1.,0.,0.));
#2622=DIRECTION('',(0.,1.,0.));
#2623=DIRECTION('',(0.,0.,1.));
#2624=DIRECTION('',(1.,0.,0.));
#2625=DIRECTION('',(0.,0.,-1.));
#2626=DIRECTION('',(-1.,0.,0.));
#2627=DIRECTION('',(0.,0.,1.));
#2628=DIRECTION('',(1.,0.,0.));
#2629=DIRECTION('',(0.,0.,1.));
#2630=DIRECTION('',(1.,0.,0.));
#2631=DIRECTION('',(0.,0.,1.));
#2632=DIRECTION('',(1.,0.,0.));
#2633=DIRECTION('',(0.,0.,1.));
#2634=DIRECTION('',(1.,0.,0.));
#2635=DIRECTION('',(0.,0.,1.));
#2636=DIRECTION('',(1.,0.,0.));
#2637=DIRECTION('',(0.,0.,-1.));
#2638=DIRECTION('',(-1.,0.,0.));
#2639=DIRECTION('',(0.,0.,-1.));
#2640=DIRECTION('',(1.,0.,0.));
#2641=DIRECTION('',(0.,0.,-1.));
#2642=DIRECTION('',(-1.,0.,0.));
#2643=DIRECTION('',(0.,0.,-1.));
#2644=DIRECTION('',(0.,1.,0.));
#2645=DIRECTION('',(0.,0.,1.));
#2646=DIRECTION('',(1.,0.,0.));
#2647=DIRECTION('',(0.,1.,0.));
#2648=DIRECTION('',(1.,0.,0.));
#2649=DIRECTION('',(0.,0.,-1.));
#2650=DIRECTION('',(0.,1.,0.));
#2651=DIRECTION('',(1.,0.,0.));
#2652=DIRECTION('',(0.,0.,1.));
#2653=DIRECTION('',(0.,1.,0.));
#2654=DIRECTION('',(1.,0.,0.));
#2655=DIRECTION('',(0.,0.,-1.));
#2656=DIRECTION('',(0.,1.,0.));
#2657=DIRECTION('',(1.,0.,0.));
#2658=DIRECTION('',(-1.,0.,0.));
#2659=DIRECTION('',(0.,1.,0.));
#2660=DIRECTION('',(1.,0.,0.));
#2661=DIRECTION('',(0.,0.,1.));
#2662=DIRECTION('',(0.,1.,0.));
#2663=DIRECTION('',(1.,0.,0.));
#2664=DIRECTION('',(0.,0.,-1.));
#2665=DIRECTION('',(0.,1.,0.));
#2666=DIRECTION('',(1.,0.,0.));
#2667=DIRECTION('',(0.,0.,1.));
#2668=DIRECTION('',(0.,1.,0.));
#2669=DIRECTION('',(1.,0.,0.));
#2670=DIRECTION('',(-1.,0.,0.));
#2671=DIRECTION('',(0.,0.,1.));
#2672=DIRECTION('',(1.,0.,0.));
#2673=DIRECTION('',(0.,0.,-1.));
#2674=DIRECTION('',(0.,1.,0.));
#2675=DIRECTION('',(0.,0.,1.));
#2676=DIRECTION('',(0.,0.,1.));
#2677=DIRECTION('',(0.,1.,0.));
#2678=DIRECTION('',(1.,0.,0.));
#2679=DIRECTION('',(1.,0.,0.));
#2680=DIRECTION('',(0.,1.,0.));
#2681=DIRECTION('',(0.,0.,1.));
#2682=DIRECTION('',(-1.,0.,0.));
#2683=DIRECTION('',(0.,1.,0.));
#2684=DIRECTION('',(1.,0.,0.));
#2685=DIRECTION('',(0.,0.,1.));
#2686=DIRECTION('',(0.,1.,0.));
#2687=DIRECTION('',(0.,0.,1.));
#2688=DIRECTION('',(1.,0.,0.));
#2689=DIRECTION('',(0.,1.,0.));
#2690=DIRECTION('',(1.,0.,0.));
#2691=DIRECTION('',(0.,0.,-1.));
#2692=DIRECTION('',(0.,0.,1.));
#2693=DIRECTION('',(1.,0.,0.));
#2694=DIRECTION('',(-1.42283749670014E-16,1.,0.));
#2695=DIRECTION('',(-5.69134998680055E-16,-1.,0.));
#2696=DIRECTION('',(1.,0.,0.));
#2697=DIRECTION('',(-1.,0.,0.));
#2698=DIRECTION('',(0.,-1.,0.));
#2699=DIRECTION('',(0.,-1.,0.));
#2700=DIRECTION('',(0.,0.,1.));
#2701=DIRECTION('',(1.,0.,0.));
#2702=DIRECTION('',(-1.,0.,0.));
#2703=DIRECTION('',(0.,0.,1.));
#2704=DIRECTION('',(1.,0.,0.));
#2705=DIRECTION('',(0.,1.,0.));
#2706=DIRECTION('',(0.,-1.,0.));
#2707=DIRECTION('',(1.,0.,0.));
#2708=DIRECTION('',(0.,0.,-1.));
#2709=DIRECTION('',(0.,1.,0.));
#2710=DIRECTION('',(0.,0.,1.));
#2711=DIRECTION('',(0.,1.,0.));
#2712=DIRECTION('',(0.,1.,0.));
#2713=DIRECTION('',(0.,0.,1.));
#2714=DIRECTION('',(0.,1.,0.));
#2715=DIRECTION('',(0.,-1.,0.));
#2716=DIRECTION('',(0.,0.,-1.));
#2717=DIRECTION('',(-1.,0.,0.));
#2718=DIRECTION('',(-1.42283749670014E-16,1.,0.));
#2719=DIRECTION('',(1.,0.,0.));
#2720=DIRECTION('',(-5.69134998680055E-16,-1.,0.));
#2721=DIRECTION('',(0.,-1.,0.));
#2722=DIRECTION('',(0.,1.,0.));
#2723=DIRECTION('',(0.,0.,1.));
#2724=DIRECTION('',(1.,0.,0.));
#2725=DIRECTION('',(-1.,0.,0.));
#2726=DIRECTION('',(0.,0.,1.));
#2727=DIRECTION('',(1.,0.,0.));
#2728=DIRECTION('',(0.,-1.,0.));
#2729=DIRECTION('',(-1.,0.,0.));
#2730=DIRECTION('',(0.,0.,1.));
#2731=DIRECTION('',(0.,1.,0.));
#2732=DIRECTION('',(0.,0.,-1.));
#2733=DIRECTION('',(0.,1.,0.));
#2734=DIRECTION('',(0.,1.,0.));
#2735=DIRECTION('',(0.,0.,-1.));
#2736=DIRECTION('',(0.,1.,0.));
#2737=DIRECTION('',(0.,0.,-1.));
#2738=DIRECTION('',(0.,1.,0.));
#2739=DIRECTION('',(0.,0.,1.));
#2740=DIRECTION('',(0.,1.,0.));
#2741=DIRECTION('',(1.,0.,0.));
#2742=DIRECTION('',(-1.,0.,0.));
#2743=DIRECTION('',(0.,0.,1.));
#2744=DIRECTION('',(0.,1.,0.));
#2745=DIRECTION('',(0.,0.,1.));
#2746=DIRECTION('',(0.,1.,0.));
#2747=DIRECTION('',(0.,1.,0.));
#2748=DIRECTION('',(0.,0.,1.));
#2749=DIRECTION('',(0.,1.,0.));
#2750=DIRECTION('',(1.,0.,0.));
#2751=DIRECTION('',(0.,1.,0.));
#2752=DIRECTION('',(0.,0.,1.));
#2753=DIRECTION('',(0.,1.,0.));
#2754=DIRECTION('',(1.,0.,0.));
#2755=DIRECTION('',(0.,1.,0.));
#2756=DIRECTION('',(0.,0.,1.));
#2757=DIRECTION('',(0.,1.,0.));
#2758=DIRECTION('',(0.,0.,1.));
#2759=DIRECTION('',(0.,1.,0.));
#2760=DIRECTION('',(0.,1.,0.));
#2761=DIRECTION('',(1.,0.,0.));
#2762=DIRECTION('',(0.,1.,0.));
#2763=DIRECTION('',(0.,0.,1.));
#2764=DIRECTION('',(0.,1.,0.));
#2765=DIRECTION('',(1.,0.,0.));
#2766=DIRECTION('',(0.,1.,0.));
#2767=DIRECTION('',(1.,0.,0.));
#2768=DIRECTION('',(0.,0.,-1.));
#2769=DIRECTION('',(0.,0.,-1.));
#2770=DIRECTION('',(0.,1.,0.));
#2771=DIRECTION('',(0.,0.,1.));
#2772=DIRECTION('',(0.,1.,0.));
#2773=DIRECTION('',(0.,0.,1.));
#2774=DIRECTION('',(0.,1.,0.));
#2775=DIRECTION('',(1.,0.,0.));
#2776=DIRECTION('',(0.,1.,0.));
#2777=DIRECTION('',(-1.,0.,0.));
#2778=DIRECTION('',(0.,0.,1.));
#2779=DIRECTION('',(0.,0.,1.));
#2780=DIRECTION('',(0.,1.,0.));
#2781=DIRECTION('',(0.,1.,0.));
#2782=DIRECTION('',(0.,0.,1.));
#2783=DIRECTION('',(0.,1.,0.));
#2784=DIRECTION('',(1.,0.,0.));
#2785=DIRECTION('',(0.,1.,0.));
#2786=DIRECTION('',(0.,0.,1.));
#2787=DIRECTION('',(0.,1.,0.));
#2788=DIRECTION('',(0.,0.,1.));
#2789=DIRECTION('',(0.,1.,0.));
#2790=DIRECTION('',(1.,0.,0.));
#2791=DIRECTION('',(0.,1.,0.));
#2792=DIRECTION('',(1.,0.,0.));
#2793=DIRECTION('',(0.,0.,-1.));
#2794=DIRECTION('',(0.,0.,-1.));
#2795=DIRECTION('',(0.,1.,0.));
#2796=DIRECTION('',(0.,1.,0.));
#2797=DIRECTION('',(0.,0.,1.));
#2798=DIRECTION('',(0.,1.,0.));
#2799=DIRECTION('',(1.,0.,0.));
#2800=DIRECTION('',(0.,1.,0.));
#2801=DIRECTION('',(0.,0.,1.));
#2802=DIRECTION('',(0.,0.,1.));
#2803=DIRECTION('',(1.,0.,0.));
#2804=DIRECTION('',(0.,-1.,0.));
#2805=DIRECTION('',(-1.,0.,0.));
#2806=DIRECTION('',(0.,-1.,0.));
#2807=DIRECTION('',(1.,0.,0.));
#2808=DIRECTION('',(0.,0.,-1.));
#2809=DIRECTION('',(0.,0.,1.));
#2810=DIRECTION('',(0.,-1.,0.));
#2811=DIRECTION('',(0.,0.,-1.));
#2812=DIRECTION('',(-1.,0.,0.));
#2813=DIRECTION('',(1.,0.,0.));
#2814=DIRECTION('',(0.,-1.,0.));
#2815=DIRECTION('',(-1.,0.,0.));
#2816=DIRECTION('',(0.,0.,1.));
#2817=DIRECTION('',(0.,0.,-1.));
#2818=DIRECTION('',(0.,1.,0.));
#2819=DIRECTION('',(0.,0.,1.));
#2820=DIRECTION('',(0.,0.,1.));
#2821=DIRECTION('',(1.,0.,0.));
#2822=DIRECTION('',(0.,0.,1.));
#2823=DIRECTION('',(0.,0.,1.));
#2824=DIRECTION('',(1.,0.,0.));
#2825=DIRECTION('',(0.,0.,1.));
#2826=DIRECTION('',(-1.,0.,0.));
#2827=DIRECTION('',(0.,0.,1.));
#2828=DIRECTION('',(0.,-1.,0.));
#2829=DIRECTION('',(1.,1.42283749670014E-16,0.));
#2830=DIRECTION('',(-1.42283749670014E-16,1.,0.));
#2831=DIRECTION('',(-1.42283749670014E-16,1.,0.));
#2832=DIRECTION('',(0.,0.,1.));
#2833=DIRECTION('',(0.,-1.,0.));
#2834=DIRECTION('',(0.,0.,-1.));
#2835=DIRECTION('',(1.,0.,0.));
#2836=DIRECTION('',(0.,0.,1.));
#2837=DIRECTION('',(-1.,5.69134998680055E-16,0.));
#2838=DIRECTION('',(-5.69134998680055E-16,-1.,0.));
#2839=DIRECTION('',(-5.69134998680055E-16,-1.,0.));
#2840=DIRECTION('',(1.,0.,0.));
#2841=DIRECTION('',(0.,0.,-1.));
#2842=DIRECTION('',(0.,1.,0.));
#2843=DIRECTION('',(0.,0.,1.));
#2844=DIRECTION('',(0.,0.,1.));
#2845=DIRECTION('',(1.,0.,0.));
#2846=DIRECTION('',(0.,0.,1.));
#2847=DIRECTION('',(1.,0.,0.));
#2848=DIRECTION('',(0.,0.,1.));
#2849=DIRECTION('',(0.,1.,0.));
#2850=DIRECTION('',(0.,0.,1.));
#2851=DIRECTION('',(-1.,0.,0.));
#2852=DIRECTION('',(0.,0.,1.));
#2853=DIRECTION('',(1.,0.,0.));
#2854=DIRECTION('',(0.,0.,-1.));
#2855=DIRECTION('',(-1.,0.,0.));
#2856=DIRECTION('',(0.,0.,-1.));
#2857=DIRECTION('',(0.,0.,1.));
#2858=DIRECTION('',(1.,0.,0.));
#2859=DIRECTION('',(0.,0.,-1.));
#2860=DIRECTION('',(1.,0.,0.));
#2861=DIRECTION('',(0.,0.,-1.));
#2862=DIRECTION('',(0.,-1.,0.));
#2863=DIRECTION('',(-1.,-1.42283749670014E-16,0.));
#2864=DIRECTION('',(1.42283749670014E-16,-1.,0.));
#2865=DIRECTION('',(0.,0.,-1.));
#2866=DIRECTION('',(-1.42283749670014E-16,1.,0.));
#2867=DIRECTION('',(0.,1.,0.));
#2868=DIRECTION('',(0.,0.,1.));
#2869=DIRECTION('',(0.,0.,-1.));
#2870=DIRECTION('',(1.,0.,0.));
#2871=DIRECTION('',(1.,-5.69134998680055E-16,0.));
#2872=DIRECTION('',(5.69134998680055E-16,1.,0.));
#2873=DIRECTION('',(-5.69134998680055E-16,-1.,0.));
#2874=DIRECTION('',(-1.,0.,0.));
#2875=DIRECTION('',(0.,0.,1.));
#2876=DIRECTION('',(0.,0.,-1.));
#2877=DIRECTION('',(0.,1.,0.));
#2878=DIRECTION('',(0.,0.,-1.));
#2879=DIRECTION('',(-1.,0.,0.));
#2880=DIRECTION('',(0.,0.,-1.));
#2881=DIRECTION('',(0.,0.,1.));
#2882=DIRECTION('',(1.,0.,0.));
#2883=DIRECTION('',(0.,-1.,0.));
#2884=DIRECTION('',(0.,0.,-1.));
#2885=DIRECTION('',(-1.,0.,0.));
#2886=DIRECTION('',(0.,0.,1.));
#2887=DIRECTION('',(1.,0.,0.));
#2888=DIRECTION('',(0.,0.,1.));
#2889=DIRECTION('',(1.,0.,0.));
#2890=DIRECTION('',(0.,0.,1.));
#2891=DIRECTION('',(1.,0.,0.));
#2892=DIRECTION('',(-1.,0.,0.));
#2893=DIRECTION('',(0.,-1.,0.));
#2894=DIRECTION('',(-1.,0.,0.));
#2895=DIRECTION('',(0.,-1.,0.));
#2896=DIRECTION('',(1.,0.,0.));
#2897=DIRECTION('',(0.,0.,-1.));
#2898=DIRECTION('',(0.,0.,1.));
#2899=DIRECTION('',(0.,-1.,0.));
#2900=DIRECTION('',(0.,0.,1.));
#2901=DIRECTION('',(0.,0.,-1.));
#2902=DIRECTION('',(-1.,0.,0.));
#2903=DIRECTION('',(1.,0.,0.));
#2904=DIRECTION('',(0.,-1.,0.));
#2905=DIRECTION('',(1.,0.,0.));
#2906=DIRECTION('',(-1.,0.,0.));
#2907=DIRECTION('',(0.,0.,1.));
#2908=DIRECTION('',(0.,0.,-1.));
#2909=DIRECTION('',(0.,0.,-1.));
#2910=DIRECTION('',(0.,1.,0.));
#2911=DIRECTION('',(0.,0.,1.));
#2912=DIRECTION('',(0.,1.,0.));
#2913=DIRECTION('',(0.,0.,1.));
#2914=DIRECTION('',(-1.,0.,0.));
#2915=DIRECTION('',(0.,0.,1.));
#2916=DIRECTION('',(-1.,0.,0.));
#2917=DIRECTION('',(0.,0.,1.));
#2918=DIRECTION('',(-1.,0.,0.));
#2919=DIRECTION('',(0.,0.,1.));
#2920=DIRECTION('',(-1.,0.,0.));
#2921=DIRECTION('',(0.,0.,1.));
#2922=DIRECTION('',(-1.,0.,0.));
#2923=DIRECTION('',(0.,0.,1.));
#2924=DIRECTION('',(-1.,0.,0.));
#2925=DIRECTION('',(0.,0.,1.));
#2926=DIRECTION('',(0.,0.298274993135947,-0.95447997803503));
#2927=DIRECTION('',(0.,0.95447997803503,0.298274993135947));
#2928=DIRECTION('',(-1.,0.,0.));
#2929=DIRECTION('',(0.232103541274264,0.928414165097055,0.29012942659283));
#2930=DIRECTION('',(0.232103541274264,-0.928414165097055,-0.29012942659283));
#2931=DIRECTION('',(0.,0.298274993135947,0.95447997803503));
#2932=DIRECTION('',(0.,-0.95447997803503,0.298274993135947));
#2933=DIRECTION('',(-0.232103541274264,-0.928414165097055,0.29012942659283));
#2934=DIRECTION('',(-1.,0.,0.));
#2935=DIRECTION('',(-0.232103541274264,0.928414165097055,-0.29012942659283));
#2936=DIRECTION('',(0.,0.298274993135948,-0.95447997803503));
#2937=DIRECTION('',(0.,0.95447997803503,0.298274993135948));
#2938=DIRECTION('',(-1.,0.,0.));
#2939=DIRECTION('',(0.232103541274264,0.928414165097055,0.290129426592831));
#2940=DIRECTION('',(0.232103541274264,-0.928414165097055,-0.290129426592831));
#2941=DIRECTION('',(0.,0.298274993135947,0.95447997803503));
#2942=DIRECTION('',(0.,-0.95447997803503,0.298274993135947));
#2943=DIRECTION('',(-0.232103541274264,-0.928414165097055,0.29012942659283));
#2944=DIRECTION('',(-1.,0.,0.));
#2945=DIRECTION('',(-0.232103541274264,0.928414165097055,-0.29012942659283));
#2946=DIRECTION('',(0.,0.298274993135947,-0.95447997803503));
#2947=DIRECTION('',(0.,0.95447997803503,0.298274993135947));
#2948=DIRECTION('',(-1.,0.,0.));
#2949=DIRECTION('',(0.232103541274264,0.928414165097055,0.29012942659283));
#2950=DIRECTION('',(0.232103541274264,-0.928414165097055,-0.29012942659283));
#2951=DIRECTION('',(0.,0.298274993135948,0.95447997803503));
#2952=DIRECTION('',(0.,-0.95447997803503,0.298274993135948));
#2953=DIRECTION('',(-0.232103541274264,-0.928414165097055,0.290129426592831));
#2954=DIRECTION('',(-1.,0.,0.));
#2955=DIRECTION('',(-0.232103541274264,0.928414165097055,-0.290129426592831));
#2956=DIRECTION('',(0.970142500145332,0.242535625036333,0.));
#2957=DIRECTION('',(-0.242535625036333,0.970142500145332,0.));
#2958=DIRECTION('',(0.,0.,1.));
#2959=DIRECTION('',(0.970142500145332,0.242535625036333,0.));
#2960=DIRECTION('',(-0.242535625036333,0.970142500145332,0.));
#2961=DIRECTION('',(0.,0.,1.));
#2962=DIRECTION('',(0.970142500145332,0.242535625036333,0.));
#2963=DIRECTION('',(-0.242535625036333,0.970142500145332,0.));
#2964=DIRECTION('',(0.,0.,1.));
#2965=DIRECTION('',(-0.970142500145332,0.242535625036333,0.));
#2966=DIRECTION('',(-0.242535625036333,-0.970142500145332,0.));
#2967=DIRECTION('',(0.,0.,1.));
#2968=DIRECTION('',(-0.970142500145332,0.242535625036333,0.));
#2969=DIRECTION('',(-0.242535625036333,-0.970142500145332,0.));
#2970=DIRECTION('',(0.,0.,1.));
#2971=DIRECTION('',(-0.970142500145332,0.242535625036333,0.));
#2972=DIRECTION('',(-0.242535625036333,-0.970142500145332,0.));
#2973=DIRECTION('',(0.,0.,1.));
#2974=DIRECTION('',(0.,0.,-1.));
#2975=DIRECTION('',(-1.,0.,0.));
#2976=DIRECTION('',(0.,-1.,0.));
#2977=DIRECTION('',(-1.,0.,0.));
#2978=DIRECTION('',(0.,-1.,0.));
#2979=DIRECTION('',(-1.,0.,0.));
#2980=DIRECTION('',(0.,0.,1.));
#2981=DIRECTION('',(1.,0.,0.));
#2982=DIRECTION('',(0.,0.,-1.));
#2983=DIRECTION('',(-1.,0.,0.));
#2984=DIRECTION('',(1.,0.,0.));
#2985=DIRECTION('',(0.,0.,-1.));
#2986=DIRECTION('',(0.,0.,1.));
#2987=DIRECTION('',(1.,0.,0.));
#2988=DIRECTION('',(0.,1.,0.));
#2989=DIRECTION('',(0.,1.,0.));
#2990=DIRECTION('',(1.,0.,0.));
#2991=DIRECTION('',(0.,0.,-1.));
#2992=DIRECTION('',(1.,0.,0.));
#2993=DIRECTION('',(0.,0.,-1.));
#2994=DIRECTION('',(0.,0.,-1.));
#2995=DIRECTION('',(-1.,0.,0.));
#2996=DIRECTION('',(0.,-1.,0.));
#2997=DIRECTION('',(-1.,0.,0.));
#2998=DIRECTION('',(0.,-1.,0.));
#2999=DIRECTION('',(-1.,0.,0.));
#3000=DIRECTION('',(0.,0.,1.));
#3001=DIRECTION('',(1.,0.,0.));
#3002=DIRECTION('',(0.,0.,-1.));
#3003=DIRECTION('',(-1.,0.,0.));
#3004=DIRECTION('',(1.,0.,0.));
#3005=DIRECTION('',(0.,0.,-1.));
#3006=DIRECTION('',(0.,0.,1.));
#3007=DIRECTION('',(1.,0.,0.));
#3008=DIRECTION('',(0.,1.,0.));
#3009=DIRECTION('',(0.,1.,0.));
#3010=DIRECTION('',(1.,0.,0.));
#3011=DIRECTION('',(0.,0.,-1.));
#3012=DIRECTION('',(1.,0.,0.));
#3013=DIRECTION('',(0.,0.,-1.));
#3014=DIRECTION('',(0.,0.,-1.));
#3015=DIRECTION('',(-1.,0.,0.));
#3016=DIRECTION('',(0.,-1.,0.));
#3017=DIRECTION('',(-1.,0.,0.));
#3018=DIRECTION('',(0.,-1.,0.));
#3019=DIRECTION('',(-1.,0.,0.));
#3020=DIRECTION('',(0.,0.,1.));
#3021=DIRECTION('',(1.,0.,0.));
#3022=DIRECTION('',(0.,0.,-1.));
#3023=DIRECTION('',(-1.,0.,0.));
#3024=DIRECTION('',(1.,0.,0.));
#3025=DIRECTION('',(0.,0.,-1.));
#3026=DIRECTION('',(0.,0.,1.));
#3027=DIRECTION('',(1.,0.,0.));
#3028=DIRECTION('',(0.,1.,0.));
#3029=DIRECTION('',(0.,1.,0.));
#3030=DIRECTION('',(1.,0.,0.));
#3031=DIRECTION('',(0.,0.,-1.));
#3032=DIRECTION('',(1.,0.,0.));
#3033=DIRECTION('',(0.,0.,-1.));
#3034=DIRECTION('',(0.,0.,1.));
#3035=DIRECTION('',(1.,0.,0.));
#3036=DIRECTION('',(0.,0.,1.));
#3037=DIRECTION('',(1.,0.,0.));
#3038=DIRECTION('',(-1.,0.,0.));
#3039=DIRECTION('',(0.,1.,0.));
#3040=DIRECTION('',(-1.,0.,0.));
#3041=DIRECTION('',(0.,-1.,0.));
#3042=DIRECTION('',(-1.,0.,0.));
#3043=DIRECTION('',(0.,-1.,0.));
#3044=DIRECTION('',(-1.,0.,0.));
#3045=DIRECTION('',(0.,1.,0.));
#3046=DIRECTION('',(0.,1.,0.));
#3047=DIRECTION('',(0.,0.,1.));
#3048=DIRECTION('',(-1.,0.,0.));
#3049=DIRECTION('',(0.,0.,-1.));
#3050=DIRECTION('',(1.,0.,0.));
#3051=DIRECTION('',(0.,0.,1.));
#3052=DIRECTION('',(1.,0.,0.));
#3053=DIRECTION('',(0.,0.,1.));
#3054=DIRECTION('',(-1.,0.,0.));
#3055=DIRECTION('',(0.,0.,1.));
#3056=DIRECTION('',(1.,0.,0.));
#3057=DIRECTION('',(0.,0.,1.));
#3058=DIRECTION('',(0.,0.,-1.));
#3059=DIRECTION('',(1.,0.,0.));
#3060=DIRECTION('',(0.,0.,-1.));
#3061=DIRECTION('',(-1.,0.,0.));
#3062=DIRECTION('',(0.,0.,-1.));
#3063=DIRECTION('',(0.,1.,0.));
#3064=DIRECTION('',(0.,0.,1.));
#3065=DIRECTION('',(0.,0.,-1.));
#3066=DIRECTION('',(1.,0.,0.));
#3067=DIRECTION('',(0.,0.,-1.));
#3068=DIRECTION('',(1.,0.,0.));
#3069=DIRECTION('',(0.,0.,-1.));
#3070=DIRECTION('',(-1.,0.,0.));
#3071=DIRECTION('',(0.,0.,1.));
#3072=DIRECTION('',(1.,0.,0.));
#3073=DIRECTION('',(0.,0.,1.));
#3074=DIRECTION('',(-1.,0.,0.));
#3075=DIRECTION('',(0.,0.,1.));
#3076=DIRECTION('',(1.,0.,0.));
#3077=DIRECTION('',(-1.,0.,0.));
#3078=DIRECTION('',(1.,0.,0.));
#3079=DIRECTION('',(0.,0.,-1.));
#3080=DIRECTION('',(-1.,0.,0.));
#3081=DIRECTION('',(0.,0.,-1.));
#3082=DIRECTION('',(1.,0.,0.));
#3083=DIRECTION('',(0.,0.,1.));
#3084=DIRECTION('',(1.,0.,0.));
#3085=DIRECTION('',(0.,-1.,0.));
#3086=DIRECTION('',(0.,-1.,0.));
#3087=DIRECTION('',(0.116841247567397,0.993150604322876,0.));
#3088=DIRECTION('',(0.,0.,1.));
#3089=DIRECTION('',(1.,0.,0.));
#3090=DIRECTION('',(0.,-1.,0.));
#3091=DIRECTION('',(0.,-1.,0.));
#3092=DIRECTION('',(0.,0.,-1.));
#3093=DIRECTION('',(-1.,0.,0.));
#3094=DIRECTION('',(0.,-1.,0.));
#3095=DIRECTION('',(0.116841247567397,0.993150604322876,0.));
#3096=DIRECTION('',(0.,-1.,0.));
#3097=DIRECTION('',(0.,0.,-1.));
#3098=DIRECTION('',(-1.,0.,0.));
#3099=DIRECTION('',(0.,-1.,0.));
#3100=DIRECTION('',(0.,-1.,0.));
#3101=DIRECTION('',(1.,0.,0.));
#3102=DIRECTION('',(0.,0.,-1.));
#3103=DIRECTION('',(0.,0.,1.));
#3104=DIRECTION('',(-1.,0.,0.));
#3105=DIRECTION('',(0.,0.,1.));
#3106=DIRECTION('',(0.,-1.,0.));
#3107=DIRECTION('',(0.,0.,1.));
#3108=DIRECTION('',(0.,1.,0.));
#3109=DIRECTION('',(0.993150604322876,-0.116841247567397,0.));
#3110=DIRECTION('',(0.116841247567397,0.993150604322876,0.));
#3111=DIRECTION('',(1.,0.,0.));
#3112=DIRECTION('',(0.,0.,-1.));
#3113=DIRECTION('',(-1.,0.,0.));
#3114=DIRECTION('',(0.,0.,1.));
#3115=DIRECTION('',(1.,0.,0.));
#3116=DIRECTION('',(0.,0.,-1.));
#3117=DIRECTION('',(0.,-1.,0.));
#3118=DIRECTION('',(0.,0.,-1.));
#3119=DIRECTION('',(-1.,0.,0.));
#3120=DIRECTION('',(0.,-1.,0.));
#3121=DIRECTION('',(-1.,0.,0.));
#3122=DIRECTION('',(0.,-1.,0.));
#3123=DIRECTION('',(0.,-1.,0.));
#3124=DIRECTION('',(-1.,0.,0.));
#3125=DIRECTION('',(0.,0.,1.));
#3126=DIRECTION('',(0.,0.,-1.));
#3127=DIRECTION('',(-1.,0.,0.));
#3128=DIRECTION('',(0.,1.,0.));
#3129=DIRECTION('',(-1.,0.,0.));
#3130=DIRECTION('',(0.,1.,0.));
#3131=DIRECTION('',(-1.,0.,0.));
#3132=DIRECTION('',(0.,0.,1.));
#3133=DIRECTION('',(0.,1.,0.));
#3134=DIRECTION('',(0.,0.,1.));
#3135=DIRECTION('',(0.,0.,1.));
#3136=DIRECTION('',(1.,0.,0.));
#3137=DIRECTION('',(0.,1.,0.));
#3138=DIRECTION('',(1.,0.,0.));
#3139=DIRECTION('',(1.,0.,0.));
#3140=DIRECTION('',(0.,0.,-1.));
#3141=DIRECTION('',(0.,0.,-1.));
#3142=DIRECTION('',(0.,1.,0.));
#3143=DIRECTION('',(0.,0.,1.));
#3144=DIRECTION('',(0.,1.,0.));
#3145=DIRECTION('',(0.,0.,1.));
#3146=DIRECTION('',(1.,0.,0.));
#3147=DIRECTION('',(0.,0.,1.));
#3148=DIRECTION('',(1.,0.,0.));
#3149=DIRECTION('',(0.,0.,1.));
#3150=DIRECTION('',(1.,0.,0.));
#3151=DIRECTION('',(0.,-1.,0.));
#3152=DIRECTION('',(0.,0.,-1.));
#3153=DIRECTION('',(-1.,0.,0.));
#3154=DIRECTION('',(0.,1.,0.));
#3155=DIRECTION('',(1.,0.,0.));
#3156=DIRECTION('',(0.,0.,-1.));
#3157=DIRECTION('',(0.,-1.,0.));
#3158=DIRECTION('',(0.,0.,-1.));
#3159=DIRECTION('',(0.,0.,1.));
#3160=DIRECTION('',(0.,0.,1.));
#3161=DIRECTION('',(-1.,0.,0.));
#3162=DIRECTION('',(0.,0.576683197598656,0.816967863264761));
#3163=DIRECTION('',(0.,-0.816967863264761,0.576683197598656));
#3164=DIRECTION('',(0.,0.816967863264761,-0.576683197598656));
#3165=DIRECTION('',(-1.,0.,0.));
#3166=DIRECTION('',(0.,0.816967863264761,-0.576683197598656));
#3167=DIRECTION('',(0.,0.,1.));
#3168=DIRECTION('',(1.,0.,0.));
#3169=DIRECTION('',(0.,1.,0.));
#3170=DIRECTION('',(0.,1.,0.));
#3171=DIRECTION('',(1.,0.,0.));
#3172=DIRECTION('',(0.,0.,-1.));
#3173=DIRECTION('',(1.,0.,0.));
#3174=DIRECTION('',(0.,0.,-1.));
#3175=DIRECTION('',(0.,0.,-1.));
#3176=DIRECTION('',(-1.,0.,0.));
#3177=DIRECTION('',(0.,-1.,0.));
#3178=DIRECTION('',(-1.,0.,0.));
#3179=DIRECTION('',(0.,-1.,0.));
#3180=DIRECTION('',(-1.,0.,0.));
#3181=DIRECTION('',(0.,0.576683197598656,-0.816967863264761));
#3182=DIRECTION('',(0.,0.816967863264761,0.576683197598656));
#3183=DIRECTION('',(0.,-0.816967863264761,-0.576683197598656));
#3184=DIRECTION('',(0.,-0.816967863264761,-0.576683197598656));
#3185=DIRECTION('',(0.,-1.,0.));
#3186=DIRECTION('',(0.,0.,-1.));
#3187=DIRECTION('',(0.,0.,1.));
#3188=DIRECTION('',(0.,0.,1.));
#3189=DIRECTION('',(-1.,0.,0.));
#3190=DIRECTION('',(0.,0.,1.));
#3191=DIRECTION('',(-1.,0.,0.));
#3192=DIRECTION('',(0.,0.,1.));
#3193=DIRECTION('',(0.,0.,1.));
#3194=DIRECTION('',(1.,0.,0.));
#3195=DIRECTION('',(0.,-1.,0.));
#3196=DIRECTION('',(0.,0.,-1.));
#3197=DIRECTION('',(-1.,0.,0.));
#3198=DIRECTION('',(0.,0.,1.));
#3199=DIRECTION('',(-1.,0.,0.));
#3200=DIRECTION('',(0.,0.,1.));
#3201=DIRECTION('',(0.,0.,-1.));
#3202=DIRECTION('',(-1.,0.,0.));
#3203=DIRECTION('',(0.,-1.,0.));
#3204=DIRECTION('',(1.,0.,0.));
#3205=DIRECTION('',(0.,-1.,0.));
#3206=DIRECTION('',(-1.,0.,0.));
#3207=DIRECTION('',(0.,-1.,0.));
#3208=DIRECTION('',(0.,1.,0.));
#3209=DIRECTION('',(0.,0.,1.));
#3210=DIRECTION('',(0.,0.,-1.));
#3211=DIRECTION('',(-1.,0.,0.));
#3212=DIRECTION('',(0.,0.,-1.));
#3213=DIRECTION('',(0.,0.,1.));
#3214=DIRECTION('',(1.,0.,0.));
#3215=DIRECTION('',(0.,1.,0.));
#3216=DIRECTION('',(1.,0.,0.));
#3217=DIRECTION('',(0.,1.,0.));
#3218=DIRECTION('',(0.,1.,0.));
#3219=DIRECTION('',(1.,0.,0.));
#3220=DIRECTION('',(0.,0.,-1.));
#3221=DIRECTION('',(1.,0.,0.));
#3222=DIRECTION('',(0.,0.,-1.));
#3223=DIRECTION('',(0.,0.,-1.));
#3224=DIRECTION('',(0.,-1.,0.));
#3225=DIRECTION('',(0.,0.,-1.));
#3226=DIRECTION('',(0.,0.,-1.));
#3227=DIRECTION('',(1.,0.,0.));
#3228=DIRECTION('',(0.,0.,-1.));
#3229=DIRECTION('',(1.,0.,0.));
#3230=DIRECTION('',(0.,0.,-1.));
#3231=DIRECTION('',(1.,0.,0.));
#3232=DIRECTION('',(0.,0.,-1.));
#3233=DIRECTION('',(0.,1.,0.));
#3234=DIRECTION('',(0.,0.,1.));
#3235=DIRECTION('',(0.,-1.,0.));
#3236=DIRECTION('',(0.,1.,0.));
#3237=DIRECTION('',(0.,0.,1.));
#3238=DIRECTION('',(1.,0.,0.));
#3239=DIRECTION('',(0.,0.,1.));
#3240=DIRECTION('',(1.,0.,0.));
#3241=DIRECTION('',(0.,0.,1.));
#3242=DIRECTION('',(1.,0.,0.));
#3243=DIRECTION('',(0.,-1.,0.));
#3244=DIRECTION('',(0.,0.,-1.));
#3245=DIRECTION('',(-1.,0.,0.));
#3246=DIRECTION('',(0.,1.,0.));
#3247=DIRECTION('',(1.,0.,0.));
#3248=DIRECTION('',(0.,0.,-1.));
#3249=DIRECTION('',(0.,0.,1.));
#3250=DIRECTION('',(1.,0.,0.));
#3251=CARTESIAN_POINT('',(0.,0.,0.));
#3252=CARTESIAN_POINT('',(0.,0.081,0.));
#3253=CARTESIAN_POINT('',(-0.0585,0.081,-0.189));
#3254=CARTESIAN_POINT('',(-0.0585,0.081,-0.189));
#3255=CARTESIAN_POINT('',(-0.02,0.081,-0.189));
#3256=CARTESIAN_POINT('',(-0.0585,0.081,-0.189));
#3257=CARTESIAN_POINT('',(-0.0585,0.081,-0.201));
#3258=CARTESIAN_POINT('',(0.0785,0.081,-0.201));
#3259=CARTESIAN_POINT('',(-0.0785,0.081,-0.201));
#3260=CARTESIAN_POINT('',(-0.0785,0.081,-0.201));
#3261=CARTESIAN_POINT('',(-0.0785,0.081,0.201));
#3262=CARTESIAN_POINT('',(-0.0785,0.081,0.201));
#3263=CARTESIAN_POINT('',(-0.0585,0.081,0.201));
#3264=CARTESIAN_POINT('',(-0.0585,0.081,0.189));
#3265=CARTESIAN_POINT('',(-0.0585,0.081,0.189));
#3266=CARTESIAN_POINT('',(-0.0585,0.081,0.189));
#3267=CARTESIAN_POINT('',(-0.02,0.081,0.189));
#3268=CARTESIAN_POINT('',(-0.02,0.081,0.189));
#3269=CARTESIAN_POINT('',(-0.02,0.081,0.201));
#3270=CARTESIAN_POINT('',(-0.0785,0.081,0.201));
#3271=CARTESIAN_POINT('',(0.02,0.081,0.201));
#3272=CARTESIAN_POINT('',(0.02,0.081,0.189));
#3273=CARTESIAN_POINT('',(0.02,0.081,0.189));
#3274=CARTESIAN_POINT('',(0.02,0.081,0.189));
#3275=CARTESIAN_POINT('',(0.0585,0.081,0.189));
#3276=CARTESIAN_POINT('',(0.0585,0.081,0.189));
#3277=CARTESIAN_POINT('',(0.0585,0.081,0.201));
#3278=CARTESIAN_POINT('',(-0.0785,0.081,0.201));
#3279=CARTESIAN_POINT('',(0.0785,0.081,0.201));
#3280=CARTESIAN_POINT('',(0.0785,0.081,0.201));
#3281=CARTESIAN_POINT('',(0.0785,0.081,-0.201));
#3282=CARTESIAN_POINT('',(0.0785,0.081,-0.201));
#3283=CARTESIAN_POINT('',(0.0585,0.081,-0.201));
#3284=CARTESIAN_POINT('',(0.0585,0.081,-0.189));
#3285=CARTESIAN_POINT('',(0.0585,0.081,-0.189));
#3286=CARTESIAN_POINT('',(0.02,0.081,-0.189));
#3287=CARTESIAN_POINT('',(0.02,0.081,-0.189));
#3288=CARTESIAN_POINT('',(0.02,0.081,-0.189));
#3289=CARTESIAN_POINT('',(0.02,0.081,-0.201));
#3290=CARTESIAN_POINT('',(0.0785,0.081,-0.201));
#3291=CARTESIAN_POINT('',(-0.02,0.081,-0.201));
#3292=CARTESIAN_POINT('',(-0.02,0.081,-0.189));
#3293=CARTESIAN_POINT('',(0.,0.,0.));
#3294=CARTESIAN_POINT('',(-0.0785,0.,0.201));
#3295=CARTESIAN_POINT('',(-0.0685,0.,0.201));
#3296=CARTESIAN_POINT('',(0.0685,0.,0.201));
#3297=CARTESIAN_POINT('',(-0.0685,0.,0.191));
#3298=CARTESIAN_POINT('',(-0.0585,0.,0.191));
#3299=CARTESIAN_POINT('',(-0.0585,0.,0.191));
#3300=CARTESIAN_POINT('',(-0.0585,0.,0.181));
#3301=CARTESIAN_POINT('',(-0.0685,0.,0.181));
#3302=CARTESIAN_POINT('',(-0.0785,0.,0.181));
#3303=CARTESIAN_POINT('',(-0.0785,0.,-0.201));
#3304=CARTESIAN_POINT('',(-0.0785,0.,-0.181));
#3305=CARTESIAN_POINT('',(-0.0685,0.,-0.181));
#3306=CARTESIAN_POINT('',(-0.0585,0.,-0.181));
#3307=CARTESIAN_POINT('',(-0.0585,0.,-0.181));
#3308=CARTESIAN_POINT('',(-0.0585,0.,-0.191));
#3309=CARTESIAN_POINT('',(-0.0685,0.,-0.191));
#3310=CARTESIAN_POINT('',(-0.0685,0.,-0.201));
#3311=CARTESIAN_POINT('',(0.0785,0.,-0.201));
#3312=CARTESIAN_POINT('',(0.0685,0.,-0.201));
#3313=CARTESIAN_POINT('',(0.0685,0.,-0.191));
#3314=CARTESIAN_POINT('',(0.0585,0.,-0.191));
#3315=CARTESIAN_POINT('',(0.0585,0.,-0.191));
#3316=CARTESIAN_POINT('',(0.0585,0.,-0.181));
#3317=CARTESIAN_POINT('',(0.0685,0.,-0.181));
#3318=CARTESIAN_POINT('',(0.0785,0.,-0.181));
#3319=CARTESIAN_POINT('',(0.0785,0.,0.201));
#3320=CARTESIAN_POINT('',(0.0785,0.,0.181));
#3321=CARTESIAN_POINT('',(0.0685,0.,0.181));
#3322=CARTESIAN_POINT('',(0.0585,0.,0.181));
#3323=CARTESIAN_POINT('',(0.0585,0.,0.181));
#3324=CARTESIAN_POINT('',(0.0585,0.,0.191));
#3325=CARTESIAN_POINT('',(0.0685,0.,0.191));
#3326=CARTESIAN_POINT('',(0.0685,0.,-0.166));
#3327=CARTESIAN_POINT('',(0.0685,0.,-0.166));
#3328=CARTESIAN_POINT('',(-0.0685,0.,-0.166));
#3329=CARTESIAN_POINT('',(-0.0685,0.,-0.166));
#3330=CARTESIAN_POINT('',(-0.0685,0.,0.166));
#3331=CARTESIAN_POINT('',(-0.0685,0.,0.166));
#3332=CARTESIAN_POINT('',(0.0685,0.,0.166));
#3333=CARTESIAN_POINT('',(0.0685,0.,0.166));
#3334=CARTESIAN_POINT('',(0.,0.,0.));
#3335=CARTESIAN_POINT('',(-0.0785,0.,-0.201));
#3336=CARTESIAN_POINT('',(-0.0785,0.,0.191));
#3337=CARTESIAN_POINT('',(-0.0785,0.,0.201));
#3338=CARTESIAN_POINT('',(-0.0685,0.,0.191));
#3339=CARTESIAN_POINT('',(-0.0785,0.,0.201));
#3340=CARTESIAN_POINT('',(0.,0.,0.));
#3341=CARTESIAN_POINT('',(0.0785,0.,-0.201));
#3342=CARTESIAN_POINT('',(-0.0785,0.,-0.201));
#3343=CARTESIAN_POINT('',(-0.0685,0.,-0.191));
#3344=CARTESIAN_POINT('',(-0.0785,0.,-0.191));
#3345=CARTESIAN_POINT('',(-0.0785,0.,-0.201));
#3346=CARTESIAN_POINT('',(0.,0.,0.));
#3347=CARTESIAN_POINT('',(-0.0785,0.,0.201));
#3348=CARTESIAN_POINT('',(0.0785,0.,0.201));
#3349=CARTESIAN_POINT('',(0.0685,0.,0.191));
#3350=CARTESIAN_POINT('',(0.0785,0.,0.191));
#3351=CARTESIAN_POINT('',(0.0785,0.,0.201));
#3352=CARTESIAN_POINT('',(0.0785,0.081,-0.201));
#3353=CARTESIAN_POINT('',(-0.02,0.081,-0.201));
#3354=CARTESIAN_POINT('',(-0.02,0.111,-0.201));
#3355=CARTESIAN_POINT('',(0.02,0.111,-0.201));
#3356=CARTESIAN_POINT('',(0.02,0.111,-0.201));
#3357=CARTESIAN_POINT('',(-0.02,0.111,-0.201));
#3358=CARTESIAN_POINT('',(0.0785,0.,-0.201));
#3359=CARTESIAN_POINT('',(0.0785,0.,-0.201));
#3360=CARTESIAN_POINT('',(-0.0785,0.081,-0.201));
#3361=CARTESIAN_POINT('',(-0.0585,0.167,-0.201));
#3362=CARTESIAN_POINT('',(-0.0585,0.167,-0.201));
#3363=CARTESIAN_POINT('',(-0.0485,0.167,-0.201));
#3364=CARTESIAN_POINT('',(-0.0485,0.177,-0.201));
#3365=CARTESIAN_POINT('',(0.0485,0.177,-0.201));
#3366=CARTESIAN_POINT('',(0.0485,0.177,-0.201));
#3367=CARTESIAN_POINT('',(0.0485,0.167,-0.201));
#3368=CARTESIAN_POINT('',(0.0585,0.167,-0.201));
#3369=CARTESIAN_POINT('',(0.0585,0.081,-0.201));
#3370=CARTESIAN_POINT('',(0.0785,0.081,-0.201));
#3371=CARTESIAN_POINT('',(-0.0785,0.081,-0.201));
#3372=CARTESIAN_POINT('',(-0.0785,-0.016,-0.191));
#3373=CARTESIAN_POINT('',(-0.0785,-0.016,-0.191));
#3374=CARTESIAN_POINT('',(-0.0785,-0.016,-0.191));
#3375=CARTESIAN_POINT('',(-0.0785,-0.016,-0.181));
#3376=CARTESIAN_POINT('',(-0.0785,-0.016,-0.181));
#3377=CARTESIAN_POINT('',(-0.0785,-0.016,0.181));
#3378=CARTESIAN_POINT('',(-0.0785,-0.016,0.181));
#3379=CARTESIAN_POINT('',(-0.0785,-0.016,0.181));
#3380=CARTESIAN_POINT('',(-0.0785,-0.016,0.191));
#3381=CARTESIAN_POINT('',(-0.0785,-0.016,0.191));
#3382=CARTESIAN_POINT('',(-0.0785,0.081,0.201));
#3383=CARTESIAN_POINT('',(-0.0785,0.081,0.201));
#3384=CARTESIAN_POINT('',(-0.02,0.081,0.201));
#3385=CARTESIAN_POINT('',(-0.02,0.111,0.201));
#3386=CARTESIAN_POINT('',(-0.02,0.111,0.201));
#3387=CARTESIAN_POINT('',(0.02,0.111,0.201));
#3388=CARTESIAN_POINT('',(0.02,0.111,0.201));
#3389=CARTESIAN_POINT('',(0.0785,0.081,0.201));
#3390=CARTESIAN_POINT('',(0.0585,0.081,0.201));
#3391=CARTESIAN_POINT('',(0.0585,0.167,0.201));
#3392=CARTESIAN_POINT('',(0.0485,0.167,0.201));
#3393=CARTESIAN_POINT('',(0.0485,0.177,0.201));
#3394=CARTESIAN_POINT('',(0.0485,0.177,0.201));
#3395=CARTESIAN_POINT('',(-0.0485,0.177,0.201));
#3396=CARTESIAN_POINT('',(-0.0485,0.167,0.201));
#3397=CARTESIAN_POINT('',(-0.0585,0.167,0.201));
#3398=CARTESIAN_POINT('',(-0.0585,0.167,0.201));
#3399=CARTESIAN_POINT('',(0.0785,0.081,0.201));
#3400=CARTESIAN_POINT('',(0.0785,-0.016,0.191));
#3401=CARTESIAN_POINT('',(0.0785,-0.016,0.191));
#3402=CARTESIAN_POINT('',(0.0785,-0.016,0.191));
#3403=CARTESIAN_POINT('',(0.0785,-0.016,0.181));
#3404=CARTESIAN_POINT('',(0.0785,-0.016,0.181));
#3405=CARTESIAN_POINT('',(0.0785,-0.016,-0.181));
#3406=CARTESIAN_POINT('',(0.0785,-0.016,-0.181));
#3407=CARTESIAN_POINT('',(0.0785,-0.016,-0.181));
#3408=CARTESIAN_POINT('',(0.0785,-0.016,-0.191));
#3409=CARTESIAN_POINT('',(0.0785,-0.016,-0.191));
#3410=CARTESIAN_POINT('',(0.0785,0.,-0.191));
#3411=CARTESIAN_POINT('',(0.0785,0.,0.201));
#3412=CARTESIAN_POINT('',(0.,0.,0.));
#3413=CARTESIAN_POINT('',(0.0685,0.,-0.191));
#3414=CARTESIAN_POINT('',(0.0585,-0.016,-0.191));
#3415=CARTESIAN_POINT('',(0.0585,-0.016,-0.191));
#3416=CARTESIAN_POINT('',(0.0585,-0.016,-0.191));
#3417=CARTESIAN_POINT('',(0.0585,-0.016,-0.191));
#3418=CARTESIAN_POINT('',(0.0585,-0.016,-0.181));
#3419=CARTESIAN_POINT('',(0.0585,-0.016,-0.181));
#3420=CARTESIAN_POINT('',(0.0685,-0.016,-0.181));
#3421=CARTESIAN_POINT('',(0.0685,-0.016,-0.181));
#3422=CARTESIAN_POINT('',(0.0685,-0.016,-0.191));
#3423=CARTESIAN_POINT('',(0.0685,-0.016,-0.191));
#3424=CARTESIAN_POINT('',(0.0685,-0.016,-0.181));
#3425=CARTESIAN_POINT('',(-0.0685,-0.016,-0.191));
#3426=CARTESIAN_POINT('',(-0.0585,-0.016,-0.191));
#3427=CARTESIAN_POINT('',(-0.0585,-0.016,-0.191));
#3428=CARTESIAN_POINT('',(-0.0685,-0.016,-0.191));
#3429=CARTESIAN_POINT('',(-0.0685,-0.016,-0.181));
#3430=CARTESIAN_POINT('',(-0.0685,-0.016,-0.181));
#3431=CARTESIAN_POINT('',(-0.0585,-0.016,-0.181));
#3432=CARTESIAN_POINT('',(-0.0585,-0.016,-0.181));
#3433=CARTESIAN_POINT('',(-0.0585,-0.016,-0.181));
#3434=CARTESIAN_POINT('',(-0.0585,-0.016,-0.181));
#3435=CARTESIAN_POINT('',(-0.0685,-0.016,-0.191));
#3436=CARTESIAN_POINT('',(0.0685,-0.016,0.181));
#3437=CARTESIAN_POINT('',(0.0685,-0.016,0.181));
#3438=CARTESIAN_POINT('',(0.0585,-0.016,0.181));
#3439=CARTESIAN_POINT('',(0.0585,-0.016,0.181));
#3440=CARTESIAN_POINT('',(0.0585,-0.016,0.181));
#3441=CARTESIAN_POINT('',(0.0585,-0.016,0.181));
#3442=CARTESIAN_POINT('',(0.0585,-0.016,0.191));
#3443=CARTESIAN_POINT('',(0.0585,-0.016,0.191));
#3444=CARTESIAN_POINT('',(0.0685,-0.016,0.191));
#3445=CARTESIAN_POINT('',(0.0685,-0.016,0.191));
#3446=CARTESIAN_POINT('',(0.0685,-0.016,0.181));
#3447=CARTESIAN_POINT('',(-0.0685,-0.016,0.191));
#3448=CARTESIAN_POINT('',(-0.0685,-0.016,0.191));
#3449=CARTESIAN_POINT('',(-0.0585,-0.016,0.191));
#3450=CARTESIAN_POINT('',(-0.0585,-0.016,0.191));
#3451=CARTESIAN_POINT('',(-0.0585,-0.016,0.191));
#3452=CARTESIAN_POINT('',(-0.0585,-0.016,0.191));
#3453=CARTESIAN_POINT('',(-0.0585,-0.016,0.181));
#3454=CARTESIAN_POINT('',(-0.0585,-0.016,0.181));
#3455=CARTESIAN_POINT('',(-0.0685,-0.016,0.181));
#3456=CARTESIAN_POINT('',(-0.0685,-0.016,0.181));
#3457=CARTESIAN_POINT('',(-0.0685,-0.016,0.191));
#3458=CARTESIAN_POINT('',(0.0685,0.001,-0.166));
#3459=CARTESIAN_POINT('',(0.0685,0.001,-0.166));
#3460=CARTESIAN_POINT('',(0.0685,0.001,-0.166));
#3461=CARTESIAN_POINT('',(0.0685,0.001,-0.166));
#3462=CARTESIAN_POINT('',(-0.0685,0.001,-0.166));
#3463=CARTESIAN_POINT('',(-0.0685,0.001,-0.166));
#3464=CARTESIAN_POINT('',(-0.0685,0.001,-0.166));
#3465=CARTESIAN_POINT('',(-0.0685,0.001,-0.166));
#3466=CARTESIAN_POINT('',(-0.0685,0.001,0.166));
#3467=CARTESIAN_POINT('',(-0.0685,0.001,0.166));
#3468=CARTESIAN_POINT('',(-0.0685,0.001,0.166));
#3469=CARTESIAN_POINT('',(-0.0685,0.001,0.166));
#3470=CARTESIAN_POINT('',(0.0685,0.001,0.166));
#3471=CARTESIAN_POINT('',(0.0685,0.001,0.166));
#3472=CARTESIAN_POINT('',(0.0685,0.001,0.166));
#3473=CARTESIAN_POINT('',(0.0685,0.001,0.166));
#3474=CARTESIAN_POINT('',(0.,0.001,0.));
#3475=CARTESIAN_POINT('',(-0.0485,0.167,0.189));
#3476=CARTESIAN_POINT('',(-0.0485,0.177,0.189));
#3477=CARTESIAN_POINT('',(-0.0485,0.177,0.189));
#3478=CARTESIAN_POINT('',(-0.0485,0.167,0.189));
#3479=CARTESIAN_POINT('',(-0.0585,0.167,0.189));
#3480=CARTESIAN_POINT('',(-0.0585,0.167,0.189));
#3481=CARTESIAN_POINT('',(-0.0585,0.167,0.189));
#3482=CARTESIAN_POINT('',(-0.0585,0.167,0.189));
#3483=CARTESIAN_POINT('',(-0.02,0.081,0.189));
#3484=CARTESIAN_POINT('',(-0.02,0.081,0.189));
#3485=CARTESIAN_POINT('',(-0.02,0.111,0.189));
#3486=CARTESIAN_POINT('',(-0.02,0.111,0.189));
#3487=CARTESIAN_POINT('',(-0.02,0.111,0.189));
#3488=CARTESIAN_POINT('',(-0.02,0.111,0.189));
#3489=CARTESIAN_POINT('',(0.02,0.111,0.189));
#3490=CARTESIAN_POINT('',(0.02,0.111,0.189));
#3491=CARTESIAN_POINT('',(0.02,0.111,0.189));
#3492=CARTESIAN_POINT('',(0.02,0.111,0.189));
#3493=CARTESIAN_POINT('',(0.0585,0.081,0.189));
#3494=CARTESIAN_POINT('',(0.0585,0.081,0.189));
#3495=CARTESIAN_POINT('',(0.0585,0.167,0.189));
#3496=CARTESIAN_POINT('',(0.0585,0.167,0.189));
#3497=CARTESIAN_POINT('',(0.0485,0.167,0.189));
#3498=CARTESIAN_POINT('',(0.0485,0.167,0.189));
#3499=CARTESIAN_POINT('',(0.0485,0.177,0.189));
#3500=CARTESIAN_POINT('',(0.0485,0.177,0.189));
#3501=CARTESIAN_POINT('',(0.0485,0.177,0.189));
#3502=CARTESIAN_POINT('',(0.0485,0.177,0.189));
#3503=CARTESIAN_POINT('',(-0.0485,0.167,0.189));
#3504=CARTESIAN_POINT('',(-0.0485,0.167,-0.189));
#3505=CARTESIAN_POINT('',(-0.0585,0.167,-0.189));
#3506=CARTESIAN_POINT('',(-0.0585,0.167,-0.189));
#3507=CARTESIAN_POINT('',(-0.0485,0.167,-0.189));
#3508=CARTESIAN_POINT('',(-0.0485,0.177,-0.189));
#3509=CARTESIAN_POINT('',(-0.0485,0.177,-0.189));
#3510=CARTESIAN_POINT('',(-0.0585,0.167,-0.189));
#3511=CARTESIAN_POINT('',(-0.0585,0.167,-0.189));
#3512=CARTESIAN_POINT('',(-0.02,0.081,-0.189));
#3513=CARTESIAN_POINT('',(-0.02,0.111,-0.189));
#3514=CARTESIAN_POINT('',(-0.02,0.111,-0.189));
#3515=CARTESIAN_POINT('',(-0.02,0.081,-0.189));
#3516=CARTESIAN_POINT('',(-0.02,0.111,-0.189));
#3517=CARTESIAN_POINT('',(0.02,0.111,-0.189));
#3518=CARTESIAN_POINT('',(0.02,0.111,-0.189));
#3519=CARTESIAN_POINT('',(-0.02,0.111,-0.189));
#3520=CARTESIAN_POINT('',(0.02,0.111,-0.189));
#3521=CARTESIAN_POINT('',(0.02,0.111,-0.189));
#3522=CARTESIAN_POINT('',(0.0585,0.081,-0.189));
#3523=CARTESIAN_POINT('',(0.0585,0.167,-0.189));
#3524=CARTESIAN_POINT('',(0.0585,0.167,-0.189));
#3525=CARTESIAN_POINT('',(0.0585,0.081,-0.189));
#3526=CARTESIAN_POINT('',(0.0485,0.167,-0.189));
#3527=CARTESIAN_POINT('',(0.0485,0.177,-0.189));
#3528=CARTESIAN_POINT('',(0.0485,0.177,-0.189));
#3529=CARTESIAN_POINT('',(0.0485,0.167,-0.189));
#3530=CARTESIAN_POINT('',(0.0485,0.177,-0.189));
#3531=CARTESIAN_POINT('',(0.0485,0.177,-0.189));
#3532=CARTESIAN_POINT('',(-0.0485,0.167,-0.189));
#3533=CARTESIAN_POINT('',(0.0785,-2.46154006628618E-17,0.201));
#3534=CARTESIAN_POINT('',(0.0685,0.001,-0.166));
#3535=CARTESIAN_POINT('',(0.0685,0.,-0.166));
#3536=CARTESIAN_POINT('',(0.0685,0.,-0.166));
#3537=CARTESIAN_POINT('',(-0.0685,0.,-0.166));
#3538=CARTESIAN_POINT('',(-0.0685,0.001,-0.166));
#3539=CARTESIAN_POINT('',(-0.0685,0.001,-0.166));
#3540=CARTESIAN_POINT('',(0.0685,0.001,-0.166));
#3541=CARTESIAN_POINT('',(0.0685,0.001,-0.166));
#3542=CARTESIAN_POINT('',(0.0685,0.001,-0.166));
#3543=CARTESIAN_POINT('',(-0.0685,0.001,-0.166));
#3544=CARTESIAN_POINT('',(-0.0685,0.,-0.166));
#3545=CARTESIAN_POINT('',(-0.0685,0.,0.166));
#3546=CARTESIAN_POINT('',(-0.0685,0.001,0.166));
#3547=CARTESIAN_POINT('',(-0.0685,0.001,0.166));
#3548=CARTESIAN_POINT('',(-0.0685,0.001,-0.166));
#3549=CARTESIAN_POINT('',(-0.0685,0.001,0.166));
#3550=CARTESIAN_POINT('',(-0.0685,0.,0.166));
#3551=CARTESIAN_POINT('',(0.0685,0.,0.166));
#3552=CARTESIAN_POINT('',(0.0685,0.001,0.166));
#3553=CARTESIAN_POINT('',(0.0685,0.001,0.166));
#3554=CARTESIAN_POINT('',(-0.0685,0.001,0.166));
#3555=CARTESIAN_POINT('',(0.0685,0.001,0.166));
#3556=CARTESIAN_POINT('',(0.0685,0.,0.166));
#3557=CARTESIAN_POINT('',(0.0685,0.001,0.166));
#3558=CARTESIAN_POINT('',(0.,0.001,0.));
#3559=CARTESIAN_POINT('',(0.,0.,0.));
#3560=CARTESIAN_POINT('',(0.012,0.,0.117));
#3561=CARTESIAN_POINT('',(0.012,0.,0.117));
#3562=CARTESIAN_POINT('',(-0.012,0.,0.117));
#3563=CARTESIAN_POINT('',(0.012,0.,0.083));
#3564=CARTESIAN_POINT('',(0.012,0.,0.083));
#3565=CARTESIAN_POINT('',(0.012,0.,0.083));
#3566=CARTESIAN_POINT('',(-0.012,0.,0.083));
#3567=CARTESIAN_POINT('',(-0.012,0.,0.083));
#3568=CARTESIAN_POINT('',(0.012,0.,0.017));
#3569=CARTESIAN_POINT('',(0.012,0.,0.0169999999999999));
#3570=CARTESIAN_POINT('',(-0.012,0.,0.017));
#3571=CARTESIAN_POINT('',(0.012,0.,-0.017));
#3572=CARTESIAN_POINT('',(0.012,0.,-0.017));
#3573=CARTESIAN_POINT('',(0.012,0.,-0.017));
#3574=CARTESIAN_POINT('',(-0.012,0.,-0.017));
#3575=CARTESIAN_POINT('',(-0.012,0.,-0.017));
#3576=CARTESIAN_POINT('',(0.012,0.,-0.083));
#3577=CARTESIAN_POINT('',(0.012,0.,-0.083));
#3578=CARTESIAN_POINT('',(-0.012,0.,-0.083));
#3579=CARTESIAN_POINT('',(0.012,0.,-0.117));
#3580=CARTESIAN_POINT('',(0.012,0.,-0.117));
#3581=CARTESIAN_POINT('',(0.012,2.13425624505021E-18,-0.117));
#3582=CARTESIAN_POINT('',(-0.012,0.,-0.117));
#3583=CARTESIAN_POINT('',(-0.012,0.,-0.117));
#3584=CARTESIAN_POINT('',(0.012,0.,0.017));
#3585=CARTESIAN_POINT('',(0.012,-0.016,0.012));
#3586=CARTESIAN_POINT('',(0.008,-0.016,0.012));
#3587=CARTESIAN_POINT('',(-0.008,-0.016,0.0119999999999999));
#3588=CARTESIAN_POINT('',(0.012,0.,0.017));
#3589=CARTESIAN_POINT('',(-0.0107070707070707,-0.00517171717171717,0.0153838383838384));
#3590=CARTESIAN_POINT('',(0.012,-0.016,-0.012));
#3591=CARTESIAN_POINT('',(0.00821548821548822,-0.0151380471380471,-0.0122693602693603));
#3592=CARTESIAN_POINT('',(0.008,-0.016,-0.012));
#3593=CARTESIAN_POINT('',(0.012,-0.016,-0.012));
#3594=CARTESIAN_POINT('',(-0.008,-0.016,-0.012));
#3595=CARTESIAN_POINT('',(-0.00692255892255892,-0.0203097643097643,-0.0106531986531987));
#3596=CARTESIAN_POINT('',(0.012,0.,0.117));
#3597=CARTESIAN_POINT('',(0.012,-0.016,0.112));
#3598=CARTESIAN_POINT('',(0.008,-0.016,0.112));
#3599=CARTESIAN_POINT('',(-0.008,-0.016,0.112));
#3600=CARTESIAN_POINT('',(0.012,0.,0.117));
#3601=CARTESIAN_POINT('',(-0.0107070707070707,-0.00517171717171717,0.115383838383838));
#3602=CARTESIAN_POINT('',(0.012,-0.016,0.088));
#3603=CARTESIAN_POINT('',(0.00821548821548822,-0.0151380471380471,0.0877306397306397));
#3604=CARTESIAN_POINT('',(0.008,-0.016,0.088));
#3605=CARTESIAN_POINT('',(0.012,-0.016,0.088));
#3606=CARTESIAN_POINT('',(-0.008,-0.016,0.088));
#3607=CARTESIAN_POINT('',(-0.00692255892255892,-0.0203097643097643,0.0893468013468013));
#3608=CARTESIAN_POINT('',(0.012,0.,-0.083));
#3609=CARTESIAN_POINT('',(0.012,-0.016,-0.088));
#3610=CARTESIAN_POINT('',(0.008,-0.016,-0.088));
#3611=CARTESIAN_POINT('',(-0.008,-0.016,-0.088));
#3612=CARTESIAN_POINT('',(0.012,0.,-0.083));
#3613=CARTESIAN_POINT('',(-0.0107070707070707,-0.00517171717171717,-0.0846161616161616));
#3614=CARTESIAN_POINT('',(0.012,-0.016,-0.112));
#3615=CARTESIAN_POINT('',(0.00821548821548822,-0.0151380471380471,-0.11226936026936));
#3616=CARTESIAN_POINT('',(0.008,-0.016,-0.112));
#3617=CARTESIAN_POINT('',(0.012,-0.016,-0.112));
#3618=CARTESIAN_POINT('',(-0.008,-0.016,-0.112));
#3619=CARTESIAN_POINT('',(-0.00692255892255892,-0.0203097643097643,-0.110653198653199));
#3620=CARTESIAN_POINT('',(-0.008,-0.016,-0.15));
#3621=CARTESIAN_POINT('',(-0.008,-0.016,-0.15));
#3622=CARTESIAN_POINT('',(-0.008,-0.016,-0.15));
#3623=CARTESIAN_POINT('',(-0.008,-0.016,-0.15));
#3624=CARTESIAN_POINT('',(-0.008,-0.016,-0.15));
#3625=CARTESIAN_POINT('',(-0.008,-0.016,-0.15));
#3626=CARTESIAN_POINT('',(0.012,0.,-0.15));
#3627=CARTESIAN_POINT('',(0.008,-0.016,-0.15));
#3628=CARTESIAN_POINT('',(0.012,0.,-0.15));
#3629=CARTESIAN_POINT('',(0.008,-0.016,-0.15));
#3630=CARTESIAN_POINT('',(0.012,0.,-0.15));
#3631=CARTESIAN_POINT('',(0.008,-0.016,-0.15));
#3632=CARTESIAN_POINT('',(0.008,-0.016,0.012));
#3633=CARTESIAN_POINT('',(-0.008,-0.016,0.012));
#3634=CARTESIAN_POINT('',(-0.008,-0.124,0.012));
#3635=CARTESIAN_POINT('',(0.008,-0.124,0.012));
#3636=CARTESIAN_POINT('',(0.008,-0.124,0.012));
#3637=CARTESIAN_POINT('',(0.008,-0.016,0.012));
#3638=CARTESIAN_POINT('',(0.008,-0.124,1.92083062054519E-17));
#3639=CARTESIAN_POINT('',(-0.008,-0.124,1.92083062054519E-17));
#3640=CARTESIAN_POINT('',(-0.008,-0.124,-0.012));
#3641=CARTESIAN_POINT('',(0.008,-0.124,-0.012));
#3642=CARTESIAN_POINT('',(0.008,-0.124,-0.012));
#3643=CARTESIAN_POINT('',(0.008,-0.124,1.92083062054519E-17));
#3644=CARTESIAN_POINT('',(0.008,-0.124,-0.012));
#3645=CARTESIAN_POINT('',(-0.008,-0.124,-0.012));
#3646=CARTESIAN_POINT('',(0.008,-0.124,-0.012));
#3647=CARTESIAN_POINT('',(0.008,-0.124,1.92083062054519E-17));
#3648=CARTESIAN_POINT('',(-0.008,-0.124,1.92083062054519E-17));
#3649=CARTESIAN_POINT('',(0.008,-0.016,0.112));
#3650=CARTESIAN_POINT('',(-0.008,-0.016,0.112));
#3651=CARTESIAN_POINT('',(-0.008,-0.124,0.112));
#3652=CARTESIAN_POINT('',(0.008,-0.124,0.112));
#3653=CARTESIAN_POINT('',(0.008,-0.124,0.112));
#3654=CARTESIAN_POINT('',(0.008,-0.016,0.112));
#3655=CARTESIAN_POINT('',(0.008,-0.124,0.1));
#3656=CARTESIAN_POINT('',(-0.008,-0.124,0.1));
#3657=CARTESIAN_POINT('',(-0.008,-0.124,0.088));
#3658=CARTESIAN_POINT('',(0.008,-0.124,0.088));
#3659=CARTESIAN_POINT('',(0.008,-0.124,0.088));
#3660=CARTESIAN_POINT('',(0.008,-0.124,0.1));
#3661=CARTESIAN_POINT('',(0.008,-0.124,0.088));
#3662=CARTESIAN_POINT('',(-0.008,-0.124,0.088));
#3663=CARTESIAN_POINT('',(0.008,-0.124,0.088));
#3664=CARTESIAN_POINT('',(0.008,-0.124,0.1));
#3665=CARTESIAN_POINT('',(-0.008,-0.124,0.1));
#3666=CARTESIAN_POINT('',(0.008,-0.016,-0.088));
#3667=CARTESIAN_POINT('',(-0.008,-0.016,-0.088));
#3668=CARTESIAN_POINT('',(-0.008,-0.124,-0.088));
#3669=CARTESIAN_POINT('',(0.008,-0.124,-0.088));
#3670=CARTESIAN_POINT('',(0.008,-0.124,-0.088));
#3671=CARTESIAN_POINT('',(0.008,-0.016,-0.088));
#3672=CARTESIAN_POINT('',(0.008,-0.124,-0.1));
#3673=CARTESIAN_POINT('',(-0.008,-0.124,-0.1));
#3674=CARTESIAN_POINT('',(-0.008,-0.124,-0.112));
#3675=CARTESIAN_POINT('',(0.008,-0.124,-0.112));
#3676=CARTESIAN_POINT('',(0.008,-0.124,-0.112));
#3677=CARTESIAN_POINT('',(0.008,-0.124,-0.1));
#3678=CARTESIAN_POINT('',(0.008,-0.124,-0.112));
#3679=CARTESIAN_POINT('',(-0.008,-0.124,-0.112));
#3680=CARTESIAN_POINT('',(0.008,-0.124,-0.112));
#3681=CARTESIAN_POINT('',(0.008,-0.124,-0.1));
#3682=CARTESIAN_POINT('',(-0.008,-0.124,-0.1));
#3683=CARTESIAN_POINT('',(0.0785,0.00199999999999998,0.201));
#3684=CARTESIAN_POINT('',(0.0585,0.1,0.189));
#3685=CARTESIAN_POINT('',(0.02,0.03,0.189));
#3686=CARTESIAN_POINT('',(0.02,0.03,0.189));
#3687=CARTESIAN_POINT('',(-0.02,0.03,0.189));
#3688=CARTESIAN_POINT('',(0.02,0.,0.189));
#3689=CARTESIAN_POINT('',(0.02,0.,0.189));
#3690=CARTESIAN_POINT('',(0.0585,0.,0.189));
#3691=CARTESIAN_POINT('',(0.0585,0.,0.189));
#3692=CARTESIAN_POINT('',(0.0585,0.1,0.189));
#3693=CARTESIAN_POINT('',(0.0585,0.1,0.189));
#3694=CARTESIAN_POINT('',(0.0585,0.1,0.189));
#3695=CARTESIAN_POINT('',(-0.0585,0.1,0.189));
#3696=CARTESIAN_POINT('',(-0.0585,0.1,0.189));
#3697=CARTESIAN_POINT('',(-0.0585,0.,0.189));
#3698=CARTESIAN_POINT('',(0.0585,0.,0.189));
#3699=CARTESIAN_POINT('',(-0.02,0.,0.189));
#3700=CARTESIAN_POINT('',(-0.02,0.,0.189));
#3701=CARTESIAN_POINT('',(0.,0.1,0.));
#3702=CARTESIAN_POINT('',(0.05,0.1,-0.1));
#3703=CARTESIAN_POINT('',(0.05,0.1,-0.1));
#3704=CARTESIAN_POINT('',(-0.05,0.1,-0.1));
#3705=CARTESIAN_POINT('',(0.05,0.1,0.1));
#3706=CARTESIAN_POINT('',(0.05,0.1,0.1));
#3707=CARTESIAN_POINT('',(-0.05,0.1,0.1));
#3708=CARTESIAN_POINT('',(-0.05,0.1,0.1));
#3709=CARTESIAN_POINT('',(-0.05,0.1,-0.1));
#3710=CARTESIAN_POINT('',(-0.0585,0.1,-0.189));
#3711=CARTESIAN_POINT('',(-0.0585,0.1,-0.189));
#3712=CARTESIAN_POINT('',(0.0584999999999999,0.1,-0.189));
#3713=CARTESIAN_POINT('',(-0.0585,0.1,-0.201));
#3714=CARTESIAN_POINT('',(-0.0585,0.1,-0.201));
#3715=CARTESIAN_POINT('',(0.0785,0.1,-0.201));
#3716=CARTESIAN_POINT('',(-0.0685,0.1,-0.201));
#3717=CARTESIAN_POINT('',(-0.0685,0.1,-0.201));
#3718=CARTESIAN_POINT('',(-0.0685,0.1,0.201));
#3719=CARTESIAN_POINT('',(-0.0785,0.1,0.201));
#3720=CARTESIAN_POINT('',(-0.0585,0.1,0.201));
#3721=CARTESIAN_POINT('',(-0.0585,0.1,0.189));
#3722=CARTESIAN_POINT('',(0.0585,0.1,0.201));
#3723=CARTESIAN_POINT('',(0.0585,0.1,0.201));
#3724=CARTESIAN_POINT('',(-0.0785,0.1,0.201));
#3725=CARTESIAN_POINT('',(0.0785,0.1,0.201));
#3726=CARTESIAN_POINT('',(0.0785,0.1,0.201));
#3727=CARTESIAN_POINT('',(0.0785,0.1,-0.201));
#3728=CARTESIAN_POINT('',(0.0785,0.1,-0.201));
#3729=CARTESIAN_POINT('',(0.0584999999999999,0.1,-0.201));
#3730=CARTESIAN_POINT('',(0.0584999999999999,0.1,-0.189));
#3731=CARTESIAN_POINT('',(0.,0.,0.));
#3732=CARTESIAN_POINT('',(0.026,0.,0.075));
#3733=CARTESIAN_POINT('',(0.026,0.,0.075));
#3734=CARTESIAN_POINT('',(0.026,0.,-0.071));
#3735=CARTESIAN_POINT('',(0.026,0.,0.075));
#3736=CARTESIAN_POINT('',(0.0785,0.,0.075));
#3737=CARTESIAN_POINT('',(0.0785,0.,0.201));
#3738=CARTESIAN_POINT('',(0.0785,0.,0.201));
#3739=CARTESIAN_POINT('',(-0.0785,0.,0.201));
#3740=CARTESIAN_POINT('',(0.0585,0.,0.201));
#3741=CARTESIAN_POINT('',(0.0585,0.,0.201));
#3742=CARTESIAN_POINT('',(0.02,0.,0.189));
#3743=CARTESIAN_POINT('',(-0.0585,0.,0.189));
#3744=CARTESIAN_POINT('',(-0.0585,0.,0.201));
#3745=CARTESIAN_POINT('',(-0.0785,0.,0.201));
#3746=CARTESIAN_POINT('',(-0.0785,0.,0.201));
#3747=CARTESIAN_POINT('',(-0.0785,0.,-0.201));
#3748=CARTESIAN_POINT('',(-0.0785,0.,-0.201));
#3749=CARTESIAN_POINT('',(0.0785,0.,-0.201));
#3750=CARTESIAN_POINT('',(-0.0585,0.,-0.201));
#3751=CARTESIAN_POINT('',(-0.0585,0.,-0.201));
#3752=CARTESIAN_POINT('',(-0.0585,0.,-0.189));
#3753=CARTESIAN_POINT('',(-0.0585,0.,-0.189));
#3754=CARTESIAN_POINT('',(-0.02,0.,-0.189));
#3755=CARTESIAN_POINT('',(0.02,4.26851249010041E-18,-0.189));
#3756=CARTESIAN_POINT('',(0.02,4.26851249010041E-18,-0.189));
#3757=CARTESIAN_POINT('',(-0.0585,0.,-0.189));
#3758=CARTESIAN_POINT('',(0.0584999999999999,0.,-0.189));
#3759=CARTESIAN_POINT('',(0.0584999999999999,0.,-0.189));
#3760=CARTESIAN_POINT('',(0.0584999999999999,0.,-0.201));
#3761=CARTESIAN_POINT('',(0.0785,0.,-0.201));
#3762=CARTESIAN_POINT('',(0.0785,0.,-0.201));
#3763=CARTESIAN_POINT('',(0.0785,0.,0.201));
#3764=CARTESIAN_POINT('',(0.0785,0.,-0.071));
#3765=CARTESIAN_POINT('',(0.026,0.,-0.071));
#3766=CARTESIAN_POINT('',(0.0785,0.1,-0.201));
#3767=CARTESIAN_POINT('',(-0.0585,0.1,-0.201));
#3768=CARTESIAN_POINT('',(-0.0785,0.1,-0.201));
#3769=CARTESIAN_POINT('',(-0.0785,0.015,-0.201));
#3770=CARTESIAN_POINT('',(-0.0785,0.015,-0.201));
#3771=CARTESIAN_POINT('',(0.0785,0.1,-0.201));
#3772=CARTESIAN_POINT('',(0.0584999999999999,0.1,-0.201));
#3773=CARTESIAN_POINT('',(0.0785,0.1,-0.201));
#3774=CARTESIAN_POINT('',(-0.0785,0.1,0.201));
#3775=CARTESIAN_POINT('',(-0.0585,0.1,0.201));
#3776=CARTESIAN_POINT('',(-0.0785,0.015,0.201));
#3777=CARTESIAN_POINT('',(-0.0785,0.015,0.201));
#3778=CARTESIAN_POINT('',(-0.0785,0.1,0.201));
#3779=CARTESIAN_POINT('',(-0.0785,0.1,0.201));
#3780=CARTESIAN_POINT('',(0.0585,0.1,0.201));
#3781=CARTESIAN_POINT('',(0.0785,0.1,0.201));
#3782=CARTESIAN_POINT('',(-0.0785,0.1,-0.201));
#3783=CARTESIAN_POINT('',(-0.0785,0.015,-0.201));
#3784=CARTESIAN_POINT('',(0.0785,0.1,0.201));
#3785=CARTESIAN_POINT('',(0.0785,0.067,0.075));
#3786=CARTESIAN_POINT('',(0.0785,0.067,0.075));
#3787=CARTESIAN_POINT('',(0.0785,0.067,-0.071));
#3788=CARTESIAN_POINT('',(0.0785,0.067,-0.071));
#3789=CARTESIAN_POINT('',(0.0785,0.,-0.071));
#3790=CARTESIAN_POINT('',(-0.0785,0.015,-0.201));
#3791=CARTESIAN_POINT('',(-0.0585,0.1,0.189));
#3792=CARTESIAN_POINT('',(0.0585,0.1,0.201));
#3793=CARTESIAN_POINT('',(-0.0585,0.1,-0.201));
#3794=CARTESIAN_POINT('',(-0.0585,0.1,-0.189));
#3795=CARTESIAN_POINT('',(-0.0585,0.1,-0.189));
#3796=CARTESIAN_POINT('',(0.02,0.03,-0.189));
#3797=CARTESIAN_POINT('',(0.02,0.03,-0.189));
#3798=CARTESIAN_POINT('',(0.02,0.03,-0.189));
#3799=CARTESIAN_POINT('',(-0.02,0.03,-0.189));
#3800=CARTESIAN_POINT('',(-0.02,0.03,-0.189));
#3801=CARTESIAN_POINT('',(0.0584999999999999,0.1,-0.189));
#3802=CARTESIAN_POINT('',(0.0584999999999999,0.1,-0.189));
#3803=CARTESIAN_POINT('',(0.05,0.095,-0.1));
#3804=CARTESIAN_POINT('',(-0.05,0.095,-0.1));
#3805=CARTESIAN_POINT('',(-0.05,0.095,-0.1));
#3806=CARTESIAN_POINT('',(0.05,0.095,-0.1));
#3807=CARTESIAN_POINT('',(0.05,0.095,-0.1));
#3808=CARTESIAN_POINT('',(0.05,0.095,-0.1));
#3809=CARTESIAN_POINT('',(-0.05,0.095,-0.1));
#3810=CARTESIAN_POINT('',(-0.05,0.095,0.1));
#3811=CARTESIAN_POINT('',(-0.05,0.095,0.1));
#3812=CARTESIAN_POINT('',(-0.05,0.095,-0.1));
#3813=CARTESIAN_POINT('',(-0.05,0.095,0.1));
#3814=CARTESIAN_POINT('',(0.05,0.095,0.1));
#3815=CARTESIAN_POINT('',(0.05,0.095,0.1));
#3816=CARTESIAN_POINT('',(-0.05,0.095,0.1));
#3817=CARTESIAN_POINT('',(0.05,0.095,0.1));
#3818=CARTESIAN_POINT('',(0.05,0.095,0.1));
#3819=CARTESIAN_POINT('',(0.,0.095,0.));
#3820=CARTESIAN_POINT('',(0.026,0.067,-0.071));
#3821=CARTESIAN_POINT('',(0.026,0.067,0.075));
#3822=CARTESIAN_POINT('',(0.026,0.067,0.075));
#3823=CARTESIAN_POINT('',(0.026,0.067,-0.071));
#3824=CARTESIAN_POINT('',(0.026,0.067,-0.071));
#3825=CARTESIAN_POINT('',(0.026,0.067,-0.071));
#3826=CARTESIAN_POINT('',(0.026,0.067,0.075));
#3827=CARTESIAN_POINT('',(0.026,0.067,0.075));
#3828=CARTESIAN_POINT('',(0.026,0.,-0.071));
#3829=CARTESIAN_POINT('',(0.026,0.,-0.071));
#3830=CARTESIAN_POINT('',(0.026,0.,0.));
#3831=CARTESIAN_POINT('',(0.02,0.03,-0.201));
#3832=CARTESIAN_POINT('',(-0.02,0.03,-0.201));
#3833=CARTESIAN_POINT('',(-0.02,0.03,-0.201));
#3834=CARTESIAN_POINT('',(0.02,0.03,-0.201));
#3835=CARTESIAN_POINT('',(0.02,0.03,-0.201));
#3836=CARTESIAN_POINT('',(0.02,0.03,-0.201));
#3837=CARTESIAN_POINT('',(0.02,0.,-0.189));
#3838=CARTESIAN_POINT('',(-0.02,0.,-0.189));
#3839=CARTESIAN_POINT('',(-0.02,0.017,-0.201));
#3840=CARTESIAN_POINT('',(0.02,0.017,-0.201));
#3841=CARTESIAN_POINT('',(0.02,0.017,-0.201));
#3842=CARTESIAN_POINT('',(0.02,0.,-0.189));
#3843=CARTESIAN_POINT('',(0.02,0.017,-0.201));
#3844=CARTESIAN_POINT('',(-0.02,0.017,-0.201));
#3845=CARTESIAN_POINT('',(0.02,0.017,-0.201));
#3846=CARTESIAN_POINT('',(0.02,0.,0.));
#3847=CARTESIAN_POINT('',(-0.02,0.,0.));
#3848=CARTESIAN_POINT('',(0.02,0.03,0.201));
#3849=CARTESIAN_POINT('',(-0.02,0.03,0.201));
#3850=CARTESIAN_POINT('',(-0.02,0.03,0.201));
#3851=CARTESIAN_POINT('',(-0.02,0.017,0.201));
#3852=CARTESIAN_POINT('',(0.02,0.017,0.201));
#3853=CARTESIAN_POINT('',(0.02,0.017,0.201));
#3854=CARTESIAN_POINT('',(0.02,0.03,0.201));
#3855=CARTESIAN_POINT('',(0.02,0.03,0.201));
#3856=CARTESIAN_POINT('',(0.02,0.03,0.201));
#3857=CARTESIAN_POINT('',(0.02,0.017,0.201));
#3858=CARTESIAN_POINT('',(-0.02,0.017,0.201));
#3859=CARTESIAN_POINT('',(0.02,0.017,0.201));
#3860=CARTESIAN_POINT('',(0.02,0.03,0.189));
#3861=CARTESIAN_POINT('',(-0.02,0.03,0.189));
#3862=CARTESIAN_POINT('',(0.02,0.03,0.189));
#3863=CARTESIAN_POINT('',(0.02,0.,0.));
#3864=CARTESIAN_POINT('',(-0.02,0.,0.));
#3865=CARTESIAN_POINT('',(0.0785,0.081,0.201));
#3866=CARTESIAN_POINT('',(0.1265,0.0645,0.005));
#3867=CARTESIAN_POINT('',(0.1265,0.0645,0.005));
#3868=CARTESIAN_POINT('',(0.1265,0.0645,0.005));
#3869=CARTESIAN_POINT('',(-0.012,0.0645,0.005));
#3870=CARTESIAN_POINT('',(-0.012,0.0645,0.005));
#3871=CARTESIAN_POINT('',(-0.012,0.0645,0.064));
#3872=CARTESIAN_POINT('',(0.1265,0.0645,0.064));
#3873=CARTESIAN_POINT('',(0.1265,0.0645,0.064));
#3874=CARTESIAN_POINT('',(0.1265,0.0645,0.005));
#3875=CARTESIAN_POINT('',(0.1265,0.0645,0.064));
#3876=CARTESIAN_POINT('',(-0.012,0.0645,0.064));
#3877=CARTESIAN_POINT('',(-0.012,8.53702498020082E-18,0.064));
#3878=CARTESIAN_POINT('',(-0.012,8.53702498020082E-18,0.064));
#3879=CARTESIAN_POINT('',(0.,8.53702498020082E-18,0.064));
#3880=CARTESIAN_POINT('',(0.,0.0645,0.064));
#3881=CARTESIAN_POINT('',(0.,0.0175,0.064));
#3882=CARTESIAN_POINT('',(0.1265,0.0175,0.064));
#3883=CARTESIAN_POINT('',(0.1265,0.0175,0.064));
#3884=CARTESIAN_POINT('',(0.1265,0.0645,0.064));
#3885=CARTESIAN_POINT('',(0.1265,0.0175,0.064));
#3886=CARTESIAN_POINT('',(0.,0.0175,0.064));
#3887=CARTESIAN_POINT('',(0.,0.0175,0.00500000000000001));
#3888=CARTESIAN_POINT('',(0.1265,0.0175,0.00500000000000001));
#3889=CARTESIAN_POINT('',(0.1265,0.0175,0.00500000000000001));
#3890=CARTESIAN_POINT('',(0.1265,0.0175,0.064));
#3891=CARTESIAN_POINT('',(0.1265,0.0175,0.005));
#3892=CARTESIAN_POINT('',(0.,0.,0.005));
#3893=CARTESIAN_POINT('',(0.,0.,0.00500000000000001));
#3894=CARTESIAN_POINT('',(-0.012,0.,0.00500000000000001));
#3895=CARTESIAN_POINT('',(-0.012,0.,0.00500000000000001));
#3896=CARTESIAN_POINT('',(-0.012,0.,0.005));
#3897=CARTESIAN_POINT('',(0.1265,0.0175,0.005));
#3898=CARTESIAN_POINT('',(0.1265,0.,0.));
#3899=CARTESIAN_POINT('',(0.,0.,0.));
#3900=CARTESIAN_POINT('',(0.,0.,0.064));
#3901=CARTESIAN_POINT('',(-0.012,0.,0.064));
#3902=CARTESIAN_POINT('',(-0.012,0.,0.068));
#3903=CARTESIAN_POINT('',(-0.012,0.,0.068));
#3904=CARTESIAN_POINT('',(-0.024,0.,0.068));
#3905=CARTESIAN_POINT('',(-0.024,0.,0.068));
#3906=CARTESIAN_POINT('',(-0.024,0.,0.068));
#3907=CARTESIAN_POINT('',(-0.024,0.,-0.078));
#3908=CARTESIAN_POINT('',(-0.024,0.,-0.078));
#3909=CARTESIAN_POINT('',(-0.012,0.,-0.078));
#3910=CARTESIAN_POINT('',(-0.012,0.,0.068));
#3911=CARTESIAN_POINT('',(-0.012,0.,0.));
#3912=CARTESIAN_POINT('',(-0.012,0.,-0.078));
#3913=CARTESIAN_POINT('',(-0.012,0.0665,-0.078));
#3914=CARTESIAN_POINT('',(-0.012,0.0665,-0.078));
#3915=CARTESIAN_POINT('',(-0.012,0.0665,0.068));
#3916=CARTESIAN_POINT('',(-0.012,0.0665,0.068));
#3917=CARTESIAN_POINT('',(-0.024,0.0665,-0.078));
#3918=CARTESIAN_POINT('',(-0.024,0.0665,-0.078));
#3919=CARTESIAN_POINT('',(-0.024,0.0665,-0.078));
#3920=CARTESIAN_POINT('',(-0.024,0.0665,-0.078));
#3921=CARTESIAN_POINT('',(-0.024,0.0665,0.068));
#3922=CARTESIAN_POINT('',(-0.024,0.0665,0.068));
#3923=CARTESIAN_POINT('',(-0.024,0.0665,0.068));
#3924=CARTESIAN_POINT('',(-0.024,0.0665,0.068));
#3925=CARTESIAN_POINT('',(-0.024,0.,-0.078));
#3926=CARTESIAN_POINT('',(-0.024,0.,-0.078));
#3927=CARTESIAN_POINT('',(-0.024,0.,0.));
#3928=CARTESIAN_POINT('',(0.1285,0.081,0.208));
#3929=MECHANICAL_DESIGN_GEOMETRIC_PRESENTATION_REPRESENTATION('',(#2408,
#2409,#2410,#2411),#3930);
#3930=(
GEOMETRIC_REPRESENTATION_CONTEXT(3)
GLOBAL_UNCERTAINTY_ASSIGNED_CONTEXT((#3935))
GLOBAL_UNIT_ASSIGNED_CONTEXT((#3942,#3941,#3940))
REPRESENTATION_CONTEXT('SS12SDH4','TOP_LEVEL_ASSEMBLY_PART')
);
#3931=(
GEOMETRIC_REPRESENTATION_CONTEXT(3)
GLOBAL_UNCERTAINTY_ASSIGNED_CONTEXT((#3936))
GLOBAL_UNIT_ASSIGNED_CONTEXT((#3942,#3941,#3940))
REPRESENTATION_CONTEXT('SS12SDH4body2','COMPONENT_PART')
);
#3932=(
GEOMETRIC_REPRESENTATION_CONTEXT(3)
GLOBAL_UNCERTAINTY_ASSIGNED_CONTEXT((#3937))
GLOBAL_UNIT_ASSIGNED_CONTEXT((#3942,#3941,#3940))
REPRESENTATION_CONTEXT('SS12SDH4trmd','COMPONENT_PART')
);
#3933=(
GEOMETRIC_REPRESENTATION_CONTEXT(3)
GLOBAL_UNCERTAINTY_ASSIGNED_CONTEXT((#3938))
GLOBAL_UNIT_ASSIGNED_CONTEXT((#3942,#3941,#3940))
REPRESENTATION_CONTEXT('SS12SDH4side','COMPONENT_PART')
);
#3934=(
GEOMETRIC_REPRESENTATION_CONTEXT(3)
GLOBAL_UNCERTAINTY_ASSIGNED_CONTEXT((#3939))
GLOBAL_UNIT_ASSIGNED_CONTEXT((#3942,#3941,#3940))
REPRESENTATION_CONTEXT('SS12SDH4actus','COMPONENT_PART')
);
#3935=UNCERTAINTY_MEASURE_WITH_UNIT(LENGTH_MEASURE(0.000196850393700787),
#3942,'DISTANCE_ACCURACY_VALUE','Maximum Tolerance applied to model');
#3936=UNCERTAINTY_MEASURE_WITH_UNIT(LENGTH_MEASURE(0.000196850393700787),
#3942,'DISTANCE_ACCURACY_VALUE','Maximum Tolerance applied to model');
#3937=UNCERTAINTY_MEASURE_WITH_UNIT(LENGTH_MEASURE(0.000196850393700787),
#3942,'DISTANCE_ACCURACY_VALUE','Maximum Tolerance applied to model');
#3938=UNCERTAINTY_MEASURE_WITH_UNIT(LENGTH_MEASURE(0.000196850393700787),
#3942,'DISTANCE_ACCURACY_VALUE','Maximum Tolerance applied to model');
#3939=UNCERTAINTY_MEASURE_WITH_UNIT(LENGTH_MEASURE(0.000196850393700787),
#3942,'DISTANCE_ACCURACY_VALUE','Maximum Tolerance applied to model');
#3940=(
NAMED_UNIT(*)
SI_UNIT($,.STERADIAN.)
SOLID_ANGLE_UNIT()
);
#3941=(
NAMED_UNIT(*)
PLANE_ANGLE_UNIT()
SI_UNIT($,.RADIAN.)
);
#3942=(
CONVERSION_BASED_UNIT('INCH',#3944)
LENGTH_UNIT()
NAMED_UNIT(#3943)
);
#3943=DIMENSIONAL_EXPONENTS(1.,0.,0.,0.,0.,0.,0.);
#3944=LENGTH_MEASURE_WITH_UNIT(LENGTH_MEASURE(25.4),#3945);
#3945=(
LENGTH_UNIT()
NAMED_UNIT(*)
SI_UNIT(.MILLI.,.METRE.)
);
#3946=PRODUCT_DEFINITION_SHAPE('','',#3955);
#3947=PRODUCT_DEFINITION_SHAPE('','',#3956);
#3948=PRODUCT_DEFINITION_SHAPE(' ','NAUO PRDDFN',#23);
#3949=PRODUCT_DEFINITION_SHAPE('','',#3957);
#3950=PRODUCT_DEFINITION_SHAPE(' ','NAUO PRDDFN',#24);
#3951=PRODUCT_DEFINITION_SHAPE('','',#3958);
#3952=PRODUCT_DEFINITION_SHAPE(' ','NAUO PRDDFN',#25);
#3953=PRODUCT_DEFINITION_SHAPE('','',#3959);
#3954=PRODUCT_DEFINITION_SHAPE(' ','NAUO PRDDFN',#26);
#3955=PRODUCT_DEFINITION('','',#3965,#3960);
#3956=PRODUCT_DEFINITION('','',#3966,#3961);
#3957=PRODUCT_DEFINITION('','',#3967,#3962);
#3958=PRODUCT_DEFINITION('','',#3968,#3963);
#3959=PRODUCT_DEFINITION('','',#3969,#3964);
#3960=PRODUCT_DEFINITION_CONTEXT('',#3991,'design');
#3961=PRODUCT_DEFINITION_CONTEXT('',#3991,'design');
#3962=PRODUCT_DEFINITION_CONTEXT('',#3991,'design');
#3963=PRODUCT_DEFINITION_CONTEXT('',#3991,'design');
#3964=PRODUCT_DEFINITION_CONTEXT('',#3991,'design');
#3965=PRODUCT_DEFINITION_FORMATION_WITH_SPECIFIED_SOURCE('','',#3975,
 .NOT_KNOWN.);
#3966=PRODUCT_DEFINITION_FORMATION_WITH_SPECIFIED_SOURCE('','',#3976,
 .NOT_KNOWN.);
#3967=PRODUCT_DEFINITION_FORMATION_WITH_SPECIFIED_SOURCE('','',#3977,
 .NOT_KNOWN.);
#3968=PRODUCT_DEFINITION_FORMATION_WITH_SPECIFIED_SOURCE('','',#3978,
 .NOT_KNOWN.);
#3969=PRODUCT_DEFINITION_FORMATION_WITH_SPECIFIED_SOURCE('','',#3979,
 .NOT_KNOWN.);
#3970=PRODUCT_RELATED_PRODUCT_CATEGORY('','',(#3975));
#3971=PRODUCT_RELATED_PRODUCT_CATEGORY('','',(#3976));
#3972=PRODUCT_RELATED_PRODUCT_CATEGORY('','',(#3977));
#3973=PRODUCT_RELATED_PRODUCT_CATEGORY('','',(#3978));
#3974=PRODUCT_RELATED_PRODUCT_CATEGORY('','',(#3979));
#3975=PRODUCT('SS12SDH4','SS12SDH4','SS12SDH4',(#3985));
#3976=PRODUCT('SS12SDH4body2','SS12SDH4body2','SS12SDH4body2',(#3986));
#3977=PRODUCT('SS12SDH4trmd','SS12SDH4trmd','SS12SDH4trmd',(#3987));
#3978=PRODUCT('SS12SDH4side','SS12SDH4side','SS12SDH4side',(#3988));
#3979=PRODUCT('SS12SDH4actus','SS12SDH4actus','SS12SDH4actus',(#3989));
#3980=PRODUCT_CATEGORY('','');
#3981=PRODUCT_CATEGORY('','');
#3982=PRODUCT_CATEGORY('','');
#3983=PRODUCT_CATEGORY('','');
#3984=PRODUCT_CATEGORY('','');
#3985=PRODUCT_CONTEXT('',#3991,'mechanical');
#3986=PRODUCT_CONTEXT('',#3991,'mechanical');
#3987=PRODUCT_CONTEXT('',#3991,'mechanical');
#3988=PRODUCT_CONTEXT('',#3991,'mechanical');
#3989=PRODUCT_CONTEXT('',#3991,'mechanical');
#3990=APPLICATION_PROTOCOL_DEFINITION('international standard',
'automotive_design',2010,#3991);
#3991=APPLICATION_CONTEXT(
'core data for automotive mechanical design processes');
ENDSEC;
END-ISO-10303-21;
