ISO-10303-21;
HEADER;
/* Generated by software containing ST-Developer
 * from STEP Tools, Inc. (www.steptools.com) 
 */

FILE_DESCRIPTION(
/* description */ (''),
/* implementation_level */ '2;1');

FILE_NAME(
/* name */ 'ZTX_450.step',
/* time_stamp */ '2026-09-27T23:11:32+02:00',
/* author */ (''),
/* organization */ (''),
/* preprocessor_version */ 'ST-DEVELOPER v20.2',
/* originating_system */ 'Autodesk Translation Framework v15.15.0.0',
/* authorisation */ '');

FILE_SCHEMA (('AUTOMOTIVE_DESIGN { 1 0 10303 214 3 1 1 }'));
ENDSEC;

DATA;
#10=MECHANICAL_DESIGN_GEOMETRIC_PRESENTATION_REPRESENTATION('',(#66,#67,
#68,#69,#70,#71,#72,#73,#74,#75,#76),#4841);
#11=CONTEXT_DEPENDENT_OVER_RIDING_STYLED_ITEM('',(#4874),#4855,#76,(#16));
#12=MAPPED_ITEM('',#13,#3037);
#13=REPRESENTATION_MAP(#3037,#4854);
#14=ITEM_DEFINED_TRANSFORMATION($,$,#2797,#3035);
#15=ITEM_DEFINED_TRANSFORMATION($,$,#2986,#3036);
#16=(
REPRESENTATION_RELATIONSHIP($,$,#4855,#4854)
REPRESENTATION_RELATIONSHIP_WITH_TRANSFORMATION(#14)
SHAPE_REPRESENTATION_RELATIONSHIP()
);
#17=(
REPRESENTATION_RELATIONSHIP($,$,#4856,#4854)
REPRESENTATION_RELATIONSHIP_WITH_TRANSFORMATION(#15)
SHAPE_REPRESENTATION_RELATIONSHIP()
);
#18=CONTEXT_DEPENDENT_SHAPE_REPRESENTATION(#16,#4852);
#19=CONTEXT_DEPENDENT_SHAPE_REPRESENTATION(#17,#4853);
#20=NEXT_ASSEMBLY_USAGE_OCCURRENCE('Legs:1','Legs:1','Legs:1',#4858,#4859,
'Legs:1');
#21=NEXT_ASSEMBLY_USAGE_OCCURRENCE('ELINE:1','ELINE:1','ELINE:1',#4858,
#4860,'ELINE:1');
#22=B_SPLINE_CURVE_WITH_KNOTS('',3,(#4376,#4377,#4378,#4379,#4380,#4381,
#4382,#4383),.UNSPECIFIED.,.F.,.F.,(4,2,2,4),(0.,0.00480431931253479,0.010431561505159,
0.0172099516661777),.UNSPECIFIED.);
#23=B_SPLINE_CURVE_WITH_KNOTS('',3,(#4385,#4386,#4387,#4388,#4389,#4390,
#4391,#4392),.UNSPECIFIED.,.F.,.F.,(4,2,2,4),(0.,0.0112801955229558,0.0157455347996737,
0.0195677451129649),.UNSPECIFIED.);
#24=B_SPLINE_CURVE_WITH_KNOTS('',3,(#4396,#4397,#4398,#4399,#4400,#4401),
 .UNSPECIFIED.,.F.,.F.,(4,2,4),(0.,0.00462402302090522,0.0174095546650879),
 .UNSPECIFIED.);
#25=B_SPLINE_CURVE_WITH_KNOTS('',3,(#4403,#4404,#4405,#4406,#4407,#4408,
#4409,#4410),.UNSPECIFIED.,.F.,.F.,(4,2,2,4),(0.,0.00773750016826694,0.0110033647134404,
0.0141436037724645),.UNSPECIFIED.);
#26=B_SPLINE_CURVE_WITH_KNOTS('',3,(#4412,#4413,#4414,#4415,#4416,#4417),
 .UNSPECIFIED.,.F.,.F.,(4,2,4),(0.,0.00497985043592556,0.0103427316596818),
 .UNSPECIFIED.);
#27=B_SPLINE_CURVE_WITH_KNOTS('',3,(#4419,#4420,#4421,#4422,#4423,#4424),
 .UNSPECIFIED.,.F.,.F.,(4,2,4),(0.,0.00330627292021045,0.00580280298503294),
 .UNSPECIFIED.);
#28=B_SPLINE_CURVE_WITH_KNOTS('',3,(#4438,#4439,#4440,#4441,#4442,#4443),
 .UNSPECIFIED.,.F.,.F.,(4,2,4),(0.,0.00291858391589354,0.00856944630326191),
 .UNSPECIFIED.);
#29=B_SPLINE_CURVE_WITH_KNOTS('',3,(#4445,#4446,#4447,#4448,#4449,#4450,
#4451,#4452),.UNSPECIFIED.,.F.,.F.,(4,2,2,4),(0.,0.00443745459438076,0.0063569360839914,
0.00819493674162826),.UNSPECIFIED.);
#30=B_SPLINE_CURVE_WITH_KNOTS('',3,(#4454,#4455,#4456,#4457,#4458,#4459,
#4460,#4461),.UNSPECIFIED.,.F.,.F.,(4,2,2,4),(0.,0.00238974972517946,0.00510173573347822,
0.00826293963984268),.UNSPECIFIED.);
#31=B_SPLINE_CURVE_WITH_KNOTS('',3,(#4463,#4464,#4465,#4466,#4467,#4468,
#4469,#4470),.UNSPECIFIED.,.F.,.F.,(4,2,2,4),(0.,0.00620347886143451,0.00860426809044141,
0.010578002436097),.UNSPECIFIED.);
#32=B_SPLINE_CURVE_WITH_KNOTS('',3,(#4474,#4475,#4476,#4477,#4478,#4479),
 .UNSPECIFIED.,.F.,.F.,(4,2,4),(0.,0.00280868776265793,0.011438637394897),
 .UNSPECIFIED.);
#33=B_SPLINE_CURVE_WITH_KNOTS('',3,(#4481,#4482,#4483,#4484,#4485,#4486,
#4487,#4488),.UNSPECIFIED.,.F.,.F.,(4,2,2,4),(0.,0.00584428824960529,0.00833332753234016,
0.0106669309385611),.UNSPECIFIED.);
#34=B_SPLINE_CURVE_WITH_KNOTS('',3,(#4490,#4491,#4492,#4493,#4494,#4495,
#4496,#4497),.UNSPECIFIED.,.F.,.F.,(4,2,2,4),(0.,0.00249910593555224,0.00464181338436111,
0.00708601272650051),.UNSPECIFIED.);
#35=B_SPLINE_CURVE_WITH_KNOTS('',3,(#4499,#4500,#4501,#4502,#4503,#4504,
#4505,#4506),.UNSPECIFIED.,.F.,.F.,(4,2,2,4),(0.,0.00438013166118935,0.00620911359718312,
0.0078603593160792),.UNSPECIFIED.);
#36=B_SPLINE_CURVE_WITH_KNOTS('',3,(#4514,#4515,#4516,#4517,#4518,#4519,
#4520,#4521),.UNSPECIFIED.,.F.,.F.,(4,2,2,4),(0.,0.00391350786631826,0.00915974235368307,
0.0157193310612909),.UNSPECIFIED.);
#37=B_SPLINE_CURVE_WITH_KNOTS('',3,(#4522,#4523,#4524,#4525,#4526,#4527,
#4528,#4529),.UNSPECIFIED.,.F.,.F.,(4,2,2,4),(0.,0.00916846056856182,0.0127958328715814,
0.0159300974006237),.UNSPECIFIED.);
#38=B_SPLINE_CURVE_WITH_KNOTS('',3,(#4533,#4534,#4535,#4536,#4537,#4538,
#4539,#4540),.UNSPECIFIED.,.F.,.F.,(4,2,2,4),(0.,0.00658746617626124,0.0116880813223011,
0.01741719099112),.UNSPECIFIED.);
#39=B_SPLINE_CURVE_WITH_KNOTS('',3,(#4542,#4543,#4544,#4545,#4546,#4547,
#4548,#4549),.UNSPECIFIED.,.F.,.F.,(4,2,2,4),(0.,0.00992170976152644,0.0142099758318835,
0.0182585399932174),.UNSPECIFIED.);
#40=B_SPLINE_CURVE_WITH_KNOTS('',3,(#4553,#4554,#4555,#4556,#4557,#4558,
#4559,#4560),.UNSPECIFIED.,.F.,.F.,(4,2,2,4),(0.,0.0051433832819935,0.0107651041858084,
0.0174963379056034),.UNSPECIFIED.);
#41=B_SPLINE_CURVE_WITH_KNOTS('',3,(#4562,#4563,#4564,#4565,#4566,#4567,
#4568,#4569),.UNSPECIFIED.,.F.,.F.,(4,2,2,4),(0.,0.00960527198218231,0.0135901130140739,
0.0172348405355242),.UNSPECIFIED.);
#42=B_SPLINE_CURVE_WITH_KNOTS('',3,(#4571,#4572,#4573,#4574,#4575,#4576,
#4577,#4578),.UNSPECIFIED.,.F.,.F.,(4,2,2,4),(0.,0.00575129032597768,0.0110817833063358,
0.0172669263116245),.UNSPECIFIED.);
#43=B_SPLINE_CURVE_WITH_KNOTS('',3,(#4580,#4581,#4582,#4583,#4584,#4585,
#4586,#4587),.UNSPECIFIED.,.F.,.F.,(4,2,2,4),(0.,0.00948140303323206,0.0135095494874734,
0.0172731392509979),.UNSPECIFIED.);
#44=B_SPLINE_CURVE_WITH_KNOTS('',3,(#4591,#4592,#4593,#4594,#4595,#4596),
 .UNSPECIFIED.,.F.,.F.,(4,2,4),(0.,0.00709017372189046,0.0182604821203467),
 .UNSPECIFIED.);
#45=B_SPLINE_CURVE_WITH_KNOTS('',3,(#4597,#4598,#4599,#4600,#4601,#4602,
#4603,#4604),.UNSPECIFIED.,.F.,.F.,(4,2,2,4),(0.,0.00914936358051192,0.0132421842056208,
0.0172706136761857),.UNSPECIFIED.);
#46=B_SPLINE_CURVE_WITH_KNOTS('',3,(#4609,#4610,#4611,#4612,#4613,#4614,
#4615,#4616),.UNSPECIFIED.,.F.,.F.,(4,2,2,4),(0.,0.00596509563812463,0.00849694389670754,
0.0108168415892773),.UNSPECIFIED.);
#47=B_SPLINE_CURVE_WITH_KNOTS('',3,(#4618,#4619,#4620,#4621,#4622,#4623,
#4624,#4625),.UNSPECIFIED.,.F.,.F.,(4,2,2,4),(0.,0.0035033366546028,0.00621482568042757,
0.00921440199322259),.UNSPECIFIED.);
#48=B_SPLINE_CURVE_WITH_KNOTS('',3,(#4627,#4628,#4629,#4630,#4631,#4632,
#4633,#4634),.UNSPECIFIED.,.F.,.F.,(4,2,2,4),(0.,0.00487619116260547,0.00702823697105071,
0.00915503558952687),.UNSPECIFIED.);
#49=B_SPLINE_CURVE_WITH_KNOTS('',3,(#4636,#4637,#4638,#4639,#4640,#4641),
 .UNSPECIFIED.,.F.,.F.,(4,2,4),(0.,0.0035948704861735,0.0108280782658258),
 .UNSPECIFIED.);
#50=B_SPLINE_CURVE_WITH_KNOTS('',3,(#4645,#4646,#4647,#4648,#4649,#4650,
#4651,#4652),.UNSPECIFIED.,.F.,.F.,(4,2,2,4),(0.,0.00582118211702646,0.00811153329471931,
0.0100644529279814),.UNSPECIFIED.);
#51=B_SPLINE_CURVE_WITH_KNOTS('',3,(#4654,#4655,#4656,#4657,#4658,#4659,
#4660,#4661),.UNSPECIFIED.,.F.,.F.,(4,2,2,4),(0.,0.00238587723187282,0.00539670233165489,
0.00908442312920598),.UNSPECIFIED.);
#52=B_SPLINE_CURVE_WITH_KNOTS('',3,(#4663,#4664,#4665,#4666,#4667,#4668,
#4669,#4670),.UNSPECIFIED.,.F.,.F.,(4,2,2,4),(0.,0.00494445337500757,0.00703631253624574,
0.009009656146931),.UNSPECIFIED.);
#53=B_SPLINE_CURVE_WITH_KNOTS('',3,(#4671,#4672,#4673,#4674,#4675,#4676),
 .UNSPECIFIED.,.F.,.F.,(4,2,4),(0.,0.00291193272369508,0.00962131593403208),
 .UNSPECIFIED.);
#54=FACE_BOUND('',#434,.T.);
#55=FACE_BOUND('',#438,.T.);
#56=FACE_BOUND('',#462,.T.);
#57=FACE_BOUND('',#463,.T.);
#58=FACE_BOUND('',#464,.T.);
#59=FACE_BOUND('',#465,.T.);
#60=FACE_BOUND('',#466,.T.);
#61=FACE_BOUND('',#467,.T.);
#62=SHAPE_REPRESENTATION_RELATIONSHIP('SRR','None',#4855,#64);
#63=SHAPE_REPRESENTATION_RELATIONSHIP('SRR','None',#4856,#65);
#64=ADVANCED_BREP_SHAPE_REPRESENTATION('',(#77,#78,#79),#4839);
#65=ADVANCED_BREP_SHAPE_REPRESENTATION('',(#80),#4840);
#66=STYLED_ITEM('',(#4874),#77);
#67=STYLED_ITEM('',(#4874),#78);
#68=STYLED_ITEM('',(#4874),#79);
#69=STYLED_ITEM('',(#4875),#2741);
#70=STYLED_ITEM('',(#4875),#2743);
#71=STYLED_ITEM('',(#4875),#2744);
#72=STYLED_ITEM('',(#4875),#2746);
#73=STYLED_ITEM('',(#4875),#2747);
#74=STYLED_ITEM('',(#4875),#2748);
#75=STYLED_ITEM('',(#4873),#80);
#76=STYLED_ITEM('',(#4876),#12);
#77=MANIFOLD_SOLID_BREP('Body1',#2769);
#78=MANIFOLD_SOLID_BREP('Body2',#2770);
#79=MANIFOLD_SOLID_BREP('Body3',#2771);
#80=MANIFOLD_SOLID_BREP('Body1',#2772);
#81=TOROIDAL_SURFACE('',#2834,0.254,0.127);
#82=TOROIDAL_SURFACE('',#2838,0.254,0.127);
#83=TOROIDAL_SURFACE('',#2936,0.254,0.127);
#84=TOROIDAL_SURFACE('',#2943,0.254,0.127);
#85=TOROIDAL_SURFACE('',#3000,1.093,0.05);
#86=TOROIDAL_SURFACE('',#3006,1.093,0.05);
#87=TOROIDAL_SURFACE('',#3019,1.093,0.05);
#88=TOROIDAL_SURFACE('',#3024,1.093,0.05);
#89=ELLIPSE('',#2817,0.174661341131645,0.127);
#90=ELLIPSE('',#2819,0.283980633142347,0.127);
#91=ELLIPSE('',#2820,0.283980633142474,0.127);
#92=ELLIPSE('',#2822,0.283980633142474,0.127);
#93=ELLIPSE('',#2823,0.283980633142347,0.127);
#94=ELLIPSE('',#2825,0.174661341131645,0.127);
#95=ELLIPSE('',#2827,0.283980633142474,0.127);
#96=ELLIPSE('',#2833,0.136664993585207,0.127);
#97=ELLIPSE('',#2844,0.283980633142474,0.127);
#98=ELLIPSE('',#2846,0.136664993585207,0.127);
#99=ELLIPSE('',#2851,0.283980633142474,0.127);
#100=ELLIPSE('',#2852,0.283980633142474,0.127);
#101=ELLIPSE('',#2876,0.283980633142474,0.127);
#102=ELLIPSE('',#2878,0.283980633142538,0.127);
#103=ELLIPSE('',#2882,0.283980633142538,0.127);
#104=ELLIPSE('',#2892,0.283980633142474,0.127);
#105=ELLIPSE('',#2894,0.283980633142474,0.127);
#106=ELLIPSE('',#2898,0.283980633142489,0.127);
#107=ELLIPSE('',#2942,0.136664993586544,0.127);
#108=ELLIPSE('',#2950,0.283980633142474,0.127);
#109=ELLIPSE('',#2951,0.283980633142474,0.127);
#110=ELLIPSE('',#2953,0.283980633142474,0.127);
#111=ELLIPSE('',#2954,0.283980633142474,0.127);
#112=ELLIPSE('',#2956,0.136664993586544,0.127);
#113=ELLIPSE('',#2967,0.283980633142474,0.127);
#114=ELLIPSE('',#2968,0.283980633142598,0.127);
#115=ELLIPSE('',#2970,0.174661341137876,0.127);
#116=ELLIPSE('',#2996,0.0707106781186548,0.05);
#117=ELLIPSE('',#2997,0.0707106781186548,0.05);
#118=ELLIPSE('',#3018,0.0707106781186548,0.05);
#119=ELLIPSE('',#3029,0.0707106781186548,0.05);
#120=SPHERICAL_SURFACE('',#2807,0.126999999999999);
#121=SPHERICAL_SURFACE('',#2811,0.127);
#122=SPHERICAL_SURFACE('',#2961,0.127);
#123=PLANE('',#2801);
#124=PLANE('',#2806);
#125=PLANE('',#2826);
#126=PLANE('',#2828);
#127=PLANE('',#2830);
#128=PLANE('',#2853);
#129=PLANE('',#2854);
#130=PLANE('',#2858);
#131=PLANE('',#2862);
#132=PLANE('',#2863);
#133=PLANE('',#2864);
#134=PLANE('',#2865);
#135=PLANE('',#2866);
#136=PLANE('',#2867);
#137=PLANE('',#2868);
#138=PLANE('',#2869);
#139=PLANE('',#2870);
#140=PLANE('',#2871);
#141=PLANE('',#2872);
#142=PLANE('',#2873);
#143=PLANE('',#2874);
#144=PLANE('',#2879);
#145=PLANE('',#2880);
#146=PLANE('',#2881);
#147=PLANE('',#2889);
#148=PLANE('',#2893);
#149=PLANE('',#2895);
#150=PLANE('',#2899);
#151=PLANE('',#2903);
#152=PLANE('',#2907);
#153=PLANE('',#2908);
#154=PLANE('',#2909);
#155=PLANE('',#2910);
#156=PLANE('',#2911);
#157=PLANE('',#2912);
#158=PLANE('',#2913);
#159=PLANE('',#2914);
#160=PLANE('',#2915);
#161=PLANE('',#2916);
#162=PLANE('',#2920);
#163=PLANE('',#2923);
#164=PLANE('',#2929);
#165=PLANE('',#2932);
#166=PLANE('',#2959);
#167=PLANE('',#2960);
#168=PLANE('',#2971);
#169=PLANE('',#2972);
#170=PLANE('',#2973);
#171=PLANE('',#2974);
#172=PLANE('',#2975);
#173=PLANE('',#2976);
#174=PLANE('',#2977);
#175=PLANE('',#2978);
#176=PLANE('',#2979);
#177=PLANE('',#2980);
#178=PLANE('',#2981);
#179=PLANE('',#2982);
#180=PLANE('',#2983);
#181=PLANE('',#2984);
#182=PLANE('',#2985);
#183=PLANE('',#2987);
#184=PLANE('',#2988);
#185=PLANE('',#2989);
#186=PLANE('',#2990);
#187=PLANE('',#2991);
#188=PLANE('',#2992);
#189=PLANE('',#2993);
#190=PLANE('',#2994);
#191=PLANE('',#3013);
#192=PLANE('',#3014);
#193=PLANE('',#3015);
#194=PLANE('',#3031);
#195=PLANE('',#3032);
#196=PLANE('',#3033);
#197=FACE_OUTER_BOUND('',#329,.T.);
#198=FACE_OUTER_BOUND('',#330,.T.);
#199=FACE_OUTER_BOUND('',#331,.T.);
#200=FACE_OUTER_BOUND('',#332,.T.);
#201=FACE_OUTER_BOUND('',#333,.T.);
#202=FACE_OUTER_BOUND('',#334,.T.);
#203=FACE_OUTER_BOUND('',#335,.T.);
#204=FACE_OUTER_BOUND('',#336,.T.);
#205=FACE_OUTER_BOUND('',#337,.T.);
#206=FACE_OUTER_BOUND('',#338,.T.);
#207=FACE_OUTER_BOUND('',#339,.T.);
#208=FACE_OUTER_BOUND('',#340,.T.);
#209=FACE_OUTER_BOUND('',#341,.T.);
#210=FACE_OUTER_BOUND('',#342,.T.);
#211=FACE_OUTER_BOUND('',#343,.T.);
#212=FACE_OUTER_BOUND('',#344,.T.);
#213=FACE_OUTER_BOUND('',#345,.T.);
#214=FACE_OUTER_BOUND('',#346,.T.);
#215=FACE_OUTER_BOUND('',#347,.T.);
#216=FACE_OUTER_BOUND('',#348,.T.);
#217=FACE_OUTER_BOUND('',#349,.T.);
#218=FACE_OUTER_BOUND('',#350,.T.);
#219=FACE_OUTER_BOUND('',#351,.T.);
#220=FACE_OUTER_BOUND('',#352,.T.);
#221=FACE_OUTER_BOUND('',#353,.T.);
#222=FACE_OUTER_BOUND('',#354,.T.);
#223=FACE_OUTER_BOUND('',#355,.T.);
#224=FACE_OUTER_BOUND('',#356,.T.);
#225=FACE_OUTER_BOUND('',#357,.T.);
#226=FACE_OUTER_BOUND('',#358,.T.);
#227=FACE_OUTER_BOUND('',#359,.T.);
#228=FACE_OUTER_BOUND('',#360,.T.);
#229=FACE_OUTER_BOUND('',#361,.T.);
#230=FACE_OUTER_BOUND('',#362,.T.);
#231=FACE_OUTER_BOUND('',#363,.T.);
#232=FACE_OUTER_BOUND('',#364,.T.);
#233=FACE_OUTER_BOUND('',#365,.T.);
#234=FACE_OUTER_BOUND('',#366,.T.);
#235=FACE_OUTER_BOUND('',#367,.T.);
#236=FACE_OUTER_BOUND('',#368,.T.);
#237=FACE_OUTER_BOUND('',#369,.T.);
#238=FACE_OUTER_BOUND('',#370,.T.);
#239=FACE_OUTER_BOUND('',#371,.T.);
#240=FACE_OUTER_BOUND('',#372,.T.);
#241=FACE_OUTER_BOUND('',#373,.T.);
#242=FACE_OUTER_BOUND('',#374,.T.);
#243=FACE_OUTER_BOUND('',#375,.T.);
#244=FACE_OUTER_BOUND('',#376,.T.);
#245=FACE_OUTER_BOUND('',#377,.T.);
#246=FACE_OUTER_BOUND('',#378,.T.);
#247=FACE_OUTER_BOUND('',#379,.T.);
#248=FACE_OUTER_BOUND('',#380,.T.);
#249=FACE_OUTER_BOUND('',#381,.T.);
#250=FACE_OUTER_BOUND('',#382,.T.);
#251=FACE_OUTER_BOUND('',#383,.T.);
#252=FACE_OUTER_BOUND('',#384,.T.);
#253=FACE_OUTER_BOUND('',#385,.T.);
#254=FACE_OUTER_BOUND('',#386,.T.);
#255=FACE_OUTER_BOUND('',#387,.T.);
#256=FACE_OUTER_BOUND('',#388,.T.);
#257=FACE_OUTER_BOUND('',#389,.T.);
#258=FACE_OUTER_BOUND('',#390,.T.);
#259=FACE_OUTER_BOUND('',#391,.T.);
#260=FACE_OUTER_BOUND('',#392,.T.);
#261=FACE_OUTER_BOUND('',#393,.T.);
#262=FACE_OUTER_BOUND('',#394,.T.);
#263=FACE_OUTER_BOUND('',#395,.T.);
#264=FACE_OUTER_BOUND('',#396,.T.);
#265=FACE_OUTER_BOUND('',#397,.T.);
#266=FACE_OUTER_BOUND('',#398,.T.);
#267=FACE_OUTER_BOUND('',#399,.T.);
#268=FACE_OUTER_BOUND('',#400,.T.);
#269=FACE_OUTER_BOUND('',#401,.T.);
#270=FACE_OUTER_BOUND('',#402,.T.);
#271=FACE_OUTER_BOUND('',#403,.T.);
#272=FACE_OUTER_BOUND('',#404,.T.);
#273=FACE_OUTER_BOUND('',#405,.T.);
#274=FACE_OUTER_BOUND('',#406,.T.);
#275=FACE_OUTER_BOUND('',#407,.T.);
#276=FACE_OUTER_BOUND('',#408,.T.);
#277=FACE_OUTER_BOUND('',#409,.T.);
#278=FACE_OUTER_BOUND('',#410,.T.);
#279=FACE_OUTER_BOUND('',#411,.T.);
#280=FACE_OUTER_BOUND('',#412,.T.);
#281=FACE_OUTER_BOUND('',#413,.T.);
#282=FACE_OUTER_BOUND('',#414,.T.);
#283=FACE_OUTER_BOUND('',#415,.T.);
#284=FACE_OUTER_BOUND('',#416,.T.);
#285=FACE_OUTER_BOUND('',#417,.T.);
#286=FACE_OUTER_BOUND('',#418,.T.);
#287=FACE_OUTER_BOUND('',#419,.T.);
#288=FACE_OUTER_BOUND('',#420,.T.);
#289=FACE_OUTER_BOUND('',#421,.T.);
#290=FACE_OUTER_BOUND('',#422,.T.);
#291=FACE_OUTER_BOUND('',#423,.T.);
#292=FACE_OUTER_BOUND('',#424,.T.);
#293=FACE_OUTER_BOUND('',#425,.T.);
#294=FACE_OUTER_BOUND('',#426,.T.);
#295=FACE_OUTER_BOUND('',#427,.T.);
#296=FACE_OUTER_BOUND('',#428,.T.);
#297=FACE_OUTER_BOUND('',#429,.T.);
#298=FACE_OUTER_BOUND('',#430,.T.);
#299=FACE_OUTER_BOUND('',#431,.T.);
#300=FACE_OUTER_BOUND('',#432,.T.);
#301=FACE_OUTER_BOUND('',#433,.T.);
#302=FACE_OUTER_BOUND('',#435,.T.);
#303=FACE_OUTER_BOUND('',#436,.T.);
#304=FACE_OUTER_BOUND('',#437,.T.);
#305=FACE_OUTER_BOUND('',#439,.T.);
#306=FACE_OUTER_BOUND('',#440,.T.);
#307=FACE_OUTER_BOUND('',#441,.T.);
#308=FACE_OUTER_BOUND('',#442,.T.);
#309=FACE_OUTER_BOUND('',#443,.T.);
#310=FACE_OUTER_BOUND('',#444,.T.);
#311=FACE_OUTER_BOUND('',#445,.T.);
#312=FACE_OUTER_BOUND('',#446,.T.);
#313=FACE_OUTER_BOUND('',#447,.T.);
#314=FACE_OUTER_BOUND('',#448,.T.);
#315=FACE_OUTER_BOUND('',#449,.T.);
#316=FACE_OUTER_BOUND('',#450,.T.);
#317=FACE_OUTER_BOUND('',#451,.T.);
#318=FACE_OUTER_BOUND('',#452,.T.);
#319=FACE_OUTER_BOUND('',#453,.T.);
#320=FACE_OUTER_BOUND('',#454,.T.);
#321=FACE_OUTER_BOUND('',#455,.T.);
#322=FACE_OUTER_BOUND('',#456,.T.);
#323=FACE_OUTER_BOUND('',#457,.T.);
#324=FACE_OUTER_BOUND('',#458,.T.);
#325=FACE_OUTER_BOUND('',#459,.T.);
#326=FACE_OUTER_BOUND('',#460,.T.);
#327=FACE_OUTER_BOUND('',#461,.T.);
#328=FACE_OUTER_BOUND('',#468,.T.);
#329=EDGE_LOOP('',(#1778,#1779,#1780,#1781));
#330=EDGE_LOOP('',(#1782,#1783,#1784,#1785,#1786,#1787,#1788,#1789,#1790,
#1791,#1792,#1793,#1794,#1795,#1796,#1797));
#331=EDGE_LOOP('',(#1798,#1799,#1800,#1801));
#332=EDGE_LOOP('',(#1802,#1803,#1804,#1805));
#333=EDGE_LOOP('',(#1806,#1807,#1808));
#334=EDGE_LOOP('',(#1809,#1810,#1811));
#335=EDGE_LOOP('',(#1812,#1813,#1814,#1815));
#336=EDGE_LOOP('',(#1816,#1817,#1818,#1819));
#337=EDGE_LOOP('',(#1820,#1821,#1822,#1823,#1824));
#338=EDGE_LOOP('',(#1825,#1826,#1827,#1828,#1829));
#339=EDGE_LOOP('',(#1830,#1831,#1832,#1833));
#340=EDGE_LOOP('',(#1834,#1835,#1836,#1837,#1838,#1839));
#341=EDGE_LOOP('',(#1840,#1841,#1842,#1843,#1844,#1845,#1846,#1847,#1848,
#1849,#1850,#1851,#1852,#1853,#1854,#1855));
#342=EDGE_LOOP('',(#1856,#1857,#1858,#1859));
#343=EDGE_LOOP('',(#1860,#1861,#1862,#1863));
#344=EDGE_LOOP('',(#1864,#1865,#1866,#1867));
#345=EDGE_LOOP('',(#1868,#1869,#1870,#1871));
#346=EDGE_LOOP('',(#1872,#1873,#1874,#1875));
#347=EDGE_LOOP('',(#1876,#1877,#1878,#1879,#1880));
#348=EDGE_LOOP('',(#1881,#1882,#1883,#1884));
#349=EDGE_LOOP('',(#1885,#1886,#1887,#1888));
#350=EDGE_LOOP('',(#1889,#1890,#1891,#1892));
#351=EDGE_LOOP('',(#1893,#1894,#1895,#1896,#1897));
#352=EDGE_LOOP('',(#1898,#1899,#1900,#1901));
#353=EDGE_LOOP('',(#1902,#1903,#1904,#1905,#1906,#1907));
#354=EDGE_LOOP('',(#1908,#1909,#1910,#1911));
#355=EDGE_LOOP('',(#1912,#1913,#1914,#1915));
#356=EDGE_LOOP('',(#1916,#1917,#1918,#1919));
#357=EDGE_LOOP('',(#1920,#1921,#1922,#1923,#1924,#1925));
#358=EDGE_LOOP('',(#1926,#1927,#1928,#1929,#1930,#1931));
#359=EDGE_LOOP('',(#1932,#1933,#1934,#1935));
#360=EDGE_LOOP('',(#1936,#1937,#1938,#1939));
#361=EDGE_LOOP('',(#1940,#1941,#1942,#1943,#1944,#1945));
#362=EDGE_LOOP('',(#1946,#1947,#1948,#1949,#1950,#1951,#1952,#1953));
#363=EDGE_LOOP('',(#1954,#1955,#1956,#1957,#1958,#1959));
#364=EDGE_LOOP('',(#1960,#1961,#1962,#1963));
#365=EDGE_LOOP('',(#1964,#1965,#1966,#1967,#1968,#1969));
#366=EDGE_LOOP('',(#1970,#1971,#1972,#1973));
#367=EDGE_LOOP('',(#1974,#1975,#1976,#1977));
#368=EDGE_LOOP('',(#1978,#1979,#1980,#1981));
#369=EDGE_LOOP('',(#1982,#1983,#1984,#1985,#1986,#1987));
#370=EDGE_LOOP('',(#1988,#1989,#1990,#1991,#1992));
#371=EDGE_LOOP('',(#1993,#1994,#1995,#1996,#1997,#1998,#1999,#2000,#2001,
#2002,#2003,#2004));
#372=EDGE_LOOP('',(#2005,#2006,#2007,#2008,#2009));
#373=EDGE_LOOP('',(#2010,#2011,#2012,#2013,#2014,#2015));
#374=EDGE_LOOP('',(#2016,#2017,#2018,#2019));
#375=EDGE_LOOP('',(#2020,#2021,#2022,#2023));
#376=EDGE_LOOP('',(#2024,#2025,#2026,#2027));
#377=EDGE_LOOP('',(#2028,#2029,#2030,#2031,#2032));
#378=EDGE_LOOP('',(#2033,#2034,#2035,#2036,#2037,#2038));
#379=EDGE_LOOP('',(#2039,#2040,#2041,#2042,#2043,#2044,#2045,#2046,#2047,
#2048,#2049,#2050));
#380=EDGE_LOOP('',(#2051,#2052,#2053,#2054,#2055));
#381=EDGE_LOOP('',(#2056,#2057,#2058,#2059,#2060));
#382=EDGE_LOOP('',(#2061,#2062,#2063,#2064));
#383=EDGE_LOOP('',(#2065,#2066,#2067,#2068));
#384=EDGE_LOOP('',(#2069,#2070,#2071,#2072));
#385=EDGE_LOOP('',(#2073,#2074,#2075,#2076));
#386=EDGE_LOOP('',(#2077,#2078,#2079,#2080));
#387=EDGE_LOOP('',(#2081,#2082,#2083,#2084,#2085,#2086,#2087,#2088));
#388=EDGE_LOOP('',(#2089,#2090,#2091,#2092,#2093,#2094));
#389=EDGE_LOOP('',(#2095,#2096,#2097,#2098));
#390=EDGE_LOOP('',(#2099,#2100,#2101,#2102,#2103,#2104));
#391=EDGE_LOOP('',(#2105,#2106,#2107,#2108));
#392=EDGE_LOOP('',(#2109,#2110,#2111,#2112,#2113));
#393=EDGE_LOOP('',(#2114,#2115,#2116,#2117));
#394=EDGE_LOOP('',(#2118,#2119,#2120,#2121,#2122,#2123));
#395=EDGE_LOOP('',(#2124,#2125,#2126,#2127));
#396=EDGE_LOOP('',(#2128,#2129,#2130,#2131,#2132,#2133,#2134,#2135,#2136,
#2137,#2138,#2139,#2140,#2141,#2142,#2143,#2144));
#397=EDGE_LOOP('',(#2145,#2146,#2147,#2148,#2149,#2150,#2151,#2152));
#398=EDGE_LOOP('',(#2153,#2154,#2155,#2156));
#399=EDGE_LOOP('',(#2157,#2158,#2159,#2160));
#400=EDGE_LOOP('',(#2161,#2162,#2163,#2164));
#401=EDGE_LOOP('',(#2165,#2166,#2167,#2168,#2169,#2170,#2171,#2172,#2173,
#2174,#2175,#2176,#2177,#2178,#2179,#2180));
#402=EDGE_LOOP('',(#2181,#2182,#2183,#2184));
#403=EDGE_LOOP('',(#2185,#2186,#2187,#2188));
#404=EDGE_LOOP('',(#2189,#2190,#2191,#2192));
#405=EDGE_LOOP('',(#2193,#2194,#2195,#2196));
#406=EDGE_LOOP('',(#2197,#2198,#2199,#2200));
#407=EDGE_LOOP('',(#2201,#2202,#2203,#2204));
#408=EDGE_LOOP('',(#2205,#2206,#2207,#2208,#2209));
#409=EDGE_LOOP('',(#2210,#2211,#2212,#2213,#2214));
#410=EDGE_LOOP('',(#2215,#2216,#2217,#2218));
#411=EDGE_LOOP('',(#2219,#2220,#2221,#2222));
#412=EDGE_LOOP('',(#2223,#2224,#2225,#2226));
#413=EDGE_LOOP('',(#2227,#2228,#2229,#2230));
#414=EDGE_LOOP('',(#2231,#2232,#2233));
#415=EDGE_LOOP('',(#2234,#2235,#2236,#2237));
#416=EDGE_LOOP('',(#2238,#2239,#2240,#2241,#2242));
#417=EDGE_LOOP('',(#2243,#2244,#2245,#2246));
#418=EDGE_LOOP('',(#2247,#2248,#2249,#2250));
#419=EDGE_LOOP('',(#2251,#2252,#2253,#2254));
#420=EDGE_LOOP('',(#2255,#2256,#2257,#2258,#2259,#2260));
#421=EDGE_LOOP('',(#2261,#2262,#2263,#2264,#2265));
#422=EDGE_LOOP('',(#2266,#2267,#2268,#2269,#2270));
#423=EDGE_LOOP('',(#2271,#2272,#2273,#2274,#2275,#2276));
#424=EDGE_LOOP('',(#2277,#2278,#2279,#2280));
#425=EDGE_LOOP('',(#2281,#2282,#2283,#2284,#2285,#2286));
#426=EDGE_LOOP('',(#2287,#2288,#2289,#2290));
#427=EDGE_LOOP('',(#2291,#2292,#2293,#2294,#2295,#2296));
#428=EDGE_LOOP('',(#2297,#2298,#2299,#2300));
#429=EDGE_LOOP('',(#2301,#2302,#2303,#2304,#2305));
#430=EDGE_LOOP('',(#2306,#2307,#2308,#2309));
#431=EDGE_LOOP('',(#2310,#2311,#2312,#2313,#2314,#2315));
#432=EDGE_LOOP('',(#2316,#2317,#2318,#2319));
#433=EDGE_LOOP('',(#2320,#2321,#2322,#2323,#2324,#2325,#2326,#2327,#2328,
#2329,#2330));
#434=EDGE_LOOP('',(#2331,#2332,#2333));
#435=EDGE_LOOP('',(#2334,#2335,#2336));
#436=EDGE_LOOP('',(#2337,#2338,#2339,#2340,#2341,#2342,#2343,#2344,#2345,
#2346,#2347,#2348,#2349,#2350,#2351,#2352,#2353,#2354,#2355,#2356,#2357,
#2358,#2359,#2360,#2361,#2362,#2363));
#437=EDGE_LOOP('',(#2364,#2365,#2366,#2367,#2368,#2369,#2370,#2371,#2372,
#2373));
#438=EDGE_LOOP('',(#2374,#2375,#2376,#2377,#2378,#2379,#2380,#2381,#2382,
#2383));
#439=EDGE_LOOP('',(#2384,#2385,#2386,#2387,#2388,#2389,#2390,#2391,#2392,
#2393));
#440=EDGE_LOOP('',(#2394,#2395,#2396,#2397,#2398,#2399,#2400,#2401,#2402,
#2403,#2404,#2405));
#441=EDGE_LOOP('',(#2406,#2407,#2408,#2409,#2410,#2411,#2412,#2413));
#442=EDGE_LOOP('',(#2414,#2415,#2416,#2417,#2418,#2419,#2420,#2421,#2422,
#2423,#2424,#2425));
#443=EDGE_LOOP('',(#2426,#2427,#2428,#2429));
#444=EDGE_LOOP('',(#2430,#2431,#2432,#2433));
#445=EDGE_LOOP('',(#2434,#2435,#2436,#2437));
#446=EDGE_LOOP('',(#2438,#2439,#2440,#2441));
#447=EDGE_LOOP('',(#2442,#2443,#2444,#2445));
#448=EDGE_LOOP('',(#2446,#2447,#2448,#2449));
#449=EDGE_LOOP('',(#2450,#2451,#2452,#2453));
#450=EDGE_LOOP('',(#2454,#2455,#2456,#2457));
#451=EDGE_LOOP('',(#2458,#2459,#2460,#2461));
#452=EDGE_LOOP('',(#2462,#2463,#2464,#2465,#2466,#2467));
#453=EDGE_LOOP('',(#2468,#2469,#2470,#2471));
#454=EDGE_LOOP('',(#2472,#2473,#2474,#2475));
#455=EDGE_LOOP('',(#2476,#2477,#2478,#2479));
#456=EDGE_LOOP('',(#2480,#2481,#2482,#2483));
#457=EDGE_LOOP('',(#2484,#2485,#2486,#2487));
#458=EDGE_LOOP('',(#2488,#2489,#2490,#2491));
#459=EDGE_LOOP('',(#2492,#2493,#2494,#2495));
#460=EDGE_LOOP('',(#2496,#2497,#2498,#2499,#2500,#2501));
#461=EDGE_LOOP('',(#2502,#2503,#2504,#2505));
#462=EDGE_LOOP('',(#2506,#2507,#2508,#2509,#2510,#2511,#2512,#2513,#2514,
#2515,#2516));
#463=EDGE_LOOP('',(#2517,#2518,#2519,#2520,#2521,#2522,#2523,#2524,#2525,
#2526,#2527,#2528,#2529,#2530,#2531,#2532,#2533,#2534,#2535,#2536,#2537,
#2538,#2539,#2540,#2541,#2542,#2543));
#464=EDGE_LOOP('',(#2544,#2545,#2546,#2547,#2548,#2549,#2550,#2551,#2552,
#2553));
#465=EDGE_LOOP('',(#2554,#2555,#2556,#2557,#2558,#2559,#2560,#2561,#2562,
#2563,#2564,#2565));
#466=EDGE_LOOP('',(#2566,#2567,#2568,#2569,#2570,#2571,#2572,#2573));
#467=EDGE_LOOP('',(#2574,#2575,#2576,#2577,#2578,#2579,#2580,#2581,#2582,
#2583,#2584,#2585));
#468=EDGE_LOOP('',(#2586,#2587,#2588,#2589));
#469=LINE('',#3799,#739);
#470=LINE('',#3802,#740);
#471=LINE('',#3805,#741);
#472=LINE('',#3807,#742);
#473=LINE('',#3809,#743);
#474=LINE('',#3811,#744);
#475=LINE('',#3813,#745);
#476=LINE('',#3815,#746);
#477=LINE('',#3817,#747);
#478=LINE('',#3821,#748);
#479=LINE('',#3823,#749);
#480=LINE('',#3825,#750);
#481=LINE('',#3827,#751);
#482=LINE('',#3829,#752);
#483=LINE('',#3831,#753);
#484=LINE('',#3832,#754);
#485=LINE('',#3838,#755);
#486=LINE('',#3841,#756);
#487=LINE('',#3843,#757);
#488=LINE('',#3844,#758);
#489=LINE('',#3859,#759);
#490=LINE('',#3860,#760);
#491=LINE('',#3865,#761);
#492=LINE('',#3866,#762);
#493=LINE('',#3871,#763);
#494=LINE('',#3873,#764);
#495=LINE('',#3879,#765);
#496=LINE('',#3884,#766);
#497=LINE('',#3887,#767);
#498=LINE('',#3891,#768);
#499=LINE('',#3893,#769);
#500=LINE('',#3894,#770);
#501=LINE('',#3897,#771);
#502=LINE('',#3899,#772);
#503=LINE('',#3901,#773);
#504=LINE('',#3903,#774);
#505=LINE('',#3905,#775);
#506=LINE('',#3907,#776);
#507=LINE('',#3909,#777);
#508=LINE('',#3911,#778);
#509=LINE('',#3913,#779);
#510=LINE('',#3915,#780);
#511=LINE('',#3917,#781);
#512=LINE('',#3920,#782);
#513=LINE('',#3922,#783);
#514=LINE('',#3926,#784);
#515=LINE('',#3942,#785);
#516=LINE('',#3943,#786);
#517=LINE('',#3946,#787);
#518=LINE('',#3950,#788);
#519=LINE('',#3955,#789);
#520=LINE('',#3957,#790);
#521=LINE('',#3962,#791);
#522=LINE('',#3965,#792);
#523=LINE('',#3968,#793);
#524=LINE('',#3969,#794);
#525=LINE('',#3975,#795);
#526=LINE('',#3977,#796);
#527=LINE('',#3978,#797);
#528=LINE('',#3984,#798);
#529=LINE('',#3985,#799);
#530=LINE('',#3986,#800);
#531=LINE('',#3988,#801);
#532=LINE('',#3991,#802);
#533=LINE('',#3992,#803);
#534=LINE('',#3996,#804);
#535=LINE('',#3998,#805);
#536=LINE('',#4002,#806);
#537=LINE('',#4004,#807);
#538=LINE('',#4011,#808);
#539=LINE('',#4015,#809);
#540=LINE('',#4019,#810);
#541=LINE('',#4021,#811);
#542=LINE('',#4023,#812);
#543=LINE('',#4025,#813);
#544=LINE('',#4027,#814);
#545=LINE('',#4029,#815);
#546=LINE('',#4031,#816);
#547=LINE('',#4033,#817);
#548=LINE('',#4035,#818);
#549=LINE('',#4037,#819);
#550=LINE('',#4038,#820);
#551=LINE('',#4041,#821);
#552=LINE('',#4043,#822);
#553=LINE('',#4044,#823);
#554=LINE('',#4047,#824);
#555=LINE('',#4051,#825);
#556=LINE('',#4052,#826);
#557=LINE('',#4057,#827);
#558=LINE('',#4064,#828);
#559=LINE('',#4067,#829);
#560=LINE('',#4069,#830);
#561=LINE('',#4070,#831);
#562=LINE('',#4073,#832);
#563=LINE('',#4077,#833);
#564=LINE('',#4081,#834);
#565=LINE('',#4085,#835);
#566=LINE('',#4086,#836);
#567=LINE('',#4089,#837);
#568=LINE('',#4091,#838);
#569=LINE('',#4093,#839);
#570=LINE('',#4095,#840);
#571=LINE('',#4097,#841);
#572=LINE('',#4099,#842);
#573=LINE('',#4101,#843);
#574=LINE('',#4103,#844);
#575=LINE('',#4105,#845);
#576=LINE('',#4106,#846);
#577=LINE('',#4111,#847);
#578=LINE('',#4114,#848);
#579=LINE('',#4115,#849);
#580=LINE('',#4121,#850);
#581=LINE('',#4123,#851);
#582=LINE('',#4124,#852);
#583=LINE('',#4129,#853);
#584=LINE('',#4133,#854);
#585=LINE('',#4135,#855);
#586=LINE('',#4137,#856);
#587=LINE('',#4140,#857);
#588=LINE('',#4142,#858);
#589=LINE('',#4149,#859);
#590=LINE('',#4152,#860);
#591=LINE('',#4155,#861);
#592=LINE('',#4157,#862);
#593=LINE('',#4159,#863);
#594=LINE('',#4161,#864);
#595=LINE('',#4163,#865);
#596=LINE('',#4165,#866);
#597=LINE('',#4167,#867);
#598=LINE('',#4169,#868);
#599=LINE('',#4173,#869);
#600=LINE('',#4175,#870);
#601=LINE('',#4177,#871);
#602=LINE('',#4181,#872);
#603=LINE('',#4183,#873);
#604=LINE('',#4184,#874);
#605=LINE('',#4187,#875);
#606=LINE('',#4191,#876);
#607=LINE('',#4195,#877);
#608=LINE('',#4199,#878);
#609=LINE('',#4203,#879);
#610=LINE('',#4204,#880);
#611=LINE('',#4207,#881);
#612=LINE('',#4211,#882);
#613=LINE('',#4213,#883);
#614=LINE('',#4215,#884);
#615=LINE('',#4217,#885);
#616=LINE('',#4219,#886);
#617=LINE('',#4221,#887);
#618=LINE('',#4223,#888);
#619=LINE('',#4225,#889);
#620=LINE('',#4227,#890);
#621=LINE('',#4231,#891);
#622=LINE('',#4233,#892);
#623=LINE('',#4235,#893);
#624=LINE('',#4236,#894);
#625=LINE('',#4239,#895);
#626=LINE('',#4250,#896);
#627=LINE('',#4260,#897);
#628=LINE('',#4261,#898);
#629=LINE('',#4263,#899);
#630=LINE('',#4268,#900);
#631=LINE('',#4274,#901);
#632=LINE('',#4278,#902);
#633=LINE('',#4283,#903);
#634=LINE('',#4285,#904);
#635=LINE('',#4287,#905);
#636=LINE('',#4295,#906);
#637=LINE('',#4296,#907);
#638=LINE('',#4301,#908);
#639=LINE('',#4306,#909);
#640=LINE('',#4308,#910);
#641=LINE('',#4310,#911);
#642=LINE('',#4313,#912);
#643=LINE('',#4315,#913);
#644=LINE('',#4316,#914);
#645=LINE('',#4317,#915);
#646=LINE('',#4320,#916);
#647=LINE('',#4322,#917);
#648=LINE('',#4323,#918);
#649=LINE('',#4325,#919);
#650=LINE('',#4327,#920);
#651=LINE('',#4330,#921);
#652=LINE('',#4332,#922);
#653=LINE('',#4336,#923);
#654=LINE('',#4338,#924);
#655=LINE('',#4340,#925);
#656=LINE('',#4346,#926);
#657=LINE('',#4348,#927);
#658=LINE('',#4350,#928);
#659=LINE('',#4352,#929);
#660=LINE('',#4354,#930);
#661=LINE('',#4356,#931);
#662=LINE('',#4358,#932);
#663=LINE('',#4360,#933);
#664=LINE('',#4362,#934);
#665=LINE('',#4364,#935);
#666=LINE('',#4365,#936);
#667=LINE('',#4368,#937);
#668=LINE('',#4370,#938);
#669=LINE('',#4371,#939);
#670=LINE('',#4394,#940);
#671=LINE('',#4426,#941);
#672=LINE('',#4428,#942);
#673=LINE('',#4430,#943);
#674=LINE('',#4432,#944);
#675=LINE('',#4434,#945);
#676=LINE('',#4436,#946);
#677=LINE('',#4472,#947);
#678=LINE('',#4508,#948);
#679=LINE('',#4510,#949);
#680=LINE('',#4512,#950);
#681=LINE('',#4551,#951);
#682=LINE('',#4589,#952);
#683=LINE('',#4607,#953);
#684=LINE('',#4643,#954);
#685=LINE('',#4681,#955);
#686=LINE('',#4683,#956);
#687=LINE('',#4685,#957);
#688=LINE('',#4687,#958);
#689=LINE('',#4689,#959);
#690=LINE('',#4691,#960);
#691=LINE('',#4693,#961);
#692=LINE('',#4695,#962);
#693=LINE('',#4697,#963);
#694=LINE('',#4699,#964);
#695=LINE('',#4701,#965);
#696=LINE('',#4702,#966);
#697=LINE('',#4706,#967);
#698=LINE('',#4708,#968);
#699=LINE('',#4710,#969);
#700=LINE('',#4712,#970);
#701=LINE('',#4714,#971);
#702=LINE('',#4716,#972);
#703=LINE('',#4718,#973);
#704=LINE('',#4719,#974);
#705=LINE('',#4723,#975);
#706=LINE('',#4725,#976);
#707=LINE('',#4727,#977);
#708=LINE('',#4729,#978);
#709=LINE('',#4731,#979);
#710=LINE('',#4733,#980);
#711=LINE('',#4735,#981);
#712=LINE('',#4737,#982);
#713=LINE('',#4739,#983);
#714=LINE('',#4741,#984);
#715=LINE('',#4743,#985);
#716=LINE('',#4744,#986);
#717=LINE('',#4748,#987);
#718=LINE('',#4752,#988);
#719=LINE('',#4756,#989);
#720=LINE('',#4759,#990);
#721=LINE('',#4770,#991);
#722=LINE('',#4771,#992);
#723=LINE('',#4779,#993);
#724=LINE('',#4780,#994);
#725=LINE('',#4783,#995);
#726=LINE('',#4786,#996);
#727=LINE('',#4789,#997);
#728=LINE('',#4790,#998);
#729=LINE('',#4793,#999);
#730=LINE('',#4794,#1000);
#731=LINE('',#4799,#1001);
#732=LINE('',#4810,#1002);
#733=LINE('',#4811,#1003);
#734=LINE('',#4819,#1004);
#735=LINE('',#4821,#1005);
#736=LINE('',#4824,#1006);
#737=LINE('',#4826,#1007);
#738=LINE('',#4829,#1008);
#739=VECTOR('',#3046,10.);
#740=VECTOR('',#3049,10.);
#741=VECTOR('',#3052,10.);
#742=VECTOR('',#3053,10.);
#743=VECTOR('',#3054,10.);
#744=VECTOR('',#3055,10.);
#745=VECTOR('',#3056,10.);
#746=VECTOR('',#3057,10.);
#747=VECTOR('',#3058,10.);
#748=VECTOR('',#3061,10.);
#749=VECTOR('',#3062,10.);
#750=VECTOR('',#3063,10.);
#751=VECTOR('',#3064,10.);
#752=VECTOR('',#3065,10.);
#753=VECTOR('',#3066,10.);
#754=VECTOR('',#3067,10.);
#755=VECTOR('',#3074,10.);
#756=VECTOR('',#3077,10.);
#757=VECTOR('',#3078,10.);
#758=VECTOR('',#3079,10.);
#759=VECTOR('',#3098,10.);
#760=VECTOR('',#3099,10.);
#761=VECTOR('',#3104,10.);
#762=VECTOR('',#3105,10.);
#763=VECTOR('',#3110,10.);
#764=VECTOR('',#3111,10.);
#765=VECTOR('',#3118,10.);
#766=VECTOR('',#3125,10.);
#767=VECTOR('',#3128,10.);
#768=VECTOR('',#3131,10.);
#769=VECTOR('',#3132,10.);
#770=VECTOR('',#3133,10.);
#771=VECTOR('',#3136,10.);
#772=VECTOR('',#3137,10.);
#773=VECTOR('',#3138,10.);
#774=VECTOR('',#3139,10.);
#775=VECTOR('',#3140,10.);
#776=VECTOR('',#3141,10.);
#777=VECTOR('',#3142,10.);
#778=VECTOR('',#3143,10.);
#779=VECTOR('',#3144,10.);
#780=VECTOR('',#3145,10.);
#781=VECTOR('',#3146,10.);
#782=VECTOR('',#3149,10.);
#783=VECTOR('',#3152,10.);
#784=VECTOR('',#3155,10.);
#785=VECTOR('',#3178,10.);
#786=VECTOR('',#3179,10.);
#787=VECTOR('',#3182,10.);
#788=VECTOR('',#3187,10.);
#789=VECTOR('',#3194,10.);
#790=VECTOR('',#3197,10.);
#791=VECTOR('',#3202,10.);
#792=VECTOR('',#3207,10.);
#793=VECTOR('',#3210,10.);
#794=VECTOR('',#3211,10.);
#795=VECTOR('',#3218,10.);
#796=VECTOR('',#3221,10.);
#797=VECTOR('',#3222,10.);
#798=VECTOR('',#3231,10.);
#799=VECTOR('',#3232,10.);
#800=VECTOR('',#3233,10.);
#801=VECTOR('',#3236,10.);
#802=VECTOR('',#3241,10.);
#803=VECTOR('',#3242,10.);
#804=VECTOR('',#3249,10.);
#805=VECTOR('',#3252,10.);
#806=VECTOR('',#3259,10.);
#807=VECTOR('',#3262,10.);
#808=VECTOR('',#3269,10.);
#809=VECTOR('',#3272,10.);
#810=VECTOR('',#3277,10.);
#811=VECTOR('',#3278,10.);
#812=VECTOR('',#3279,10.);
#813=VECTOR('',#3280,10.);
#814=VECTOR('',#3281,10.);
#815=VECTOR('',#3282,10.);
#816=VECTOR('',#3283,10.);
#817=VECTOR('',#3284,10.);
#818=VECTOR('',#3285,10.);
#819=VECTOR('',#3286,10.);
#820=VECTOR('',#3287,10.);
#821=VECTOR('',#3290,10.);
#822=VECTOR('',#3291,10.);
#823=VECTOR('',#3292,10.);
#824=VECTOR('',#3295,10.);
#825=VECTOR('',#3298,10.);
#826=VECTOR('',#3299,10.);
#827=VECTOR('',#3304,10.);
#828=VECTOR('',#3313,10.);
#829=VECTOR('',#3316,10.);
#830=VECTOR('',#3317,10.);
#831=VECTOR('',#3318,10.);
#832=VECTOR('',#3321,10.);
#833=VECTOR('',#3324,10.);
#834=VECTOR('',#3329,10.);
#835=VECTOR('',#3332,10.);
#836=VECTOR('',#3333,10.);
#837=VECTOR('',#3336,10.);
#838=VECTOR('',#3337,10.);
#839=VECTOR('',#3338,10.);
#840=VECTOR('',#3339,10.);
#841=VECTOR('',#3340,10.);
#842=VECTOR('',#3341,10.);
#843=VECTOR('',#3342,10.);
#844=VECTOR('',#3343,10.);
#845=VECTOR('',#3344,10.);
#846=VECTOR('',#3345,10.);
#847=VECTOR('',#3350,10.);
#848=VECTOR('',#3355,10.);
#849=VECTOR('',#3356,10.);
#850=VECTOR('',#3363,10.);
#851=VECTOR('',#3366,10.);
#852=VECTOR('',#3367,10.);
#853=VECTOR('',#3376,10.);
#854=VECTOR('',#3383,10.);
#855=VECTOR('',#3386,10.);
#856=VECTOR('',#3389,10.);
#857=VECTOR('',#3394,10.);
#858=VECTOR('',#3397,10.);
#859=VECTOR('',#3404,10.);
#860=VECTOR('',#3407,10.);
#861=VECTOR('',#3410,10.);
#862=VECTOR('',#3411,10.);
#863=VECTOR('',#3412,10.);
#864=VECTOR('',#3413,10.);
#865=VECTOR('',#3414,10.);
#866=VECTOR('',#3415,10.);
#867=VECTOR('',#3416,10.);
#868=VECTOR('',#3417,10.);
#869=VECTOR('',#3420,10.);
#870=VECTOR('',#3421,10.);
#871=VECTOR('',#3422,10.);
#872=VECTOR('',#3425,10.);
#873=VECTOR('',#3426,10.);
#874=VECTOR('',#3427,10.);
#875=VECTOR('',#3430,10.);
#876=VECTOR('',#3433,10.);
#877=VECTOR('',#3436,10.);
#878=VECTOR('',#3441,10.);
#879=VECTOR('',#3446,10.);
#880=VECTOR('',#3447,10.);
#881=VECTOR('',#3450,10.);
#882=VECTOR('',#3455,10.);
#883=VECTOR('',#3456,10.);
#884=VECTOR('',#3457,10.);
#885=VECTOR('',#3458,10.);
#886=VECTOR('',#3459,10.);
#887=VECTOR('',#3460,10.);
#888=VECTOR('',#3461,10.);
#889=VECTOR('',#3462,10.);
#890=VECTOR('',#3463,10.);
#891=VECTOR('',#3466,10.);
#892=VECTOR('',#3467,10.);
#893=VECTOR('',#3468,10.);
#894=VECTOR('',#3469,10.);
#895=VECTOR('',#3472,10.);
#896=VECTOR('',#3485,10.);
#897=VECTOR('',#3500,10.);
#898=VECTOR('',#3501,10.);
#899=VECTOR('',#3504,10.);
#900=VECTOR('',#3509,10.);
#901=VECTOR('',#3516,10.);
#902=VECTOR('',#3521,10.);
#903=VECTOR('',#3528,10.);
#904=VECTOR('',#3531,10.);
#905=VECTOR('',#3534,10.);
#906=VECTOR('',#3545,10.);
#907=VECTOR('',#3546,10.);
#908=VECTOR('',#3551,10.);
#909=VECTOR('',#3558,10.);
#910=VECTOR('',#3561,10.);
#911=VECTOR('',#3564,10.);
#912=VECTOR('',#3567,10.);
#913=VECTOR('',#3568,10.);
#914=VECTOR('',#3569,10.);
#915=VECTOR('',#3570,10.);
#916=VECTOR('',#3573,10.);
#917=VECTOR('',#3574,10.);
#918=VECTOR('',#3575,10.);
#919=VECTOR('',#3578,10.);
#920=VECTOR('',#3581,10.);
#921=VECTOR('',#3586,10.);
#922=VECTOR('',#3589,10.);
#923=VECTOR('',#3596,10.);
#924=VECTOR('',#3599,10.);
#925=VECTOR('',#3602,10.);
#926=VECTOR('',#3609,10.);
#927=VECTOR('',#3610,10.);
#928=VECTOR('',#3611,10.);
#929=VECTOR('',#3612,10.);
#930=VECTOR('',#3613,10.);
#931=VECTOR('',#3614,10.);
#932=VECTOR('',#3615,10.);
#933=VECTOR('',#3616,10.);
#934=VECTOR('',#3617,10.);
#935=VECTOR('',#3618,10.);
#936=VECTOR('',#3619,10.);
#937=VECTOR('',#3620,10.);
#938=VECTOR('',#3621,10.);
#939=VECTOR('',#3622,10.);
#940=VECTOR('',#3627,10.);
#941=VECTOR('',#3628,10.);
#942=VECTOR('',#3629,10.);
#943=VECTOR('',#3630,10.);
#944=VECTOR('',#3631,10.);
#945=VECTOR('',#3632,10.);
#946=VECTOR('',#3633,10.);
#947=VECTOR('',#3634,10.);
#948=VECTOR('',#3635,10.);
#949=VECTOR('',#3636,10.);
#950=VECTOR('',#3637,10.);
#951=VECTOR('',#3640,10.);
#952=VECTOR('',#3641,10.);
#953=VECTOR('',#3642,10.);
#954=VECTOR('',#3643,10.);
#955=VECTOR('',#3648,10.);
#956=VECTOR('',#3649,10.);
#957=VECTOR('',#3650,10.);
#958=VECTOR('',#3651,10.);
#959=VECTOR('',#3652,10.);
#960=VECTOR('',#3653,10.);
#961=VECTOR('',#3654,10.);
#962=VECTOR('',#3655,10.);
#963=VECTOR('',#3656,10.);
#964=VECTOR('',#3657,10.);
#965=VECTOR('',#3658,10.);
#966=VECTOR('',#3659,10.);
#967=VECTOR('',#3662,10.);
#968=VECTOR('',#3663,10.);
#969=VECTOR('',#3664,10.);
#970=VECTOR('',#3665,10.);
#971=VECTOR('',#3666,10.);
#972=VECTOR('',#3667,10.);
#973=VECTOR('',#3668,10.);
#974=VECTOR('',#3669,10.);
#975=VECTOR('',#3672,10.);
#976=VECTOR('',#3673,10.);
#977=VECTOR('',#3674,10.);
#978=VECTOR('',#3675,10.);
#979=VECTOR('',#3676,10.);
#980=VECTOR('',#3677,10.);
#981=VECTOR('',#3678,10.);
#982=VECTOR('',#3679,10.);
#983=VECTOR('',#3680,10.);
#984=VECTOR('',#3681,10.);
#985=VECTOR('',#3682,10.);
#986=VECTOR('',#3683,10.);
#987=VECTOR('',#3686,10.);
#988=VECTOR('',#3689,10.);
#989=VECTOR('',#3694,10.);
#990=VECTOR('',#3697,10.);
#991=VECTOR('',#3710,10.);
#992=VECTOR('',#3711,10.);
#993=VECTOR('',#3722,10.);
#994=VECTOR('',#3723,10.);
#995=VECTOR('',#3726,10.);
#996=VECTOR('',#3729,10.);
#997=VECTOR('',#3732,10.);
#998=VECTOR('',#3733,10.);
#999=VECTOR('',#3736,10.);
#1000=VECTOR('',#3737,10.);
#1001=VECTOR('',#3742,10.);
#1002=VECTOR('',#3757,10.);
#1003=VECTOR('',#3758,10.);
#1004=VECTOR('',#3769,10.);
#1005=VECTOR('',#3770,10.);
#1006=VECTOR('',#3775,10.);
#1007=VECTOR('',#3778,10.);
#1008=VECTOR('',#3783,10.);
#1009=CIRCLE('',#2799,0.127);
#1010=CIRCLE('',#2800,0.127);
#1011=CIRCLE('',#2802,0.254);
#1012=CIRCLE('',#2804,0.127);
#1013=CIRCLE('',#2805,0.127);
#1014=CIRCLE('',#2808,0.127);
#1015=CIRCLE('',#2809,0.126999999999999);
#1016=CIRCLE('',#2810,0.127);
#1017=CIRCLE('',#2812,0.127);
#1018=CIRCLE('',#2813,0.127);
#1019=CIRCLE('',#2814,0.127);
#1020=CIRCLE('',#2829,0.253999999999999);
#1021=CIRCLE('',#2832,0.127);
#1022=CIRCLE('',#2835,0.127);
#1023=CIRCLE('',#2836,0.127);
#1024=CIRCLE('',#2837,0.127);
#1025=CIRCLE('',#2839,0.127);
#1026=CIRCLE('',#2840,0.127);
#1027=CIRCLE('',#2841,0.127);
#1028=CIRCLE('',#2848,0.127);
#1029=CIRCLE('',#2856,0.127);
#1030=CIRCLE('',#2857,0.127);
#1031=CIRCLE('',#2860,0.127);
#1032=CIRCLE('',#2861,0.127);
#1033=CIRCLE('',#2877,0.127);
#1034=CIRCLE('',#2884,0.127);
#1035=CIRCLE('',#2885,0.127);
#1036=CIRCLE('',#2887,0.127);
#1037=CIRCLE('',#2888,0.127);
#1038=CIRCLE('',#2891,0.127);
#1039=CIRCLE('',#2897,0.127);
#1040=CIRCLE('',#2901,0.127);
#1041=CIRCLE('',#2902,0.127);
#1042=CIRCLE('',#2905,0.127);
#1043=CIRCLE('',#2906,0.127);
#1044=CIRCLE('',#2918,0.127);
#1045=CIRCLE('',#2919,0.127);
#1046=CIRCLE('',#2921,0.254);
#1047=CIRCLE('',#2922,0.127);
#1048=CIRCLE('',#2924,0.127);
#1049=CIRCLE('',#2925,0.127);
#1050=CIRCLE('',#2926,0.127);
#1051=CIRCLE('',#2928,0.127);
#1052=CIRCLE('',#2931,0.127);
#1053=CIRCLE('',#2933,0.254);
#1054=CIRCLE('',#2935,0.127);
#1055=CIRCLE('',#2937,0.127);
#1056=CIRCLE('',#2938,0.127);
#1057=CIRCLE('',#2939,0.127);
#1058=CIRCLE('',#2941,0.127);
#1059=CIRCLE('',#2944,0.127);
#1060=CIRCLE('',#2945,0.127);
#1061=CIRCLE('',#2946,0.127);
#1062=CIRCLE('',#2958,0.127);
#1063=CIRCLE('',#2962,0.127);
#1064=CIRCLE('',#2963,0.127);
#1065=CIRCLE('',#2964,0.127);
#1066=CIRCLE('',#2999,0.05);
#1067=CIRCLE('',#3001,0.0499999999999999);
#1068=CIRCLE('',#3002,1.093);
#1069=CIRCLE('',#3003,1.143);
#1070=CIRCLE('',#3005,0.05);
#1071=CIRCLE('',#3007,0.05);
#1072=CIRCLE('',#3008,1.093);
#1073=CIRCLE('',#3009,1.143);
#1074=CIRCLE('',#3012,1.143);
#1075=CIRCLE('',#3017,0.05);
#1076=CIRCLE('',#3020,0.05);
#1077=CIRCLE('',#3021,1.093);
#1078=CIRCLE('',#3023,0.05);
#1079=CIRCLE('',#3025,0.05);
#1080=CIRCLE('',#3026,1.143);
#1081=CIRCLE('',#3027,1.093);
#1082=VERTEX_POINT('',#3795);
#1083=VERTEX_POINT('',#3796);
#1084=VERTEX_POINT('',#3798);
#1085=VERTEX_POINT('',#3800);
#1086=VERTEX_POINT('',#3804);
#1087=VERTEX_POINT('',#3806);
#1088=VERTEX_POINT('',#3808);
#1089=VERTEX_POINT('',#3810);
#1090=VERTEX_POINT('',#3812);
#1091=VERTEX_POINT('',#3814);
#1092=VERTEX_POINT('',#3816);
#1093=VERTEX_POINT('',#3818);
#1094=VERTEX_POINT('',#3820);
#1095=VERTEX_POINT('',#3822);
#1096=VERTEX_POINT('',#3824);
#1097=VERTEX_POINT('',#3826);
#1098=VERTEX_POINT('',#3828);
#1099=VERTEX_POINT('',#3830);
#1100=VERTEX_POINT('',#3834);
#1101=VERTEX_POINT('',#3836);
#1102=VERTEX_POINT('',#3840);
#1103=VERTEX_POINT('',#3842);
#1104=VERTEX_POINT('',#3846);
#1105=VERTEX_POINT('',#3848);
#1106=VERTEX_POINT('',#3852);
#1107=VERTEX_POINT('',#3853);
#1108=VERTEX_POINT('',#3855);
#1109=VERTEX_POINT('',#3862);
#1110=VERTEX_POINT('',#3863);
#1111=VERTEX_POINT('',#3868);
#1112=VERTEX_POINT('',#3869);
#1113=VERTEX_POINT('',#3872);
#1114=VERTEX_POINT('',#3876);
#1115=VERTEX_POINT('',#3878);
#1116=VERTEX_POINT('',#3882);
#1117=VERTEX_POINT('',#3886);
#1118=VERTEX_POINT('',#3888);
#1119=VERTEX_POINT('',#3890);
#1120=VERTEX_POINT('',#3892);
#1121=VERTEX_POINT('',#3896);
#1122=VERTEX_POINT('',#3898);
#1123=VERTEX_POINT('',#3900);
#1124=VERTEX_POINT('',#3902);
#1125=VERTEX_POINT('',#3904);
#1126=VERTEX_POINT('',#3906);
#1127=VERTEX_POINT('',#3908);
#1128=VERTEX_POINT('',#3910);
#1129=VERTEX_POINT('',#3912);
#1130=VERTEX_POINT('',#3914);
#1131=VERTEX_POINT('',#3916);
#1132=VERTEX_POINT('',#3918);
#1133=VERTEX_POINT('',#3924);
#1134=VERTEX_POINT('',#3925);
#1135=VERTEX_POINT('',#3930);
#1136=VERTEX_POINT('',#3932);
#1137=VERTEX_POINT('',#3936);
#1138=VERTEX_POINT('',#3938);
#1139=VERTEX_POINT('',#3945);
#1140=VERTEX_POINT('',#3949);
#1141=VERTEX_POINT('',#3953);
#1142=VERTEX_POINT('',#3959);
#1143=VERTEX_POINT('',#3960);
#1144=VERTEX_POINT('',#3967);
#1145=VERTEX_POINT('',#3971);
#1146=VERTEX_POINT('',#3973);
#1147=VERTEX_POINT('',#3983);
#1148=VERTEX_POINT('',#4007);
#1149=VERTEX_POINT('',#4008);
#1150=VERTEX_POINT('',#4010);
#1151=VERTEX_POINT('',#4012);
#1152=VERTEX_POINT('',#4014);
#1153=VERTEX_POINT('',#4018);
#1154=VERTEX_POINT('',#4020);
#1155=VERTEX_POINT('',#4022);
#1156=VERTEX_POINT('',#4024);
#1157=VERTEX_POINT('',#4026);
#1158=VERTEX_POINT('',#4028);
#1159=VERTEX_POINT('',#4030);
#1160=VERTEX_POINT('',#4032);
#1161=VERTEX_POINT('',#4034);
#1162=VERTEX_POINT('',#4036);
#1163=VERTEX_POINT('',#4040);
#1164=VERTEX_POINT('',#4042);
#1165=VERTEX_POINT('',#4046);
#1166=VERTEX_POINT('',#4048);
#1167=VERTEX_POINT('',#4050);
#1168=VERTEX_POINT('',#4054);
#1169=VERTEX_POINT('',#4056);
#1170=VERTEX_POINT('',#4060);
#1171=VERTEX_POINT('',#4062);
#1172=VERTEX_POINT('',#4066);
#1173=VERTEX_POINT('',#4068);
#1174=VERTEX_POINT('',#4072);
#1175=VERTEX_POINT('',#4074);
#1176=VERTEX_POINT('',#4076);
#1177=VERTEX_POINT('',#4080);
#1178=VERTEX_POINT('',#4082);
#1179=VERTEX_POINT('',#4084);
#1180=VERTEX_POINT('',#4088);
#1181=VERTEX_POINT('',#4090);
#1182=VERTEX_POINT('',#4092);
#1183=VERTEX_POINT('',#4094);
#1184=VERTEX_POINT('',#4096);
#1185=VERTEX_POINT('',#4098);
#1186=VERTEX_POINT('',#4100);
#1187=VERTEX_POINT('',#4102);
#1188=VERTEX_POINT('',#4104);
#1189=VERTEX_POINT('',#4108);
#1190=VERTEX_POINT('',#4110);
#1191=VERTEX_POINT('',#4117);
#1192=VERTEX_POINT('',#4119);
#1193=VERTEX_POINT('',#4145);
#1194=VERTEX_POINT('',#4146);
#1195=VERTEX_POINT('',#4148);
#1196=VERTEX_POINT('',#4150);
#1197=VERTEX_POINT('',#4154);
#1198=VERTEX_POINT('',#4156);
#1199=VERTEX_POINT('',#4158);
#1200=VERTEX_POINT('',#4160);
#1201=VERTEX_POINT('',#4162);
#1202=VERTEX_POINT('',#4164);
#1203=VERTEX_POINT('',#4166);
#1204=VERTEX_POINT('',#4168);
#1205=VERTEX_POINT('',#4170);
#1206=VERTEX_POINT('',#4172);
#1207=VERTEX_POINT('',#4174);
#1208=VERTEX_POINT('',#4176);
#1209=VERTEX_POINT('',#4178);
#1210=VERTEX_POINT('',#4180);
#1211=VERTEX_POINT('',#4182);
#1212=VERTEX_POINT('',#4186);
#1213=VERTEX_POINT('',#4188);
#1214=VERTEX_POINT('',#4190);
#1215=VERTEX_POINT('',#4192);
#1216=VERTEX_POINT('',#4194);
#1217=VERTEX_POINT('',#4198);
#1218=VERTEX_POINT('',#4202);
#1219=VERTEX_POINT('',#4206);
#1220=VERTEX_POINT('',#4210);
#1221=VERTEX_POINT('',#4212);
#1222=VERTEX_POINT('',#4214);
#1223=VERTEX_POINT('',#4216);
#1224=VERTEX_POINT('',#4218);
#1225=VERTEX_POINT('',#4220);
#1226=VERTEX_POINT('',#4222);
#1227=VERTEX_POINT('',#4224);
#1228=VERTEX_POINT('',#4226);
#1229=VERTEX_POINT('',#4228);
#1230=VERTEX_POINT('',#4230);
#1231=VERTEX_POINT('',#4232);
#1232=VERTEX_POINT('',#4234);
#1233=VERTEX_POINT('',#4238);
#1234=VERTEX_POINT('',#4242);
#1235=VERTEX_POINT('',#4244);
#1236=VERTEX_POINT('',#4248);
#1237=VERTEX_POINT('',#4249);
#1238=VERTEX_POINT('',#4254);
#1239=VERTEX_POINT('',#4256);
#1240=VERTEX_POINT('',#4265);
#1241=VERTEX_POINT('',#4266);
#1242=VERTEX_POINT('',#4271);
#1243=VERTEX_POINT('',#4273);
#1244=VERTEX_POINT('',#4277);
#1245=VERTEX_POINT('',#4281);
#1246=VERTEX_POINT('',#4289);
#1247=VERTEX_POINT('',#4291);
#1248=VERTEX_POINT('',#4298);
#1249=VERTEX_POINT('',#4300);
#1250=VERTEX_POINT('',#4304);
#1251=VERTEX_POINT('',#4312);
#1252=VERTEX_POINT('',#4314);
#1253=VERTEX_POINT('',#4319);
#1254=VERTEX_POINT('',#4321);
#1255=VERTEX_POINT('',#4344);
#1256=VERTEX_POINT('',#4345);
#1257=VERTEX_POINT('',#4347);
#1258=VERTEX_POINT('',#4349);
#1259=VERTEX_POINT('',#4351);
#1260=VERTEX_POINT('',#4353);
#1261=VERTEX_POINT('',#4355);
#1262=VERTEX_POINT('',#4357);
#1263=VERTEX_POINT('',#4359);
#1264=VERTEX_POINT('',#4361);
#1265=VERTEX_POINT('',#4363);
#1266=VERTEX_POINT('',#4366);
#1267=VERTEX_POINT('',#4367);
#1268=VERTEX_POINT('',#4369);
#1269=VERTEX_POINT('',#4374);
#1270=VERTEX_POINT('',#4375);
#1271=VERTEX_POINT('',#4384);
#1272=VERTEX_POINT('',#4393);
#1273=VERTEX_POINT('',#4395);
#1274=VERTEX_POINT('',#4402);
#1275=VERTEX_POINT('',#4411);
#1276=VERTEX_POINT('',#4418);
#1277=VERTEX_POINT('',#4425);
#1278=VERTEX_POINT('',#4427);
#1279=VERTEX_POINT('',#4429);
#1280=VERTEX_POINT('',#4431);
#1281=VERTEX_POINT('',#4433);
#1282=VERTEX_POINT('',#4435);
#1283=VERTEX_POINT('',#4437);
#1284=VERTEX_POINT('',#4444);
#1285=VERTEX_POINT('',#4453);
#1286=VERTEX_POINT('',#4462);
#1287=VERTEX_POINT('',#4471);
#1288=VERTEX_POINT('',#4473);
#1289=VERTEX_POINT('',#4480);
#1290=VERTEX_POINT('',#4489);
#1291=VERTEX_POINT('',#4498);
#1292=VERTEX_POINT('',#4507);
#1293=VERTEX_POINT('',#4509);
#1294=VERTEX_POINT('',#4511);
#1295=VERTEX_POINT('',#4513);
#1296=VERTEX_POINT('',#4531);
#1297=VERTEX_POINT('',#4532);
#1298=VERTEX_POINT('',#4541);
#1299=VERTEX_POINT('',#4550);
#1300=VERTEX_POINT('',#4552);
#1301=VERTEX_POINT('',#4561);
#1302=VERTEX_POINT('',#4570);
#1303=VERTEX_POINT('',#4579);
#1304=VERTEX_POINT('',#4588);
#1305=VERTEX_POINT('',#4590);
#1306=VERTEX_POINT('',#4605);
#1307=VERTEX_POINT('',#4606);
#1308=VERTEX_POINT('',#4608);
#1309=VERTEX_POINT('',#4617);
#1310=VERTEX_POINT('',#4626);
#1311=VERTEX_POINT('',#4635);
#1312=VERTEX_POINT('',#4642);
#1313=VERTEX_POINT('',#4644);
#1314=VERTEX_POINT('',#4653);
#1315=VERTEX_POINT('',#4662);
#1316=VERTEX_POINT('',#4679);
#1317=VERTEX_POINT('',#4680);
#1318=VERTEX_POINT('',#4682);
#1319=VERTEX_POINT('',#4684);
#1320=VERTEX_POINT('',#4686);
#1321=VERTEX_POINT('',#4688);
#1322=VERTEX_POINT('',#4690);
#1323=VERTEX_POINT('',#4692);
#1324=VERTEX_POINT('',#4694);
#1325=VERTEX_POINT('',#4696);
#1326=VERTEX_POINT('',#4698);
#1327=VERTEX_POINT('',#4700);
#1328=VERTEX_POINT('',#4704);
#1329=VERTEX_POINT('',#4705);
#1330=VERTEX_POINT('',#4707);
#1331=VERTEX_POINT('',#4709);
#1332=VERTEX_POINT('',#4711);
#1333=VERTEX_POINT('',#4713);
#1334=VERTEX_POINT('',#4715);
#1335=VERTEX_POINT('',#4717);
#1336=VERTEX_POINT('',#4721);
#1337=VERTEX_POINT('',#4722);
#1338=VERTEX_POINT('',#4724);
#1339=VERTEX_POINT('',#4726);
#1340=VERTEX_POINT('',#4728);
#1341=VERTEX_POINT('',#4730);
#1342=VERTEX_POINT('',#4732);
#1343=VERTEX_POINT('',#4734);
#1344=VERTEX_POINT('',#4736);
#1345=VERTEX_POINT('',#4738);
#1346=VERTEX_POINT('',#4740);
#1347=VERTEX_POINT('',#4742);
#1348=VERTEX_POINT('',#4746);
#1349=VERTEX_POINT('',#4747);
#1350=VERTEX_POINT('',#4749);
#1351=VERTEX_POINT('',#4751);
#1352=VERTEX_POINT('',#4755);
#1353=VERTEX_POINT('',#4757);
#1354=VERTEX_POINT('',#4761);
#1355=VERTEX_POINT('',#4762);
#1356=VERTEX_POINT('',#4767);
#1357=VERTEX_POINT('',#4768);
#1358=VERTEX_POINT('',#4773);
#1359=VERTEX_POINT('',#4774);
#1360=VERTEX_POINT('',#4782);
#1361=VERTEX_POINT('',#4784);
#1362=VERTEX_POINT('',#4788);
#1363=VERTEX_POINT('',#4792);
#1364=VERTEX_POINT('',#4797);
#1365=VERTEX_POINT('',#4798);
#1366=VERTEX_POINT('',#4803);
#1367=VERTEX_POINT('',#4807);
#1368=VERTEX_POINT('',#4808);
#1369=VERTEX_POINT('',#4813);
#1370=VERTEX_POINT('',#4814);
#1371=VERTEX_POINT('',#4820);
#1372=EDGE_CURVE('',#1082,#1083,#1009,.T.);
#1373=EDGE_CURVE('',#1083,#1084,#469,.T.);
#1374=EDGE_CURVE('',#1084,#1085,#1010,.F.);
#1375=EDGE_CURVE('',#1085,#1082,#470,.T.);
#1376=EDGE_CURVE('',#1085,#1086,#471,.T.);
#1377=EDGE_CURVE('',#1086,#1087,#472,.T.);
#1378=EDGE_CURVE('',#1087,#1088,#473,.T.);
#1379=EDGE_CURVE('',#1089,#1088,#474,.T.);
#1380=EDGE_CURVE('',#1090,#1089,#475,.T.);
#1381=EDGE_CURVE('',#1091,#1090,#476,.T.);
#1382=EDGE_CURVE('',#1092,#1091,#477,.T.);
#1383=EDGE_CURVE('',#1093,#1092,#1011,.T.);
#1384=EDGE_CURVE('',#1094,#1093,#478,.T.);
#1385=EDGE_CURVE('',#1095,#1094,#479,.T.);
#1386=EDGE_CURVE('',#1095,#1096,#480,.T.);
#1387=EDGE_CURVE('',#1096,#1097,#481,.T.);
#1388=EDGE_CURVE('',#1097,#1098,#482,.T.);
#1389=EDGE_CURVE('',#1099,#1098,#483,.T.);
#1390=EDGE_CURVE('',#1099,#1082,#484,.T.);
#1391=EDGE_CURVE('',#1100,#1099,#1012,.T.);
#1392=EDGE_CURVE('',#1098,#1101,#1013,.F.);
#1393=EDGE_CURVE('',#1101,#1100,#485,.T.);
#1394=EDGE_CURVE('',#1101,#1102,#486,.T.);
#1395=EDGE_CURVE('',#1103,#1102,#487,.T.);
#1396=EDGE_CURVE('',#1100,#1103,#488,.T.);
#1397=EDGE_CURVE('',#1104,#1089,#1014,.F.);
#1398=EDGE_CURVE('',#1105,#1104,#1015,.F.);
#1399=EDGE_CURVE('',#1089,#1105,#1016,.F.);
#1400=EDGE_CURVE('',#1106,#1107,#1017,.F.);
#1401=EDGE_CURVE('',#1108,#1106,#1018,.F.);
#1402=EDGE_CURVE('',#1107,#1108,#1019,.F.);
#1403=EDGE_CURVE('',#1106,#1105,#489,.T.);
#1404=EDGE_CURVE('',#1104,#1108,#490,.T.);
#1405=EDGE_CURVE('',#1109,#1110,#89,.F.);
#1406=EDGE_CURVE('',#1110,#1107,#491,.T.);
#1407=EDGE_CURVE('',#1108,#1109,#492,.T.);
#1408=EDGE_CURVE('',#1111,#1112,#90,.T.);
#1409=EDGE_CURVE('',#1112,#1106,#493,.T.);
#1410=EDGE_CURVE('',#1107,#1113,#494,.T.);
#1411=EDGE_CURVE('',#1113,#1111,#91,.T.);
#1412=EDGE_CURVE('',#1114,#1090,#92,.T.);
#1413=EDGE_CURVE('',#1105,#1115,#495,.T.);
#1414=EDGE_CURVE('',#1115,#1114,#93,.T.);
#1415=EDGE_CURVE('',#1088,#1116,#94,.F.);
#1416=EDGE_CURVE('',#1116,#1104,#496,.T.);
#1417=EDGE_CURVE('',#1113,#1117,#497,.T.);
#1418=EDGE_CURVE('',#1118,#1117,#95,.T.);
#1419=EDGE_CURVE('',#1119,#1118,#498,.T.);
#1420=EDGE_CURVE('',#1119,#1120,#499,.T.);
#1421=EDGE_CURVE('',#1111,#1120,#500,.T.);
#1422=EDGE_CURVE('',#1110,#1121,#501,.T.);
#1423=EDGE_CURVE('',#1121,#1122,#502,.T.);
#1424=EDGE_CURVE('',#1122,#1123,#503,.T.);
#1425=EDGE_CURVE('',#1124,#1123,#504,.T.);
#1426=EDGE_CURVE('',#1124,#1125,#505,.T.);
#1427=EDGE_CURVE('',#1126,#1125,#506,.T.);
#1428=EDGE_CURVE('',#1126,#1127,#507,.T.);
#1429=EDGE_CURVE('',#1127,#1128,#508,.T.);
#1430=EDGE_CURVE('',#1128,#1129,#509,.T.);
#1431=EDGE_CURVE('',#1130,#1129,#510,.T.);
#1432=EDGE_CURVE('',#1131,#1130,#511,.T.);
#1433=EDGE_CURVE('',#1132,#1131,#1020,.T.);
#1434=EDGE_CURVE('',#1117,#1132,#512,.T.);
#1435=EDGE_CURVE('',#1116,#1109,#513,.T.);
#1436=EDGE_CURVE('',#1133,#1134,#514,.T.);
#1437=EDGE_CURVE('',#1134,#1095,#1021,.F.);
#1438=EDGE_CURVE('',#1094,#1133,#96,.T.);
#1439=EDGE_CURVE('',#1135,#1092,#1022,.T.);
#1440=EDGE_CURVE('',#1136,#1135,#1023,.F.);
#1441=EDGE_CURVE('',#1093,#1136,#1024,.T.);
#1442=EDGE_CURVE('',#1137,#1131,#1025,.T.);
#1443=EDGE_CURVE('',#1138,#1137,#1026,.F.);
#1444=EDGE_CURVE('',#1132,#1138,#1027,.T.);
#1445=EDGE_CURVE('',#1137,#1136,#515,.T.);
#1446=EDGE_CURVE('',#1135,#1138,#516,.T.);
#1447=EDGE_CURVE('',#1138,#1139,#517,.T.);
#1448=EDGE_CURVE('',#1139,#1118,#97,.T.);
#1449=EDGE_CURVE('',#1140,#1137,#518,.T.);
#1450=EDGE_CURVE('',#1130,#1140,#98,.T.);
#1451=EDGE_CURVE('',#1129,#1141,#1028,.F.);
#1452=EDGE_CURVE('',#1141,#1140,#519,.T.);
#1453=EDGE_CURVE('',#1136,#1133,#520,.T.);
#1454=EDGE_CURVE('',#1142,#1143,#99,.T.);
#1455=EDGE_CURVE('',#1143,#1135,#521,.T.);
#1456=EDGE_CURVE('',#1091,#1142,#100,.T.);
#1457=EDGE_CURVE('',#1139,#1143,#522,.T.);
#1458=EDGE_CURVE('',#1142,#1144,#523,.T.);
#1459=EDGE_CURVE('',#1144,#1119,#524,.T.);
#1460=EDGE_CURVE('',#1145,#1124,#1029,.T.);
#1461=EDGE_CURVE('',#1123,#1146,#1030,.F.);
#1462=EDGE_CURVE('',#1146,#1145,#525,.T.);
#1463=EDGE_CURVE('',#1083,#1145,#526,.T.);
#1464=EDGE_CURVE('',#1084,#1146,#527,.T.);
#1465=EDGE_CURVE('',#1125,#1103,#1031,.T.);
#1466=EDGE_CURVE('',#1102,#1126,#1032,.F.);
#1467=EDGE_CURVE('',#1120,#1147,#528,.T.);
#1468=EDGE_CURVE('',#1147,#1114,#529,.T.);
#1469=EDGE_CURVE('',#1115,#1112,#530,.T.);
#1470=EDGE_CURVE('',#1147,#1144,#531,.T.);
#1471=EDGE_CURVE('',#1128,#1096,#532,.T.);
#1472=EDGE_CURVE('',#1097,#1127,#533,.T.);
#1473=EDGE_CURVE('',#1086,#1122,#534,.T.);
#1474=EDGE_CURVE('',#1087,#1121,#535,.T.);
#1475=EDGE_CURVE('',#1133,#1140,#536,.T.);
#1476=EDGE_CURVE('',#1134,#1141,#537,.T.);
#1477=EDGE_CURVE('',#1148,#1149,#101,.T.);
#1478=EDGE_CURVE('',#1149,#1150,#538,.T.);
#1479=EDGE_CURVE('',#1150,#1151,#1033,.F.);
#1480=EDGE_CURVE('',#1151,#1152,#539,.T.);
#1481=EDGE_CURVE('',#1152,#1148,#102,.T.);
#1482=EDGE_CURVE('',#1153,#1150,#540,.T.);
#1483=EDGE_CURVE('',#1154,#1149,#541,.T.);
#1484=EDGE_CURVE('',#1154,#1155,#542,.T.);
#1485=EDGE_CURVE('',#1155,#1156,#543,.T.);
#1486=EDGE_CURVE('',#1156,#1157,#544,.T.);
#1487=EDGE_CURVE('',#1157,#1158,#545,.T.);
#1488=EDGE_CURVE('',#1159,#1158,#546,.T.);
#1489=EDGE_CURVE('',#1159,#1160,#547,.T.);
#1490=EDGE_CURVE('',#1161,#1160,#548,.T.);
#1491=EDGE_CURVE('',#1161,#1162,#549,.T.);
#1492=EDGE_CURVE('',#1162,#1153,#550,.T.);
#1493=EDGE_CURVE('',#1163,#1148,#551,.T.);
#1494=EDGE_CURVE('',#1163,#1164,#552,.T.);
#1495=EDGE_CURVE('',#1154,#1164,#553,.T.);
#1496=EDGE_CURVE('',#1152,#1165,#554,.T.);
#1497=EDGE_CURVE('',#1166,#1165,#103,.T.);
#1498=EDGE_CURVE('',#1166,#1167,#555,.T.);
#1499=EDGE_CURVE('',#1167,#1163,#556,.T.);
#1500=EDGE_CURVE('',#1160,#1168,#1034,.T.);
#1501=EDGE_CURVE('',#1168,#1169,#557,.T.);
#1502=EDGE_CURVE('',#1169,#1161,#1035,.F.);
#1503=EDGE_CURVE('',#1170,#1159,#1036,.T.);
#1504=EDGE_CURVE('',#1158,#1171,#1037,.F.);
#1505=EDGE_CURVE('',#1171,#1170,#558,.T.);
#1506=EDGE_CURVE('',#1172,#1171,#559,.T.);
#1507=EDGE_CURVE('',#1173,#1172,#560,.T.);
#1508=EDGE_CURVE('',#1170,#1173,#561,.T.);
#1509=EDGE_CURVE('',#1165,#1174,#562,.T.);
#1510=EDGE_CURVE('',#1174,#1175,#1038,.F.);
#1511=EDGE_CURVE('',#1175,#1176,#563,.T.);
#1512=EDGE_CURVE('',#1176,#1166,#104,.T.);
#1513=EDGE_CURVE('',#1176,#1177,#564,.T.);
#1514=EDGE_CURVE('',#1178,#1177,#105,.T.);
#1515=EDGE_CURVE('',#1179,#1178,#565,.T.);
#1516=EDGE_CURVE('',#1179,#1167,#566,.T.);
#1517=EDGE_CURVE('',#1175,#1180,#567,.T.);
#1518=EDGE_CURVE('',#1180,#1181,#568,.T.);
#1519=EDGE_CURVE('',#1181,#1182,#569,.T.);
#1520=EDGE_CURVE('',#1183,#1182,#570,.T.);
#1521=EDGE_CURVE('',#1183,#1184,#571,.T.);
#1522=EDGE_CURVE('',#1185,#1184,#572,.T.);
#1523=EDGE_CURVE('',#1185,#1186,#573,.T.);
#1524=EDGE_CURVE('',#1186,#1187,#574,.T.);
#1525=EDGE_CURVE('',#1187,#1188,#575,.T.);
#1526=EDGE_CURVE('',#1177,#1188,#576,.T.);
#1527=EDGE_CURVE('',#1188,#1189,#1039,.F.);
#1528=EDGE_CURVE('',#1189,#1190,#577,.T.);
#1529=EDGE_CURVE('',#1190,#1178,#106,.T.);
#1530=EDGE_CURVE('',#1190,#1154,#578,.T.);
#1531=EDGE_CURVE('',#1164,#1179,#579,.T.);
#1532=EDGE_CURVE('',#1191,#1183,#1040,.T.);
#1533=EDGE_CURVE('',#1182,#1192,#1041,.F.);
#1534=EDGE_CURVE('',#1192,#1191,#580,.T.);
#1535=EDGE_CURVE('',#1168,#1191,#581,.T.);
#1536=EDGE_CURVE('',#1169,#1192,#582,.T.);
#1537=EDGE_CURVE('',#1184,#1173,#1042,.T.);
#1538=EDGE_CURVE('',#1172,#1185,#1043,.F.);
#1539=EDGE_CURVE('',#1155,#1189,#583,.T.);
#1540=EDGE_CURVE('',#1162,#1181,#584,.T.);
#1541=EDGE_CURVE('',#1153,#1180,#585,.T.);
#1542=EDGE_CURVE('',#1151,#1174,#586,.T.);
#1543=EDGE_CURVE('',#1156,#1187,#587,.T.);
#1544=EDGE_CURVE('',#1157,#1186,#588,.T.);
#1545=EDGE_CURVE('',#1193,#1194,#1044,.T.);
#1546=EDGE_CURVE('',#1194,#1195,#589,.T.);
#1547=EDGE_CURVE('',#1195,#1196,#1045,.F.);
#1548=EDGE_CURVE('',#1196,#1193,#590,.T.);
#1549=EDGE_CURVE('',#1197,#1195,#591,.T.);
#1550=EDGE_CURVE('',#1194,#1198,#592,.T.);
#1551=EDGE_CURVE('',#1199,#1198,#593,.T.);
#1552=EDGE_CURVE('',#1199,#1200,#594,.T.);
#1553=EDGE_CURVE('',#1200,#1201,#595,.T.);
#1554=EDGE_CURVE('',#1201,#1202,#596,.T.);
#1555=EDGE_CURVE('',#1203,#1202,#597,.T.);
#1556=EDGE_CURVE('',#1204,#1203,#598,.T.);
#1557=EDGE_CURVE('',#1205,#1204,#1046,.T.);
#1558=EDGE_CURVE('',#1206,#1205,#599,.T.);
#1559=EDGE_CURVE('',#1207,#1206,#600,.T.);
#1560=EDGE_CURVE('',#1207,#1208,#601,.T.);
#1561=EDGE_CURVE('',#1209,#1208,#1047,.T.);
#1562=EDGE_CURVE('',#1209,#1210,#602,.T.);
#1563=EDGE_CURVE('',#1210,#1211,#603,.T.);
#1564=EDGE_CURVE('',#1211,#1197,#604,.T.);
#1565=EDGE_CURVE('',#1193,#1212,#605,.T.);
#1566=EDGE_CURVE('',#1213,#1212,#1048,.T.);
#1567=EDGE_CURVE('',#1214,#1213,#606,.T.);
#1568=EDGE_CURVE('',#1215,#1214,#1049,.T.);
#1569=EDGE_CURVE('',#1216,#1215,#607,.T.);
#1570=EDGE_CURVE('',#1198,#1216,#1050,.T.);
#1571=EDGE_CURVE('',#1216,#1217,#608,.T.);
#1572=EDGE_CURVE('',#1217,#1199,#1051,.F.);
#1573=EDGE_CURVE('',#1218,#1215,#609,.T.);
#1574=EDGE_CURVE('',#1218,#1217,#610,.T.);
#1575=EDGE_CURVE('',#1214,#1219,#611,.T.);
#1576=EDGE_CURVE('',#1219,#1218,#1052,.F.);
#1577=EDGE_CURVE('',#1220,#1219,#612,.T.);
#1578=EDGE_CURVE('',#1221,#1213,#613,.T.);
#1579=EDGE_CURVE('',#1221,#1222,#614,.T.);
#1580=EDGE_CURVE('',#1222,#1223,#615,.T.);
#1581=EDGE_CURVE('',#1223,#1224,#616,.T.);
#1582=EDGE_CURVE('',#1225,#1224,#617,.T.);
#1583=EDGE_CURVE('',#1226,#1225,#618,.T.);
#1584=EDGE_CURVE('',#1227,#1226,#619,.T.);
#1585=EDGE_CURVE('',#1228,#1227,#620,.T.);
#1586=EDGE_CURVE('',#1229,#1228,#1053,.T.);
#1587=EDGE_CURVE('',#1230,#1229,#621,.T.);
#1588=EDGE_CURVE('',#1231,#1230,#622,.T.);
#1589=EDGE_CURVE('',#1231,#1232,#623,.T.);
#1590=EDGE_CURVE('',#1232,#1220,#624,.T.);
#1591=EDGE_CURVE('',#1212,#1233,#625,.T.);
#1592=EDGE_CURVE('',#1233,#1221,#1054,.F.);
#1593=EDGE_CURVE('',#1234,#1204,#1055,.T.);
#1594=EDGE_CURVE('',#1235,#1234,#1056,.F.);
#1595=EDGE_CURVE('',#1205,#1235,#1057,.T.);
#1596=EDGE_CURVE('',#1236,#1237,#626,.T.);
#1597=EDGE_CURVE('',#1237,#1231,#1058,.F.);
#1598=EDGE_CURVE('',#1230,#1236,#107,.T.);
#1599=EDGE_CURVE('',#1238,#1228,#1059,.T.);
#1600=EDGE_CURVE('',#1239,#1238,#1060,.F.);
#1601=EDGE_CURVE('',#1229,#1239,#1061,.T.);
#1602=EDGE_CURVE('',#1238,#1235,#627,.T.);
#1603=EDGE_CURVE('',#1234,#1239,#628,.T.);
#1604=EDGE_CURVE('',#1239,#1236,#629,.T.);
#1605=EDGE_CURVE('',#1240,#1241,#108,.T.);
#1606=EDGE_CURVE('',#1241,#1238,#630,.T.);
#1607=EDGE_CURVE('',#1227,#1240,#109,.T.);
#1608=EDGE_CURVE('',#1242,#1206,#110,.T.);
#1609=EDGE_CURVE('',#1235,#1243,#631,.T.);
#1610=EDGE_CURVE('',#1243,#1242,#111,.T.);
#1611=EDGE_CURVE('',#1244,#1234,#632,.T.);
#1612=EDGE_CURVE('',#1203,#1244,#112,.T.);
#1613=EDGE_CURVE('',#1202,#1245,#1062,.F.);
#1614=EDGE_CURVE('',#1245,#1244,#633,.T.);
#1615=EDGE_CURVE('',#1244,#1236,#634,.T.);
#1616=EDGE_CURVE('',#1245,#1237,#635,.T.);
#1617=EDGE_CURVE('',#1246,#1225,#1063,.F.);
#1618=EDGE_CURVE('',#1247,#1246,#1064,.F.);
#1619=EDGE_CURVE('',#1225,#1247,#1065,.F.);
#1620=EDGE_CURVE('',#1208,#1247,#636,.T.);
#1621=EDGE_CURVE('',#1246,#1209,#637,.T.);
#1622=EDGE_CURVE('',#1248,#1226,#113,.T.);
#1623=EDGE_CURVE('',#1247,#1249,#638,.T.);
#1624=EDGE_CURVE('',#1249,#1248,#114,.T.);
#1625=EDGE_CURVE('',#1224,#1250,#115,.F.);
#1626=EDGE_CURVE('',#1250,#1246,#639,.T.);
#1627=EDGE_CURVE('',#1249,#1207,#640,.T.);
#1628=EDGE_CURVE('',#1210,#1250,#641,.T.);
#1629=EDGE_CURVE('',#1240,#1251,#642,.T.);
#1630=EDGE_CURVE('',#1251,#1252,#643,.T.);
#1631=EDGE_CURVE('',#1252,#1242,#644,.T.);
#1632=EDGE_CURVE('',#1243,#1241,#645,.T.);
#1633=EDGE_CURVE('',#1207,#1253,#646,.T.);
#1634=EDGE_CURVE('',#1253,#1254,#647,.T.);
#1635=EDGE_CURVE('',#1254,#1248,#648,.T.);
#1636=EDGE_CURVE('',#1252,#1253,#649,.T.);
#1637=EDGE_CURVE('',#1254,#1251,#650,.T.);
#1638=EDGE_CURVE('',#1200,#1220,#651,.T.);
#1639=EDGE_CURVE('',#1201,#1232,#652,.T.);
#1640=EDGE_CURVE('',#1211,#1223,#653,.T.);
#1641=EDGE_CURVE('',#1197,#1222,#654,.T.);
#1642=EDGE_CURVE('',#1196,#1233,#655,.T.);
#1643=EDGE_CURVE('',#1255,#1256,#656,.T.);
#1644=EDGE_CURVE('',#1257,#1255,#657,.T.);
#1645=EDGE_CURVE('',#1258,#1257,#658,.T.);
#1646=EDGE_CURVE('',#1259,#1258,#659,.T.);
#1647=EDGE_CURVE('',#1260,#1259,#660,.T.);
#1648=EDGE_CURVE('',#1261,#1260,#661,.T.);
#1649=EDGE_CURVE('',#1262,#1261,#662,.T.);
#1650=EDGE_CURVE('',#1263,#1262,#663,.T.);
#1651=EDGE_CURVE('',#1264,#1263,#664,.T.);
#1652=EDGE_CURVE('',#1265,#1264,#665,.T.);
#1653=EDGE_CURVE('',#1256,#1265,#666,.T.);
#1654=EDGE_CURVE('',#1266,#1267,#667,.T.);
#1655=EDGE_CURVE('',#1267,#1268,#668,.T.);
#1656=EDGE_CURVE('',#1268,#1266,#669,.T.);
#1657=EDGE_CURVE('',#1269,#1270,#22,.T.);
#1658=EDGE_CURVE('',#1271,#1269,#23,.T.);
#1659=EDGE_CURVE('',#1272,#1271,#670,.T.);
#1660=EDGE_CURVE('',#1273,#1272,#24,.T.);
#1661=EDGE_CURVE('',#1274,#1273,#25,.T.);
#1662=EDGE_CURVE('',#1275,#1274,#26,.T.);
#1663=EDGE_CURVE('',#1276,#1275,#27,.T.);
#1664=EDGE_CURVE('',#1277,#1276,#671,.T.);
#1665=EDGE_CURVE('',#1278,#1277,#672,.T.);
#1666=EDGE_CURVE('',#1279,#1278,#673,.T.);
#1667=EDGE_CURVE('',#1280,#1279,#674,.T.);
#1668=EDGE_CURVE('',#1281,#1280,#675,.T.);
#1669=EDGE_CURVE('',#1282,#1281,#676,.T.);
#1670=EDGE_CURVE('',#1283,#1282,#28,.T.);
#1671=EDGE_CURVE('',#1284,#1283,#29,.T.);
#1672=EDGE_CURVE('',#1285,#1284,#30,.T.);
#1673=EDGE_CURVE('',#1286,#1285,#31,.T.);
#1674=EDGE_CURVE('',#1287,#1286,#677,.T.);
#1675=EDGE_CURVE('',#1288,#1287,#32,.T.);
#1676=EDGE_CURVE('',#1289,#1288,#33,.T.);
#1677=EDGE_CURVE('',#1290,#1289,#34,.T.);
#1678=EDGE_CURVE('',#1291,#1290,#35,.T.);
#1679=EDGE_CURVE('',#1292,#1291,#678,.T.);
#1680=EDGE_CURVE('',#1293,#1292,#679,.T.);
#1681=EDGE_CURVE('',#1294,#1293,#680,.T.);
#1682=EDGE_CURVE('',#1295,#1294,#36,.T.);
#1683=EDGE_CURVE('',#1270,#1295,#37,.T.);
#1684=EDGE_CURVE('',#1296,#1297,#38,.T.);
#1685=EDGE_CURVE('',#1298,#1296,#39,.T.);
#1686=EDGE_CURVE('',#1299,#1298,#681,.T.);
#1687=EDGE_CURVE('',#1300,#1299,#40,.T.);
#1688=EDGE_CURVE('',#1301,#1300,#41,.T.);
#1689=EDGE_CURVE('',#1302,#1301,#42,.T.);
#1690=EDGE_CURVE('',#1303,#1302,#43,.T.);
#1691=EDGE_CURVE('',#1304,#1303,#682,.T.);
#1692=EDGE_CURVE('',#1305,#1304,#44,.T.);
#1693=EDGE_CURVE('',#1297,#1305,#45,.T.);
#1694=EDGE_CURVE('',#1306,#1307,#683,.T.);
#1695=EDGE_CURVE('',#1307,#1308,#46,.T.);
#1696=EDGE_CURVE('',#1308,#1309,#47,.T.);
#1697=EDGE_CURVE('',#1309,#1310,#48,.T.);
#1698=EDGE_CURVE('',#1310,#1311,#49,.T.);
#1699=EDGE_CURVE('',#1311,#1312,#684,.T.);
#1700=EDGE_CURVE('',#1312,#1313,#50,.T.);
#1701=EDGE_CURVE('',#1313,#1314,#51,.T.);
#1702=EDGE_CURVE('',#1314,#1315,#52,.T.);
#1703=EDGE_CURVE('',#1315,#1306,#53,.T.);
#1704=EDGE_CURVE('',#1316,#1317,#685,.T.);
#1705=EDGE_CURVE('',#1318,#1316,#686,.T.);
#1706=EDGE_CURVE('',#1319,#1318,#687,.T.);
#1707=EDGE_CURVE('',#1320,#1319,#688,.T.);
#1708=EDGE_CURVE('',#1321,#1320,#689,.T.);
#1709=EDGE_CURVE('',#1322,#1321,#690,.T.);
#1710=EDGE_CURVE('',#1323,#1322,#691,.T.);
#1711=EDGE_CURVE('',#1324,#1323,#692,.T.);
#1712=EDGE_CURVE('',#1325,#1324,#693,.T.);
#1713=EDGE_CURVE('',#1326,#1325,#694,.T.);
#1714=EDGE_CURVE('',#1327,#1326,#695,.T.);
#1715=EDGE_CURVE('',#1317,#1327,#696,.T.);
#1716=EDGE_CURVE('',#1328,#1329,#697,.T.);
#1717=EDGE_CURVE('',#1330,#1328,#698,.T.);
#1718=EDGE_CURVE('',#1331,#1330,#699,.T.);
#1719=EDGE_CURVE('',#1332,#1331,#700,.T.);
#1720=EDGE_CURVE('',#1333,#1332,#701,.T.);
#1721=EDGE_CURVE('',#1334,#1333,#702,.T.);
#1722=EDGE_CURVE('',#1335,#1334,#703,.T.);
#1723=EDGE_CURVE('',#1329,#1335,#704,.T.);
#1724=EDGE_CURVE('',#1336,#1337,#705,.T.);
#1725=EDGE_CURVE('',#1338,#1336,#706,.T.);
#1726=EDGE_CURVE('',#1339,#1338,#707,.T.);
#1727=EDGE_CURVE('',#1340,#1339,#708,.T.);
#1728=EDGE_CURVE('',#1341,#1340,#709,.T.);
#1729=EDGE_CURVE('',#1342,#1341,#710,.T.);
#1730=EDGE_CURVE('',#1343,#1342,#711,.T.);
#1731=EDGE_CURVE('',#1344,#1343,#712,.T.);
#1732=EDGE_CURVE('',#1345,#1344,#713,.T.);
#1733=EDGE_CURVE('',#1346,#1345,#714,.T.);
#1734=EDGE_CURVE('',#1347,#1346,#715,.T.);
#1735=EDGE_CURVE('',#1337,#1347,#716,.T.);
#1736=EDGE_CURVE('',#1348,#1349,#717,.T.);
#1737=EDGE_CURVE('',#1349,#1350,#116,.T.);
#1738=EDGE_CURVE('',#1350,#1351,#718,.T.);
#1739=EDGE_CURVE('',#1348,#1351,#117,.T.);
#1740=EDGE_CURVE('',#1351,#1352,#719,.T.);
#1741=EDGE_CURVE('',#1352,#1353,#1066,.T.);
#1742=EDGE_CURVE('',#1353,#1348,#720,.T.);
#1743=EDGE_CURVE('',#1354,#1355,#1067,.T.);
#1744=EDGE_CURVE('',#1355,#1353,#1068,.T.);
#1745=EDGE_CURVE('',#1352,#1354,#1069,.T.);
#1746=EDGE_CURVE('',#1356,#1357,#1070,.T.);
#1747=EDGE_CURVE('',#1357,#1355,#721,.T.);
#1748=EDGE_CURVE('',#1354,#1356,#722,.T.);
#1749=EDGE_CURVE('',#1358,#1359,#1071,.T.);
#1750=EDGE_CURVE('',#1359,#1357,#1072,.T.);
#1751=EDGE_CURVE('',#1356,#1358,#1073,.T.);
#1752=EDGE_CURVE('',#1349,#1359,#723,.T.);
#1753=EDGE_CURVE('',#1358,#1350,#724,.T.);
#1754=EDGE_CURVE('',#1360,#1352,#725,.T.);
#1755=EDGE_CURVE('',#1361,#1360,#1074,.T.);
#1756=EDGE_CURVE('',#1361,#1354,#726,.T.);
#1757=EDGE_CURVE('',#1362,#1351,#727,.T.);
#1758=EDGE_CURVE('',#1360,#1362,#728,.T.);
#1759=EDGE_CURVE('',#1363,#1350,#729,.T.);
#1760=EDGE_CURVE('',#1362,#1363,#730,.T.);
#1761=EDGE_CURVE('',#1364,#1365,#731,.T.);
#1762=EDGE_CURVE('',#1365,#1360,#1075,.T.);
#1763=EDGE_CURVE('',#1364,#1362,#118,.T.);
#1764=EDGE_CURVE('',#1366,#1361,#1076,.T.);
#1765=EDGE_CURVE('',#1365,#1366,#1077,.T.);
#1766=EDGE_CURVE('',#1367,#1368,#1078,.T.);
#1767=EDGE_CURVE('',#1368,#1361,#732,.T.);
#1768=EDGE_CURVE('',#1366,#1367,#733,.T.);
#1769=EDGE_CURVE('',#1369,#1370,#1079,.T.);
#1770=EDGE_CURVE('',#1370,#1368,#1080,.T.);
#1771=EDGE_CURVE('',#1367,#1369,#1081,.T.);
#1772=EDGE_CURVE('',#1363,#1370,#734,.T.);
#1773=EDGE_CURVE('',#1369,#1371,#735,.T.);
#1774=EDGE_CURVE('',#1371,#1363,#119,.T.);
#1775=EDGE_CURVE('',#1371,#1364,#736,.T.);
#1776=EDGE_CURVE('',#1370,#1358,#737,.T.);
#1777=EDGE_CURVE('',#1368,#1356,#738,.T.);
#1778=ORIENTED_EDGE('',*,*,#1372,.T.);
#1779=ORIENTED_EDGE('',*,*,#1373,.T.);
#1780=ORIENTED_EDGE('',*,*,#1374,.T.);
#1781=ORIENTED_EDGE('',*,*,#1375,.T.);
#1782=ORIENTED_EDGE('',*,*,#1375,.F.);
#1783=ORIENTED_EDGE('',*,*,#1376,.T.);
#1784=ORIENTED_EDGE('',*,*,#1377,.T.);
#1785=ORIENTED_EDGE('',*,*,#1378,.T.);
#1786=ORIENTED_EDGE('',*,*,#1379,.F.);
#1787=ORIENTED_EDGE('',*,*,#1380,.F.);
#1788=ORIENTED_EDGE('',*,*,#1381,.F.);
#1789=ORIENTED_EDGE('',*,*,#1382,.F.);
#1790=ORIENTED_EDGE('',*,*,#1383,.F.);
#1791=ORIENTED_EDGE('',*,*,#1384,.F.);
#1792=ORIENTED_EDGE('',*,*,#1385,.F.);
#1793=ORIENTED_EDGE('',*,*,#1386,.T.);
#1794=ORIENTED_EDGE('',*,*,#1387,.T.);
#1795=ORIENTED_EDGE('',*,*,#1388,.T.);
#1796=ORIENTED_EDGE('',*,*,#1389,.F.);
#1797=ORIENTED_EDGE('',*,*,#1390,.T.);
#1798=ORIENTED_EDGE('',*,*,#1391,.T.);
#1799=ORIENTED_EDGE('',*,*,#1389,.T.);
#1800=ORIENTED_EDGE('',*,*,#1392,.T.);
#1801=ORIENTED_EDGE('',*,*,#1393,.T.);
#1802=ORIENTED_EDGE('',*,*,#1393,.F.);
#1803=ORIENTED_EDGE('',*,*,#1394,.T.);
#1804=ORIENTED_EDGE('',*,*,#1395,.F.);
#1805=ORIENTED_EDGE('',*,*,#1396,.F.);
#1806=ORIENTED_EDGE('',*,*,#1397,.F.);
#1807=ORIENTED_EDGE('',*,*,#1398,.F.);
#1808=ORIENTED_EDGE('',*,*,#1399,.F.);
#1809=ORIENTED_EDGE('',*,*,#1400,.F.);
#1810=ORIENTED_EDGE('',*,*,#1401,.F.);
#1811=ORIENTED_EDGE('',*,*,#1402,.F.);
#1812=ORIENTED_EDGE('',*,*,#1401,.T.);
#1813=ORIENTED_EDGE('',*,*,#1403,.T.);
#1814=ORIENTED_EDGE('',*,*,#1398,.T.);
#1815=ORIENTED_EDGE('',*,*,#1404,.T.);
#1816=ORIENTED_EDGE('',*,*,#1405,.T.);
#1817=ORIENTED_EDGE('',*,*,#1406,.T.);
#1818=ORIENTED_EDGE('',*,*,#1402,.T.);
#1819=ORIENTED_EDGE('',*,*,#1407,.T.);
#1820=ORIENTED_EDGE('',*,*,#1408,.T.);
#1821=ORIENTED_EDGE('',*,*,#1409,.T.);
#1822=ORIENTED_EDGE('',*,*,#1400,.T.);
#1823=ORIENTED_EDGE('',*,*,#1410,.T.);
#1824=ORIENTED_EDGE('',*,*,#1411,.T.);
#1825=ORIENTED_EDGE('',*,*,#1412,.T.);
#1826=ORIENTED_EDGE('',*,*,#1380,.T.);
#1827=ORIENTED_EDGE('',*,*,#1399,.T.);
#1828=ORIENTED_EDGE('',*,*,#1413,.T.);
#1829=ORIENTED_EDGE('',*,*,#1414,.T.);
#1830=ORIENTED_EDGE('',*,*,#1415,.T.);
#1831=ORIENTED_EDGE('',*,*,#1416,.T.);
#1832=ORIENTED_EDGE('',*,*,#1397,.T.);
#1833=ORIENTED_EDGE('',*,*,#1379,.T.);
#1834=ORIENTED_EDGE('',*,*,#1411,.F.);
#1835=ORIENTED_EDGE('',*,*,#1417,.T.);
#1836=ORIENTED_EDGE('',*,*,#1418,.F.);
#1837=ORIENTED_EDGE('',*,*,#1419,.F.);
#1838=ORIENTED_EDGE('',*,*,#1420,.T.);
#1839=ORIENTED_EDGE('',*,*,#1421,.F.);
#1840=ORIENTED_EDGE('',*,*,#1410,.F.);
#1841=ORIENTED_EDGE('',*,*,#1406,.F.);
#1842=ORIENTED_EDGE('',*,*,#1422,.T.);
#1843=ORIENTED_EDGE('',*,*,#1423,.T.);
#1844=ORIENTED_EDGE('',*,*,#1424,.T.);
#1845=ORIENTED_EDGE('',*,*,#1425,.F.);
#1846=ORIENTED_EDGE('',*,*,#1426,.T.);
#1847=ORIENTED_EDGE('',*,*,#1427,.F.);
#1848=ORIENTED_EDGE('',*,*,#1428,.T.);
#1849=ORIENTED_EDGE('',*,*,#1429,.T.);
#1850=ORIENTED_EDGE('',*,*,#1430,.T.);
#1851=ORIENTED_EDGE('',*,*,#1431,.F.);
#1852=ORIENTED_EDGE('',*,*,#1432,.F.);
#1853=ORIENTED_EDGE('',*,*,#1433,.F.);
#1854=ORIENTED_EDGE('',*,*,#1434,.F.);
#1855=ORIENTED_EDGE('',*,*,#1417,.F.);
#1856=ORIENTED_EDGE('',*,*,#1407,.F.);
#1857=ORIENTED_EDGE('',*,*,#1404,.F.);
#1858=ORIENTED_EDGE('',*,*,#1416,.F.);
#1859=ORIENTED_EDGE('',*,*,#1435,.T.);
#1860=ORIENTED_EDGE('',*,*,#1436,.T.);
#1861=ORIENTED_EDGE('',*,*,#1437,.T.);
#1862=ORIENTED_EDGE('',*,*,#1385,.T.);
#1863=ORIENTED_EDGE('',*,*,#1438,.T.);
#1864=ORIENTED_EDGE('',*,*,#1439,.F.);
#1865=ORIENTED_EDGE('',*,*,#1440,.F.);
#1866=ORIENTED_EDGE('',*,*,#1441,.F.);
#1867=ORIENTED_EDGE('',*,*,#1383,.T.);
#1868=ORIENTED_EDGE('',*,*,#1442,.F.);
#1869=ORIENTED_EDGE('',*,*,#1443,.F.);
#1870=ORIENTED_EDGE('',*,*,#1444,.F.);
#1871=ORIENTED_EDGE('',*,*,#1433,.T.);
#1872=ORIENTED_EDGE('',*,*,#1443,.T.);
#1873=ORIENTED_EDGE('',*,*,#1445,.T.);
#1874=ORIENTED_EDGE('',*,*,#1440,.T.);
#1875=ORIENTED_EDGE('',*,*,#1446,.T.);
#1876=ORIENTED_EDGE('',*,*,#1418,.T.);
#1877=ORIENTED_EDGE('',*,*,#1434,.T.);
#1878=ORIENTED_EDGE('',*,*,#1444,.T.);
#1879=ORIENTED_EDGE('',*,*,#1447,.T.);
#1880=ORIENTED_EDGE('',*,*,#1448,.T.);
#1881=ORIENTED_EDGE('',*,*,#1449,.T.);
#1882=ORIENTED_EDGE('',*,*,#1442,.T.);
#1883=ORIENTED_EDGE('',*,*,#1432,.T.);
#1884=ORIENTED_EDGE('',*,*,#1450,.T.);
#1885=ORIENTED_EDGE('',*,*,#1431,.T.);
#1886=ORIENTED_EDGE('',*,*,#1451,.T.);
#1887=ORIENTED_EDGE('',*,*,#1452,.T.);
#1888=ORIENTED_EDGE('',*,*,#1450,.F.);
#1889=ORIENTED_EDGE('',*,*,#1384,.T.);
#1890=ORIENTED_EDGE('',*,*,#1441,.T.);
#1891=ORIENTED_EDGE('',*,*,#1453,.T.);
#1892=ORIENTED_EDGE('',*,*,#1438,.F.);
#1893=ORIENTED_EDGE('',*,*,#1454,.T.);
#1894=ORIENTED_EDGE('',*,*,#1455,.T.);
#1895=ORIENTED_EDGE('',*,*,#1439,.T.);
#1896=ORIENTED_EDGE('',*,*,#1382,.T.);
#1897=ORIENTED_EDGE('',*,*,#1456,.T.);
#1898=ORIENTED_EDGE('',*,*,#1447,.F.);
#1899=ORIENTED_EDGE('',*,*,#1446,.F.);
#1900=ORIENTED_EDGE('',*,*,#1455,.F.);
#1901=ORIENTED_EDGE('',*,*,#1457,.F.);
#1902=ORIENTED_EDGE('',*,*,#1448,.F.);
#1903=ORIENTED_EDGE('',*,*,#1457,.T.);
#1904=ORIENTED_EDGE('',*,*,#1454,.F.);
#1905=ORIENTED_EDGE('',*,*,#1458,.T.);
#1906=ORIENTED_EDGE('',*,*,#1459,.T.);
#1907=ORIENTED_EDGE('',*,*,#1419,.T.);
#1908=ORIENTED_EDGE('',*,*,#1460,.T.);
#1909=ORIENTED_EDGE('',*,*,#1425,.T.);
#1910=ORIENTED_EDGE('',*,*,#1461,.T.);
#1911=ORIENTED_EDGE('',*,*,#1462,.T.);
#1912=ORIENTED_EDGE('',*,*,#1373,.F.);
#1913=ORIENTED_EDGE('',*,*,#1463,.T.);
#1914=ORIENTED_EDGE('',*,*,#1462,.F.);
#1915=ORIENTED_EDGE('',*,*,#1464,.F.);
#1916=ORIENTED_EDGE('',*,*,#1465,.T.);
#1917=ORIENTED_EDGE('',*,*,#1395,.T.);
#1918=ORIENTED_EDGE('',*,*,#1466,.T.);
#1919=ORIENTED_EDGE('',*,*,#1427,.T.);
#1920=ORIENTED_EDGE('',*,*,#1408,.F.);
#1921=ORIENTED_EDGE('',*,*,#1421,.T.);
#1922=ORIENTED_EDGE('',*,*,#1467,.T.);
#1923=ORIENTED_EDGE('',*,*,#1468,.T.);
#1924=ORIENTED_EDGE('',*,*,#1414,.F.);
#1925=ORIENTED_EDGE('',*,*,#1469,.T.);
#1926=ORIENTED_EDGE('',*,*,#1412,.F.);
#1927=ORIENTED_EDGE('',*,*,#1468,.F.);
#1928=ORIENTED_EDGE('',*,*,#1470,.T.);
#1929=ORIENTED_EDGE('',*,*,#1458,.F.);
#1930=ORIENTED_EDGE('',*,*,#1456,.F.);
#1931=ORIENTED_EDGE('',*,*,#1381,.T.);
#1932=ORIENTED_EDGE('',*,*,#1459,.F.);
#1933=ORIENTED_EDGE('',*,*,#1470,.F.);
#1934=ORIENTED_EDGE('',*,*,#1467,.F.);
#1935=ORIENTED_EDGE('',*,*,#1420,.F.);
#1936=ORIENTED_EDGE('',*,*,#1471,.F.);
#1937=ORIENTED_EDGE('',*,*,#1429,.F.);
#1938=ORIENTED_EDGE('',*,*,#1472,.F.);
#1939=ORIENTED_EDGE('',*,*,#1387,.F.);
#1940=ORIENTED_EDGE('',*,*,#1472,.T.);
#1941=ORIENTED_EDGE('',*,*,#1428,.F.);
#1942=ORIENTED_EDGE('',*,*,#1466,.F.);
#1943=ORIENTED_EDGE('',*,*,#1394,.F.);
#1944=ORIENTED_EDGE('',*,*,#1392,.F.);
#1945=ORIENTED_EDGE('',*,*,#1388,.F.);
#1946=ORIENTED_EDGE('',*,*,#1372,.F.);
#1947=ORIENTED_EDGE('',*,*,#1390,.F.);
#1948=ORIENTED_EDGE('',*,*,#1391,.F.);
#1949=ORIENTED_EDGE('',*,*,#1396,.T.);
#1950=ORIENTED_EDGE('',*,*,#1465,.F.);
#1951=ORIENTED_EDGE('',*,*,#1426,.F.);
#1952=ORIENTED_EDGE('',*,*,#1460,.F.);
#1953=ORIENTED_EDGE('',*,*,#1463,.F.);
#1954=ORIENTED_EDGE('',*,*,#1464,.T.);
#1955=ORIENTED_EDGE('',*,*,#1461,.F.);
#1956=ORIENTED_EDGE('',*,*,#1424,.F.);
#1957=ORIENTED_EDGE('',*,*,#1473,.F.);
#1958=ORIENTED_EDGE('',*,*,#1376,.F.);
#1959=ORIENTED_EDGE('',*,*,#1374,.F.);
#1960=ORIENTED_EDGE('',*,*,#1473,.T.);
#1961=ORIENTED_EDGE('',*,*,#1423,.F.);
#1962=ORIENTED_EDGE('',*,*,#1474,.F.);
#1963=ORIENTED_EDGE('',*,*,#1377,.F.);
#1964=ORIENTED_EDGE('',*,*,#1474,.T.);
#1965=ORIENTED_EDGE('',*,*,#1422,.F.);
#1966=ORIENTED_EDGE('',*,*,#1405,.F.);
#1967=ORIENTED_EDGE('',*,*,#1435,.F.);
#1968=ORIENTED_EDGE('',*,*,#1415,.F.);
#1969=ORIENTED_EDGE('',*,*,#1378,.F.);
#1970=ORIENTED_EDGE('',*,*,#1409,.F.);
#1971=ORIENTED_EDGE('',*,*,#1469,.F.);
#1972=ORIENTED_EDGE('',*,*,#1413,.F.);
#1973=ORIENTED_EDGE('',*,*,#1403,.F.);
#1974=ORIENTED_EDGE('',*,*,#1449,.F.);
#1975=ORIENTED_EDGE('',*,*,#1475,.F.);
#1976=ORIENTED_EDGE('',*,*,#1453,.F.);
#1977=ORIENTED_EDGE('',*,*,#1445,.F.);
#1978=ORIENTED_EDGE('',*,*,#1452,.F.);
#1979=ORIENTED_EDGE('',*,*,#1476,.F.);
#1980=ORIENTED_EDGE('',*,*,#1436,.F.);
#1981=ORIENTED_EDGE('',*,*,#1475,.T.);
#1982=ORIENTED_EDGE('',*,*,#1476,.T.);
#1983=ORIENTED_EDGE('',*,*,#1451,.F.);
#1984=ORIENTED_EDGE('',*,*,#1430,.F.);
#1985=ORIENTED_EDGE('',*,*,#1471,.T.);
#1986=ORIENTED_EDGE('',*,*,#1386,.F.);
#1987=ORIENTED_EDGE('',*,*,#1437,.F.);
#1988=ORIENTED_EDGE('',*,*,#1477,.T.);
#1989=ORIENTED_EDGE('',*,*,#1478,.T.);
#1990=ORIENTED_EDGE('',*,*,#1479,.T.);
#1991=ORIENTED_EDGE('',*,*,#1480,.T.);
#1992=ORIENTED_EDGE('',*,*,#1481,.T.);
#1993=ORIENTED_EDGE('',*,*,#1482,.T.);
#1994=ORIENTED_EDGE('',*,*,#1478,.F.);
#1995=ORIENTED_EDGE('',*,*,#1483,.F.);
#1996=ORIENTED_EDGE('',*,*,#1484,.T.);
#1997=ORIENTED_EDGE('',*,*,#1485,.T.);
#1998=ORIENTED_EDGE('',*,*,#1486,.T.);
#1999=ORIENTED_EDGE('',*,*,#1487,.T.);
#2000=ORIENTED_EDGE('',*,*,#1488,.F.);
#2001=ORIENTED_EDGE('',*,*,#1489,.T.);
#2002=ORIENTED_EDGE('',*,*,#1490,.F.);
#2003=ORIENTED_EDGE('',*,*,#1491,.T.);
#2004=ORIENTED_EDGE('',*,*,#1492,.T.);
#2005=ORIENTED_EDGE('',*,*,#1477,.F.);
#2006=ORIENTED_EDGE('',*,*,#1493,.F.);
#2007=ORIENTED_EDGE('',*,*,#1494,.T.);
#2008=ORIENTED_EDGE('',*,*,#1495,.F.);
#2009=ORIENTED_EDGE('',*,*,#1483,.T.);
#2010=ORIENTED_EDGE('',*,*,#1481,.F.);
#2011=ORIENTED_EDGE('',*,*,#1496,.T.);
#2012=ORIENTED_EDGE('',*,*,#1497,.F.);
#2013=ORIENTED_EDGE('',*,*,#1498,.T.);
#2014=ORIENTED_EDGE('',*,*,#1499,.T.);
#2015=ORIENTED_EDGE('',*,*,#1493,.T.);
#2016=ORIENTED_EDGE('',*,*,#1500,.T.);
#2017=ORIENTED_EDGE('',*,*,#1501,.T.);
#2018=ORIENTED_EDGE('',*,*,#1502,.T.);
#2019=ORIENTED_EDGE('',*,*,#1490,.T.);
#2020=ORIENTED_EDGE('',*,*,#1503,.T.);
#2021=ORIENTED_EDGE('',*,*,#1488,.T.);
#2022=ORIENTED_EDGE('',*,*,#1504,.T.);
#2023=ORIENTED_EDGE('',*,*,#1505,.T.);
#2024=ORIENTED_EDGE('',*,*,#1505,.F.);
#2025=ORIENTED_EDGE('',*,*,#1506,.F.);
#2026=ORIENTED_EDGE('',*,*,#1507,.F.);
#2027=ORIENTED_EDGE('',*,*,#1508,.F.);
#2028=ORIENTED_EDGE('',*,*,#1497,.T.);
#2029=ORIENTED_EDGE('',*,*,#1509,.T.);
#2030=ORIENTED_EDGE('',*,*,#1510,.T.);
#2031=ORIENTED_EDGE('',*,*,#1511,.T.);
#2032=ORIENTED_EDGE('',*,*,#1512,.T.);
#2033=ORIENTED_EDGE('',*,*,#1512,.F.);
#2034=ORIENTED_EDGE('',*,*,#1513,.T.);
#2035=ORIENTED_EDGE('',*,*,#1514,.F.);
#2036=ORIENTED_EDGE('',*,*,#1515,.F.);
#2037=ORIENTED_EDGE('',*,*,#1516,.T.);
#2038=ORIENTED_EDGE('',*,*,#1498,.F.);
#2039=ORIENTED_EDGE('',*,*,#1511,.F.);
#2040=ORIENTED_EDGE('',*,*,#1517,.T.);
#2041=ORIENTED_EDGE('',*,*,#1518,.T.);
#2042=ORIENTED_EDGE('',*,*,#1519,.T.);
#2043=ORIENTED_EDGE('',*,*,#1520,.F.);
#2044=ORIENTED_EDGE('',*,*,#1521,.T.);
#2045=ORIENTED_EDGE('',*,*,#1522,.F.);
#2046=ORIENTED_EDGE('',*,*,#1523,.T.);
#2047=ORIENTED_EDGE('',*,*,#1524,.T.);
#2048=ORIENTED_EDGE('',*,*,#1525,.T.);
#2049=ORIENTED_EDGE('',*,*,#1526,.F.);
#2050=ORIENTED_EDGE('',*,*,#1513,.F.);
#2051=ORIENTED_EDGE('',*,*,#1514,.T.);
#2052=ORIENTED_EDGE('',*,*,#1526,.T.);
#2053=ORIENTED_EDGE('',*,*,#1527,.T.);
#2054=ORIENTED_EDGE('',*,*,#1528,.T.);
#2055=ORIENTED_EDGE('',*,*,#1529,.T.);
#2056=ORIENTED_EDGE('',*,*,#1529,.F.);
#2057=ORIENTED_EDGE('',*,*,#1530,.T.);
#2058=ORIENTED_EDGE('',*,*,#1495,.T.);
#2059=ORIENTED_EDGE('',*,*,#1531,.T.);
#2060=ORIENTED_EDGE('',*,*,#1515,.T.);
#2061=ORIENTED_EDGE('',*,*,#1532,.T.);
#2062=ORIENTED_EDGE('',*,*,#1520,.T.);
#2063=ORIENTED_EDGE('',*,*,#1533,.T.);
#2064=ORIENTED_EDGE('',*,*,#1534,.T.);
#2065=ORIENTED_EDGE('',*,*,#1501,.F.);
#2066=ORIENTED_EDGE('',*,*,#1535,.T.);
#2067=ORIENTED_EDGE('',*,*,#1534,.F.);
#2068=ORIENTED_EDGE('',*,*,#1536,.F.);
#2069=ORIENTED_EDGE('',*,*,#1537,.T.);
#2070=ORIENTED_EDGE('',*,*,#1507,.T.);
#2071=ORIENTED_EDGE('',*,*,#1538,.T.);
#2072=ORIENTED_EDGE('',*,*,#1522,.T.);
#2073=ORIENTED_EDGE('',*,*,#1528,.F.);
#2074=ORIENTED_EDGE('',*,*,#1539,.F.);
#2075=ORIENTED_EDGE('',*,*,#1484,.F.);
#2076=ORIENTED_EDGE('',*,*,#1530,.F.);
#2077=ORIENTED_EDGE('',*,*,#1531,.F.);
#2078=ORIENTED_EDGE('',*,*,#1494,.F.);
#2079=ORIENTED_EDGE('',*,*,#1499,.F.);
#2080=ORIENTED_EDGE('',*,*,#1516,.F.);
#2081=ORIENTED_EDGE('',*,*,#1500,.F.);
#2082=ORIENTED_EDGE('',*,*,#1489,.F.);
#2083=ORIENTED_EDGE('',*,*,#1503,.F.);
#2084=ORIENTED_EDGE('',*,*,#1508,.T.);
#2085=ORIENTED_EDGE('',*,*,#1537,.F.);
#2086=ORIENTED_EDGE('',*,*,#1521,.F.);
#2087=ORIENTED_EDGE('',*,*,#1532,.F.);
#2088=ORIENTED_EDGE('',*,*,#1535,.F.);
#2089=ORIENTED_EDGE('',*,*,#1536,.T.);
#2090=ORIENTED_EDGE('',*,*,#1533,.F.);
#2091=ORIENTED_EDGE('',*,*,#1519,.F.);
#2092=ORIENTED_EDGE('',*,*,#1540,.F.);
#2093=ORIENTED_EDGE('',*,*,#1491,.F.);
#2094=ORIENTED_EDGE('',*,*,#1502,.F.);
#2095=ORIENTED_EDGE('',*,*,#1540,.T.);
#2096=ORIENTED_EDGE('',*,*,#1518,.F.);
#2097=ORIENTED_EDGE('',*,*,#1541,.F.);
#2098=ORIENTED_EDGE('',*,*,#1492,.F.);
#2099=ORIENTED_EDGE('',*,*,#1541,.T.);
#2100=ORIENTED_EDGE('',*,*,#1517,.F.);
#2101=ORIENTED_EDGE('',*,*,#1510,.F.);
#2102=ORIENTED_EDGE('',*,*,#1542,.F.);
#2103=ORIENTED_EDGE('',*,*,#1479,.F.);
#2104=ORIENTED_EDGE('',*,*,#1482,.F.);
#2105=ORIENTED_EDGE('',*,*,#1480,.F.);
#2106=ORIENTED_EDGE('',*,*,#1542,.T.);
#2107=ORIENTED_EDGE('',*,*,#1509,.F.);
#2108=ORIENTED_EDGE('',*,*,#1496,.F.);
#2109=ORIENTED_EDGE('',*,*,#1539,.T.);
#2110=ORIENTED_EDGE('',*,*,#1527,.F.);
#2111=ORIENTED_EDGE('',*,*,#1525,.F.);
#2112=ORIENTED_EDGE('',*,*,#1543,.F.);
#2113=ORIENTED_EDGE('',*,*,#1485,.F.);
#2114=ORIENTED_EDGE('',*,*,#1543,.T.);
#2115=ORIENTED_EDGE('',*,*,#1524,.F.);
#2116=ORIENTED_EDGE('',*,*,#1544,.F.);
#2117=ORIENTED_EDGE('',*,*,#1486,.F.);
#2118=ORIENTED_EDGE('',*,*,#1544,.T.);
#2119=ORIENTED_EDGE('',*,*,#1523,.F.);
#2120=ORIENTED_EDGE('',*,*,#1538,.F.);
#2121=ORIENTED_EDGE('',*,*,#1506,.T.);
#2122=ORIENTED_EDGE('',*,*,#1504,.F.);
#2123=ORIENTED_EDGE('',*,*,#1487,.F.);
#2124=ORIENTED_EDGE('',*,*,#1545,.T.);
#2125=ORIENTED_EDGE('',*,*,#1546,.T.);
#2126=ORIENTED_EDGE('',*,*,#1547,.T.);
#2127=ORIENTED_EDGE('',*,*,#1548,.T.);
#2128=ORIENTED_EDGE('',*,*,#1549,.T.);
#2129=ORIENTED_EDGE('',*,*,#1546,.F.);
#2130=ORIENTED_EDGE('',*,*,#1550,.T.);
#2131=ORIENTED_EDGE('',*,*,#1551,.F.);
#2132=ORIENTED_EDGE('',*,*,#1552,.T.);
#2133=ORIENTED_EDGE('',*,*,#1553,.T.);
#2134=ORIENTED_EDGE('',*,*,#1554,.T.);
#2135=ORIENTED_EDGE('',*,*,#1555,.F.);
#2136=ORIENTED_EDGE('',*,*,#1556,.F.);
#2137=ORIENTED_EDGE('',*,*,#1557,.F.);
#2138=ORIENTED_EDGE('',*,*,#1558,.F.);
#2139=ORIENTED_EDGE('',*,*,#1559,.F.);
#2140=ORIENTED_EDGE('',*,*,#1560,.T.);
#2141=ORIENTED_EDGE('',*,*,#1561,.F.);
#2142=ORIENTED_EDGE('',*,*,#1562,.T.);
#2143=ORIENTED_EDGE('',*,*,#1563,.T.);
#2144=ORIENTED_EDGE('',*,*,#1564,.T.);
#2145=ORIENTED_EDGE('',*,*,#1545,.F.);
#2146=ORIENTED_EDGE('',*,*,#1565,.T.);
#2147=ORIENTED_EDGE('',*,*,#1566,.F.);
#2148=ORIENTED_EDGE('',*,*,#1567,.F.);
#2149=ORIENTED_EDGE('',*,*,#1568,.F.);
#2150=ORIENTED_EDGE('',*,*,#1569,.F.);
#2151=ORIENTED_EDGE('',*,*,#1570,.F.);
#2152=ORIENTED_EDGE('',*,*,#1550,.F.);
#2153=ORIENTED_EDGE('',*,*,#1570,.T.);
#2154=ORIENTED_EDGE('',*,*,#1571,.T.);
#2155=ORIENTED_EDGE('',*,*,#1572,.T.);
#2156=ORIENTED_EDGE('',*,*,#1551,.T.);
#2157=ORIENTED_EDGE('',*,*,#1571,.F.);
#2158=ORIENTED_EDGE('',*,*,#1569,.T.);
#2159=ORIENTED_EDGE('',*,*,#1573,.F.);
#2160=ORIENTED_EDGE('',*,*,#1574,.T.);
#2161=ORIENTED_EDGE('',*,*,#1568,.T.);
#2162=ORIENTED_EDGE('',*,*,#1575,.T.);
#2163=ORIENTED_EDGE('',*,*,#1576,.T.);
#2164=ORIENTED_EDGE('',*,*,#1573,.T.);
#2165=ORIENTED_EDGE('',*,*,#1577,.T.);
#2166=ORIENTED_EDGE('',*,*,#1575,.F.);
#2167=ORIENTED_EDGE('',*,*,#1567,.T.);
#2168=ORIENTED_EDGE('',*,*,#1578,.F.);
#2169=ORIENTED_EDGE('',*,*,#1579,.T.);
#2170=ORIENTED_EDGE('',*,*,#1580,.T.);
#2171=ORIENTED_EDGE('',*,*,#1581,.T.);
#2172=ORIENTED_EDGE('',*,*,#1582,.F.);
#2173=ORIENTED_EDGE('',*,*,#1583,.F.);
#2174=ORIENTED_EDGE('',*,*,#1584,.F.);
#2175=ORIENTED_EDGE('',*,*,#1585,.F.);
#2176=ORIENTED_EDGE('',*,*,#1586,.F.);
#2177=ORIENTED_EDGE('',*,*,#1587,.F.);
#2178=ORIENTED_EDGE('',*,*,#1588,.F.);
#2179=ORIENTED_EDGE('',*,*,#1589,.T.);
#2180=ORIENTED_EDGE('',*,*,#1590,.T.);
#2181=ORIENTED_EDGE('',*,*,#1566,.T.);
#2182=ORIENTED_EDGE('',*,*,#1591,.T.);
#2183=ORIENTED_EDGE('',*,*,#1592,.T.);
#2184=ORIENTED_EDGE('',*,*,#1578,.T.);
#2185=ORIENTED_EDGE('',*,*,#1593,.F.);
#2186=ORIENTED_EDGE('',*,*,#1594,.F.);
#2187=ORIENTED_EDGE('',*,*,#1595,.F.);
#2188=ORIENTED_EDGE('',*,*,#1557,.T.);
#2189=ORIENTED_EDGE('',*,*,#1596,.T.);
#2190=ORIENTED_EDGE('',*,*,#1597,.T.);
#2191=ORIENTED_EDGE('',*,*,#1588,.T.);
#2192=ORIENTED_EDGE('',*,*,#1598,.T.);
#2193=ORIENTED_EDGE('',*,*,#1599,.F.);
#2194=ORIENTED_EDGE('',*,*,#1600,.F.);
#2195=ORIENTED_EDGE('',*,*,#1601,.F.);
#2196=ORIENTED_EDGE('',*,*,#1586,.T.);
#2197=ORIENTED_EDGE('',*,*,#1600,.T.);
#2198=ORIENTED_EDGE('',*,*,#1602,.T.);
#2199=ORIENTED_EDGE('',*,*,#1594,.T.);
#2200=ORIENTED_EDGE('',*,*,#1603,.T.);
#2201=ORIENTED_EDGE('',*,*,#1587,.T.);
#2202=ORIENTED_EDGE('',*,*,#1601,.T.);
#2203=ORIENTED_EDGE('',*,*,#1604,.T.);
#2204=ORIENTED_EDGE('',*,*,#1598,.F.);
#2205=ORIENTED_EDGE('',*,*,#1605,.T.);
#2206=ORIENTED_EDGE('',*,*,#1606,.T.);
#2207=ORIENTED_EDGE('',*,*,#1599,.T.);
#2208=ORIENTED_EDGE('',*,*,#1585,.T.);
#2209=ORIENTED_EDGE('',*,*,#1607,.T.);
#2210=ORIENTED_EDGE('',*,*,#1608,.T.);
#2211=ORIENTED_EDGE('',*,*,#1558,.T.);
#2212=ORIENTED_EDGE('',*,*,#1595,.T.);
#2213=ORIENTED_EDGE('',*,*,#1609,.T.);
#2214=ORIENTED_EDGE('',*,*,#1610,.T.);
#2215=ORIENTED_EDGE('',*,*,#1611,.T.);
#2216=ORIENTED_EDGE('',*,*,#1593,.T.);
#2217=ORIENTED_EDGE('',*,*,#1556,.T.);
#2218=ORIENTED_EDGE('',*,*,#1612,.T.);
#2219=ORIENTED_EDGE('',*,*,#1555,.T.);
#2220=ORIENTED_EDGE('',*,*,#1613,.T.);
#2221=ORIENTED_EDGE('',*,*,#1614,.T.);
#2222=ORIENTED_EDGE('',*,*,#1612,.F.);
#2223=ORIENTED_EDGE('',*,*,#1604,.F.);
#2224=ORIENTED_EDGE('',*,*,#1603,.F.);
#2225=ORIENTED_EDGE('',*,*,#1611,.F.);
#2226=ORIENTED_EDGE('',*,*,#1615,.T.);
#2227=ORIENTED_EDGE('',*,*,#1596,.F.);
#2228=ORIENTED_EDGE('',*,*,#1615,.F.);
#2229=ORIENTED_EDGE('',*,*,#1614,.F.);
#2230=ORIENTED_EDGE('',*,*,#1616,.T.);
#2231=ORIENTED_EDGE('',*,*,#1617,.F.);
#2232=ORIENTED_EDGE('',*,*,#1618,.F.);
#2233=ORIENTED_EDGE('',*,*,#1619,.F.);
#2234=ORIENTED_EDGE('',*,*,#1561,.T.);
#2235=ORIENTED_EDGE('',*,*,#1620,.T.);
#2236=ORIENTED_EDGE('',*,*,#1618,.T.);
#2237=ORIENTED_EDGE('',*,*,#1621,.T.);
#2238=ORIENTED_EDGE('',*,*,#1622,.T.);
#2239=ORIENTED_EDGE('',*,*,#1583,.T.);
#2240=ORIENTED_EDGE('',*,*,#1619,.T.);
#2241=ORIENTED_EDGE('',*,*,#1623,.T.);
#2242=ORIENTED_EDGE('',*,*,#1624,.T.);
#2243=ORIENTED_EDGE('',*,*,#1625,.T.);
#2244=ORIENTED_EDGE('',*,*,#1626,.T.);
#2245=ORIENTED_EDGE('',*,*,#1617,.T.);
#2246=ORIENTED_EDGE('',*,*,#1582,.T.);
#2247=ORIENTED_EDGE('',*,*,#1623,.F.);
#2248=ORIENTED_EDGE('',*,*,#1620,.F.);
#2249=ORIENTED_EDGE('',*,*,#1560,.F.);
#2250=ORIENTED_EDGE('',*,*,#1627,.F.);
#2251=ORIENTED_EDGE('',*,*,#1621,.F.);
#2252=ORIENTED_EDGE('',*,*,#1626,.F.);
#2253=ORIENTED_EDGE('',*,*,#1628,.F.);
#2254=ORIENTED_EDGE('',*,*,#1562,.F.);
#2255=ORIENTED_EDGE('',*,*,#1605,.F.);
#2256=ORIENTED_EDGE('',*,*,#1629,.T.);
#2257=ORIENTED_EDGE('',*,*,#1630,.T.);
#2258=ORIENTED_EDGE('',*,*,#1631,.T.);
#2259=ORIENTED_EDGE('',*,*,#1610,.F.);
#2260=ORIENTED_EDGE('',*,*,#1632,.T.);
#2261=ORIENTED_EDGE('',*,*,#1624,.F.);
#2262=ORIENTED_EDGE('',*,*,#1627,.T.);
#2263=ORIENTED_EDGE('',*,*,#1633,.T.);
#2264=ORIENTED_EDGE('',*,*,#1634,.T.);
#2265=ORIENTED_EDGE('',*,*,#1635,.T.);
#2266=ORIENTED_EDGE('',*,*,#1608,.F.);
#2267=ORIENTED_EDGE('',*,*,#1631,.F.);
#2268=ORIENTED_EDGE('',*,*,#1636,.T.);
#2269=ORIENTED_EDGE('',*,*,#1633,.F.);
#2270=ORIENTED_EDGE('',*,*,#1559,.T.);
#2271=ORIENTED_EDGE('',*,*,#1607,.F.);
#2272=ORIENTED_EDGE('',*,*,#1584,.T.);
#2273=ORIENTED_EDGE('',*,*,#1622,.F.);
#2274=ORIENTED_EDGE('',*,*,#1635,.F.);
#2275=ORIENTED_EDGE('',*,*,#1637,.T.);
#2276=ORIENTED_EDGE('',*,*,#1629,.F.);
#2277=ORIENTED_EDGE('',*,*,#1634,.F.);
#2278=ORIENTED_EDGE('',*,*,#1636,.F.);
#2279=ORIENTED_EDGE('',*,*,#1630,.F.);
#2280=ORIENTED_EDGE('',*,*,#1637,.F.);
#2281=ORIENTED_EDGE('',*,*,#1577,.F.);
#2282=ORIENTED_EDGE('',*,*,#1638,.F.);
#2283=ORIENTED_EDGE('',*,*,#1552,.F.);
#2284=ORIENTED_EDGE('',*,*,#1572,.F.);
#2285=ORIENTED_EDGE('',*,*,#1574,.F.);
#2286=ORIENTED_EDGE('',*,*,#1576,.F.);
#2287=ORIENTED_EDGE('',*,*,#1638,.T.);
#2288=ORIENTED_EDGE('',*,*,#1590,.F.);
#2289=ORIENTED_EDGE('',*,*,#1639,.F.);
#2290=ORIENTED_EDGE('',*,*,#1553,.F.);
#2291=ORIENTED_EDGE('',*,*,#1639,.T.);
#2292=ORIENTED_EDGE('',*,*,#1589,.F.);
#2293=ORIENTED_EDGE('',*,*,#1597,.F.);
#2294=ORIENTED_EDGE('',*,*,#1616,.F.);
#2295=ORIENTED_EDGE('',*,*,#1613,.F.);
#2296=ORIENTED_EDGE('',*,*,#1554,.F.);
#2297=ORIENTED_EDGE('',*,*,#1606,.F.);
#2298=ORIENTED_EDGE('',*,*,#1632,.F.);
#2299=ORIENTED_EDGE('',*,*,#1609,.F.);
#2300=ORIENTED_EDGE('',*,*,#1602,.F.);
#2301=ORIENTED_EDGE('',*,*,#1628,.T.);
#2302=ORIENTED_EDGE('',*,*,#1625,.F.);
#2303=ORIENTED_EDGE('',*,*,#1581,.F.);
#2304=ORIENTED_EDGE('',*,*,#1640,.F.);
#2305=ORIENTED_EDGE('',*,*,#1563,.F.);
#2306=ORIENTED_EDGE('',*,*,#1640,.T.);
#2307=ORIENTED_EDGE('',*,*,#1580,.F.);
#2308=ORIENTED_EDGE('',*,*,#1641,.F.);
#2309=ORIENTED_EDGE('',*,*,#1564,.F.);
#2310=ORIENTED_EDGE('',*,*,#1641,.T.);
#2311=ORIENTED_EDGE('',*,*,#1579,.F.);
#2312=ORIENTED_EDGE('',*,*,#1592,.F.);
#2313=ORIENTED_EDGE('',*,*,#1642,.F.);
#2314=ORIENTED_EDGE('',*,*,#1547,.F.);
#2315=ORIENTED_EDGE('',*,*,#1549,.F.);
#2316=ORIENTED_EDGE('',*,*,#1548,.F.);
#2317=ORIENTED_EDGE('',*,*,#1642,.T.);
#2318=ORIENTED_EDGE('',*,*,#1591,.F.);
#2319=ORIENTED_EDGE('',*,*,#1565,.F.);
#2320=ORIENTED_EDGE('',*,*,#1643,.F.);
#2321=ORIENTED_EDGE('',*,*,#1644,.F.);
#2322=ORIENTED_EDGE('',*,*,#1645,.F.);
#2323=ORIENTED_EDGE('',*,*,#1646,.F.);
#2324=ORIENTED_EDGE('',*,*,#1647,.F.);
#2325=ORIENTED_EDGE('',*,*,#1648,.F.);
#2326=ORIENTED_EDGE('',*,*,#1649,.F.);
#2327=ORIENTED_EDGE('',*,*,#1650,.F.);
#2328=ORIENTED_EDGE('',*,*,#1651,.F.);
#2329=ORIENTED_EDGE('',*,*,#1652,.F.);
#2330=ORIENTED_EDGE('',*,*,#1653,.F.);
#2331=ORIENTED_EDGE('',*,*,#1654,.T.);
#2332=ORIENTED_EDGE('',*,*,#1655,.T.);
#2333=ORIENTED_EDGE('',*,*,#1656,.T.);
#2334=ORIENTED_EDGE('',*,*,#1654,.F.);
#2335=ORIENTED_EDGE('',*,*,#1656,.F.);
#2336=ORIENTED_EDGE('',*,*,#1655,.F.);
#2337=ORIENTED_EDGE('',*,*,#1657,.F.);
#2338=ORIENTED_EDGE('',*,*,#1658,.F.);
#2339=ORIENTED_EDGE('',*,*,#1659,.F.);
#2340=ORIENTED_EDGE('',*,*,#1660,.F.);
#2341=ORIENTED_EDGE('',*,*,#1661,.F.);
#2342=ORIENTED_EDGE('',*,*,#1662,.F.);
#2343=ORIENTED_EDGE('',*,*,#1663,.F.);
#2344=ORIENTED_EDGE('',*,*,#1664,.F.);
#2345=ORIENTED_EDGE('',*,*,#1665,.F.);
#2346=ORIENTED_EDGE('',*,*,#1666,.F.);
#2347=ORIENTED_EDGE('',*,*,#1667,.F.);
#2348=ORIENTED_EDGE('',*,*,#1668,.F.);
#2349=ORIENTED_EDGE('',*,*,#1669,.F.);
#2350=ORIENTED_EDGE('',*,*,#1670,.F.);
#2351=ORIENTED_EDGE('',*,*,#1671,.F.);
#2352=ORIENTED_EDGE('',*,*,#1672,.F.);
#2353=ORIENTED_EDGE('',*,*,#1673,.F.);
#2354=ORIENTED_EDGE('',*,*,#1674,.F.);
#2355=ORIENTED_EDGE('',*,*,#1675,.F.);
#2356=ORIENTED_EDGE('',*,*,#1676,.F.);
#2357=ORIENTED_EDGE('',*,*,#1677,.F.);
#2358=ORIENTED_EDGE('',*,*,#1678,.F.);
#2359=ORIENTED_EDGE('',*,*,#1679,.F.);
#2360=ORIENTED_EDGE('',*,*,#1680,.F.);
#2361=ORIENTED_EDGE('',*,*,#1681,.F.);
#2362=ORIENTED_EDGE('',*,*,#1682,.F.);
#2363=ORIENTED_EDGE('',*,*,#1683,.F.);
#2364=ORIENTED_EDGE('',*,*,#1684,.F.);
#2365=ORIENTED_EDGE('',*,*,#1685,.F.);
#2366=ORIENTED_EDGE('',*,*,#1686,.F.);
#2367=ORIENTED_EDGE('',*,*,#1687,.F.);
#2368=ORIENTED_EDGE('',*,*,#1688,.F.);
#2369=ORIENTED_EDGE('',*,*,#1689,.F.);
#2370=ORIENTED_EDGE('',*,*,#1690,.F.);
#2371=ORIENTED_EDGE('',*,*,#1691,.F.);
#2372=ORIENTED_EDGE('',*,*,#1692,.F.);
#2373=ORIENTED_EDGE('',*,*,#1693,.F.);
#2374=ORIENTED_EDGE('',*,*,#1694,.T.);
#2375=ORIENTED_EDGE('',*,*,#1695,.T.);
#2376=ORIENTED_EDGE('',*,*,#1696,.T.);
#2377=ORIENTED_EDGE('',*,*,#1697,.T.);
#2378=ORIENTED_EDGE('',*,*,#1698,.T.);
#2379=ORIENTED_EDGE('',*,*,#1699,.T.);
#2380=ORIENTED_EDGE('',*,*,#1700,.T.);
#2381=ORIENTED_EDGE('',*,*,#1701,.T.);
#2382=ORIENTED_EDGE('',*,*,#1702,.T.);
#2383=ORIENTED_EDGE('',*,*,#1703,.T.);
#2384=ORIENTED_EDGE('',*,*,#1694,.F.);
#2385=ORIENTED_EDGE('',*,*,#1703,.F.);
#2386=ORIENTED_EDGE('',*,*,#1702,.F.);
#2387=ORIENTED_EDGE('',*,*,#1701,.F.);
#2388=ORIENTED_EDGE('',*,*,#1700,.F.);
#2389=ORIENTED_EDGE('',*,*,#1699,.F.);
#2390=ORIENTED_EDGE('',*,*,#1698,.F.);
#2391=ORIENTED_EDGE('',*,*,#1697,.F.);
#2392=ORIENTED_EDGE('',*,*,#1696,.F.);
#2393=ORIENTED_EDGE('',*,*,#1695,.F.);
#2394=ORIENTED_EDGE('',*,*,#1704,.F.);
#2395=ORIENTED_EDGE('',*,*,#1705,.F.);
#2396=ORIENTED_EDGE('',*,*,#1706,.F.);
#2397=ORIENTED_EDGE('',*,*,#1707,.F.);
#2398=ORIENTED_EDGE('',*,*,#1708,.F.);
#2399=ORIENTED_EDGE('',*,*,#1709,.F.);
#2400=ORIENTED_EDGE('',*,*,#1710,.F.);
#2401=ORIENTED_EDGE('',*,*,#1711,.F.);
#2402=ORIENTED_EDGE('',*,*,#1712,.F.);
#2403=ORIENTED_EDGE('',*,*,#1713,.F.);
#2404=ORIENTED_EDGE('',*,*,#1714,.F.);
#2405=ORIENTED_EDGE('',*,*,#1715,.F.);
#2406=ORIENTED_EDGE('',*,*,#1716,.F.);
#2407=ORIENTED_EDGE('',*,*,#1717,.F.);
#2408=ORIENTED_EDGE('',*,*,#1718,.F.);
#2409=ORIENTED_EDGE('',*,*,#1719,.F.);
#2410=ORIENTED_EDGE('',*,*,#1720,.F.);
#2411=ORIENTED_EDGE('',*,*,#1721,.F.);
#2412=ORIENTED_EDGE('',*,*,#1722,.F.);
#2413=ORIENTED_EDGE('',*,*,#1723,.F.);
#2414=ORIENTED_EDGE('',*,*,#1724,.F.);
#2415=ORIENTED_EDGE('',*,*,#1725,.F.);
#2416=ORIENTED_EDGE('',*,*,#1726,.F.);
#2417=ORIENTED_EDGE('',*,*,#1727,.F.);
#2418=ORIENTED_EDGE('',*,*,#1728,.F.);
#2419=ORIENTED_EDGE('',*,*,#1729,.F.);
#2420=ORIENTED_EDGE('',*,*,#1730,.F.);
#2421=ORIENTED_EDGE('',*,*,#1731,.F.);
#2422=ORIENTED_EDGE('',*,*,#1732,.F.);
#2423=ORIENTED_EDGE('',*,*,#1733,.F.);
#2424=ORIENTED_EDGE('',*,*,#1734,.F.);
#2425=ORIENTED_EDGE('',*,*,#1735,.F.);
#2426=ORIENTED_EDGE('',*,*,#1736,.T.);
#2427=ORIENTED_EDGE('',*,*,#1737,.T.);
#2428=ORIENTED_EDGE('',*,*,#1738,.T.);
#2429=ORIENTED_EDGE('',*,*,#1739,.F.);
#2430=ORIENTED_EDGE('',*,*,#1740,.T.);
#2431=ORIENTED_EDGE('',*,*,#1741,.T.);
#2432=ORIENTED_EDGE('',*,*,#1742,.T.);
#2433=ORIENTED_EDGE('',*,*,#1739,.T.);
#2434=ORIENTED_EDGE('',*,*,#1743,.T.);
#2435=ORIENTED_EDGE('',*,*,#1744,.T.);
#2436=ORIENTED_EDGE('',*,*,#1741,.F.);
#2437=ORIENTED_EDGE('',*,*,#1745,.T.);
#2438=ORIENTED_EDGE('',*,*,#1746,.T.);
#2439=ORIENTED_EDGE('',*,*,#1747,.T.);
#2440=ORIENTED_EDGE('',*,*,#1743,.F.);
#2441=ORIENTED_EDGE('',*,*,#1748,.T.);
#2442=ORIENTED_EDGE('',*,*,#1749,.T.);
#2443=ORIENTED_EDGE('',*,*,#1750,.T.);
#2444=ORIENTED_EDGE('',*,*,#1746,.F.);
#2445=ORIENTED_EDGE('',*,*,#1751,.T.);
#2446=ORIENTED_EDGE('',*,*,#1752,.T.);
#2447=ORIENTED_EDGE('',*,*,#1749,.F.);
#2448=ORIENTED_EDGE('',*,*,#1753,.T.);
#2449=ORIENTED_EDGE('',*,*,#1737,.F.);
#2450=ORIENTED_EDGE('',*,*,#1745,.F.);
#2451=ORIENTED_EDGE('',*,*,#1754,.F.);
#2452=ORIENTED_EDGE('',*,*,#1755,.F.);
#2453=ORIENTED_EDGE('',*,*,#1756,.T.);
#2454=ORIENTED_EDGE('',*,*,#1740,.F.);
#2455=ORIENTED_EDGE('',*,*,#1757,.F.);
#2456=ORIENTED_EDGE('',*,*,#1758,.F.);
#2457=ORIENTED_EDGE('',*,*,#1754,.T.);
#2458=ORIENTED_EDGE('',*,*,#1738,.F.);
#2459=ORIENTED_EDGE('',*,*,#1759,.F.);
#2460=ORIENTED_EDGE('',*,*,#1760,.F.);
#2461=ORIENTED_EDGE('',*,*,#1757,.T.);
#2462=ORIENTED_EDGE('',*,*,#1736,.F.);
#2463=ORIENTED_EDGE('',*,*,#1742,.F.);
#2464=ORIENTED_EDGE('',*,*,#1744,.F.);
#2465=ORIENTED_EDGE('',*,*,#1747,.F.);
#2466=ORIENTED_EDGE('',*,*,#1750,.F.);
#2467=ORIENTED_EDGE('',*,*,#1752,.F.);
#2468=ORIENTED_EDGE('',*,*,#1761,.T.);
#2469=ORIENTED_EDGE('',*,*,#1762,.T.);
#2470=ORIENTED_EDGE('',*,*,#1758,.T.);
#2471=ORIENTED_EDGE('',*,*,#1763,.F.);
#2472=ORIENTED_EDGE('',*,*,#1764,.T.);
#2473=ORIENTED_EDGE('',*,*,#1755,.T.);
#2474=ORIENTED_EDGE('',*,*,#1762,.F.);
#2475=ORIENTED_EDGE('',*,*,#1765,.T.);
#2476=ORIENTED_EDGE('',*,*,#1766,.T.);
#2477=ORIENTED_EDGE('',*,*,#1767,.T.);
#2478=ORIENTED_EDGE('',*,*,#1764,.F.);
#2479=ORIENTED_EDGE('',*,*,#1768,.T.);
#2480=ORIENTED_EDGE('',*,*,#1769,.T.);
#2481=ORIENTED_EDGE('',*,*,#1770,.T.);
#2482=ORIENTED_EDGE('',*,*,#1766,.F.);
#2483=ORIENTED_EDGE('',*,*,#1771,.T.);
#2484=ORIENTED_EDGE('',*,*,#1772,.T.);
#2485=ORIENTED_EDGE('',*,*,#1769,.F.);
#2486=ORIENTED_EDGE('',*,*,#1773,.T.);
#2487=ORIENTED_EDGE('',*,*,#1774,.T.);
#2488=ORIENTED_EDGE('',*,*,#1760,.T.);
#2489=ORIENTED_EDGE('',*,*,#1774,.F.);
#2490=ORIENTED_EDGE('',*,*,#1775,.T.);
#2491=ORIENTED_EDGE('',*,*,#1763,.T.);
#2492=ORIENTED_EDGE('',*,*,#1753,.F.);
#2493=ORIENTED_EDGE('',*,*,#1776,.F.);
#2494=ORIENTED_EDGE('',*,*,#1772,.F.);
#2495=ORIENTED_EDGE('',*,*,#1759,.T.);
#2496=ORIENTED_EDGE('',*,*,#1761,.F.);
#2497=ORIENTED_EDGE('',*,*,#1775,.F.);
#2498=ORIENTED_EDGE('',*,*,#1773,.F.);
#2499=ORIENTED_EDGE('',*,*,#1771,.F.);
#2500=ORIENTED_EDGE('',*,*,#1768,.F.);
#2501=ORIENTED_EDGE('',*,*,#1765,.F.);
#2502=ORIENTED_EDGE('',*,*,#1748,.F.);
#2503=ORIENTED_EDGE('',*,*,#1756,.F.);
#2504=ORIENTED_EDGE('',*,*,#1767,.F.);
#2505=ORIENTED_EDGE('',*,*,#1777,.T.);
#2506=ORIENTED_EDGE('',*,*,#1643,.T.);
#2507=ORIENTED_EDGE('',*,*,#1653,.T.);
#2508=ORIENTED_EDGE('',*,*,#1652,.T.);
#2509=ORIENTED_EDGE('',*,*,#1651,.T.);
#2510=ORIENTED_EDGE('',*,*,#1650,.T.);
#2511=ORIENTED_EDGE('',*,*,#1649,.T.);
#2512=ORIENTED_EDGE('',*,*,#1648,.T.);
#2513=ORIENTED_EDGE('',*,*,#1647,.T.);
#2514=ORIENTED_EDGE('',*,*,#1646,.T.);
#2515=ORIENTED_EDGE('',*,*,#1645,.T.);
#2516=ORIENTED_EDGE('',*,*,#1644,.T.);
#2517=ORIENTED_EDGE('',*,*,#1657,.T.);
#2518=ORIENTED_EDGE('',*,*,#1683,.T.);
#2519=ORIENTED_EDGE('',*,*,#1682,.T.);
#2520=ORIENTED_EDGE('',*,*,#1681,.T.);
#2521=ORIENTED_EDGE('',*,*,#1680,.T.);
#2522=ORIENTED_EDGE('',*,*,#1679,.T.);
#2523=ORIENTED_EDGE('',*,*,#1678,.T.);
#2524=ORIENTED_EDGE('',*,*,#1677,.T.);
#2525=ORIENTED_EDGE('',*,*,#1676,.T.);
#2526=ORIENTED_EDGE('',*,*,#1675,.T.);
#2527=ORIENTED_EDGE('',*,*,#1674,.T.);
#2528=ORIENTED_EDGE('',*,*,#1673,.T.);
#2529=ORIENTED_EDGE('',*,*,#1672,.T.);
#2530=ORIENTED_EDGE('',*,*,#1671,.T.);
#2531=ORIENTED_EDGE('',*,*,#1670,.T.);
#2532=ORIENTED_EDGE('',*,*,#1669,.T.);
#2533=ORIENTED_EDGE('',*,*,#1668,.T.);
#2534=ORIENTED_EDGE('',*,*,#1667,.T.);
#2535=ORIENTED_EDGE('',*,*,#1666,.T.);
#2536=ORIENTED_EDGE('',*,*,#1665,.T.);
#2537=ORIENTED_EDGE('',*,*,#1664,.T.);
#2538=ORIENTED_EDGE('',*,*,#1663,.T.);
#2539=ORIENTED_EDGE('',*,*,#1662,.T.);
#2540=ORIENTED_EDGE('',*,*,#1661,.T.);
#2541=ORIENTED_EDGE('',*,*,#1660,.T.);
#2542=ORIENTED_EDGE('',*,*,#1659,.T.);
#2543=ORIENTED_EDGE('',*,*,#1658,.T.);
#2544=ORIENTED_EDGE('',*,*,#1684,.T.);
#2545=ORIENTED_EDGE('',*,*,#1693,.T.);
#2546=ORIENTED_EDGE('',*,*,#1692,.T.);
#2547=ORIENTED_EDGE('',*,*,#1691,.T.);
#2548=ORIENTED_EDGE('',*,*,#1690,.T.);
#2549=ORIENTED_EDGE('',*,*,#1689,.T.);
#2550=ORIENTED_EDGE('',*,*,#1688,.T.);
#2551=ORIENTED_EDGE('',*,*,#1687,.T.);
#2552=ORIENTED_EDGE('',*,*,#1686,.T.);
#2553=ORIENTED_EDGE('',*,*,#1685,.T.);
#2554=ORIENTED_EDGE('',*,*,#1704,.T.);
#2555=ORIENTED_EDGE('',*,*,#1715,.T.);
#2556=ORIENTED_EDGE('',*,*,#1714,.T.);
#2557=ORIENTED_EDGE('',*,*,#1713,.T.);
#2558=ORIENTED_EDGE('',*,*,#1712,.T.);
#2559=ORIENTED_EDGE('',*,*,#1711,.T.);
#2560=ORIENTED_EDGE('',*,*,#1710,.T.);
#2561=ORIENTED_EDGE('',*,*,#1709,.T.);
#2562=ORIENTED_EDGE('',*,*,#1708,.T.);
#2563=ORIENTED_EDGE('',*,*,#1707,.T.);
#2564=ORIENTED_EDGE('',*,*,#1706,.T.);
#2565=ORIENTED_EDGE('',*,*,#1705,.T.);
#2566=ORIENTED_EDGE('',*,*,#1716,.T.);
#2567=ORIENTED_EDGE('',*,*,#1723,.T.);
#2568=ORIENTED_EDGE('',*,*,#1722,.T.);
#2569=ORIENTED_EDGE('',*,*,#1721,.T.);
#2570=ORIENTED_EDGE('',*,*,#1720,.T.);
#2571=ORIENTED_EDGE('',*,*,#1719,.T.);
#2572=ORIENTED_EDGE('',*,*,#1718,.T.);
#2573=ORIENTED_EDGE('',*,*,#1717,.T.);
#2574=ORIENTED_EDGE('',*,*,#1724,.T.);
#2575=ORIENTED_EDGE('',*,*,#1735,.T.);
#2576=ORIENTED_EDGE('',*,*,#1734,.T.);
#2577=ORIENTED_EDGE('',*,*,#1733,.T.);
#2578=ORIENTED_EDGE('',*,*,#1732,.T.);
#2579=ORIENTED_EDGE('',*,*,#1731,.T.);
#2580=ORIENTED_EDGE('',*,*,#1730,.T.);
#2581=ORIENTED_EDGE('',*,*,#1729,.T.);
#2582=ORIENTED_EDGE('',*,*,#1728,.T.);
#2583=ORIENTED_EDGE('',*,*,#1727,.T.);
#2584=ORIENTED_EDGE('',*,*,#1726,.T.);
#2585=ORIENTED_EDGE('',*,*,#1725,.T.);
#2586=ORIENTED_EDGE('',*,*,#1751,.F.);
#2587=ORIENTED_EDGE('',*,*,#1777,.F.);
#2588=ORIENTED_EDGE('',*,*,#1770,.F.);
#2589=ORIENTED_EDGE('',*,*,#1776,.T.);
#2590=CYLINDRICAL_SURFACE('',#2798,0.127);
#2591=CYLINDRICAL_SURFACE('',#2803,0.127);
#2592=CYLINDRICAL_SURFACE('',#2815,0.127);
#2593=CYLINDRICAL_SURFACE('',#2816,0.127);
#2594=CYLINDRICAL_SURFACE('',#2818,0.127);
#2595=CYLINDRICAL_SURFACE('',#2821,0.127);
#2596=CYLINDRICAL_SURFACE('',#2824,0.127);
#2597=CYLINDRICAL_SURFACE('',#2831,0.127);
#2598=CYLINDRICAL_SURFACE('',#2842,0.127);
#2599=CYLINDRICAL_SURFACE('',#2843,0.127);
#2600=CYLINDRICAL_SURFACE('',#2845,0.127);
#2601=CYLINDRICAL_SURFACE('',#2847,0.127);
#2602=CYLINDRICAL_SURFACE('',#2849,0.127);
#2603=CYLINDRICAL_SURFACE('',#2850,0.127);
#2604=CYLINDRICAL_SURFACE('',#2855,0.127);
#2605=CYLINDRICAL_SURFACE('',#2859,0.127);
#2606=CYLINDRICAL_SURFACE('',#2875,0.127);
#2607=CYLINDRICAL_SURFACE('',#2883,0.127);
#2608=CYLINDRICAL_SURFACE('',#2886,0.127);
#2609=CYLINDRICAL_SURFACE('',#2890,0.127);
#2610=CYLINDRICAL_SURFACE('',#2896,0.127);
#2611=CYLINDRICAL_SURFACE('',#2900,0.127);
#2612=CYLINDRICAL_SURFACE('',#2904,0.127);
#2613=CYLINDRICAL_SURFACE('',#2917,0.127);
#2614=CYLINDRICAL_SURFACE('',#2927,0.127);
#2615=CYLINDRICAL_SURFACE('',#2930,0.127);
#2616=CYLINDRICAL_SURFACE('',#2934,0.127);
#2617=CYLINDRICAL_SURFACE('',#2940,0.127);
#2618=CYLINDRICAL_SURFACE('',#2947,0.127);
#2619=CYLINDRICAL_SURFACE('',#2948,0.127);
#2620=CYLINDRICAL_SURFACE('',#2949,0.127);
#2621=CYLINDRICAL_SURFACE('',#2952,0.127);
#2622=CYLINDRICAL_SURFACE('',#2955,0.127);
#2623=CYLINDRICAL_SURFACE('',#2957,0.127);
#2624=CYLINDRICAL_SURFACE('',#2965,0.127);
#2625=CYLINDRICAL_SURFACE('',#2966,0.127);
#2626=CYLINDRICAL_SURFACE('',#2969,0.127);
#2627=CYLINDRICAL_SURFACE('',#2995,0.05);
#2628=CYLINDRICAL_SURFACE('',#2998,0.05);
#2629=CYLINDRICAL_SURFACE('',#3004,0.05);
#2630=CYLINDRICAL_SURFACE('',#3010,0.05);
#2631=CYLINDRICAL_SURFACE('',#3011,1.143);
#2632=CYLINDRICAL_SURFACE('',#3016,0.05);
#2633=CYLINDRICAL_SURFACE('',#3022,0.05);
#2634=CYLINDRICAL_SURFACE('',#3028,0.05);
#2635=CYLINDRICAL_SURFACE('',#3030,0.05);
#2636=CYLINDRICAL_SURFACE('',#3034,1.143);
#2637=ADVANCED_FACE('',(#197),#2590,.T.);
#2638=ADVANCED_FACE('',(#198),#123,.T.);
#2639=ADVANCED_FACE('',(#199),#2591,.T.);
#2640=ADVANCED_FACE('',(#200),#124,.T.);
#2641=ADVANCED_FACE('',(#201),#120,.T.);
#2642=ADVANCED_FACE('',(#202),#121,.T.);
#2643=ADVANCED_FACE('',(#203),#2592,.T.);
#2644=ADVANCED_FACE('',(#204),#2593,.T.);
#2645=ADVANCED_FACE('',(#205),#2594,.T.);
#2646=ADVANCED_FACE('',(#206),#2595,.T.);
#2647=ADVANCED_FACE('',(#207),#2596,.T.);
#2648=ADVANCED_FACE('',(#208),#125,.T.);
#2649=ADVANCED_FACE('',(#209),#126,.T.);
#2650=ADVANCED_FACE('',(#210),#127,.T.);
#2651=ADVANCED_FACE('',(#211),#2597,.T.);
#2652=ADVANCED_FACE('',(#212),#81,.T.);
#2653=ADVANCED_FACE('',(#213),#82,.T.);
#2654=ADVANCED_FACE('',(#214),#2598,.F.);
#2655=ADVANCED_FACE('',(#215),#2599,.T.);
#2656=ADVANCED_FACE('',(#216),#2600,.T.);
#2657=ADVANCED_FACE('',(#217),#2601,.T.);
#2658=ADVANCED_FACE('',(#218),#2602,.T.);
#2659=ADVANCED_FACE('',(#219),#2603,.T.);
#2660=ADVANCED_FACE('',(#220),#128,.T.);
#2661=ADVANCED_FACE('',(#221),#129,.T.);
#2662=ADVANCED_FACE('',(#222),#2604,.T.);
#2663=ADVANCED_FACE('',(#223),#130,.T.);
#2664=ADVANCED_FACE('',(#224),#2605,.T.);
#2665=ADVANCED_FACE('',(#225),#131,.T.);
#2666=ADVANCED_FACE('',(#226),#132,.T.);
#2667=ADVANCED_FACE('',(#227),#133,.T.);
#2668=ADVANCED_FACE('',(#228),#134,.T.);
#2669=ADVANCED_FACE('',(#229),#135,.T.);
#2670=ADVANCED_FACE('',(#230),#136,.T.);
#2671=ADVANCED_FACE('',(#231),#137,.T.);
#2672=ADVANCED_FACE('',(#232),#138,.T.);
#2673=ADVANCED_FACE('',(#233),#139,.T.);
#2674=ADVANCED_FACE('',(#234),#140,.T.);
#2675=ADVANCED_FACE('',(#235),#141,.T.);
#2676=ADVANCED_FACE('',(#236),#142,.T.);
#2677=ADVANCED_FACE('',(#237),#143,.T.);
#2678=ADVANCED_FACE('',(#238),#2606,.T.);
#2679=ADVANCED_FACE('',(#239),#144,.T.);
#2680=ADVANCED_FACE('',(#240),#145,.T.);
#2681=ADVANCED_FACE('',(#241),#146,.T.);
#2682=ADVANCED_FACE('',(#242),#2607,.T.);
#2683=ADVANCED_FACE('',(#243),#2608,.T.);
#2684=ADVANCED_FACE('',(#244),#147,.T.);
#2685=ADVANCED_FACE('',(#245),#2609,.T.);
#2686=ADVANCED_FACE('',(#246),#148,.T.);
#2687=ADVANCED_FACE('',(#247),#149,.T.);
#2688=ADVANCED_FACE('',(#248),#2610,.T.);
#2689=ADVANCED_FACE('',(#249),#150,.T.);
#2690=ADVANCED_FACE('',(#250),#2611,.T.);
#2691=ADVANCED_FACE('',(#251),#151,.T.);
#2692=ADVANCED_FACE('',(#252),#2612,.T.);
#2693=ADVANCED_FACE('',(#253),#152,.T.);
#2694=ADVANCED_FACE('',(#254),#153,.T.);
#2695=ADVANCED_FACE('',(#255),#154,.T.);
#2696=ADVANCED_FACE('',(#256),#155,.T.);
#2697=ADVANCED_FACE('',(#257),#156,.T.);
#2698=ADVANCED_FACE('',(#258),#157,.T.);
#2699=ADVANCED_FACE('',(#259),#158,.T.);
#2700=ADVANCED_FACE('',(#260),#159,.T.);
#2701=ADVANCED_FACE('',(#261),#160,.T.);
#2702=ADVANCED_FACE('',(#262),#161,.T.);
#2703=ADVANCED_FACE('',(#263),#2613,.T.);
#2704=ADVANCED_FACE('',(#264),#162,.T.);
#2705=ADVANCED_FACE('',(#265),#163,.T.);
#2706=ADVANCED_FACE('',(#266),#2614,.T.);
#2707=ADVANCED_FACE('',(#267),#164,.T.);
#2708=ADVANCED_FACE('',(#268),#2615,.T.);
#2709=ADVANCED_FACE('',(#269),#165,.T.);
#2710=ADVANCED_FACE('',(#270),#2616,.T.);
#2711=ADVANCED_FACE('',(#271),#83,.T.);
#2712=ADVANCED_FACE('',(#272),#2617,.T.);
#2713=ADVANCED_FACE('',(#273),#84,.T.);
#2714=ADVANCED_FACE('',(#274),#2618,.F.);
#2715=ADVANCED_FACE('',(#275),#2619,.T.);
#2716=ADVANCED_FACE('',(#276),#2620,.T.);
#2717=ADVANCED_FACE('',(#277),#2621,.T.);
#2718=ADVANCED_FACE('',(#278),#2622,.T.);
#2719=ADVANCED_FACE('',(#279),#2623,.T.);
#2720=ADVANCED_FACE('',(#280),#166,.T.);
#2721=ADVANCED_FACE('',(#281),#167,.T.);
#2722=ADVANCED_FACE('',(#282),#122,.T.);
#2723=ADVANCED_FACE('',(#283),#2624,.T.);
#2724=ADVANCED_FACE('',(#284),#2625,.T.);
#2725=ADVANCED_FACE('',(#285),#2626,.T.);
#2726=ADVANCED_FACE('',(#286),#168,.T.);
#2727=ADVANCED_FACE('',(#287),#169,.T.);
#2728=ADVANCED_FACE('',(#288),#170,.T.);
#2729=ADVANCED_FACE('',(#289),#171,.T.);
#2730=ADVANCED_FACE('',(#290),#172,.T.);
#2731=ADVANCED_FACE('',(#291),#173,.T.);
#2732=ADVANCED_FACE('',(#292),#174,.T.);
#2733=ADVANCED_FACE('',(#293),#175,.T.);
#2734=ADVANCED_FACE('',(#294),#176,.T.);
#2735=ADVANCED_FACE('',(#295),#177,.T.);
#2736=ADVANCED_FACE('',(#296),#178,.T.);
#2737=ADVANCED_FACE('',(#297),#179,.T.);
#2738=ADVANCED_FACE('',(#298),#180,.T.);
#2739=ADVANCED_FACE('',(#299),#181,.T.);
#2740=ADVANCED_FACE('',(#300),#182,.T.);
#2741=ADVANCED_FACE('',(#301,#54),#183,.T.);
#2742=ADVANCED_FACE('',(#302),#184,.T.);
#2743=ADVANCED_FACE('',(#303),#185,.T.);
#2744=ADVANCED_FACE('',(#304,#55),#186,.T.);
#2745=ADVANCED_FACE('',(#305),#187,.T.);
#2746=ADVANCED_FACE('',(#306),#188,.T.);
#2747=ADVANCED_FACE('',(#307),#189,.T.);
#2748=ADVANCED_FACE('',(#308),#190,.T.);
#2749=ADVANCED_FACE('',(#309),#2627,.T.);
#2750=ADVANCED_FACE('',(#310),#2628,.T.);
#2751=ADVANCED_FACE('',(#311),#85,.T.);
#2752=ADVANCED_FACE('',(#312),#2629,.T.);
#2753=ADVANCED_FACE('',(#313),#86,.T.);
#2754=ADVANCED_FACE('',(#314),#2630,.T.);
#2755=ADVANCED_FACE('',(#315),#2631,.T.);
#2756=ADVANCED_FACE('',(#316),#191,.T.);
#2757=ADVANCED_FACE('',(#317),#192,.T.);
#2758=ADVANCED_FACE('',(#318),#193,.T.);
#2759=ADVANCED_FACE('',(#319),#2632,.T.);
#2760=ADVANCED_FACE('',(#320),#87,.T.);
#2761=ADVANCED_FACE('',(#321),#2633,.T.);
#2762=ADVANCED_FACE('',(#322),#88,.T.);
#2763=ADVANCED_FACE('',(#323),#2634,.T.);
#2764=ADVANCED_FACE('',(#324),#2635,.T.);
#2765=ADVANCED_FACE('',(#325),#194,.T.);
#2766=ADVANCED_FACE('',(#326),#195,.F.);
#2767=ADVANCED_FACE('',(#327,#56,#57,#58,#59,#60,#61),#196,.T.);
#2768=ADVANCED_FACE('',(#328),#2636,.T.);
#2769=CLOSED_SHELL('',(#2637,#2638,#2639,#2640,#2641,#2642,#2643,#2644,
#2645,#2646,#2647,#2648,#2649,#2650,#2651,#2652,#2653,#2654,#2655,#2656,
#2657,#2658,#2659,#2660,#2661,#2662,#2663,#2664,#2665,#2666,#2667,#2668,
#2669,#2670,#2671,#2672,#2673,#2674,#2675,#2676,#2677));
#2770=CLOSED_SHELL('',(#2678,#2679,#2680,#2681,#2682,#2683,#2684,#2685,
#2686,#2687,#2688,#2689,#2690,#2691,#2692,#2693,#2694,#2695,#2696,#2697,
#2698,#2699,#2700,#2701,#2702));
#2771=CLOSED_SHELL('',(#2703,#2704,#2705,#2706,#2707,#2708,#2709,#2710,
#2711,#2712,#2713,#2714,#2715,#2716,#2717,#2718,#2719,#2720,#2721,#2722,
#2723,#2724,#2725,#2726,#2727,#2728,#2729,#2730,#2731,#2732,#2733,#2734,
#2735,#2736,#2737,#2738,#2739,#2740));
#2772=CLOSED_SHELL('',(#2741,#2742,#2743,#2744,#2745,#2746,#2747,#2748,
#2749,#2750,#2751,#2752,#2753,#2754,#2755,#2756,#2757,#2758,#2759,#2760,
#2761,#2762,#2763,#2764,#2765,#2766,#2767,#2768));
#2773=DERIVED_UNIT_ELEMENT(#2777,1.);
#2774=DERIVED_UNIT_ELEMENT(#4843,-3.);
#2775=DERIVED_UNIT_ELEMENT(#2777,1.);
#2776=DERIVED_UNIT_ELEMENT(#4843,-3.);
#2777=(
MASS_UNIT()
NAMED_UNIT(*)
SI_UNIT(.KILO.,.GRAM.)
);
#2778=DERIVED_UNIT((#2773,#2774));
#2779=DERIVED_UNIT((#2775,#2776));
#2780=MEASURE_REPRESENTATION_ITEM('density measure',
POSITIVE_RATIO_MEASURE(7850.),#2778);
#2781=MEASURE_REPRESENTATION_ITEM('density measure',
POSITIVE_RATIO_MEASURE(7850.),#2779);
#2782=PROPERTY_DEFINITION_REPRESENTATION(#2792,#2786);
#2783=PROPERTY_DEFINITION_REPRESENTATION(#2793,#2787);
#2784=PROPERTY_DEFINITION_REPRESENTATION(#2794,#2788);
#2785=PROPERTY_DEFINITION_REPRESENTATION(#2795,#2789);
#2786=REPRESENTATION('material name',(#2790),#4839);
#2787=REPRESENTATION('density',(#2780),#4839);
#2788=REPRESENTATION('material name',(#2791),#4840);
#2789=REPRESENTATION('density',(#2781),#4840);
#2790=DESCRIPTIVE_REPRESENTATION_ITEM('Steel','Steel');
#2791=DESCRIPTIVE_REPRESENTATION_ITEM('Steel','Steel');
#2792=PROPERTY_DEFINITION('material property','material name',#4859);
#2793=PROPERTY_DEFINITION('material property','density of part',#4859);
#2794=PROPERTY_DEFINITION('material property','material name',#4860);
#2795=PROPERTY_DEFINITION('material property','density of part',#4860);
#2796=AXIS2_PLACEMENT_3D('',#3792,#3038,#3039);
#2797=AXIS2_PLACEMENT_3D('',#3793,#3040,#3041);
#2798=AXIS2_PLACEMENT_3D('',#3794,#3042,#3043);
#2799=AXIS2_PLACEMENT_3D('',#3797,#3044,#3045);
#2800=AXIS2_PLACEMENT_3D('',#3801,#3047,#3048);
#2801=AXIS2_PLACEMENT_3D('',#3803,#3050,#3051);
#2802=AXIS2_PLACEMENT_3D('',#3819,#3059,#3060);
#2803=AXIS2_PLACEMENT_3D('',#3833,#3068,#3069);
#2804=AXIS2_PLACEMENT_3D('',#3835,#3070,#3071);
#2805=AXIS2_PLACEMENT_3D('',#3837,#3072,#3073);
#2806=AXIS2_PLACEMENT_3D('',#3839,#3075,#3076);
#2807=AXIS2_PLACEMENT_3D('',#3845,#3080,#3081);
#2808=AXIS2_PLACEMENT_3D('',#3847,#3082,#3083);
#2809=AXIS2_PLACEMENT_3D('',#3849,#3084,#3085);
#2810=AXIS2_PLACEMENT_3D('',#3850,#3086,#3087);
#2811=AXIS2_PLACEMENT_3D('',#3851,#3088,#3089);
#2812=AXIS2_PLACEMENT_3D('',#3854,#3090,#3091);
#2813=AXIS2_PLACEMENT_3D('',#3856,#3092,#3093);
#2814=AXIS2_PLACEMENT_3D('',#3857,#3094,#3095);
#2815=AXIS2_PLACEMENT_3D('',#3858,#3096,#3097);
#2816=AXIS2_PLACEMENT_3D('',#3861,#3100,#3101);
#2817=AXIS2_PLACEMENT_3D('',#3864,#3102,#3103);
#2818=AXIS2_PLACEMENT_3D('',#3867,#3106,#3107);
#2819=AXIS2_PLACEMENT_3D('',#3870,#3108,#3109);
#2820=AXIS2_PLACEMENT_3D('',#3874,#3112,#3113);
#2821=AXIS2_PLACEMENT_3D('',#3875,#3114,#3115);
#2822=AXIS2_PLACEMENT_3D('',#3877,#3116,#3117);
#2823=AXIS2_PLACEMENT_3D('',#3880,#3119,#3120);
#2824=AXIS2_PLACEMENT_3D('',#3881,#3121,#3122);
#2825=AXIS2_PLACEMENT_3D('',#3883,#3123,#3124);
#2826=AXIS2_PLACEMENT_3D('',#3885,#3126,#3127);
#2827=AXIS2_PLACEMENT_3D('',#3889,#3129,#3130);
#2828=AXIS2_PLACEMENT_3D('',#3895,#3134,#3135);
#2829=AXIS2_PLACEMENT_3D('',#3919,#3147,#3148);
#2830=AXIS2_PLACEMENT_3D('',#3921,#3150,#3151);
#2831=AXIS2_PLACEMENT_3D('',#3923,#3153,#3154);
#2832=AXIS2_PLACEMENT_3D('',#3927,#3156,#3157);
#2833=AXIS2_PLACEMENT_3D('',#3928,#3158,#3159);
#2834=AXIS2_PLACEMENT_3D('',#3929,#3160,#3161);
#2835=AXIS2_PLACEMENT_3D('',#3931,#3162,#3163);
#2836=AXIS2_PLACEMENT_3D('',#3933,#3164,#3165);
#2837=AXIS2_PLACEMENT_3D('',#3934,#3166,#3167);
#2838=AXIS2_PLACEMENT_3D('',#3935,#3168,#3169);
#2839=AXIS2_PLACEMENT_3D('',#3937,#3170,#3171);
#2840=AXIS2_PLACEMENT_3D('',#3939,#3172,#3173);
#2841=AXIS2_PLACEMENT_3D('',#3940,#3174,#3175);
#2842=AXIS2_PLACEMENT_3D('',#3941,#3176,#3177);
#2843=AXIS2_PLACEMENT_3D('',#3944,#3180,#3181);
#2844=AXIS2_PLACEMENT_3D('',#3947,#3183,#3184);
#2845=AXIS2_PLACEMENT_3D('',#3948,#3185,#3186);
#2846=AXIS2_PLACEMENT_3D('',#3951,#3188,#3189);
#2847=AXIS2_PLACEMENT_3D('',#3952,#3190,#3191);
#2848=AXIS2_PLACEMENT_3D('',#3954,#3192,#3193);
#2849=AXIS2_PLACEMENT_3D('',#3956,#3195,#3196);
#2850=AXIS2_PLACEMENT_3D('',#3958,#3198,#3199);
#2851=AXIS2_PLACEMENT_3D('',#3961,#3200,#3201);
#2852=AXIS2_PLACEMENT_3D('',#3963,#3203,#3204);
#2853=AXIS2_PLACEMENT_3D('',#3964,#3205,#3206);
#2854=AXIS2_PLACEMENT_3D('',#3966,#3208,#3209);
#2855=AXIS2_PLACEMENT_3D('',#3970,#3212,#3213);
#2856=AXIS2_PLACEMENT_3D('',#3972,#3214,#3215);
#2857=AXIS2_PLACEMENT_3D('',#3974,#3216,#3217);
#2858=AXIS2_PLACEMENT_3D('',#3976,#3219,#3220);
#2859=AXIS2_PLACEMENT_3D('',#3979,#3223,#3224);
#2860=AXIS2_PLACEMENT_3D('',#3980,#3225,#3226);
#2861=AXIS2_PLACEMENT_3D('',#3981,#3227,#3228);
#2862=AXIS2_PLACEMENT_3D('',#3982,#3229,#3230);
#2863=AXIS2_PLACEMENT_3D('',#3987,#3234,#3235);
#2864=AXIS2_PLACEMENT_3D('',#3989,#3237,#3238);
#2865=AXIS2_PLACEMENT_3D('',#3990,#3239,#3240);
#2866=AXIS2_PLACEMENT_3D('',#3993,#3243,#3244);
#2867=AXIS2_PLACEMENT_3D('',#3994,#3245,#3246);
#2868=AXIS2_PLACEMENT_3D('',#3995,#3247,#3248);
#2869=AXIS2_PLACEMENT_3D('',#3997,#3250,#3251);
#2870=AXIS2_PLACEMENT_3D('',#3999,#3253,#3254);
#2871=AXIS2_PLACEMENT_3D('',#4000,#3255,#3256);
#2872=AXIS2_PLACEMENT_3D('',#4001,#3257,#3258);
#2873=AXIS2_PLACEMENT_3D('',#4003,#3260,#3261);
#2874=AXIS2_PLACEMENT_3D('',#4005,#3263,#3264);
#2875=AXIS2_PLACEMENT_3D('',#4006,#3265,#3266);
#2876=AXIS2_PLACEMENT_3D('',#4009,#3267,#3268);
#2877=AXIS2_PLACEMENT_3D('',#4013,#3270,#3271);
#2878=AXIS2_PLACEMENT_3D('',#4016,#3273,#3274);
#2879=AXIS2_PLACEMENT_3D('',#4017,#3275,#3276);
#2880=AXIS2_PLACEMENT_3D('',#4039,#3288,#3289);
#2881=AXIS2_PLACEMENT_3D('',#4045,#3293,#3294);
#2882=AXIS2_PLACEMENT_3D('',#4049,#3296,#3297);
#2883=AXIS2_PLACEMENT_3D('',#4053,#3300,#3301);
#2884=AXIS2_PLACEMENT_3D('',#4055,#3302,#3303);
#2885=AXIS2_PLACEMENT_3D('',#4058,#3305,#3306);
#2886=AXIS2_PLACEMENT_3D('',#4059,#3307,#3308);
#2887=AXIS2_PLACEMENT_3D('',#4061,#3309,#3310);
#2888=AXIS2_PLACEMENT_3D('',#4063,#3311,#3312);
#2889=AXIS2_PLACEMENT_3D('',#4065,#3314,#3315);
#2890=AXIS2_PLACEMENT_3D('',#4071,#3319,#3320);
#2891=AXIS2_PLACEMENT_3D('',#4075,#3322,#3323);
#2892=AXIS2_PLACEMENT_3D('',#4078,#3325,#3326);
#2893=AXIS2_PLACEMENT_3D('',#4079,#3327,#3328);
#2894=AXIS2_PLACEMENT_3D('',#4083,#3330,#3331);
#2895=AXIS2_PLACEMENT_3D('',#4087,#3334,#3335);
#2896=AXIS2_PLACEMENT_3D('',#4107,#3346,#3347);
#2897=AXIS2_PLACEMENT_3D('',#4109,#3348,#3349);
#2898=AXIS2_PLACEMENT_3D('',#4112,#3351,#3352);
#2899=AXIS2_PLACEMENT_3D('',#4113,#3353,#3354);
#2900=AXIS2_PLACEMENT_3D('',#4116,#3357,#3358);
#2901=AXIS2_PLACEMENT_3D('',#4118,#3359,#3360);
#2902=AXIS2_PLACEMENT_3D('',#4120,#3361,#3362);
#2903=AXIS2_PLACEMENT_3D('',#4122,#3364,#3365);
#2904=AXIS2_PLACEMENT_3D('',#4125,#3368,#3369);
#2905=AXIS2_PLACEMENT_3D('',#4126,#3370,#3371);
#2906=AXIS2_PLACEMENT_3D('',#4127,#3372,#3373);
#2907=AXIS2_PLACEMENT_3D('',#4128,#3374,#3375);
#2908=AXIS2_PLACEMENT_3D('',#4130,#3377,#3378);
#2909=AXIS2_PLACEMENT_3D('',#4131,#3379,#3380);
#2910=AXIS2_PLACEMENT_3D('',#4132,#3381,#3382);
#2911=AXIS2_PLACEMENT_3D('',#4134,#3384,#3385);
#2912=AXIS2_PLACEMENT_3D('',#4136,#3387,#3388);
#2913=AXIS2_PLACEMENT_3D('',#4138,#3390,#3391);
#2914=AXIS2_PLACEMENT_3D('',#4139,#3392,#3393);
#2915=AXIS2_PLACEMENT_3D('',#4141,#3395,#3396);
#2916=AXIS2_PLACEMENT_3D('',#4143,#3398,#3399);
#2917=AXIS2_PLACEMENT_3D('',#4144,#3400,#3401);
#2918=AXIS2_PLACEMENT_3D('',#4147,#3402,#3403);
#2919=AXIS2_PLACEMENT_3D('',#4151,#3405,#3406);
#2920=AXIS2_PLACEMENT_3D('',#4153,#3408,#3409);
#2921=AXIS2_PLACEMENT_3D('',#4171,#3418,#3419);
#2922=AXIS2_PLACEMENT_3D('',#4179,#3423,#3424);
#2923=AXIS2_PLACEMENT_3D('',#4185,#3428,#3429);
#2924=AXIS2_PLACEMENT_3D('',#4189,#3431,#3432);
#2925=AXIS2_PLACEMENT_3D('',#4193,#3434,#3435);
#2926=AXIS2_PLACEMENT_3D('',#4196,#3437,#3438);
#2927=AXIS2_PLACEMENT_3D('',#4197,#3439,#3440);
#2928=AXIS2_PLACEMENT_3D('',#4200,#3442,#3443);
#2929=AXIS2_PLACEMENT_3D('',#4201,#3444,#3445);
#2930=AXIS2_PLACEMENT_3D('',#4205,#3448,#3449);
#2931=AXIS2_PLACEMENT_3D('',#4208,#3451,#3452);
#2932=AXIS2_PLACEMENT_3D('',#4209,#3453,#3454);
#2933=AXIS2_PLACEMENT_3D('',#4229,#3464,#3465);
#2934=AXIS2_PLACEMENT_3D('',#4237,#3470,#3471);
#2935=AXIS2_PLACEMENT_3D('',#4240,#3473,#3474);
#2936=AXIS2_PLACEMENT_3D('',#4241,#3475,#3476);
#2937=AXIS2_PLACEMENT_3D('',#4243,#3477,#3478);
#2938=AXIS2_PLACEMENT_3D('',#4245,#3479,#3480);
#2939=AXIS2_PLACEMENT_3D('',#4246,#3481,#3482);
#2940=AXIS2_PLACEMENT_3D('',#4247,#3483,#3484);
#2941=AXIS2_PLACEMENT_3D('',#4251,#3486,#3487);
#2942=AXIS2_PLACEMENT_3D('',#4252,#3488,#3489);
#2943=AXIS2_PLACEMENT_3D('',#4253,#3490,#3491);
#2944=AXIS2_PLACEMENT_3D('',#4255,#3492,#3493);
#2945=AXIS2_PLACEMENT_3D('',#4257,#3494,#3495);
#2946=AXIS2_PLACEMENT_3D('',#4258,#3496,#3497);
#2947=AXIS2_PLACEMENT_3D('',#4259,#3498,#3499);
#2948=AXIS2_PLACEMENT_3D('',#4262,#3502,#3503);
#2949=AXIS2_PLACEMENT_3D('',#4264,#3505,#3506);
#2950=AXIS2_PLACEMENT_3D('',#4267,#3507,#3508);
#2951=AXIS2_PLACEMENT_3D('',#4269,#3510,#3511);
#2952=AXIS2_PLACEMENT_3D('',#4270,#3512,#3513);
#2953=AXIS2_PLACEMENT_3D('',#4272,#3514,#3515);
#2954=AXIS2_PLACEMENT_3D('',#4275,#3517,#3518);
#2955=AXIS2_PLACEMENT_3D('',#4276,#3519,#3520);
#2956=AXIS2_PLACEMENT_3D('',#4279,#3522,#3523);
#2957=AXIS2_PLACEMENT_3D('',#4280,#3524,#3525);
#2958=AXIS2_PLACEMENT_3D('',#4282,#3526,#3527);
#2959=AXIS2_PLACEMENT_3D('',#4284,#3529,#3530);
#2960=AXIS2_PLACEMENT_3D('',#4286,#3532,#3533);
#2961=AXIS2_PLACEMENT_3D('',#4288,#3535,#3536);
#2962=AXIS2_PLACEMENT_3D('',#4290,#3537,#3538);
#2963=AXIS2_PLACEMENT_3D('',#4292,#3539,#3540);
#2964=AXIS2_PLACEMENT_3D('',#4293,#3541,#3542);
#2965=AXIS2_PLACEMENT_3D('',#4294,#3543,#3544);
#2966=AXIS2_PLACEMENT_3D('',#4297,#3547,#3548);
#2967=AXIS2_PLACEMENT_3D('',#4299,#3549,#3550);
#2968=AXIS2_PLACEMENT_3D('',#4302,#3552,#3553);
#2969=AXIS2_PLACEMENT_3D('',#4303,#3554,#3555);
#2970=AXIS2_PLACEMENT_3D('',#4305,#3556,#3557);
#2971=AXIS2_PLACEMENT_3D('',#4307,#3559,#3560);
#2972=AXIS2_PLACEMENT_3D('',#4309,#3562,#3563);
#2973=AXIS2_PLACEMENT_3D('',#4311,#3565,#3566);
#2974=AXIS2_PLACEMENT_3D('',#4318,#3571,#3572);
#2975=AXIS2_PLACEMENT_3D('',#4324,#3576,#3577);
#2976=AXIS2_PLACEMENT_3D('',#4326,#3579,#3580);
#2977=AXIS2_PLACEMENT_3D('',#4328,#3582,#3583);
#2978=AXIS2_PLACEMENT_3D('',#4329,#3584,#3585);
#2979=AXIS2_PLACEMENT_3D('',#4331,#3587,#3588);
#2980=AXIS2_PLACEMENT_3D('',#4333,#3590,#3591);
#2981=AXIS2_PLACEMENT_3D('',#4334,#3592,#3593);
#2982=AXIS2_PLACEMENT_3D('',#4335,#3594,#3595);
#2983=AXIS2_PLACEMENT_3D('',#4337,#3597,#3598);
#2984=AXIS2_PLACEMENT_3D('',#4339,#3600,#3601);
#2985=AXIS2_PLACEMENT_3D('',#4341,#3603,#3604);
#2986=AXIS2_PLACEMENT_3D('',#4342,#3605,#3606);
#2987=AXIS2_PLACEMENT_3D('',#4343,#3607,#3608);
#2988=AXIS2_PLACEMENT_3D('',#4372,#3623,#3624);
#2989=AXIS2_PLACEMENT_3D('',#4373,#3625,#3626);
#2990=AXIS2_PLACEMENT_3D('',#4530,#3638,#3639);
#2991=AXIS2_PLACEMENT_3D('',#4677,#3644,#3645);
#2992=AXIS2_PLACEMENT_3D('',#4678,#3646,#3647);
#2993=AXIS2_PLACEMENT_3D('',#4703,#3660,#3661);
#2994=AXIS2_PLACEMENT_3D('',#4720,#3670,#3671);
#2995=AXIS2_PLACEMENT_3D('',#4745,#3684,#3685);
#2996=AXIS2_PLACEMENT_3D('',#4750,#3687,#3688);
#2997=AXIS2_PLACEMENT_3D('',#4753,#3690,#3691);
#2998=AXIS2_PLACEMENT_3D('',#4754,#3692,#3693);
#2999=AXIS2_PLACEMENT_3D('',#4758,#3695,#3696);
#3000=AXIS2_PLACEMENT_3D('',#4760,#3698,#3699);
#3001=AXIS2_PLACEMENT_3D('',#4763,#3700,#3701);
#3002=AXIS2_PLACEMENT_3D('',#4764,#3702,#3703);
#3003=AXIS2_PLACEMENT_3D('',#4765,#3704,#3705);
#3004=AXIS2_PLACEMENT_3D('',#4766,#3706,#3707);
#3005=AXIS2_PLACEMENT_3D('',#4769,#3708,#3709);
#3006=AXIS2_PLACEMENT_3D('',#4772,#3712,#3713);
#3007=AXIS2_PLACEMENT_3D('',#4775,#3714,#3715);
#3008=AXIS2_PLACEMENT_3D('',#4776,#3716,#3717);
#3009=AXIS2_PLACEMENT_3D('',#4777,#3718,#3719);
#3010=AXIS2_PLACEMENT_3D('',#4778,#3720,#3721);
#3011=AXIS2_PLACEMENT_3D('',#4781,#3724,#3725);
#3012=AXIS2_PLACEMENT_3D('',#4785,#3727,#3728);
#3013=AXIS2_PLACEMENT_3D('',#4787,#3730,#3731);
#3014=AXIS2_PLACEMENT_3D('',#4791,#3734,#3735);
#3015=AXIS2_PLACEMENT_3D('',#4795,#3738,#3739);
#3016=AXIS2_PLACEMENT_3D('',#4796,#3740,#3741);
#3017=AXIS2_PLACEMENT_3D('',#4800,#3743,#3744);
#3018=AXIS2_PLACEMENT_3D('',#4801,#3745,#3746);
#3019=AXIS2_PLACEMENT_3D('',#4802,#3747,#3748);
#3020=AXIS2_PLACEMENT_3D('',#4804,#3749,#3750);
#3021=AXIS2_PLACEMENT_3D('',#4805,#3751,#3752);
#3022=AXIS2_PLACEMENT_3D('',#4806,#3753,#3754);
#3023=AXIS2_PLACEMENT_3D('',#4809,#3755,#3756);
#3024=AXIS2_PLACEMENT_3D('',#4812,#3759,#3760);
#3025=AXIS2_PLACEMENT_3D('',#4815,#3761,#3762);
#3026=AXIS2_PLACEMENT_3D('',#4816,#3763,#3764);
#3027=AXIS2_PLACEMENT_3D('',#4817,#3765,#3766);
#3028=AXIS2_PLACEMENT_3D('',#4818,#3767,#3768);
#3029=AXIS2_PLACEMENT_3D('',#4822,#3771,#3772);
#3030=AXIS2_PLACEMENT_3D('',#4823,#3773,#3774);
#3031=AXIS2_PLACEMENT_3D('',#4825,#3776,#3777);
#3032=AXIS2_PLACEMENT_3D('',#4827,#3779,#3780);
#3033=AXIS2_PLACEMENT_3D('',#4828,#3781,#3782);
#3034=AXIS2_PLACEMENT_3D('',#4830,#3784,#3785);
#3035=AXIS2_PLACEMENT_3D('',#4831,#3786,#3787);
#3036=AXIS2_PLACEMENT_3D('',#4832,#3788,#3789);
#3037=AXIS2_PLACEMENT_3D('',#4833,#3790,#3791);
#3038=DIRECTION('axis',(0.,0.,1.));
#3039=DIRECTION('refdir',(1.,0.,0.));
#3040=DIRECTION('axis',(0.,0.,1.));
#3041=DIRECTION('refdir',(1.,0.,0.));
#3042=DIRECTION('center_axis',(-7.8543361665842E-12,0.,-1.));
#3043=DIRECTION('ref_axis',(-0.707106781186547,-0.707106781186548,5.55404753593454E-12));
#3044=DIRECTION('center_axis',(-2.46716227696326E-15,0.,-1.));
#3045=DIRECTION('ref_axis',(-0.707106781186547,-0.707106781186548,5.55404753593454E-12));
#3046=DIRECTION('',(-7.8543361665842E-12,0.,-1.));
#3047=DIRECTION('center_axis',(3.24740234690457E-12,0.,-1.));
#3048=DIRECTION('ref_axis',(-0.707106781186547,-0.707106781186548,5.55404753593454E-12));
#3049=DIRECTION('',(7.8543361665842E-12,0.,1.));
#3050=DIRECTION('center_axis',(0.,-1.,0.));
#3051=DIRECTION('ref_axis',(0.,0.,-1.));
#3052=DIRECTION('',(-1.,0.,-3.24740234690457E-12));
#3053=DIRECTION('',(-3.36767650802964E-13,0.,-1.));
#3054=DIRECTION('',(1.,0.,-1.05748743094454E-12));
#3055=DIRECTION('',(0.6865088931814,0.,0.727121406357183));
#3056=DIRECTION('',(1.10151073774582E-12,0.,1.));
#3057=DIRECTION('',(-1.,0.,-4.93432455388958E-15));
#3058=DIRECTION('',(-7.93016446160826E-17,0.,-1.));
#3059=DIRECTION('center_axis',(0.,-1.,0.));
#3060=DIRECTION('ref_axis',(-0.929279668979307,0.,0.36937690347626));
#3061=DIRECTION('',(-0.686508893182039,0.,-0.727121406356581));
#3062=DIRECTION('',(-3.16146195420907E-12,0.,-1.));
#3063=DIRECTION('',(1.,0.,-8.32667268470268E-15));
#3064=DIRECTION('',(3.25572901971251E-12,0.,1.));
#3065=DIRECTION('',(-1.,0.,8.32667268469733E-15));
#3066=DIRECTION('',(-3.16146195420907E-12,0.,-1.));
#3067=DIRECTION('',(-1.,0.,2.46716227696326E-15));
#3068=DIRECTION('center_axis',(3.16146195420907E-12,0.,1.));
#3069=DIRECTION('ref_axis',(0.707106781186548,-0.707106781186547,-2.23460009375663E-12));
#3070=DIRECTION('center_axis',(-2.46716227696326E-15,0.,-1.));
#3071=DIRECTION('ref_axis',(0.707106781186548,-0.707106781186547,-2.23460009375663E-12));
#3072=DIRECTION('center_axis',(-8.32667268469733E-15,0.,-1.));
#3073=DIRECTION('ref_axis',(0.707106781186548,-0.707106781186547,-2.23460009375663E-12));
#3074=DIRECTION('',(3.16146195420907E-12,0.,1.));
#3075=DIRECTION('center_axis',(1.,0.,-3.16146195420907E-12));
#3076=DIRECTION('ref_axis',(-3.16146195420907E-12,0.,-1.));
#3077=DIRECTION('',(0.,1.,0.));
#3078=DIRECTION('',(-3.16146195420907E-12,0.,-1.));
#3079=DIRECTION('',(0.,1.,0.));
#3080=DIRECTION('center_axis',(0.,0.,1.));
#3081=DIRECTION('ref_axis',(1.,0.,0.));
#3082=DIRECTION('center_axis',(-0.686508893181401,-4.3911703165275E-15,
-0.727121406357183));
#3083=DIRECTION('ref_axis',(-0.727121406357183,0.,0.686508893181401));
#3084=DIRECTION('center_axis',(0.,-1.,0.));
#3085=DIRECTION('ref_axis',(-1.,0.,1.10148111104544E-12));
#3086=DIRECTION('center_axis',(1.10366658944036E-12,0.,1.));
#3087=DIRECTION('ref_axis',(0.,-1.,0.));
#3088=DIRECTION('center_axis',(0.,0.,1.));
#3089=DIRECTION('ref_axis',(1.,0.,0.));
#3090=DIRECTION('center_axis',(1.10148111104543E-12,0.,1.));
#3091=DIRECTION('ref_axis',(-1.,0.,1.10148111104543E-12));
#3092=DIRECTION('center_axis',(0.,1.,0.));
#3093=DIRECTION('ref_axis',(-0.727121406357184,0.,0.6865088931814));
#3094=DIRECTION('center_axis',(-0.686508893181397,0.,-0.727121406357187));
#3095=DIRECTION('ref_axis',(0.,1.,0.));
#3096=DIRECTION('center_axis',(0.,1.,0.));
#3097=DIRECTION('ref_axis',(-0.929279668979265,0.,0.369376903476365));
#3098=DIRECTION('',(0.,-1.,0.));
#3099=DIRECTION('',(0.,1.,0.));
#3100=DIRECTION('center_axis',(0.686508893181401,0.,0.727121406357184));
#3101=DIRECTION('ref_axis',(-0.514152477181062,0.707106781186548,0.485435093713441));
#3102=DIRECTION('center_axis',(1.05748743094454E-12,0.,1.));
#3103=DIRECTION('ref_axis',(-1.,-1.98638515510919E-16,1.05751311051786E-12));
#3104=DIRECTION('',(-0.6865088931814,0.,-0.727121406357183));
#3105=DIRECTION('',(0.6865088931814,0.,0.727121406357183));
#3106=DIRECTION('center_axis',(1.10151073774582E-12,0.,1.));
#3107=DIRECTION('ref_axis',(-0.707106781186549,0.707106781186546,7.78864762969115E-13));
#3108=DIRECTION('center_axis',(0.894427191000309,0.,0.447213595499172));
#3109=DIRECTION('ref_axis',(-0.447213595499172,0.,0.894427191000309));
#3110=DIRECTION('',(1.10151073774582E-12,0.,1.));
#3111=DIRECTION('',(-1.10151073774582E-12,0.,-1.));
#3112=DIRECTION('center_axis',(-2.20669702510868E-15,-0.894427190999916,
0.447213595499958));
#3113=DIRECTION('ref_axis',(1.23253178174385E-12,0.447213595499958,0.894427190999916));
#3114=DIRECTION('center_axis',(-1.10151073774582E-12,0.,-1.));
#3115=DIRECTION('ref_axis',(-0.707106781186549,-0.707106781186546,7.78864762969115E-13));
#3116=DIRECTION('center_axis',(-2.20669702510868E-15,0.894427190999916,
0.447213595499958));
#3117=DIRECTION('ref_axis',(1.23253178174385E-12,-0.447213595499958,0.894427190999916));
#3118=DIRECTION('',(-1.10151073774582E-12,0.,-1.));
#3119=DIRECTION('center_axis',(0.894427191000309,0.,0.447213595499172));
#3120=DIRECTION('ref_axis',(-0.447213595499172,0.,0.894427191000309));
#3121=DIRECTION('center_axis',(-0.686508893181401,0.,-0.727121406357184));
#3122=DIRECTION('ref_axis',(-0.514152477181062,-0.707106781186548,0.485435093713441));
#3123=DIRECTION('center_axis',(1.05748743094454E-12,0.,1.));
#3124=DIRECTION('ref_axis',(-1.,1.98638515510919E-16,1.05751311051786E-12));
#3125=DIRECTION('',(-0.6865088931814,0.,-0.727121406357183));
#3126=DIRECTION('center_axis',(2.20669702510868E-15,0.894427190999916,-0.447213595499958));
#3127=DIRECTION('ref_axis',(0.,0.447213595499958,0.894427190999916));
#3128=DIRECTION('',(1.,0.,4.93432455388958E-15));
#3129=DIRECTION('center_axis',(-2.20669702510868E-15,-0.894427190999916,
0.447213595499958));
#3130=DIRECTION('ref_axis',(1.13009059633549E-15,0.447213595499958,0.894427190999916));
#3131=DIRECTION('',(0.408248290463862,0.408248290463862,0.816496580927727));
#3132=DIRECTION('',(-1.,0.,-4.93432455388958E-15));
#3133=DIRECTION('',(0.408248290463115,-0.408248290464014,-0.816496580928024));
#3134=DIRECTION('center_axis',(0.,1.,0.));
#3135=DIRECTION('ref_axis',(0.,0.,1.));
#3136=DIRECTION('',(-1.,0.,1.05748743094454E-12));
#3137=DIRECTION('',(3.36767650802964E-13,0.,1.));
#3138=DIRECTION('',(1.,0.,3.24740234690457E-12));
#3139=DIRECTION('',(-7.8543361665842E-12,0.,-1.));
#3140=DIRECTION('',(1.,0.,-2.46716227696326E-15));
#3141=DIRECTION('',(3.16146195420907E-12,0.,1.));
#3142=DIRECTION('',(1.,0.,-8.32667268469733E-15));
#3143=DIRECTION('',(-3.25572901971251E-12,0.,-1.));
#3144=DIRECTION('',(-1.,0.,8.32667268470268E-15));
#3145=DIRECTION('',(3.16146195420907E-12,0.,1.));
#3146=DIRECTION('',(0.686508893182039,0.,0.727121406356581));
#3147=DIRECTION('center_axis',(0.,1.,0.));
#3148=DIRECTION('ref_axis',(-0.929279668979307,0.,0.36937690347626));
#3149=DIRECTION('',(7.93016446160826E-17,0.,1.));
#3150=DIRECTION('center_axis',(-0.727121406357184,0.,0.686508893181401));
#3151=DIRECTION('ref_axis',(0.6865088931814,0.,0.727121406357183));
#3152=DIRECTION('',(0.,1.,0.));
#3153=DIRECTION('center_axis',(3.16146195420907E-12,0.,1.));
#3154=DIRECTION('ref_axis',(0.707106781186548,-0.707106781186547,-2.23537277705323E-12));
#3155=DIRECTION('',(3.16146195420907E-12,0.,1.));
#3156=DIRECTION('center_axis',(8.32667268470268E-15,0.,1.));
#3157=DIRECTION('ref_axis',(0.707106781186548,-0.707106781186547,-2.23537277705323E-12));
#3158=DIRECTION('center_axis',(0.369376903477728,2.03092063940201E-15,0.929279668978723));
#3159=DIRECTION('ref_axis',(0.929279668978723,5.10939704608991E-15,-0.369376903477728));
#3160=DIRECTION('center_axis',(0.,1.,0.));
#3161=DIRECTION('ref_axis',(0.,0.,1.));
#3162=DIRECTION('center_axis',(0.,0.,-1.));
#3163=DIRECTION('ref_axis',(1.,0.,0.));
#3164=DIRECTION('center_axis',(0.,1.,0.));
#3165=DIRECTION('ref_axis',(-0.727121406356581,0.,0.686508893182039));
#3166=DIRECTION('center_axis',(0.686508893182036,0.,0.727121406356584));
#3167=DIRECTION('ref_axis',(0.,-1.,0.));
#3168=DIRECTION('center_axis',(6.68572377957911E-15,-1.,0.));
#3169=DIRECTION('ref_axis',(0.,0.,-1.));
#3170=DIRECTION('center_axis',(0.686508893182039,4.58980883203969E-15,0.727121406356581));
#3171=DIRECTION('ref_axis',(0.72712140635658,0.,-0.686508893182039));
#3172=DIRECTION('center_axis',(0.,-1.,0.));
#3173=DIRECTION('ref_axis',(-1.,0.,6.82961998416068E-17));
#3174=DIRECTION('center_axis',(0.,0.,-1.));
#3175=DIRECTION('ref_axis',(0.,1.,0.));
#3176=DIRECTION('center_axis',(0.,1.,0.));
#3177=DIRECTION('ref_axis',(-0.929279668979307,0.,0.369376903476259));
#3178=DIRECTION('',(0.,-1.,0.));
#3179=DIRECTION('',(0.,1.,0.));
#3180=DIRECTION('center_axis',(-7.93016446160826E-17,0.,-1.));
#3181=DIRECTION('ref_axis',(0.707106781186547,0.707106781186548,0.));
#3182=DIRECTION('',(-7.93016446160826E-17,0.,-1.));
#3183=DIRECTION('center_axis',(-0.894427190999916,0.,0.447213595499957));
#3184=DIRECTION('ref_axis',(0.447213595499957,-9.16289672704454E-17,0.894427190999916));
#3185=DIRECTION('center_axis',(-0.686508893182039,0.,-0.727121406356581));
#3186=DIRECTION('ref_axis',(0.514152477180638,0.707106781186547,-0.485435093713891));
#3187=DIRECTION('',(-0.686508893182039,0.,-0.727121406356581));
#3188=DIRECTION('center_axis',(-0.369376903477728,4.03632621068619E-16,
-0.929279668978723));
#3189=DIRECTION('ref_axis',(0.929279668978723,1.01546031971036E-15,-0.369376903477728));
#3190=DIRECTION('center_axis',(-3.16146195420907E-12,0.,-1.));
#3191=DIRECTION('ref_axis',(0.707106781186548,0.707106781186547,-2.23537277705323E-12));
#3192=DIRECTION('center_axis',(8.32667268470268E-15,0.,1.));
#3193=DIRECTION('ref_axis',(0.707106781186548,0.707106781186547,-2.23537277705323E-12));
#3194=DIRECTION('',(-3.16146195420907E-12,0.,-1.));
#3195=DIRECTION('center_axis',(0.686508893182039,0.,0.727121406356581));
#3196=DIRECTION('ref_axis',(0.514152477180638,-0.707106781186547,-0.485435093713891));
#3197=DIRECTION('',(0.686508893182039,0.,0.727121406356581));
#3198=DIRECTION('center_axis',(7.93016446160826E-17,0.,1.));
#3199=DIRECTION('ref_axis',(0.707106781186547,-0.707106781186548,0.));
#3200=DIRECTION('center_axis',(-0.894427190999916,0.,0.447213595499957));
#3201=DIRECTION('ref_axis',(0.447213595499957,9.16289672704454E-17,0.894427190999916));
#3202=DIRECTION('',(7.93016446160826E-17,0.,1.));
#3203=DIRECTION('center_axis',(-2.20669702510868E-15,0.894427190999916,
0.447213595499958));
#3204=DIRECTION('ref_axis',(1.13009059633549E-15,-0.447213595499958,0.894427190999916));
#3205=DIRECTION('center_axis',(1.,0.,-7.93016446160826E-17));
#3206=DIRECTION('ref_axis',(-7.93016446160826E-17,0.,-1.));
#3207=DIRECTION('',(0.,-1.,0.));
#3208=DIRECTION('center_axis',(0.894427190999916,0.,-0.447213595499957));
#3209=DIRECTION('ref_axis',(-0.447213595499957,0.,-0.894427190999916));
#3210=DIRECTION('',(-0.408248290463862,0.408248290463862,-0.816496580927727));
#3211=DIRECTION('',(0.,1.,0.));
#3212=DIRECTION('center_axis',(7.8543361665842E-12,0.,1.));
#3213=DIRECTION('ref_axis',(-0.707106781186547,0.707106781186548,5.55404753593454E-12));
#3214=DIRECTION('center_axis',(-2.46716227696326E-15,0.,-1.));
#3215=DIRECTION('ref_axis',(-0.707106781186547,0.707106781186548,5.55404753593454E-12));
#3216=DIRECTION('center_axis',(3.24740234690457E-12,0.,-1.));
#3217=DIRECTION('ref_axis',(-0.707106781186547,0.707106781186548,5.55404753593454E-12));
#3218=DIRECTION('',(7.8543361665842E-12,0.,1.));
#3219=DIRECTION('center_axis',(-1.,0.,7.8543361665842E-12));
#3220=DIRECTION('ref_axis',(7.8543361665842E-12,0.,1.));
#3221=DIRECTION('',(0.,1.,0.));
#3222=DIRECTION('',(0.,1.,0.));
#3223=DIRECTION('center_axis',(-3.16146195420907E-12,0.,-1.));
#3224=DIRECTION('ref_axis',(0.707106781186548,0.707106781186547,-2.23460009375663E-12));
#3225=DIRECTION('center_axis',(-2.46716227696326E-15,0.,-1.));
#3226=DIRECTION('ref_axis',(0.707106781186548,0.707106781186547,-2.23460009375663E-12));
#3227=DIRECTION('center_axis',(-8.32667268469733E-15,0.,-1.));
#3228=DIRECTION('ref_axis',(0.707106781186548,0.707106781186547,-2.23460009375663E-12));
#3229=DIRECTION('center_axis',(-0.894427191000309,0.,-0.447213595499172));
#3230=DIRECTION('ref_axis',(-0.447213595499172,0.,0.894427191000309));
#3231=DIRECTION('',(0.,-1.,0.));
#3232=DIRECTION('',(-0.408248290463115,-0.408248290464014,0.816496580928025));
#3233=DIRECTION('',(0.,1.,0.));
#3234=DIRECTION('center_axis',(2.20669702510868E-15,-0.894427190999916,
-0.447213595499958));
#3235=DIRECTION('ref_axis',(0.,0.447213595499958,-0.894427190999916));
#3236=DIRECTION('',(1.,0.,4.93432455388958E-15));
#3237=DIRECTION('center_axis',(4.93432455388958E-15,0.,-1.));
#3238=DIRECTION('ref_axis',(-1.,0.,-4.93432455388958E-15));
#3239=DIRECTION('center_axis',(1.,0.,-3.25572901971251E-12));
#3240=DIRECTION('ref_axis',(-3.25572901971251E-12,0.,-1.));
#3241=DIRECTION('',(0.,-1.,0.));
#3242=DIRECTION('',(0.,1.,0.));
#3243=DIRECTION('center_axis',(8.32667268469733E-15,0.,1.));
#3244=DIRECTION('ref_axis',(1.,0.,-8.32667268469733E-15));
#3245=DIRECTION('center_axis',(2.46716227696326E-15,0.,1.));
#3246=DIRECTION('ref_axis',(1.,0.,-2.46716227696326E-15));
#3247=DIRECTION('center_axis',(-3.24740234690457E-12,0.,1.));
#3248=DIRECTION('ref_axis',(1.,0.,3.24740234690457E-12));
#3249=DIRECTION('',(0.,1.,0.));
#3250=DIRECTION('center_axis',(-1.,0.,3.36767650802964E-13));
#3251=DIRECTION('ref_axis',(3.36767650802964E-13,0.,1.));
#3252=DIRECTION('',(0.,1.,0.));
#3253=DIRECTION('center_axis',(-1.05748743094454E-12,0.,-1.));
#3254=DIRECTION('ref_axis',(-1.,0.,1.05748743094454E-12));
#3255=DIRECTION('center_axis',(-1.,0.,1.10151073774582E-12));
#3256=DIRECTION('ref_axis',(1.10151073774582E-12,0.,1.));
#3257=DIRECTION('center_axis',(0.727121406356581,0.,-0.686508893182039));
#3258=DIRECTION('ref_axis',(-0.686508893182039,0.,-0.727121406356581));
#3259=DIRECTION('',(0.,1.,0.));
#3260=DIRECTION('center_axis',(1.,0.,-3.16146195420907E-12));
#3261=DIRECTION('ref_axis',(-3.16146195420907E-12,0.,-1.));
#3262=DIRECTION('',(0.,1.,0.));
#3263=DIRECTION('center_axis',(-8.32667268470268E-15,0.,-1.));
#3264=DIRECTION('ref_axis',(-1.,0.,8.32667268470268E-15));
#3265=DIRECTION('center_axis',(5.67894048753793E-13,0.,-1.));
#3266=DIRECTION('ref_axis',(-0.707106781186547,-0.707106781186547,-4.017953142301E-13));
#3267=DIRECTION('center_axis',(0.,0.894427190999916,0.447213595499958));
#3268=DIRECTION('ref_axis',(-6.34988743184187E-13,-0.447213595499957,0.894427190999916));
#3269=DIRECTION('',(-5.67894048753793E-13,0.,1.));
#3270=DIRECTION('center_axis',(1.11022302463186E-14,0.,1.));
#3271=DIRECTION('ref_axis',(-0.707106781186547,-0.707106781186547,-4.017953142301E-13));
#3272=DIRECTION('',(5.67894048753793E-13,0.,-1.));
#3273=DIRECTION('center_axis',(0.894427190999713,0.,0.447213595500364));
#3274=DIRECTION('ref_axis',(-0.447213595500364,0.,0.894427190999713));
#3275=DIRECTION('center_axis',(0.,-1.,0.));
#3276=DIRECTION('ref_axis',(0.,0.,-1.));
#3277=DIRECTION('',(1.,0.,-1.11022302463186E-14));
#3278=DIRECTION('',(-1.,0.,0.));
#3279=DIRECTION('',(1.38329004567247E-13,0.,1.));
#3280=DIRECTION('',(1.,0.,-3.27515792261901E-13));
#3281=DIRECTION('',(-4.44089209850062E-14,0.,1.));
#3282=DIRECTION('',(-1.,0.,5.55111512313727E-15));
#3283=DIRECTION('',(-8.31901047852004E-12,0.,-1.));
#3284=DIRECTION('',(-1.,0.,0.));
#3285=DIRECTION('',(8.47170292299559E-12,0.,1.));
#3286=DIRECTION('',(-1.,0.,0.));
#3287=DIRECTION('',(-1.51113689462928E-14,0.,-1.));
#3288=DIRECTION('center_axis',(0.,-0.894427190999916,-0.447213595499958));
#3289=DIRECTION('ref_axis',(0.,0.447213595499958,-0.894427190999916));
#3290=DIRECTION('',(-0.408248290464249,-0.408248290463786,0.816496580927572));
#3291=DIRECTION('',(1.,0.,0.));
#3292=DIRECTION('',(-0.408248290463957,0.408248290463844,-0.816496580927689));
#3293=DIRECTION('center_axis',(-0.894427190999713,0.,-0.447213595500364));
#3294=DIRECTION('ref_axis',(-0.447213595500364,0.,0.894427190999713));
#3295=DIRECTION('',(0.,1.,0.));
#3296=DIRECTION('center_axis',(0.894427190999713,0.,0.447213595500364));
#3297=DIRECTION('ref_axis',(-0.447213595500364,0.,0.894427190999713));
#3298=DIRECTION('',(0.408248290464249,-0.408248290463786,-0.816496580927572));
#3299=DIRECTION('',(0.,-1.,0.));
#3300=DIRECTION('center_axis',(-8.47170292299559E-12,0.,-1.));
#3301=DIRECTION('ref_axis',(-0.707106781186548,-0.707106781186548,5.99138628180807E-12));
#3302=DIRECTION('center_axis',(0.,0.,-1.));
#3303=DIRECTION('ref_axis',(-0.707106781186548,-0.707106781186548,5.99138628180807E-12));
#3304=DIRECTION('',(-8.47170292299559E-12,0.,-1.));
#3305=DIRECTION('center_axis',(0.,0.,-1.));
#3306=DIRECTION('ref_axis',(-0.707106781186548,-0.707106781186548,5.99138628180807E-12));
#3307=DIRECTION('center_axis',(8.31901047852004E-12,0.,1.));
#3308=DIRECTION('ref_axis',(0.707106781186547,-0.707106781186547,-5.88321062028458E-12));
#3309=DIRECTION('center_axis',(0.,0.,-1.));
#3310=DIRECTION('ref_axis',(0.707106781186547,-0.707106781186547,-5.88321062028458E-12));
#3311=DIRECTION('center_axis',(-5.55111512313727E-15,0.,-1.));
#3312=DIRECTION('ref_axis',(0.707106781186547,-0.707106781186547,-5.88321062028458E-12));
#3313=DIRECTION('',(8.31901047852004E-12,0.,1.));
#3314=DIRECTION('center_axis',(1.,0.,-8.31901047852004E-12));
#3315=DIRECTION('ref_axis',(-8.31901047852004E-12,0.,-1.));
#3316=DIRECTION('',(0.,-1.,0.));
#3317=DIRECTION('',(-8.31901047852004E-12,0.,-1.));
#3318=DIRECTION('',(0.,1.,0.));
#3319=DIRECTION('center_axis',(-5.67894048753793E-13,0.,1.));
#3320=DIRECTION('ref_axis',(-0.707106781186547,0.707106781186547,-4.017953142301E-13));
#3321=DIRECTION('',(-5.67894048753793E-13,0.,1.));
#3322=DIRECTION('center_axis',(1.11022302463186E-14,0.,1.));
#3323=DIRECTION('ref_axis',(-0.707106781186547,0.707106781186547,-4.017953142301E-13));
#3324=DIRECTION('',(5.67894048753793E-13,0.,-1.));
#3325=DIRECTION('center_axis',(0.,-0.894427190999916,0.447213595499958));
#3326=DIRECTION('ref_axis',(-6.34988743184187E-13,0.447213595499957,0.894427190999916));
#3327=DIRECTION('center_axis',(0.,0.894427190999916,-0.447213595499958));
#3328=DIRECTION('ref_axis',(0.,0.447213595499958,0.894427190999916));
#3329=DIRECTION('',(1.,0.,0.));
#3330=DIRECTION('center_axis',(0.,-0.894427190999916,0.447213595499958));
#3331=DIRECTION('ref_axis',(1.54700239741602E-13,0.447213595499958,0.894427190999916));
#3332=DIRECTION('',(0.408248290463957,0.408248290463844,0.816496580927689));
#3333=DIRECTION('',(-1.,0.,0.));
#3334=DIRECTION('center_axis',(0.,1.,0.));
#3335=DIRECTION('ref_axis',(0.,0.,1.));
#3336=DIRECTION('',(-1.,0.,1.11022302463186E-14));
#3337=DIRECTION('',(1.51113689462928E-14,0.,1.));
#3338=DIRECTION('',(1.,0.,0.));
#3339=DIRECTION('',(-8.47170292299559E-12,0.,-1.));
#3340=DIRECTION('',(1.,0.,0.));
#3341=DIRECTION('',(8.31901047852004E-12,0.,1.));
#3342=DIRECTION('',(1.,0.,-5.55111512313727E-15));
#3343=DIRECTION('',(4.44089209850062E-14,0.,-1.));
#3344=DIRECTION('',(-1.,0.,3.27515792261901E-13));
#3345=DIRECTION('',(1.38329004567247E-13,0.,1.));
#3346=DIRECTION('center_axis',(-1.38329004567247E-13,0.,-1.));
#3347=DIRECTION('ref_axis',(0.707106781186548,0.707106781186548,-9.73580953711396E-14));
#3348=DIRECTION('center_axis',(3.27515792261901E-13,0.,1.));
#3349=DIRECTION('ref_axis',(0.707106781186548,0.707106781186548,-9.73580953711396E-14));
#3350=DIRECTION('',(-1.38329004567247E-13,0.,-1.));
#3351=DIRECTION('center_axis',(-0.894427190999867,0.,0.447213595500057));
#3352=DIRECTION('ref_axis',(0.447213595500057,0.,0.894427190999866));
#3353=DIRECTION('center_axis',(0.894427190999867,0.,-0.447213595500057));
#3354=DIRECTION('ref_axis',(-0.447213595500057,0.,-0.894427190999867));
#3355=DIRECTION('',(0.,-1.,0.));
#3356=DIRECTION('',(0.,1.,0.));
#3357=DIRECTION('center_axis',(8.47170292299559E-12,0.,1.));
#3358=DIRECTION('ref_axis',(-0.707106781186548,0.707106781186548,5.99138628180807E-12));
#3359=DIRECTION('center_axis',(0.,0.,-1.));
#3360=DIRECTION('ref_axis',(-0.707106781186548,0.707106781186548,5.99138628180807E-12));
#3361=DIRECTION('center_axis',(0.,0.,-1.));
#3362=DIRECTION('ref_axis',(-0.707106781186548,0.707106781186548,5.99138628180807E-12));
#3363=DIRECTION('',(8.47170292299559E-12,0.,1.));
#3364=DIRECTION('center_axis',(-1.,0.,8.47170292299559E-12));
#3365=DIRECTION('ref_axis',(8.47170292299559E-12,0.,1.));
#3366=DIRECTION('',(0.,1.,0.));
#3367=DIRECTION('',(0.,1.,0.));
#3368=DIRECTION('center_axis',(-8.31901047852004E-12,0.,-1.));
#3369=DIRECTION('ref_axis',(0.707106781186547,0.707106781186547,-5.88321062028458E-12));
#3370=DIRECTION('center_axis',(0.,0.,-1.));
#3371=DIRECTION('ref_axis',(0.707106781186547,0.707106781186547,-5.88321062028458E-12));
#3372=DIRECTION('center_axis',(-5.55111512313727E-15,0.,-1.));
#3373=DIRECTION('ref_axis',(0.707106781186547,0.707106781186547,-5.88321062028458E-12));
#3374=DIRECTION('center_axis',(1.,0.,-1.38329004567247E-13));
#3375=DIRECTION('ref_axis',(-1.38329004567247E-13,0.,-1.));
#3376=DIRECTION('',(0.,1.,0.));
#3377=DIRECTION('center_axis',(0.,0.,-1.));
#3378=DIRECTION('ref_axis',(-1.,0.,0.));
#3379=DIRECTION('center_axis',(0.,0.,1.));
#3380=DIRECTION('ref_axis',(1.,0.,0.));
#3381=DIRECTION('center_axis',(0.,0.,1.));
#3382=DIRECTION('ref_axis',(1.,0.,0.));
#3383=DIRECTION('',(0.,1.,0.));
#3384=DIRECTION('center_axis',(-1.,0.,1.51113689462928E-14));
#3385=DIRECTION('ref_axis',(1.51113689462928E-14,0.,1.));
#3386=DIRECTION('',(0.,1.,0.));
#3387=DIRECTION('center_axis',(-1.11022302463186E-14,0.,-1.));
#3388=DIRECTION('ref_axis',(-1.,0.,1.11022302463186E-14));
#3389=DIRECTION('',(0.,1.,0.));
#3390=DIRECTION('center_axis',(-1.,0.,-5.67894048753793E-13));
#3391=DIRECTION('ref_axis',(-5.67894048753793E-13,0.,1.));
#3392=DIRECTION('center_axis',(-3.27515792261901E-13,0.,-1.));
#3393=DIRECTION('ref_axis',(-1.,0.,3.27515792261901E-13));
#3394=DIRECTION('',(0.,1.,0.));
#3395=DIRECTION('center_axis',(1.,0.,4.44089209850062E-14));
#3396=DIRECTION('ref_axis',(4.44089209850062E-14,0.,-1.));
#3397=DIRECTION('',(0.,1.,0.));
#3398=DIRECTION('center_axis',(5.55111512313727E-15,0.,1.));
#3399=DIRECTION('ref_axis',(1.,0.,-5.55111512313727E-15));
#3400=DIRECTION('center_axis',(7.88411330971374E-12,0.,1.));
#3401=DIRECTION('ref_axis',(0.707106781186547,-0.707106781186548,-5.57413730164604E-12));
#3402=DIRECTION('center_axis',(-1.2335811384724E-15,0.,-1.));
#3403=DIRECTION('ref_axis',(0.707106781186547,-0.707106781186548,-5.57413730164604E-12));
#3404=DIRECTION('',(-7.88411330971374E-12,0.,-1.));
#3405=DIRECTION('center_axis',(5.55111512334265E-15,0.,-1.));
#3406=DIRECTION('ref_axis',(0.707106781186547,-0.707106781186548,-5.57413730164604E-12));
#3407=DIRECTION('',(7.88411330971374E-12,0.,1.));
#3408=DIRECTION('center_axis',(0.,-1.,0.));
#3409=DIRECTION('ref_axis',(0.,0.,-1.));
#3410=DIRECTION('',(-1.,0.,-5.55111512334265E-15));
#3411=DIRECTION('',(-1.,0.,1.2335811384724E-15));
#3412=DIRECTION('',(7.11967736191643E-12,0.,1.));
#3413=DIRECTION('',(-1.,0.,5.55111512310281E-15));
#3414=DIRECTION('',(6.44546144851827E-14,0.,-1.));
#3415=DIRECTION('',(1.,0.,7.49400541621981E-14));
#3416=DIRECTION('',(7.11967736191643E-12,0.,1.));
#3417=DIRECTION('',(-0.686508893210348,0.,0.727121406329853));
#3418=DIRECTION('center_axis',(0.,-1.,0.));
#3419=DIRECTION('ref_axis',(0.929279668972116,0.,0.36937690349435));
#3420=DIRECTION('',(-6.3441315692866E-16,0.,1.));
#3421=DIRECTION('',(-1.,0.,2.46716227694479E-15));
#3422=DIRECTION('',(1.08883581966909E-12,0.,1.));
#3423=DIRECTION('center_axis',(0.,1.,0.));
#3424=DIRECTION('ref_axis',(0.929279668972888,0.,0.369376903492407));
#3425=DIRECTION('',(-0.6865088932081,0.,0.727121406331975));
#3426=DIRECTION('',(1.,0.,-8.32667268472317E-15));
#3427=DIRECTION('',(1.22741323278003E-13,0.,1.));
#3428=DIRECTION('center_axis',(1.2335811384724E-15,0.,1.));
#3429=DIRECTION('ref_axis',(1.,0.,-1.2335811384724E-15));
#3430=DIRECTION('',(0.,1.,0.));
#3431=DIRECTION('center_axis',(-1.2335811384724E-15,0.,-1.));
#3432=DIRECTION('ref_axis',(0.707106781186547,0.707106781186548,-5.57413730164604E-12));
#3433=DIRECTION('',(1.,0.,-1.2335811384724E-15));
#3434=DIRECTION('center_axis',(-1.2335811384724E-15,0.,-1.));
#3435=DIRECTION('ref_axis',(-0.707106781186547,0.707106781186548,5.03480436062179E-12));
#3436=DIRECTION('',(0.,1.,0.));
#3437=DIRECTION('center_axis',(-1.2335811384724E-15,0.,-1.));
#3438=DIRECTION('ref_axis',(-0.707106781186547,-0.707106781186548,5.03480436062179E-12));
#3439=DIRECTION('center_axis',(-7.11967736191643E-12,0.,-1.));
#3440=DIRECTION('ref_axis',(-0.707106781186547,-0.707106781186548,5.03480436062179E-12));
#3441=DIRECTION('',(-7.11967736191643E-12,0.,-1.));
#3442=DIRECTION('center_axis',(-5.55111512310281E-15,0.,-1.));
#3443=DIRECTION('ref_axis',(-0.707106781186547,-0.707106781186548,5.03480436062179E-12));
#3444=DIRECTION('center_axis',(-1.,0.,7.11967736191643E-12));
#3445=DIRECTION('ref_axis',(7.11967736191643E-12,0.,1.));
#3446=DIRECTION('',(7.11967736191643E-12,0.,1.));
#3447=DIRECTION('',(0.,-1.,0.));
#3448=DIRECTION('center_axis',(7.11967736191643E-12,0.,1.));
#3449=DIRECTION('ref_axis',(-0.707106781186547,0.707106781186548,5.03480436062179E-12));
#3450=DIRECTION('',(-7.11967736191643E-12,0.,-1.));
#3451=DIRECTION('center_axis',(-5.55111512310281E-15,0.,-1.));
#3452=DIRECTION('ref_axis',(-0.707106781186547,0.707106781186548,5.03480436062179E-12));
#3453=DIRECTION('center_axis',(0.,1.,0.));
#3454=DIRECTION('ref_axis',(0.,0.,1.));
#3455=DIRECTION('',(1.,0.,-5.55111512310281E-15));
#3456=DIRECTION('',(7.88411330971374E-12,0.,1.));
#3457=DIRECTION('',(1.,0.,5.55111512334265E-15));
#3458=DIRECTION('',(-1.22741323278003E-13,0.,-1.));
#3459=DIRECTION('',(-1.,0.,8.32667268472317E-15));
#3460=DIRECTION('',(-0.6865088932081,0.,0.727121406331975));
#3461=DIRECTION('',(1.08883581966909E-12,0.,1.));
#3462=DIRECTION('',(1.,0.,-2.46716227694479E-15));
#3463=DIRECTION('',(6.3441315692866E-16,0.,-1.));
#3464=DIRECTION('center_axis',(0.,1.,0.));
#3465=DIRECTION('ref_axis',(0.929279668972116,0.,0.36937690349435));
#3466=DIRECTION('',(0.686508893210348,0.,-0.727121406329853));
#3467=DIRECTION('',(-7.11967736191643E-12,0.,-1.));
#3468=DIRECTION('',(-1.,0.,-7.49400541621981E-14));
#3469=DIRECTION('',(-6.44546144851827E-14,0.,1.));
#3470=DIRECTION('center_axis',(-7.88411330971374E-12,0.,-1.));
#3471=DIRECTION('ref_axis',(0.707106781186547,0.707106781186548,-5.57413730164604E-12));
#3472=DIRECTION('',(-7.88411330971374E-12,0.,-1.));
#3473=DIRECTION('center_axis',(5.55111512334265E-15,0.,-1.));
#3474=DIRECTION('ref_axis',(0.707106781186547,0.707106781186548,-5.57413730164604E-12));
#3475=DIRECTION('center_axis',(1.44672936845984E-16,1.,0.));
#3476=DIRECTION('ref_axis',(0.,0.,1.));
#3477=DIRECTION('center_axis',(-0.686508893210348,9.93192577516273E-17,
0.727121406329853));
#3478=DIRECTION('ref_axis',(-0.727121406329853,0.,-0.686508893210348));
#3479=DIRECTION('center_axis',(0.,1.,0.));
#3480=DIRECTION('ref_axis',(1.,0.,6.1466579857446E-16));
#3481=DIRECTION('center_axis',(0.,0.,-1.));
#3482=DIRECTION('ref_axis',(0.,-1.,0.));
#3483=DIRECTION('center_axis',(7.11967736191643E-12,0.,1.));
#3484=DIRECTION('ref_axis',(-0.707106781186548,0.707106781186547,5.03480436062179E-12));
#3485=DIRECTION('',(7.11967736191643E-12,0.,1.));
#3486=DIRECTION('center_axis',(-7.49400541621981E-14,0.,1.));
#3487=DIRECTION('ref_axis',(-0.707106781186548,0.707106781186547,5.03480436062179E-12));
#3488=DIRECTION('center_axis',(-0.369376903491041,0.,0.929279668973432));
#3489=DIRECTION('ref_axis',(-0.929279668973432,0.,-0.369376903491041));
#3490=DIRECTION('center_axis',(0.,-1.,0.));
#3491=DIRECTION('ref_axis',(0.,0.,-1.));
#3492=DIRECTION('center_axis',(0.,0.,-1.));
#3493=DIRECTION('ref_axis',(-1.,0.,0.));
#3494=DIRECTION('center_axis',(0.,-1.,0.));
#3495=DIRECTION('ref_axis',(0.727121406329852,0.,0.686508893210349));
#3496=DIRECTION('center_axis',(-0.686508893210348,0.,0.727121406329853));
#3497=DIRECTION('ref_axis',(0.,1.,0.));
#3498=DIRECTION('center_axis',(0.,1.,0.));
#3499=DIRECTION('ref_axis',(0.929279668972116,0.,0.36937690349435));
#3500=DIRECTION('',(0.,-1.,0.));
#3501=DIRECTION('',(0.,1.,0.));
#3502=DIRECTION('center_axis',(-0.686508893210348,0.,0.727121406329853));
#3503=DIRECTION('ref_axis',(-0.514152477161738,0.707106781186547,-0.485435093733909));
#3504=DIRECTION('',(-0.686508893210348,0.,0.727121406329853));
#3505=DIRECTION('center_axis',(-6.3441315692866E-16,0.,1.));
#3506=DIRECTION('ref_axis',(-0.707106781186546,0.707106781186549,0.));
#3507=DIRECTION('center_axis',(0.894427190999916,0.,0.447213595499958));
#3508=DIRECTION('ref_axis',(-0.447213595499958,3.05429890901485E-17,0.894427190999916));
#3509=DIRECTION('',(-6.3441315692866E-16,0.,1.));
#3510=DIRECTION('center_axis',(1.10334851255434E-15,-0.894427190999916,
0.447213595499958));
#3511=DIRECTION('ref_axis',(-1.22171956360594E-15,0.447213595499958,0.894427190999916));
#3512=DIRECTION('center_axis',(6.3441315692866E-16,0.,-1.));
#3513=DIRECTION('ref_axis',(-0.707106781186546,-0.707106781186549,0.));
#3514=DIRECTION('center_axis',(1.10334851255434E-15,0.894427190999916,0.447213595499958));
#3515=DIRECTION('ref_axis',(-1.22171956360594E-15,-0.447213595499958,0.894427190999916));
#3516=DIRECTION('',(6.3441315692866E-16,0.,-1.));
#3517=DIRECTION('center_axis',(0.894427190999916,0.,0.447213595499958));
#3518=DIRECTION('ref_axis',(-0.447213595499958,-3.05429890901485E-17,0.894427190999916));
#3519=DIRECTION('center_axis',(0.686508893210348,0.,-0.727121406329853));
#3520=DIRECTION('ref_axis',(-0.514152477161738,-0.707106781186547,-0.485435093733909));
#3521=DIRECTION('',(0.686508893210348,0.,-0.727121406329853));
#3522=DIRECTION('center_axis',(0.369376903491041,0.,-0.929279668973432));
#3523=DIRECTION('ref_axis',(-0.929279668973432,0.,-0.369376903491041));
#3524=DIRECTION('center_axis',(-7.11967736191643E-12,0.,-1.));
#3525=DIRECTION('ref_axis',(-0.707106781186548,-0.707106781186547,5.03480436062179E-12));
#3526=DIRECTION('center_axis',(-7.49400541621981E-14,0.,1.));
#3527=DIRECTION('ref_axis',(-0.707106781186548,-0.707106781186547,5.03480436062179E-12));
#3528=DIRECTION('',(-7.11967736191643E-12,0.,-1.));
#3529=DIRECTION('center_axis',(-0.727121406329853,0.,-0.686508893210348));
#3530=DIRECTION('ref_axis',(-0.686508893210348,0.,0.727121406329853));
#3531=DIRECTION('',(0.,1.,0.));
#3532=DIRECTION('center_axis',(-1.,0.,7.11967736191643E-12));
#3533=DIRECTION('ref_axis',(7.11967736191643E-12,0.,1.));
#3534=DIRECTION('',(0.,1.,0.));
#3535=DIRECTION('center_axis',(0.,0.,1.));
#3536=DIRECTION('ref_axis',(1.,0.,0.));
#3537=DIRECTION('center_axis',(0.686508893208101,-7.94554062015337E-16,
-0.727121406331974));
#3538=DIRECTION('ref_axis',(0.727121406331974,0.,0.686508893208101));
#3539=DIRECTION('center_axis',(0.,1.,0.));
#3540=DIRECTION('ref_axis',(1.,0.,-1.08877801787489E-12));
#3541=DIRECTION('center_axis',(1.08850483307553E-12,0.,1.));
#3542=DIRECTION('ref_axis',(0.,1.,0.));
#3543=DIRECTION('center_axis',(0.,1.,0.));
#3544=DIRECTION('ref_axis',(0.929279668972888,0.,0.369376903492407));
#3545=DIRECTION('',(0.,1.,0.));
#3546=DIRECTION('',(0.,-1.,0.));
#3547=DIRECTION('center_axis',(-1.08883581966909E-12,0.,-1.));
#3548=DIRECTION('ref_axis',(0.707106781186549,0.707106781186546,-7.69785734234108E-13));
#3549=DIRECTION('center_axis',(1.10334851255434E-15,-0.894427190999916,
0.447213595499958));
#3550=DIRECTION('ref_axis',(1.21680214236243E-12,0.447213595499958,0.894427190999916));
#3551=DIRECTION('',(-1.08883581966909E-12,0.,-1.));
#3552=DIRECTION('center_axis',(-0.894427190999527,0.,0.447213595500735));
#3553=DIRECTION('ref_axis',(0.447213595500736,0.,0.894427190999527));
#3554=DIRECTION('center_axis',(0.6865088932081,0.,-0.727121406331975));
#3555=DIRECTION('ref_axis',(0.51415247716324,0.707106781186547,0.485435093732319));
#3556=DIRECTION('center_axis',(8.32667268472317E-15,0.,1.));
#3557=DIRECTION('ref_axis',(1.,4.96596288759582E-17,-8.35728915839657E-15));
#3558=DIRECTION('',(0.6865088932081,0.,-0.727121406331975));
#3559=DIRECTION('center_axis',(1.,0.,-1.08883581966909E-12));
#3560=DIRECTION('ref_axis',(-1.08883581966909E-12,0.,-1.));
#3561=DIRECTION('',(0.,-1.,0.));
#3562=DIRECTION('center_axis',(0.727121406331975,0.,0.6865088932081));
#3563=DIRECTION('ref_axis',(0.6865088932081,0.,-0.727121406331975));
#3564=DIRECTION('',(0.,1.,0.));
#3565=DIRECTION('center_axis',(-0.894427190999916,0.,-0.447213595499958));
#3566=DIRECTION('ref_axis',(-0.447213595499958,0.,0.894427190999916));
#3567=DIRECTION('',(0.408248290463863,-0.408248290463863,-0.816496580927726));
#3568=DIRECTION('',(0.,-1.,0.));
#3569=DIRECTION('',(-0.408248290463863,-0.408248290463863,0.816496580927726));
#3570=DIRECTION('',(0.,1.,0.));
#3571=DIRECTION('center_axis',(0.894427190999527,0.,-0.447213595500735));
#3572=DIRECTION('ref_axis',(-0.447213595500735,0.,-0.894427190999527));
#3573=DIRECTION('',(-0.408248290464603,0.408248290463715,-0.81649658092743));
#3574=DIRECTION('',(0.,1.,0.));
#3575=DIRECTION('',(0.408248290464603,0.408248290463715,0.81649658092743));
#3576=DIRECTION('center_axis',(-1.10334851255434E-15,-0.894427190999916,
-0.447213595499958));
#3577=DIRECTION('ref_axis',(0.,0.447213595499958,-0.894427190999916));
#3578=DIRECTION('',(1.,0.,-2.46716227694479E-15));
#3579=DIRECTION('center_axis',(-1.10334851255434E-15,0.894427190999916,
-0.447213595499958));
#3580=DIRECTION('ref_axis',(0.,0.447213595499958,0.894427190999916));
#3581=DIRECTION('',(-1.,0.,2.46716227694479E-15));
#3582=DIRECTION('center_axis',(-2.46716227694479E-15,0.,-1.));
#3583=DIRECTION('ref_axis',(-1.,0.,2.46716227694479E-15));
#3584=DIRECTION('center_axis',(5.55111512310281E-15,0.,1.));
#3585=DIRECTION('ref_axis',(1.,0.,-5.55111512310281E-15));
#3586=DIRECTION('',(0.,1.,0.));
#3587=DIRECTION('center_axis',(-1.,0.,-6.44546144851827E-14));
#3588=DIRECTION('ref_axis',(-6.44546144851827E-14,0.,1.));
#3589=DIRECTION('',(0.,1.,0.));
#3590=DIRECTION('center_axis',(7.49400541621981E-14,0.,-1.));
#3591=DIRECTION('ref_axis',(-1.,0.,-7.49400541621981E-14));
#3592=DIRECTION('center_axis',(-1.,0.,-6.3441315692866E-16));
#3593=DIRECTION('ref_axis',(-6.3441315692866E-16,0.,1.));
#3594=DIRECTION('center_axis',(-8.32667268472317E-15,0.,-1.));
#3595=DIRECTION('ref_axis',(-1.,0.,8.32667268472317E-15));
#3596=DIRECTION('',(0.,1.,0.));
#3597=DIRECTION('center_axis',(1.,0.,-1.22741323278003E-13));
#3598=DIRECTION('ref_axis',(-1.22741323278003E-13,0.,-1.));
#3599=DIRECTION('',(0.,1.,0.));
#3600=DIRECTION('center_axis',(-5.55111512334265E-15,0.,1.));
#3601=DIRECTION('ref_axis',(1.,0.,5.55111512334265E-15));
#3602=DIRECTION('',(0.,1.,0.));
#3603=DIRECTION('center_axis',(1.,0.,-7.88411330971374E-12));
#3604=DIRECTION('ref_axis',(-7.88411330971374E-12,0.,-1.));
#3605=DIRECTION('axis',(0.,0.,1.));
#3606=DIRECTION('refdir',(1.,0.,0.));
#3607=DIRECTION('center_axis',(2.42830932770157E-16,1.,0.));
#3608=DIRECTION('ref_axis',(-1.,2.42830932770157E-16,0.));
#3609=DIRECTION('',(-0.430238542351219,1.04475226552819E-16,0.902715235650478));
#3610=DIRECTION('',(0.,0.,1.));
#3611=DIRECTION('',(1.,-2.42830932770157E-16,0.));
#3612=DIRECTION('',(0.,0.,1.));
#3613=DIRECTION('',(1.,-2.42830932770157E-16,0.));
#3614=DIRECTION('',(0.,0.,-1.));
#3615=DIRECTION('',(1.,-2.42830932770157E-16,0.));
#3616=DIRECTION('',(0.,0.,-1.));
#3617=DIRECTION('',(-1.,2.42830932770157E-16,0.));
#3618=DIRECTION('',(0.,0.,-1.));
#3619=DIRECTION('',(-1.,2.42830932770157E-16,0.));
#3620=DIRECTION('',(1.,-2.42830932770157E-16,0.));
#3621=DIRECTION('',(-0.425814667422436,1.03400972877404E-16,0.904810405006441));
#3622=DIRECTION('',(0.,0.,-1.));
#3623=DIRECTION('center_axis',(2.42830932770157E-16,1.,0.));
#3624=DIRECTION('ref_axis',(-1.,2.42830932770157E-16,0.));
#3625=DIRECTION('center_axis',(2.42830932770157E-16,1.,0.));
#3626=DIRECTION('ref_axis',(-1.,2.42830932770157E-16,0.));
#3627=DIRECTION('',(0.,0.,-1.));
#3628=DIRECTION('',(0.0134312515575494,-3.26152334399034E-18,-0.999909796672479));
#3629=DIRECTION('',(1.,-2.42830932770157E-16,0.));
#3630=DIRECTION('',(0.,0.,-1.));
#3631=DIRECTION('',(-1.,2.42830932770157E-16,0.));
#3632=DIRECTION('',(-0.01560437575554,3.7892251200138E-18,0.999878244316417));
#3633=DIRECTION('',(1.,-2.42830932770157E-16,0.));
#3634=DIRECTION('',(0.,0.,1.));
#3635=DIRECTION('',(0.,0.,-1.));
#3636=DIRECTION('',(-1.,2.42830932770157E-16,0.));
#3637=DIRECTION('',(1.45695808451416E-15,-3.53794490669594E-31,1.));
#3638=DIRECTION('center_axis',(2.42830932770157E-16,1.,0.));
#3639=DIRECTION('ref_axis',(-1.,2.42830932770157E-16,0.));
#3640=DIRECTION('',(-3.68074409307547E-16,8.9379852140976E-32,-1.));
#3641=DIRECTION('',(0.,0.,1.));
#3642=DIRECTION('',(0.,0.,-1.));
#3643=DIRECTION('',(0.,0.,1.));
#3644=DIRECTION('center_axis',(2.42830932770157E-16,1.,0.));
#3645=DIRECTION('ref_axis',(-1.,2.42830932770157E-16,0.));
#3646=DIRECTION('center_axis',(2.42830932770157E-16,1.,0.));
#3647=DIRECTION('ref_axis',(-1.,2.42830932770157E-16,0.));
#3648=DIRECTION('',(0.392562776156771,-9.5326385104991E-17,0.919725212645652));
#3649=DIRECTION('',(0.999998755810825,-2.42830630642539E-16,-0.00157745897036443));
#3650=DIRECTION('',(-0.415051328712389,1.00787301298722E-16,-0.909797996554224));
#3651=DIRECTION('',(0.422114064145098,-1.02502351931756E-16,-0.906542727537378));
#3652=DIRECTION('',(-0.999998755810824,2.42830630642539E-16,0.00157745897038936));
#3653=DIRECTION('',(-0.404149889081594,9.81400945446389E-17,0.914692772003439));
#3654=DIRECTION('',(-0.38944975596064,9.45704475070321E-17,-0.921047711892385));
#3655=DIRECTION('',(-0.999998755810824,2.42830630642539E-16,0.00157745897039339));
#3656=DIRECTION('',(0.427289141856251,-1.03759020879513E-16,0.904115030984304));
#3657=DIRECTION('',(-0.427285150378368,1.03758051625216E-16,0.904116917365301));
#3658=DIRECTION('',(0.999998755810824,-2.42830630642539E-16,-0.0015774589704011));
#3659=DIRECTION('',(0.415511579169327,-1.00899064346489E-16,-0.909587888868477));
#3660=DIRECTION('center_axis',(2.42830932770157E-16,1.,0.));
#3661=DIRECTION('ref_axis',(-1.,2.42830932770157E-16,0.));
#3662=DIRECTION('',(0.00157745897039021,-3.83055833186507E-19,0.999998755810824));
#3663=DIRECTION('',(0.999998755810824,-2.42830630642539E-16,-0.00157745897041331));
#3664=DIRECTION('',(-0.00157745897039031,3.83055833186531E-19,-0.999998755810824));
#3665=DIRECTION('',(0.999998755810824,-2.42830630642539E-16,-0.00157745897038867));
#3666=DIRECTION('',(-0.00157745897038612,3.83055833185513E-19,-0.999998755810824));
#3667=DIRECTION('',(-0.999998755810824,2.42830630642539E-16,0.00157745897038837));
#3668=DIRECTION('',(0.00157745897038966,-3.83055833186373E-19,0.999998755810824));
#3669=DIRECTION('',(0.999998755810824,-2.42830630642539E-16,-0.0015774589703918));
#3670=DIRECTION('center_axis',(2.42830932770157E-16,1.,0.));
#3671=DIRECTION('ref_axis',(-1.,2.42830932770157E-16,0.));
#3672=DIRECTION('',(-0.999998755810824,2.42830630642539E-16,0.00157745897039067));
#3673=DIRECTION('',(0.496973529613907,-1.20680545758222E-16,-0.867765700441712));
#3674=DIRECTION('',(0.483719330718893,-1.17462016277425E-16,-0.875223176732007));
#3675=DIRECTION('',(-0.00157745897039014,3.83055833186488E-19,-0.999998755810824));
#3676=DIRECTION('',(-0.999998755810824,2.42830630642539E-16,0.0015774589703872));
#3677=DIRECTION('',(0.00157745897039119,-3.83055833186745E-19,0.999998755810824));
#3678=DIRECTION('',(0.999998755810824,-2.42830630642539E-16,-0.00157745897038958));
#3679=DIRECTION('',(-0.496972617768263,1.20680324333894E-16,0.867766222659398));
#3680=DIRECTION('',(-0.483729806876362,1.17464560212515E-16,0.875217386675652));
#3681=DIRECTION('',(0.00157745897039011,-3.83055833186481E-19,0.999998755810824));
#3682=DIRECTION('',(0.999998755810824,-2.42830630642539E-16,-0.00157745897038977));
#3683=DIRECTION('',(-0.00157745897039375,3.83055833187366E-19,-0.999998755810824));
#3684=DIRECTION('center_axis',(1.,-1.21415466385078E-16,0.));
#3685=DIRECTION('ref_axis',(0.,-0.70710678118654,0.707106781186555));
#3686=DIRECTION('',(-1.,1.21415466385078E-16,0.));
#3687=DIRECTION('center_axis',(0.707106781186548,-0.707106781186548,0.));
#3688=DIRECTION('ref_axis',(-0.707106781186547,-0.707106781186547,0.));
#3689=DIRECTION('',(1.,-1.21415466385078E-16,0.));
#3690=DIRECTION('center_axis',(0.707106781186548,0.707106781186548,0.));
#3691=DIRECTION('ref_axis',(0.707106781186547,-0.707106781186547,0.));
#3692=DIRECTION('center_axis',(0.,1.,0.));
#3693=DIRECTION('ref_axis',(0.70710678118654,0.,0.707106781186555));
#3694=DIRECTION('',(0.,1.,0.));
#3695=DIRECTION('center_axis',(4.4942038234629E-16,-1.,0.));
#3696=DIRECTION('ref_axis',(1.,4.4942038234629E-16,0.));
#3697=DIRECTION('',(0.,-1.,0.));
#3698=DIRECTION('center_axis',(0.,0.,1.));
#3699=DIRECTION('ref_axis',(1.,0.,0.));
#3700=DIRECTION('center_axis',(1.,-2.7755575615629E-15,0.));
#3701=DIRECTION('ref_axis',(2.7755575615629E-15,1.,0.));
#3702=DIRECTION('center_axis',(0.,0.,-1.));
#3703=DIRECTION('ref_axis',(0.707106781186548,0.707106781186547,0.));
#3704=DIRECTION('center_axis',(0.,0.,1.));
#3705=DIRECTION('ref_axis',(0.707106781186548,0.707106781186547,0.));
#3706=DIRECTION('center_axis',(-1.,2.42830932770157E-16,0.));
#3707=DIRECTION('ref_axis',(0.,0.70710678118654,0.707106781186555));
#3708=DIRECTION('center_axis',(1.,2.77555756156289E-15,0.));
#3709=DIRECTION('ref_axis',(-2.77555756156289E-15,1.,0.));
#3710=DIRECTION('',(1.,-2.42830932770157E-16,0.));
#3711=DIRECTION('',(-1.,2.42830932770157E-16,0.));
#3712=DIRECTION('center_axis',(0.,0.,1.));
#3713=DIRECTION('ref_axis',(1.,0.,0.));
#3714=DIRECTION('center_axis',(2.38786978334182E-15,1.,0.));
#3715=DIRECTION('ref_axis',(-1.,2.38786978334182E-15,0.));
#3716=DIRECTION('center_axis',(0.,0.,-1.));
#3717=DIRECTION('ref_axis',(-0.707106781186547,0.707106781186548,0.));
#3718=DIRECTION('center_axis',(0.,0.,1.));
#3719=DIRECTION('ref_axis',(-0.707106781186547,0.707106781186548,0.));
#3720=DIRECTION('center_axis',(0.,-1.,0.));
#3721=DIRECTION('ref_axis',(-0.70710678118654,0.,0.707106781186555));
#3722=DIRECTION('',(0.,1.,0.));
#3723=DIRECTION('',(0.,-1.,0.));
#3724=DIRECTION('center_axis',(0.,0.,1.));
#3725=DIRECTION('ref_axis',(1.,-1.01755782117962E-16,0.));
#3726=DIRECTION('',(0.,0.,1.));
#3727=DIRECTION('center_axis',(0.,0.,-1.));
#3728=DIRECTION('ref_axis',(0.707106781186548,0.707106781186547,0.));
#3729=DIRECTION('',(0.,0.,1.));
#3730=DIRECTION('center_axis',(1.,0.,0.));
#3731=DIRECTION('ref_axis',(0.,1.,0.));
#3732=DIRECTION('',(0.,0.,1.));
#3733=DIRECTION('',(0.,-1.,0.));
#3734=DIRECTION('center_axis',(-1.21415466385078E-16,-1.,0.));
#3735=DIRECTION('ref_axis',(1.,-1.21415466385078E-16,0.));
#3736=DIRECTION('',(0.,0.,1.));
#3737=DIRECTION('',(-1.,1.21415466385078E-16,0.));
#3738=DIRECTION('center_axis',(0.,0.,1.));
#3739=DIRECTION('ref_axis',(-1.,0.,0.));
#3740=DIRECTION('center_axis',(0.,1.,0.));
#3741=DIRECTION('ref_axis',(0.707106781186548,0.,-0.707106781186548));
#3742=DIRECTION('',(0.,1.,0.));
#3743=DIRECTION('center_axis',(4.4942038234629E-16,-1.,0.));
#3744=DIRECTION('ref_axis',(0.,0.,-1.));
#3745=DIRECTION('center_axis',(-0.707106781186548,-0.707106781186548,0.));
#3746=DIRECTION('ref_axis',(-0.707106781186547,0.707106781186547,0.));
#3747=DIRECTION('center_axis',(0.,0.,1.));
#3748=DIRECTION('ref_axis',(1.,0.,0.));
#3749=DIRECTION('center_axis',(1.,-2.7755575615629E-15,0.));
#3750=DIRECTION('ref_axis',(0.,0.,-1.));
#3751=DIRECTION('center_axis',(0.,0.,1.));
#3752=DIRECTION('ref_axis',(0.707106781186548,0.707106781186547,0.));
#3753=DIRECTION('center_axis',(1.,-2.42830932770157E-16,0.));
#3754=DIRECTION('ref_axis',(0.,0.707106781186548,-0.707106781186548));
#3755=DIRECTION('center_axis',(1.,2.77555756156289E-15,0.));
#3756=DIRECTION('ref_axis',(0.,0.,-1.));
#3757=DIRECTION('',(1.,-2.42830932770157E-16,0.));
#3758=DIRECTION('',(-1.,2.42830932770157E-16,0.));
#3759=DIRECTION('center_axis',(0.,0.,1.));
#3760=DIRECTION('ref_axis',(1.,0.,0.));
#3761=DIRECTION('center_axis',(2.38786978334182E-15,1.,0.));
#3762=DIRECTION('ref_axis',(0.,0.,-1.));
#3763=DIRECTION('center_axis',(0.,0.,-1.));
#3764=DIRECTION('ref_axis',(-0.707106781186547,0.707106781186548,0.));
#3765=DIRECTION('center_axis',(0.,0.,1.));
#3766=DIRECTION('ref_axis',(-0.707106781186547,0.707106781186548,0.));
#3767=DIRECTION('center_axis',(0.,-1.,0.));
#3768=DIRECTION('ref_axis',(-0.707106781186548,0.,-0.707106781186548));
#3769=DIRECTION('',(0.,1.,0.));
#3770=DIRECTION('',(0.,-1.,0.));
#3771=DIRECTION('center_axis',(-0.707106781186548,0.707106781186548,0.));
#3772=DIRECTION('ref_axis',(0.707106781186547,0.707106781186547,0.));
#3773=DIRECTION('center_axis',(1.,-1.21415466385078E-16,0.));
#3774=DIRECTION('ref_axis',(0.,-0.707106781186548,-0.707106781186548));
#3775=DIRECTION('',(1.,-1.21415466385078E-16,0.));
#3776=DIRECTION('center_axis',(-1.,0.,0.));
#3777=DIRECTION('ref_axis',(0.,-1.,0.));
#3778=DIRECTION('',(0.,0.,1.));
#3779=DIRECTION('center_axis',(0.,0.,1.));
#3780=DIRECTION('ref_axis',(-1.,0.,0.));
#3781=DIRECTION('center_axis',(2.42830932770157E-16,1.,0.));
#3782=DIRECTION('ref_axis',(-1.,2.42830932770157E-16,0.));
#3783=DIRECTION('',(0.,0.,1.));
#3784=DIRECTION('center_axis',(0.,0.,1.));
#3785=DIRECTION('ref_axis',(7.28492798310471E-16,1.,0.));
#3786=DIRECTION('',(0.,0.,1.));
#3787=DIRECTION('',(1.,0.,0.));
#3788=DIRECTION('',(0.,0.,1.));
#3789=DIRECTION('',(1.,0.,0.));
#3790=DIRECTION('center_axis',(0.,0.,1.));
#3791=DIRECTION('ref_axis',(1.,0.,0.));
#3792=CARTESIAN_POINT('',(0.,0.,0.));
#3793=CARTESIAN_POINT('',(0.,0.,0.));
#3794=CARTESIAN_POINT('Origin',(-1.36800000001163,-0.093,0.74699999999781));
#3795=CARTESIAN_POINT('',(-1.36799999999754,-0.22,2.54));
#3796=CARTESIAN_POINT('',(-1.49499999999754,-0.093,2.54));
#3797=CARTESIAN_POINT('Origin',(-1.36799999999754,-0.093,2.539999999999));
#3798=CARTESIAN_POINT('',(-1.49500000000259,-0.093,1.97400000000044));
#3799=CARTESIAN_POINT('',(-1.49500000001163,-0.093,0.746999999998807));
#3800=CARTESIAN_POINT('',(-1.36800000000199,-0.22,1.97400000000085));
#3801=CARTESIAN_POINT('Origin',(-1.36800000000199,-0.093,1.97399999999833));
#3802=CARTESIAN_POINT('',(-1.36800000001163,-0.22,0.74699999999781));
#3803=CARTESIAN_POINT('Origin',(-1.85500000000141,-0.22,-0.48));
#3804=CARTESIAN_POINT('',(-1.5950000000064,-0.22,1.97400000000012));
#3805=CARTESIAN_POINT('',(-1.5950000000064,-0.22,1.97400000000012));
#3806=CARTESIAN_POINT('',(-1.59500000000656,-0.22,1.52400000000012));
#3807=CARTESIAN_POINT('',(-1.59500000000656,-0.22,1.52400000000012));
#3808=CARTESIAN_POINT('',(-1.32033865887388,-0.22,1.52399999999983));
#3809=CARTESIAN_POINT('',(-1.49500000000552,-0.22,1.52400000000001));
#3810=CARTESIAN_POINT('',(-2.63799999999601,-0.22,0.128388410732252));
#3811=CARTESIAN_POINT('',(-2.62266224677804,-0.22,0.144633515203551));
#3812=CARTESIAN_POINT('',(-2.63799999999979,-0.22,-3.3));
#3813=CARTESIAN_POINT('',(-2.63799999999834,-0.22,-1.98999999999964));
#3814=CARTESIAN_POINT('',(-2.44200000000001,-0.22,-3.3));
#3815=CARTESIAN_POINT('',(-2.0850000000007,-0.22,-3.3));
#3816=CARTESIAN_POINT('',(-2.44200000000001,-0.22,-0.0504808921441385));
#3817=CARTESIAN_POINT('',(-2.44200000000001,-0.22,-0.24));
#3818=CARTESIAN_POINT('',(-2.37268883721458,-0.22,0.123892366724099));
#3819=CARTESIAN_POINT('Origin',(-2.18800000000001,-0.22,-0.0504808921441385));
#3820=CARTESIAN_POINT('',(-1.17200000000453,-0.22,1.39561158927074));
#3821=CARTESIAN_POINT('',(-1.78374876756666,-0.22,0.747672970231283));
#3822=CARTESIAN_POINT('',(-1.17200000000412,-0.22,1.52400000000001));
#3823=CARTESIAN_POINT('',(-1.17200000000729,-0.22,0.521999999999126));
#3824=CARTESIAN_POINT('',(-0.945000000004271,-0.22,1.52400000000001));
#3825=CARTESIAN_POINT('',(-0.945000000004271,-0.22,1.52400000000001));
#3826=CARTESIAN_POINT('',(-0.945000000002806,-0.22,1.97400000000011));
#3827=CARTESIAN_POINT('',(-0.945000000002806,-0.22,1.97400000000011));
#3828=CARTESIAN_POINT('',(-1.1720000000027,-0.22,1.97400000000012));
#3829=CARTESIAN_POINT('',(-1.0450000000027,-0.22,1.97400000000011));
#3830=CARTESIAN_POINT('',(-1.17200000000091,-0.22,2.54));
#3831=CARTESIAN_POINT('',(-1.17200000000569,-0.22,1.02999999999912));
#3832=CARTESIAN_POINT('',(-1.49499999999754,-0.22,2.54));
#3833=CARTESIAN_POINT('Origin',(-1.17200000000569,-0.093,1.02999999999912));
#3834=CARTESIAN_POINT('',(-1.04500000000091,-0.093,2.54));
#3835=CARTESIAN_POINT('Origin',(-1.17200000000091,-0.093,2.53999999999898));
#3836=CARTESIAN_POINT('',(-1.0450000000027,-0.093,1.97400000000011));
#3837=CARTESIAN_POINT('Origin',(-1.1720000000027,-0.093,1.97400000000052));
#3838=CARTESIAN_POINT('',(-1.04500000000569,-0.093,1.02999999999872));
#3839=CARTESIAN_POINT('Origin',(-1.04500000000091,0.,2.54));
#3840=CARTESIAN_POINT('',(-1.0450000000027,0.093,1.97400000000011));
#3841=CARTESIAN_POINT('',(-1.0450000000027,0.,1.97400000000011));
#3842=CARTESIAN_POINT('',(-1.04500000000091,0.093,2.54));
#3843=CARTESIAN_POINT('',(-1.04500000000569,0.093,1.02999999999872));
#3844=CARTESIAN_POINT('',(-1.04500000000091,0.,2.54));
#3845=CARTESIAN_POINT('Origin',(-2.63799999999601,-0.093,0.128388410732252));
#3846=CARTESIAN_POINT('',(-2.73034441860337,-0.093,0.21557504016629));
#3847=CARTESIAN_POINT('Origin',(-2.63799999999601,-0.093,0.128388410732252));
#3848=CARTESIAN_POINT('',(-2.76499999999601,-0.093,0.128388410732392));
#3849=CARTESIAN_POINT('Origin',(-2.63799999999601,-0.093,0.128388410732252));
#3850=CARTESIAN_POINT('Origin',(-2.63799999999601,-0.093,0.128388410732252));
#3851=CARTESIAN_POINT('Origin',(-2.63799999999601,0.093,0.128388410732252));
#3852=CARTESIAN_POINT('',(-2.76499999999601,0.093,0.128388410732392));
#3853=CARTESIAN_POINT('',(-2.63799999999601,0.22,0.128388410732252));
#3854=CARTESIAN_POINT('Origin',(-2.63799999999601,0.093,0.128388410732252));
#3855=CARTESIAN_POINT('',(-2.73034441860337,0.093,0.21557504016629));
#3856=CARTESIAN_POINT('Origin',(-2.63799999999601,0.093,0.128388410732252));
#3857=CARTESIAN_POINT('Origin',(-2.63799999999601,0.093,0.128388410732252));
#3858=CARTESIAN_POINT('Origin',(-2.63799999999601,0.,0.128388410732252));
#3859=CARTESIAN_POINT('',(-2.76499999999601,0.,0.128388410732392));
#3860=CARTESIAN_POINT('',(-2.73034441860337,0.,0.21557504016629));
#3861=CARTESIAN_POINT('Origin',(-2.62266224677804,0.093,0.144633515203551));
#3862=CARTESIAN_POINT('',(-1.49500000000552,0.093,1.52400000000001));
#3863=CARTESIAN_POINT('',(-1.32033865887388,0.22,1.52399999999983));
#3864=CARTESIAN_POINT('Origin',(-1.32033865887388,0.093,1.52399999999983));
#3865=CARTESIAN_POINT('',(-2.62266224677804,0.22,0.144633515203551));
#3866=CARTESIAN_POINT('',(-2.71500666538541,0.093,0.231820144637589));
#3867=CARTESIAN_POINT('Origin',(-2.63799999999834,0.093,-1.98999999999964));
#3868=CARTESIAN_POINT('',(-2.72780256121056,0.182802561210692,-3.37439487757862));
#3869=CARTESIAN_POINT('',(-2.76499999999979,0.093,-3.3));
#3870=CARTESIAN_POINT('Origin',(-2.63800000000007,0.093,-3.554));
#3871=CARTESIAN_POINT('',(-2.76499999999834,0.093,-1.9899999999995));
#3872=CARTESIAN_POINT('',(-2.63799999999979,0.22,-3.3));
#3873=CARTESIAN_POINT('',(-2.63799999999834,0.22,-1.98999999999964));
#3874=CARTESIAN_POINT('Origin',(-2.63800000000007,0.093,-3.554));
#3875=CARTESIAN_POINT('Origin',(-2.63799999999834,-0.093,-1.98999999999964));
#3876=CARTESIAN_POINT('',(-2.72780256121056,-0.182802561210692,-3.37439487757862));
#3877=CARTESIAN_POINT('Origin',(-2.63800000000007,-0.093,-3.554));
#3878=CARTESIAN_POINT('',(-2.76499999999979,-0.093,-3.3));
#3879=CARTESIAN_POINT('',(-2.76499999999834,-0.093,-1.9899999999995));
#3880=CARTESIAN_POINT('Origin',(-2.63800000000007,-0.093,-3.554));
#3881=CARTESIAN_POINT('Origin',(-2.62266224677804,-0.093,0.144633515203551));
#3882=CARTESIAN_POINT('',(-1.49500000000552,-0.093,1.52400000000001));
#3883=CARTESIAN_POINT('Origin',(-1.32033865887388,-0.093,1.52399999999983));
#3884=CARTESIAN_POINT('',(-2.71500666538541,-0.093,0.231820144637589));
#3885=CARTESIAN_POINT('Origin',(-2.0850000000007,0.17,-3.4));
#3886=CARTESIAN_POINT('',(-2.44200000000001,0.22,-3.3));
#3887=CARTESIAN_POINT('',(-2.0850000000007,0.22,-3.3));
#3888=CARTESIAN_POINT('',(-2.35219743878932,0.182802561210692,-3.37439487757862));
#3889=CARTESIAN_POINT('Origin',(-2.44200000000001,0.093,-3.554));
#3890=CARTESIAN_POINT('',(-2.41500000000001,0.12,-3.5));
#3891=CARTESIAN_POINT('',(-2.41500000000001,0.12,-3.5));
#3892=CARTESIAN_POINT('',(-2.66500000000001,0.12,-3.5));
#3893=CARTESIAN_POINT('',(-2.0850000000007,0.12,-3.5));
#3894=CARTESIAN_POINT('',(-2.76499999999979,0.22,-3.3));
#3895=CARTESIAN_POINT('Origin',(-1.85500000000141,0.22,-0.48));
#3896=CARTESIAN_POINT('',(-1.59500000000656,0.22,1.52400000000012));
#3897=CARTESIAN_POINT('',(-1.49500000000552,0.22,1.52400000000001));
#3898=CARTESIAN_POINT('',(-1.5950000000064,0.22,1.97400000000012));
#3899=CARTESIAN_POINT('',(-1.59500000000656,0.22,1.52400000000012));
#3900=CARTESIAN_POINT('',(-1.36800000000199,0.22,1.97400000000085));
#3901=CARTESIAN_POINT('',(-1.5950000000064,0.22,1.97400000000012));
#3902=CARTESIAN_POINT('',(-1.36799999999754,0.22,2.54));
#3903=CARTESIAN_POINT('',(-1.36800000001163,0.22,0.74699999999781));
#3904=CARTESIAN_POINT('',(-1.17200000000091,0.22,2.54));
#3905=CARTESIAN_POINT('',(-1.49499999999754,0.22,2.54));
#3906=CARTESIAN_POINT('',(-1.1720000000027,0.22,1.97400000000012));
#3907=CARTESIAN_POINT('',(-1.17200000000569,0.22,1.02999999999912));
#3908=CARTESIAN_POINT('',(-0.945000000002806,0.22,1.97400000000011));
#3909=CARTESIAN_POINT('',(-1.0450000000027,0.22,1.97400000000011));
#3910=CARTESIAN_POINT('',(-0.945000000004271,0.22,1.52400000000001));
#3911=CARTESIAN_POINT('',(-0.945000000002806,0.22,1.97400000000011));
#3912=CARTESIAN_POINT('',(-1.17200000000412,0.22,1.52400000000001));
#3913=CARTESIAN_POINT('',(-0.945000000004271,0.22,1.52400000000001));
#3914=CARTESIAN_POINT('',(-1.17200000000453,0.22,1.39561158927074));
#3915=CARTESIAN_POINT('',(-1.17200000000729,0.22,0.521999999999126));
#3916=CARTESIAN_POINT('',(-2.37268883721458,0.22,0.123892366724099));
#3917=CARTESIAN_POINT('',(-1.78374876756666,0.22,0.747672970231283));
#3918=CARTESIAN_POINT('',(-2.44200000000001,0.22,-0.0504808921441385));
#3919=CARTESIAN_POINT('Origin',(-2.18800000000001,0.22,-0.0504808921441386));
#3920=CARTESIAN_POINT('',(-2.44200000000001,0.22,-0.24));
#3921=CARTESIAN_POINT('Origin',(-2.76499999999595,0.,0.178869302876385));
#3922=CARTESIAN_POINT('',(-1.49500000000552,0.,1.52400000000001));
#3923=CARTESIAN_POINT('Origin',(-1.17200000000729,-0.093,0.521999999999126));
#3924=CARTESIAN_POINT('',(-1.04500000000469,-0.093,1.34513069712643));
#3925=CARTESIAN_POINT('',(-1.0450000000041,-0.093,1.52400000000001));
#3926=CARTESIAN_POINT('',(-1.04500000000729,-0.093,0.521999999998724));
#3927=CARTESIAN_POINT('Origin',(-1.17200000000412,-0.093,1.52400000000073));
#3928=CARTESIAN_POINT('Origin',(-1.17200000000453,-0.093,1.39561158927074));
#3929=CARTESIAN_POINT('Origin',(-2.18800000000001,-0.093,-0.0504808921441385));
#3930=CARTESIAN_POINT('',(-2.31500000000001,-0.093,-0.0504808921441385));
#3931=CARTESIAN_POINT('Origin',(-2.44200000000001,-0.093,-0.0504808921441385));
#3932=CARTESIAN_POINT('',(-2.28034441860729,-0.093,0.0367057372899803));
#3933=CARTESIAN_POINT('Origin',(-2.18800000000001,-0.093,-0.0504808921441385));
#3934=CARTESIAN_POINT('Origin',(-2.37268883721458,-0.093,0.123892366724099));
#3935=CARTESIAN_POINT('Origin',(-2.18800000000001,0.0930000000000012,-0.0504808921441385));
#3936=CARTESIAN_POINT('',(-2.28034441860729,0.093,0.0367057372899804));
#3937=CARTESIAN_POINT('Origin',(-2.37268883721458,0.093,0.123892366724099));
#3938=CARTESIAN_POINT('',(-2.31500000000001,0.093,-0.0504808921441385));
#3939=CARTESIAN_POINT('Origin',(-2.18800000000001,0.093,-0.0504808921441385));
#3940=CARTESIAN_POINT('Origin',(-2.44200000000001,0.093,-0.0504808921441385));
#3941=CARTESIAN_POINT('Origin',(-2.18800000000001,0.,-0.0504808921441385));
#3942=CARTESIAN_POINT('',(-2.28034441860729,0.,0.0367057372899804));
#3943=CARTESIAN_POINT('',(-2.31500000000001,0.,-0.0504808921441385));
#3944=CARTESIAN_POINT('Origin',(-2.44200000000001,0.093,-0.24));
#3945=CARTESIAN_POINT('',(-2.31500000000001,0.093,-3.3));
#3946=CARTESIAN_POINT('',(-2.31500000000001,0.093,-0.24));
#3947=CARTESIAN_POINT('Origin',(-2.44200000000001,0.093,-3.554));
#3948=CARTESIAN_POINT('Origin',(-1.78374876756666,0.093,0.747672970231283));
#3949=CARTESIAN_POINT('',(-1.04500000000469,0.093,1.34513069712643));
#3950=CARTESIAN_POINT('',(-1.69140434895937,0.093,0.660486340797164));
#3951=CARTESIAN_POINT('Origin',(-1.17200000000453,0.093,1.39561158927074));
#3952=CARTESIAN_POINT('Origin',(-1.17200000000729,0.093,0.521999999999126));
#3953=CARTESIAN_POINT('',(-1.0450000000041,0.093,1.52400000000001));
#3954=CARTESIAN_POINT('Origin',(-1.17200000000412,0.093,1.52400000000073));
#3955=CARTESIAN_POINT('',(-1.04500000000729,0.093,0.521999999998724));
#3956=CARTESIAN_POINT('Origin',(-1.78374876756666,-0.093,0.747672970231283));
#3957=CARTESIAN_POINT('',(-1.69140434895937,-0.093,0.660486340797164));
#3958=CARTESIAN_POINT('Origin',(-2.44200000000001,-0.093,-0.24));
#3959=CARTESIAN_POINT('',(-2.35219743878932,-0.182802561210692,-3.37439487757862));
#3960=CARTESIAN_POINT('',(-2.31500000000001,-0.093,-3.3));
#3961=CARTESIAN_POINT('Origin',(-2.44200000000001,-0.093,-3.554));
#3962=CARTESIAN_POINT('',(-2.31500000000001,-0.093,-0.24));
#3963=CARTESIAN_POINT('Origin',(-2.44200000000001,-0.093,-3.554));
#3964=CARTESIAN_POINT('Origin',(-2.31500000000001,0.,-2.20106279358541E-32));
#3965=CARTESIAN_POINT('',(-2.31500000000001,0.,-3.3));
#3966=CARTESIAN_POINT('Origin',(-2.36500000000001,0.,-3.4));
#3967=CARTESIAN_POINT('',(-2.41500000000001,-0.12,-3.5));
#3968=CARTESIAN_POINT('',(-2.31500000000001,-0.22,-3.3));
#3969=CARTESIAN_POINT('',(-2.41500000000001,0.,-3.5));
#3970=CARTESIAN_POINT('Origin',(-1.36800000001163,0.093,0.74699999999781));
#3971=CARTESIAN_POINT('',(-1.49499999999754,0.093,2.54));
#3972=CARTESIAN_POINT('Origin',(-1.36799999999754,0.093,2.539999999999));
#3973=CARTESIAN_POINT('',(-1.49500000000259,0.093,1.97400000000044));
#3974=CARTESIAN_POINT('Origin',(-1.36800000000199,0.093,1.97399999999833));
#3975=CARTESIAN_POINT('',(-1.49500000001163,0.093,0.746999999998807));
#3976=CARTESIAN_POINT('Origin',(-1.49500000000199,0.,1.97400000000044));
#3977=CARTESIAN_POINT('',(-1.49499999999754,0.,2.54));
#3978=CARTESIAN_POINT('',(-1.49500000000259,0.,1.97400000000044));
#3979=CARTESIAN_POINT('Origin',(-1.17200000000569,0.093,1.02999999999912));
#3980=CARTESIAN_POINT('Origin',(-1.17200000000091,0.093,2.53999999999898));
#3981=CARTESIAN_POINT('Origin',(-1.1720000000027,0.093,1.97400000000052));
#3982=CARTESIAN_POINT('Origin',(-2.7149999999999,0.,-3.4));
#3983=CARTESIAN_POINT('',(-2.66500000000001,-0.12,-3.5));
#3984=CARTESIAN_POINT('',(-2.66500000000001,0.,-3.5));
#3985=CARTESIAN_POINT('',(-2.66500000000001,-0.12,-3.5));
#3986=CARTESIAN_POINT('',(-2.76499999999979,0.,-3.3));
#3987=CARTESIAN_POINT('Origin',(-2.0850000000007,-0.17,-3.4));
#3988=CARTESIAN_POINT('',(-2.0850000000007,-0.12,-3.5));
#3989=CARTESIAN_POINT('Origin',(-2.31500000000001,0.,-3.5));
#3990=CARTESIAN_POINT('Origin',(-0.945000000002806,0.,1.97400000000011));
#3991=CARTESIAN_POINT('',(-0.945000000004271,0.,1.52400000000001));
#3992=CARTESIAN_POINT('',(-0.945000000002806,0.,1.97400000000011));
#3993=CARTESIAN_POINT('Origin',(-1.0450000000027,0.,1.97400000000011));
#3994=CARTESIAN_POINT('Origin',(-1.49499999999754,0.,2.54));
#3995=CARTESIAN_POINT('Origin',(-1.5950000000064,0.,1.97400000000012));
#3996=CARTESIAN_POINT('',(-1.5950000000064,0.,1.97400000000012));
#3997=CARTESIAN_POINT('Origin',(-1.59500000000656,0.,1.52400000000012));
#3998=CARTESIAN_POINT('',(-1.59500000000656,0.,1.52400000000012));
#3999=CARTESIAN_POINT('Origin',(-1.49500000000552,0.,1.52400000000001));
#4000=CARTESIAN_POINT('Origin',(-2.76500000000001,0.,-3.5));
#4001=CARTESIAN_POINT('Origin',(-1.04500000000469,0.,1.34513069712643));
#4002=CARTESIAN_POINT('',(-1.04500000000469,0.,1.34513069712643));
#4003=CARTESIAN_POINT('Origin',(-1.04500000000412,0.,1.52400000000001));
#4004=CARTESIAN_POINT('',(-1.0450000000041,0.,1.52400000000001));
#4005=CARTESIAN_POINT('Origin',(-0.945000000004271,0.,1.52400000000001));
#4006=CARTESIAN_POINT('Origin',(-0.0980000000009162,-0.093,-1.98999999999999));
#4007=CARTESIAN_POINT('',(-0.187802561210822,-0.182802561210692,-3.37439487757862));
#4008=CARTESIAN_POINT('',(-0.0980000000001723,-0.22,-3.3));
#4009=CARTESIAN_POINT('Origin',(-0.098000000000028,-0.093,-3.554));
#4010=CARTESIAN_POINT('',(-0.0980000000029118,-0.22,1.524));
#4011=CARTESIAN_POINT('',(-0.0980000000009162,-0.22,-1.98999999999999));
#4012=CARTESIAN_POINT('',(-0.225000000002912,-0.093,1.524));
#4013=CARTESIAN_POINT('Origin',(-0.0980000000029118,-0.093,1.52400000000007));
#4014=CARTESIAN_POINT('',(-0.225000000000172,-0.093,-3.3));
#4015=CARTESIAN_POINT('',(-0.225000000000916,-0.093,-1.99000000000006));
#4016=CARTESIAN_POINT('Origin',(-0.098000000000028,-0.093,-3.554));
#4017=CARTESIAN_POINT('Origin',(-4.50889325875892E-13,-0.22,-0.48));
#4018=CARTESIAN_POINT('',(-0.325000000002308,-0.22,1.524));
#4019=CARTESIAN_POINT('',(-0.325000000002308,-0.22,1.524));
#4020=CARTESIAN_POINT('',(0.224999999999969,-0.22,-3.3));
#4021=CARTESIAN_POINT('',(0.112499999999745,-0.22,-3.3));
#4022=CARTESIAN_POINT('',(0.225000000000636,-0.22,1.52399999999985));
#4023=CARTESIAN_POINT('',(0.224999999999941,-0.22,-3.5));
#4024=CARTESIAN_POINT('',(0.325000000001406,-0.22,1.52399999999982));
#4025=CARTESIAN_POINT('',(0.225000000000636,-0.22,1.52399999999985));
#4026=CARTESIAN_POINT('',(0.325000000001386,-0.22,1.97399999999982));
#4027=CARTESIAN_POINT('',(0.325000000001406,-0.22,1.52399999999982));
#4028=CARTESIAN_POINT('',(0.0980000000015927,-0.22,1.97399999999982));
#4029=CARTESIAN_POINT('',(0.325000000001386,-0.22,1.97399999999982));
#4030=CARTESIAN_POINT('',(0.0980000000063013,-0.22,2.54));
#4031=CARTESIAN_POINT('',(0.0979999999937396,-0.22,1.03000000000012));
#4032=CARTESIAN_POINT('',(-0.0979999999968851,-0.22,2.54));
#4033=CARTESIAN_POINT('',(0.225000000006301,-0.22,2.54));
#4034=CARTESIAN_POINT('',(-0.0980000000016801,-0.22,1.97399999999982));
#4035=CARTESIAN_POINT('',(-0.0980000000120748,-0.22,0.746999999999788));
#4036=CARTESIAN_POINT('',(-0.325000000002301,-0.22,1.97399999999982));
#4037=CARTESIAN_POINT('',(-0.22500000000168,-0.22,1.97399999999982));
#4038=CARTESIAN_POINT('',(-0.325000000002301,-0.22,1.97399999999982));
#4039=CARTESIAN_POINT('Origin',(0.112499999999745,-0.17,-3.4));
#4040=CARTESIAN_POINT('',(-0.125000000000059,-0.12,-3.5));
#4041=CARTESIAN_POINT('',(-0.125000000000059,-0.12,-3.5));
#4042=CARTESIAN_POINT('',(0.124999999999941,-0.12,-3.5));
#4043=CARTESIAN_POINT('',(0.112499999999745,-0.12,-3.5));
#4044=CARTESIAN_POINT('',(0.224999999999969,-0.22,-3.3));
#4045=CARTESIAN_POINT('Origin',(-0.175000000000115,0.,-3.4));
#4046=CARTESIAN_POINT('',(-0.225000000000172,0.093,-3.3));
#4047=CARTESIAN_POINT('',(-0.225000000000172,0.,-3.3));
#4048=CARTESIAN_POINT('',(-0.187802561210822,0.182802561210692,-3.37439487757862));
#4049=CARTESIAN_POINT('Origin',(-0.098000000000028,0.093,-3.554));
#4050=CARTESIAN_POINT('',(-0.125000000000059,0.12,-3.5));
#4051=CARTESIAN_POINT('',(-0.225000000000172,0.22,-3.3));
#4052=CARTESIAN_POINT('',(-0.125000000000059,0.,-3.5));
#4053=CARTESIAN_POINT('Origin',(-0.0980000000120748,-0.093,0.746999999999788));
#4054=CARTESIAN_POINT('',(-0.224999999996885,-0.093,2.54));
#4055=CARTESIAN_POINT('Origin',(-0.0979999999968851,-0.093,2.53999999999892));
#4056=CARTESIAN_POINT('',(-0.22500000000168,-0.093,1.97399999999982));
#4057=CARTESIAN_POINT('',(-0.225000000012075,-0.093,0.747000000000864));
#4058=CARTESIAN_POINT('Origin',(-0.0980000000016801,-0.093,1.9739999999979));
#4059=CARTESIAN_POINT('Origin',(0.0979999999937396,-0.093,1.03000000000012));
#4060=CARTESIAN_POINT('',(0.225000000006301,-0.093,2.54));
#4061=CARTESIAN_POINT('Origin',(0.0980000000063013,-0.093,2.53999999999731));
#4062=CARTESIAN_POINT('',(0.225000000001593,-0.093,1.97399999999982));
#4063=CARTESIAN_POINT('Origin',(0.0980000000015927,-0.093,1.97400000000088));
#4064=CARTESIAN_POINT('',(0.22499999999374,-0.093,1.02999999999906));
#4065=CARTESIAN_POINT('Origin',(0.225000000006301,0.,2.54));
#4066=CARTESIAN_POINT('',(0.225000000001593,0.093,1.97399999999982));
#4067=CARTESIAN_POINT('',(0.225000000001593,0.,1.97399999999982));
#4068=CARTESIAN_POINT('',(0.225000000006301,0.093,2.54));
#4069=CARTESIAN_POINT('',(0.22499999999374,0.093,1.02999999999906));
#4070=CARTESIAN_POINT('',(0.225000000006301,0.,2.54));
#4071=CARTESIAN_POINT('Origin',(-0.0980000000009162,0.093,-1.98999999999999));
#4072=CARTESIAN_POINT('',(-0.225000000002912,0.093,1.524));
#4073=CARTESIAN_POINT('',(-0.225000000000916,0.093,-1.99000000000006));
#4074=CARTESIAN_POINT('',(-0.0980000000029118,0.22,1.524));
#4075=CARTESIAN_POINT('Origin',(-0.0980000000029118,0.093,1.52400000000007));
#4076=CARTESIAN_POINT('',(-0.0980000000001723,0.22,-3.3));
#4077=CARTESIAN_POINT('',(-0.0980000000009162,0.22,-1.98999999999999));
#4078=CARTESIAN_POINT('Origin',(-0.098000000000028,0.093,-3.554));
#4079=CARTESIAN_POINT('Origin',(0.112499999999745,0.17,-3.4));
#4080=CARTESIAN_POINT('',(0.097999999999969,0.22,-3.3));
#4081=CARTESIAN_POINT('',(0.112499999999745,0.22,-3.3));
#4082=CARTESIAN_POINT('',(0.18780256121065,0.182802561210692,-3.37439487757862));
#4083=CARTESIAN_POINT('Origin',(0.0979999999999339,0.093,-3.554));
#4084=CARTESIAN_POINT('',(0.124999999999941,0.12,-3.5));
#4085=CARTESIAN_POINT('',(0.124999999999941,0.12,-3.5));
#4086=CARTESIAN_POINT('',(0.112499999999745,0.12,-3.5));
#4087=CARTESIAN_POINT('Origin',(-4.50889325875892E-13,0.22,-0.48));
#4088=CARTESIAN_POINT('',(-0.325000000002308,0.22,1.524));
#4089=CARTESIAN_POINT('',(-0.325000000002308,0.22,1.524));
#4090=CARTESIAN_POINT('',(-0.325000000002301,0.22,1.97399999999982));
#4091=CARTESIAN_POINT('',(-0.325000000002301,0.22,1.97399999999982));
#4092=CARTESIAN_POINT('',(-0.0980000000016801,0.22,1.97399999999982));
#4093=CARTESIAN_POINT('',(-0.22500000000168,0.22,1.97399999999982));
#4094=CARTESIAN_POINT('',(-0.0979999999968851,0.22,2.54));
#4095=CARTESIAN_POINT('',(-0.0980000000120748,0.22,0.746999999999788));
#4096=CARTESIAN_POINT('',(0.0980000000063013,0.22,2.54));
#4097=CARTESIAN_POINT('',(0.225000000006301,0.22,2.54));
#4098=CARTESIAN_POINT('',(0.0980000000015927,0.22,1.97399999999982));
#4099=CARTESIAN_POINT('',(0.0979999999937396,0.22,1.03000000000012));
#4100=CARTESIAN_POINT('',(0.325000000001386,0.22,1.97399999999982));
#4101=CARTESIAN_POINT('',(0.325000000001386,0.22,1.97399999999982));
#4102=CARTESIAN_POINT('',(0.325000000001406,0.22,1.52399999999982));
#4103=CARTESIAN_POINT('',(0.325000000001406,0.22,1.52399999999982));
#4104=CARTESIAN_POINT('',(0.0980000000006363,0.22,1.52399999999989));
#4105=CARTESIAN_POINT('',(0.225000000000636,0.22,1.52399999999985));
#4106=CARTESIAN_POINT('',(0.0980000000004977,0.22,0.521999999999927));
#4107=CARTESIAN_POINT('Origin',(0.0980000000004977,0.093,0.521999999999927));
#4108=CARTESIAN_POINT('',(0.225000000000636,0.093,1.52399999999985));
#4109=CARTESIAN_POINT('Origin',(0.0980000000006363,0.093,1.52399999999985));
#4110=CARTESIAN_POINT('',(0.224999999999969,0.093,-3.3));
#4111=CARTESIAN_POINT('',(0.225000000000498,0.093,0.52199999999991));
#4112=CARTESIAN_POINT('Origin',(0.0979999999999339,0.093,-3.554));
#4113=CARTESIAN_POINT('Origin',(0.174999999999955,0.,-3.4));
#4114=CARTESIAN_POINT('',(0.224999999999969,0.,-3.3));
#4115=CARTESIAN_POINT('',(0.124999999999941,0.,-3.5));
#4116=CARTESIAN_POINT('Origin',(-0.0980000000120748,0.093,0.746999999999788));
#4117=CARTESIAN_POINT('',(-0.224999999996885,0.093,2.54));
#4118=CARTESIAN_POINT('Origin',(-0.0979999999968851,0.093,2.53999999999892));
#4119=CARTESIAN_POINT('',(-0.22500000000168,0.093,1.97399999999982));
#4120=CARTESIAN_POINT('Origin',(-0.0980000000016801,0.093,1.9739999999979));
#4121=CARTESIAN_POINT('',(-0.225000000012075,0.093,0.747000000000864));
#4122=CARTESIAN_POINT('Origin',(-0.22500000000168,0.,1.97399999999982));
#4123=CARTESIAN_POINT('',(-0.224999999996885,0.,2.54));
#4124=CARTESIAN_POINT('',(-0.22500000000168,0.,1.97399999999982));
#4125=CARTESIAN_POINT('Origin',(0.0979999999937396,0.093,1.03000000000012));
#4126=CARTESIAN_POINT('Origin',(0.0980000000063013,0.093,2.53999999999731));
#4127=CARTESIAN_POINT('Origin',(0.0980000000015927,0.093,1.97400000000088));
#4128=CARTESIAN_POINT('Origin',(0.225000000000636,0.,1.52399999999985));
#4129=CARTESIAN_POINT('',(0.225000000000636,0.,1.52399999999985));
#4130=CARTESIAN_POINT('Origin',(0.224999999999941,0.,-3.5));
#4131=CARTESIAN_POINT('Origin',(-0.224999999996885,0.,2.54));
#4132=CARTESIAN_POINT('Origin',(-0.325000000002301,0.,1.97399999999982));
#4133=CARTESIAN_POINT('',(-0.325000000002301,0.,1.97399999999982));
#4134=CARTESIAN_POINT('Origin',(-0.325000000002308,0.,1.524));
#4135=CARTESIAN_POINT('',(-0.325000000002308,0.,1.524));
#4136=CARTESIAN_POINT('Origin',(-0.225000000002912,0.,1.524));
#4137=CARTESIAN_POINT('',(-0.225000000002912,0.,1.524));
#4138=CARTESIAN_POINT('Origin',(-0.225000000000059,0.,-3.5));
#4139=CARTESIAN_POINT('Origin',(0.325000000001406,0.,1.52399999999982));
#4140=CARTESIAN_POINT('',(0.325000000001406,0.,1.52399999999982));
#4141=CARTESIAN_POINT('Origin',(0.325000000001386,0.,1.97399999999982));
#4142=CARTESIAN_POINT('',(0.325000000001386,0.,1.97399999999982));
#4143=CARTESIAN_POINT('Origin',(0.225000000001593,0.,1.97399999999982));
#4144=CARTESIAN_POINT('Origin',(1.36799999991184,-0.093,1.03000000000242));
#4145=CARTESIAN_POINT('',(1.49499999992374,-0.093,2.54));
#4146=CARTESIAN_POINT('',(1.36799999992374,-0.22,2.54));
#4147=CARTESIAN_POINT('Origin',(1.36799999992374,-0.093,2.53999999999745));
#4148=CARTESIAN_POINT('',(1.36799999991928,-0.22,1.97399999999983));
#4149=CARTESIAN_POINT('',(1.36799999991184,-0.22,1.03000000000242));
#4150=CARTESIAN_POINT('',(1.49499999992093,-0.093,1.97399999999983));
#4151=CARTESIAN_POINT('Origin',(1.36799999991928,-0.093,1.97400000000083));
#4152=CARTESIAN_POINT('',(1.49499999991184,-0.093,1.03000000000142));
#4153=CARTESIAN_POINT('Origin',(1.85499999996248,-0.22,-0.480000000000004));
#4154=CARTESIAN_POINT('',(1.59499999991703,-0.22,1.97399999999983));
#4155=CARTESIAN_POINT('',(1.49499999992093,-0.22,1.97399999999983));
#4156=CARTESIAN_POINT('',(1.17199999992374,-0.22,2.54));
#4157=CARTESIAN_POINT('',(1.04499999992374,-0.22,2.54));
#4158=CARTESIAN_POINT('',(1.17199999991971,-0.22,1.97399999999981));
#4159=CARTESIAN_POINT('',(1.17199999991097,-0.22,0.747000000001883));
#4160=CARTESIAN_POINT('',(0.944999999920951,-0.22,1.97399999999981));
#4161=CARTESIAN_POINT('',(1.04499999992137,-0.22,1.97399999999981));
#4162=CARTESIAN_POINT('',(0.94499999992098,-0.22,1.52399999999981));
#4163=CARTESIAN_POINT('',(0.944999999920951,-0.22,1.97399999999981));
#4164=CARTESIAN_POINT('',(1.17199999991651,-0.22,1.52399999999983));
#4165=CARTESIAN_POINT('',(0.94499999992098,-0.22,1.52399999999981));
#4166=CARTESIAN_POINT('',(1.17199999991559,-0.22,1.39561158926287));
#4167=CARTESIAN_POINT('',(1.17199999990874,-0.22,0.432565348560104));
#4168=CARTESIAN_POINT('',(2.37268883720778,-0.22,0.123892366728427));
#4169=CARTESIAN_POINT('',(2.41874876754333,-0.22,0.0751076216912158));
#4170=CARTESIAN_POINT('',(2.44199999999999,-0.22,-0.0504808921470015));
#4171=CARTESIAN_POINT('Origin',(2.18799999999999,-0.22,-0.0504808921470017));
#4172=CARTESIAN_POINT('',(2.44199999999999,-0.22,-3.30000000000001));
#4173=CARTESIAN_POINT('',(2.44199999999999,-0.22,-1.99));
#4174=CARTESIAN_POINT('',(2.76500000000021,-0.22,-3.30000000000001));
#4175=CARTESIAN_POINT('',(2.30999999998123,-0.22,-3.30000000000001));
#4176=CARTESIAN_POINT('',(2.76500000000395,-0.22,0.128388410724668));
#4177=CARTESIAN_POINT('',(2.765000000004,-0.22,0.178869302871522));
#4178=CARTESIAN_POINT('',(2.73034441860811,-0.22,0.215575040162235));
#4179=CARTESIAN_POINT('Origin',(2.63800000000395,-0.22,0.128388410724806));
#4180=CARTESIAN_POINT('',(1.49499999991738,-0.22,1.52399999999983));
#4181=CARTESIAN_POINT('',(1.49499999991573,-0.22,1.52399999999983));
#4182=CARTESIAN_POINT('',(1.59499999991697,-0.22,1.52399999999983));
#4183=CARTESIAN_POINT('',(1.59499999991697,-0.22,1.52399999999983));
#4184=CARTESIAN_POINT('',(1.59499999991703,-0.22,1.97399999999983));
#4185=CARTESIAN_POINT('Origin',(1.04499999992374,0.,2.54));
#4186=CARTESIAN_POINT('',(1.49499999992374,0.093,2.54));
#4187=CARTESIAN_POINT('',(1.49499999992374,0.,2.54));
#4188=CARTESIAN_POINT('',(1.36799999992374,0.22,2.54));
#4189=CARTESIAN_POINT('Origin',(1.36799999992374,0.093,2.53999999999745));
#4190=CARTESIAN_POINT('',(1.17199999992374,0.22,2.54));
#4191=CARTESIAN_POINT('',(1.04499999992374,0.22,2.54));
#4192=CARTESIAN_POINT('',(1.04499999992374,0.093,2.54));
#4193=CARTESIAN_POINT('Origin',(1.17199999992374,0.093,2.53999999999909));
#4194=CARTESIAN_POINT('',(1.04499999992374,-0.093,2.54));
#4195=CARTESIAN_POINT('',(1.04499999992374,0.,2.54));
#4196=CARTESIAN_POINT('Origin',(1.17199999992374,-0.093,2.53999999999909));
#4197=CARTESIAN_POINT('Origin',(1.17199999991097,-0.093,0.747000000001883));
#4198=CARTESIAN_POINT('',(1.04499999992137,-0.093,1.97399999999981));
#4199=CARTESIAN_POINT('',(1.04499999991097,-0.093,0.747000000002788));
#4200=CARTESIAN_POINT('Origin',(1.17199999991971,-0.093,1.9739999999982));
#4201=CARTESIAN_POINT('Origin',(1.04499999991971,0.,1.97399999999981));
#4202=CARTESIAN_POINT('',(1.04499999992137,0.093,1.97399999999981));
#4203=CARTESIAN_POINT('',(1.04499999991097,0.093,0.747000000002788));
#4204=CARTESIAN_POINT('',(1.04499999992137,0.,1.97399999999981));
#4205=CARTESIAN_POINT('Origin',(1.17199999991097,0.093,0.747000000001883));
#4206=CARTESIAN_POINT('',(1.17199999991971,0.22,1.97399999999981));
#4207=CARTESIAN_POINT('',(1.17199999991097,0.22,0.747000000001883));
#4208=CARTESIAN_POINT('Origin',(1.17199999991971,0.093,1.9739999999982));
#4209=CARTESIAN_POINT('Origin',(1.85499999996248,0.22,-0.480000000000004));
#4210=CARTESIAN_POINT('',(0.944999999920951,0.22,1.97399999999981));
#4211=CARTESIAN_POINT('',(1.04499999992137,0.22,1.97399999999981));
#4212=CARTESIAN_POINT('',(1.36799999991928,0.22,1.97399999999983));
#4213=CARTESIAN_POINT('',(1.36799999991184,0.22,1.03000000000242));
#4214=CARTESIAN_POINT('',(1.59499999991703,0.22,1.97399999999983));
#4215=CARTESIAN_POINT('',(1.49499999992093,0.22,1.97399999999983));
#4216=CARTESIAN_POINT('',(1.59499999991697,0.22,1.52399999999983));
#4217=CARTESIAN_POINT('',(1.59499999991703,0.22,1.97399999999983));
#4218=CARTESIAN_POINT('',(1.32033865877785,0.22,1.52399999999983));
#4219=CARTESIAN_POINT('',(1.59499999991697,0.22,1.52399999999983));
#4220=CARTESIAN_POINT('',(2.63800000000395,0.22,0.128388410724806));
#4221=CARTESIAN_POINT('',(1.98766224671728,0.22,0.817198863785082));
#4222=CARTESIAN_POINT('',(2.63800000000021,0.22,-3.30000000000001));
#4223=CARTESIAN_POINT('',(2.63800000000364,0.22,-0.150565348564598));
#4224=CARTESIAN_POINT('',(2.44199999999999,0.22,-3.30000000000001));
#4225=CARTESIAN_POINT('',(2.30999999998123,0.22,-3.30000000000001));
#4226=CARTESIAN_POINT('',(2.44199999999999,0.22,-0.0504808921470015));
#4227=CARTESIAN_POINT('',(2.44199999999999,0.22,-1.99));
#4228=CARTESIAN_POINT('',(2.37268883720778,0.22,0.123892366728427));
#4229=CARTESIAN_POINT('Origin',(2.18799999999999,0.22,-0.0504808921470017));
#4230=CARTESIAN_POINT('',(1.17199999991559,0.22,1.39561158926287));
#4231=CARTESIAN_POINT('',(2.41874876754333,0.22,0.0751076216912158));
#4232=CARTESIAN_POINT('',(1.17199999991651,0.22,1.52399999999983));
#4233=CARTESIAN_POINT('',(1.17199999990874,0.22,0.432565348560104));
#4234=CARTESIAN_POINT('',(0.94499999992098,0.22,1.52399999999981));
#4235=CARTESIAN_POINT('',(0.94499999992098,0.22,1.52399999999981));
#4236=CARTESIAN_POINT('',(0.944999999920951,0.22,1.97399999999981));
#4237=CARTESIAN_POINT('Origin',(1.36799999991184,0.093,1.03000000000242));
#4238=CARTESIAN_POINT('',(1.49499999992093,0.093,1.97399999999983));
#4239=CARTESIAN_POINT('',(1.49499999991184,0.093,1.03000000000142));
#4240=CARTESIAN_POINT('Origin',(1.36799999991928,0.093,1.97400000000083));
#4241=CARTESIAN_POINT('Origin',(2.18799999999999,-0.093,-0.0504808921470015));
#4242=CARTESIAN_POINT('',(2.28034441860388,-0.093,0.0367057372907128));
#4243=CARTESIAN_POINT('Origin',(2.37268883720778,-0.093,0.123892366728427));
#4244=CARTESIAN_POINT('',(2.31499999999999,-0.093,-0.0504808921470015));
#4245=CARTESIAN_POINT('Origin',(2.18799999999999,-0.093,-0.0504808921470015));
#4246=CARTESIAN_POINT('Origin',(2.44199999999999,-0.093,-0.0504808921470015));
#4247=CARTESIAN_POINT('Origin',(1.17199999990874,0.093,0.432565348560104));
#4248=CARTESIAN_POINT('',(1.04499999991523,0.093,1.34513069711625));
#4249=CARTESIAN_POINT('',(1.04499999992098,0.093,1.52399999999982));
#4250=CARTESIAN_POINT('',(1.04499999990874,0.093,0.432565348561008));
#4251=CARTESIAN_POINT('Origin',(1.17199999991651,0.093,1.52399999999892));
#4252=CARTESIAN_POINT('Origin',(1.17199999991559,0.093,1.39561158926287));
#4253=CARTESIAN_POINT('Origin',(2.18799999999999,0.093,-0.0504808921470015));
#4254=CARTESIAN_POINT('',(2.31499999999999,0.093,-0.0504808921470014));
#4255=CARTESIAN_POINT('Origin',(2.44199999999999,0.093,-0.0504808921470015));
#4256=CARTESIAN_POINT('',(2.28034441860388,0.093,0.0367057372907129));
#4257=CARTESIAN_POINT('Origin',(2.18799999999999,0.093,-0.0504808921470015));
#4258=CARTESIAN_POINT('Origin',(2.37268883720778,0.093,0.123892366728427));
#4259=CARTESIAN_POINT('Origin',(2.18799999999999,0.,-0.0504808921470015));
#4260=CARTESIAN_POINT('',(2.31499999999999,0.,-0.0504808921470014));
#4261=CARTESIAN_POINT('',(2.28034441860388,0.,0.0367057372907128));
#4262=CARTESIAN_POINT('Origin',(2.41874876754333,0.093,0.0751076216912158));
#4263=CARTESIAN_POINT('',(2.32640434893944,0.093,-0.0120790077464984));
#4264=CARTESIAN_POINT('Origin',(2.44199999999999,0.093,-1.99));
#4265=CARTESIAN_POINT('',(2.3521974387893,0.182802561210692,-3.37439487757862));
#4266=CARTESIAN_POINT('',(2.315,0.093,-3.30000000000001));
#4267=CARTESIAN_POINT('Origin',(2.442,0.093,-3.554));
#4268=CARTESIAN_POINT('',(2.31499999999999,0.093,-1.99));
#4269=CARTESIAN_POINT('Origin',(2.442,0.093,-3.55400000000001));
#4270=CARTESIAN_POINT('Origin',(2.44199999999999,-0.093,-1.99));
#4271=CARTESIAN_POINT('',(2.3521974387893,-0.182802561210692,-3.37439487757862));
#4272=CARTESIAN_POINT('Origin',(2.442,-0.093,-3.55400000000001));
#4273=CARTESIAN_POINT('',(2.315,-0.093,-3.30000000000001));
#4274=CARTESIAN_POINT('',(2.31499999999999,-0.093,-1.99));
#4275=CARTESIAN_POINT('Origin',(2.442,-0.093,-3.554));
#4276=CARTESIAN_POINT('Origin',(2.41874876754333,-0.093,0.0751076216912158));
#4277=CARTESIAN_POINT('',(1.04499999991523,-0.093,1.34513069711625));
#4278=CARTESIAN_POINT('',(2.32640434893944,-0.093,-0.0120790077464984));
#4279=CARTESIAN_POINT('Origin',(1.17199999991559,-0.093,1.39561158926287));
#4280=CARTESIAN_POINT('Origin',(1.17199999990874,-0.093,0.432565348560104));
#4281=CARTESIAN_POINT('',(1.04499999992098,-0.093,1.52399999999982));
#4282=CARTESIAN_POINT('Origin',(1.17199999991651,-0.093,1.52399999999892));
#4283=CARTESIAN_POINT('',(1.04499999990874,-0.093,0.432565348561008));
#4284=CARTESIAN_POINT('Origin',(2.31499999999999,0.,0.));
#4285=CARTESIAN_POINT('',(1.04499999991523,0.,1.34513069711625));
#4286=CARTESIAN_POINT('Origin',(1.04499999991523,0.,1.34513069711625));
#4287=CARTESIAN_POINT('',(1.04499999992098,0.,1.52399999999982));
#4288=CARTESIAN_POINT('Origin',(2.63800000000395,0.093,0.128388410724806));
#4289=CARTESIAN_POINT('',(2.73034441860811,0.093,0.215575040162235));
#4290=CARTESIAN_POINT('Origin',(2.63800000000395,0.093,0.128388410724807));
#4291=CARTESIAN_POINT('',(2.76500000000395,0.093,0.128388410724668));
#4292=CARTESIAN_POINT('Origin',(2.63800000000395,0.093,0.128388410724806));
#4293=CARTESIAN_POINT('Origin',(2.63800000000395,0.093,0.128388410724806));
#4294=CARTESIAN_POINT('Origin',(2.63800000000395,0.,0.128388410724806));
#4295=CARTESIAN_POINT('',(2.76500000000395,0.,0.128388410724668));
#4296=CARTESIAN_POINT('',(2.73034441860811,0.,0.215575040162235));
#4297=CARTESIAN_POINT('Origin',(2.63800000000364,0.093,-0.150565348564598));
#4298=CARTESIAN_POINT('',(2.72780256121082,0.182802561210692,-3.37439487757862));
#4299=CARTESIAN_POINT('Origin',(2.63799999999994,0.093,-3.55400000000001));
#4300=CARTESIAN_POINT('',(2.76500000000021,0.093,-3.30000000000001));
#4301=CARTESIAN_POINT('',(2.76500000000364,0.093,-0.150565348564737));
#4302=CARTESIAN_POINT('Origin',(2.63799999999994,0.093,-3.55400000000001));
#4303=CARTESIAN_POINT('Origin',(1.98766224671728,0.093,0.817198863785082));
#4304=CARTESIAN_POINT('',(1.49499999991738,0.093,1.52399999999983));
#4305=CARTESIAN_POINT('Origin',(1.32033865877785,0.093,1.52399999999983));
#4306=CARTESIAN_POINT('',(2.08000666532144,0.093,0.90438549322251));
#4307=CARTESIAN_POINT('Origin',(2.765000000004,0.,0.178869302871522));
#4308=CARTESIAN_POINT('',(2.76500000000021,0.,-3.30000000000001));
#4309=CARTESIAN_POINT('Origin',(1.49499999991651,0.,1.523999999999));
#4310=CARTESIAN_POINT('',(1.49499999991738,0.,1.52399999999983));
#4311=CARTESIAN_POINT('Origin',(2.365,0.,-3.40000000000001));
#4312=CARTESIAN_POINT('',(2.415,0.12,-3.50000000000001));
#4313=CARTESIAN_POINT('',(2.315,0.22,-3.30000000000001));
#4314=CARTESIAN_POINT('',(2.415,-0.12,-3.50000000000001));
#4315=CARTESIAN_POINT('',(2.415,0.,-3.50000000000001));
#4316=CARTESIAN_POINT('',(2.415,-0.12,-3.50000000000001));
#4317=CARTESIAN_POINT('',(2.315,0.,-3.30000000000001));
#4318=CARTESIAN_POINT('Origin',(2.7150000000001,0.,-3.40000000000001));
#4319=CARTESIAN_POINT('',(2.665,-0.12,-3.50000000000001));
#4320=CARTESIAN_POINT('',(2.76500000000021,-0.22,-3.30000000000001));
#4321=CARTESIAN_POINT('',(2.665,0.12,-3.50000000000001));
#4322=CARTESIAN_POINT('',(2.665,0.,-3.50000000000001));
#4323=CARTESIAN_POINT('',(2.665,0.12,-3.50000000000001));
#4324=CARTESIAN_POINT('Origin',(2.30999999998123,-0.17,-3.40000000000001));
#4325=CARTESIAN_POINT('',(2.30999999998123,-0.12,-3.50000000000001));
#4326=CARTESIAN_POINT('Origin',(2.30999999998123,0.17,-3.40000000000001));
#4327=CARTESIAN_POINT('',(2.30999999998123,0.12,-3.50000000000001));
#4328=CARTESIAN_POINT('Origin',(2.765,0.,-3.50000000000001));
#4329=CARTESIAN_POINT('Origin',(0.944999999920951,0.,1.97399999999981));
#4330=CARTESIAN_POINT('',(0.944999999920951,0.,1.97399999999981));
#4331=CARTESIAN_POINT('Origin',(0.94499999992098,0.,1.52399999999981));
#4332=CARTESIAN_POINT('',(0.94499999992098,0.,1.52399999999981));
#4333=CARTESIAN_POINT('Origin',(1.04499999992098,0.,1.52399999999982));
#4334=CARTESIAN_POINT('Origin',(2.315,0.,-3.50000000000001));
#4335=CARTESIAN_POINT('Origin',(1.59499999991697,0.,1.52399999999983));
#4336=CARTESIAN_POINT('',(1.59499999991697,0.,1.52399999999983));
#4337=CARTESIAN_POINT('Origin',(1.59499999991703,0.,1.97399999999983));
#4338=CARTESIAN_POINT('',(1.59499999991703,0.,1.97399999999983));
#4339=CARTESIAN_POINT('Origin',(1.49499999992093,0.,1.97399999999983));
#4340=CARTESIAN_POINT('',(1.49499999992093,0.,1.97399999999983));
#4341=CARTESIAN_POINT('Origin',(1.49499999992374,0.,2.54));
#4342=CARTESIAN_POINT('',(0.,0.,0.));
#4343=CARTESIAN_POINT('Origin',(1.143,1.143,2.54));
#4344=CARTESIAN_POINT('',(0.764564140543342,1.143,4.18443773455786));
#4345=CARTESIAN_POINT('',(0.51622965823114,1.143,4.70548663802313));
#4346=CARTESIAN_POINT('',(0.994757860280716,1.143,3.70145130376908));
#4347=CARTESIAN_POINT('',(0.764564140543342,1.143,4.10165954895186));
#4348=CARTESIAN_POINT('',(0.764564140543342,1.143,3.34152432087743));
#4349=CARTESIAN_POINT('',(0.475974469289184,1.143,4.10165954895186));
#4350=CARTESIAN_POINT('',(0.953782070271672,1.143,4.10165954895186));
#4351=CARTESIAN_POINT('',(0.475974469289184,1.143,3.90548665590453));
#4352=CARTESIAN_POINT('',(0.475974469289184,1.143,3.32082977447593));
#4353=CARTESIAN_POINT('',(0.372218279942871,1.143,3.90548665590453));
#4354=CARTESIAN_POINT('',(0.809487234644592,1.143,3.90548665590453));
#4355=CARTESIAN_POINT('',(0.372218279942871,1.143,4.10165954895186));
#4356=CARTESIAN_POINT('',(0.372218279942871,1.143,3.22274332795226));
#4357=CARTESIAN_POINT('',(0.280368565425277,1.143,4.10165954895186));
#4358=CARTESIAN_POINT('',(0.757609139971436,1.143,4.10165954895186));
#4359=CARTESIAN_POINT('',(0.280368565425277,1.143,4.18897349901366));
#4360=CARTESIAN_POINT('',(0.280368565425277,1.143,3.32082977447593));
#4361=CARTESIAN_POINT('',(0.372218279942871,1.143,4.18897349901366));
#4362=CARTESIAN_POINT('',(0.711684282712639,1.143,4.18897349901366));
#4363=CARTESIAN_POINT('',(0.372218279942871,1.143,4.70548663802313));
#4364=CARTESIAN_POINT('',(0.372218279942871,1.143,3.36448674950683));
#4365=CARTESIAN_POINT('',(0.757609139971436,1.143,4.70548663802313));
#4366=CARTESIAN_POINT('',(0.475974469289184,1.143,4.18897349901366));
#4367=CARTESIAN_POINT('',(0.67259924004972,1.143,4.18897349901366));
#4368=CARTESIAN_POINT('',(0.907799620024861,1.143,4.18897349901366));
#4369=CARTESIAN_POINT('',(0.475974469289184,1.143,4.60678000517058));
#4370=CARTESIAN_POINT('',(0.934592473926637,1.143,3.63226603403114));
#4371=CARTESIAN_POINT('',(0.475974469289184,1.143,3.36448674950683));
#4372=CARTESIAN_POINT('Origin',(1.143,1.143,2.54));
#4373=CARTESIAN_POINT('Origin',(1.143,1.143,2.54));
#4374=CARTESIAN_POINT('',(-0.178596736088395,1.143,3.94886013634371));
#4375=CARTESIAN_POINT('',(-0.0212614845186467,1.143,3.89358018107581));
#4376=CARTESIAN_POINT('Ctrl Pts',(-0.178596736088395,1.143,3.94886013634371));
#4377=CARTESIAN_POINT('Ctrl Pts',(-0.168400741677226,1.143,3.93651094074514));
#4378=CARTESIAN_POINT('Ctrl Pts',(-0.156060520837337,1.143,3.92662828487768));
#4379=CARTESIAN_POINT('Ctrl Pts',(-0.125687064302138,1.143,3.90970297867903));
#4380=CARTESIAN_POINT('Ctrl Pts',(-0.107561822019326,1.143,3.90372949077366));
#4381=CARTESIAN_POINT('Ctrl Pts',(-0.0671044628209293,1.143,3.89527266817731));
#4382=CARTESIAN_POINT('Ctrl Pts',(-0.0438286816641273,1.143,3.89358018107581));
#4383=CARTESIAN_POINT('Ctrl Pts',(-0.0212614845186467,1.143,3.89358018107581));
#4384=CARTESIAN_POINT('',(-0.224238098755478,1.143,4.13964678116011));
#4385=CARTESIAN_POINT('Ctrl Pts',(-0.224238098755478,1.143,4.13964678116011));
#4386=CARTESIAN_POINT('Ctrl Pts',(-0.224238098755478,1.143,4.10204612941693));
#4387=CARTESIAN_POINT('Ctrl Pts',(-0.221602440245417,1.143,4.06087605183308));
#4388=CARTESIAN_POINT('Ctrl Pts',(-0.209354242687726,1.143,4.00967704329065));
#4389=CARTESIAN_POINT('Ctrl Pts',(-0.204743434793571,1.143,3.99511233484807));
#4390=CARTESIAN_POINT('Ctrl Pts',(-0.193276114672941,1.143,3.96987471984609));
#4391=CARTESIAN_POINT('Ctrl Pts',(-0.186738634034981,1.143,3.95872144915258));
#4392=CARTESIAN_POINT('Ctrl Pts',(-0.178596736088395,1.143,3.94886013634371));
#4393=CARTESIAN_POINT('',(-0.224238098755478,1.143,4.19294234879183));
#4394=CARTESIAN_POINT('',(-0.224238098755478,1.143,3.33982339058006));
#4395=CARTESIAN_POINT('',(-0.188549668684601,1.143,4.37749233610797));
#4396=CARTESIAN_POINT('Ctrl Pts',(-0.188549668684601,1.143,4.37749233610797));
#4397=CARTESIAN_POINT('Ctrl Pts',(-0.197285506043794,1.143,4.36479358201121));
#4398=CARTESIAN_POINT('Ctrl Pts',(-0.20350819531503,1.143,4.34977480988098));
#4399=CARTESIAN_POINT('Ctrl Pts',(-0.220535164345624,1.143,4.29439367995298));
#4400=CARTESIAN_POINT('Ctrl Pts',(-0.224238098755478,1.143,4.24255903435644));
#4401=CARTESIAN_POINT('Ctrl Pts',(-0.224238098755478,1.143,4.19294234879183));
#4402=CARTESIAN_POINT('',(-0.062234164372086,1.143,4.42937046803403));
#4403=CARTESIAN_POINT('Ctrl Pts',(-0.062234164372086,1.143,4.42937046803403));
#4404=CARTESIAN_POINT('Ctrl Pts',(-0.0880258315996425,1.143,4.42937046803403));
#4405=CARTESIAN_POINT('Ctrl Pts',(-0.115220673729918,1.143,4.42621918741395));
#4406=CARTESIAN_POINT('Ctrl Pts',(-0.14921695067497,1.143,4.41225682111578));
#4407=CARTESIAN_POINT('Ctrl Pts',(-0.158700561378249,1.143,4.40693681835874));
#4408=CARTESIAN_POINT('Ctrl Pts',(-0.175513422246218,1.143,4.39370078167944));
#4409=CARTESIAN_POINT('Ctrl Pts',(-0.182604806096099,1.143,4.38613406264942));
#4410=CARTESIAN_POINT('Ctrl Pts',(-0.188549668684601,1.143,4.37749233610797));
#4411=CARTESIAN_POINT('',(0.0346385825723415,1.143,4.40045480199027));
#4412=CARTESIAN_POINT('Ctrl Pts',(0.0346385825723415,1.143,4.40045480199027));
#4413=CARTESIAN_POINT('Ctrl Pts',(0.0212264168208867,1.143,4.41023525486048));
#4414=CARTESIAN_POINT('Ctrl Pts',(0.00650001902152387,1.143,4.41739375269231));
#4415=CARTESIAN_POINT('Ctrl Pts',(-0.026535389477112,1.143,4.42725453263193));
#4416=CARTESIAN_POINT('Ctrl Pts',(-0.0443609808486492,1.143,4.42937046803403));
#4417=CARTESIAN_POINT('Ctrl Pts',(-0.062234164372086,1.143,4.42937046803403));
#4418=CARTESIAN_POINT('',(0.0788182158321148,1.143,4.36076660223174));
#4419=CARTESIAN_POINT('Ctrl Pts',(0.0788182158321148,1.143,4.36076660223174));
#4420=CARTESIAN_POINT('Ctrl Pts',(0.0710291534769914,1.143,4.36856345794374));
#4421=CARTESIAN_POINT('Ctrl Pts',(0.0626710282973485,1.143,4.37663872907266));
#4422=CARTESIAN_POINT('Ctrl Pts',(0.048264741044736,1.143,4.38958043012524));
#4423=CARTESIAN_POINT('Ctrl Pts',(0.0413443627574709,1.143,4.39547452257027));
#4424=CARTESIAN_POINT('Ctrl Pts',(0.0346385825723415,1.143,4.40045480199027));
#4425=CARTESIAN_POINT('',(0.0753986973613506,1.143,4.61533781655001));
#4426=CARTESIAN_POINT('',(0.0911406884027346,1.143,3.44340153094281));
#4427=CARTESIAN_POINT('',(-0.204394073382019,1.143,4.61533781655001));
#4428=CARTESIAN_POINT('',(0.609199348680676,1.143,4.61533781655001));
#4429=CARTESIAN_POINT('',(-0.204394073382019,1.143,4.70548663802313));
#4430=CARTESIAN_POINT('',(-0.204394073382019,1.143,3.57766890827501));
#4431=CARTESIAN_POINT('',(0.169826387271286,1.143,4.70548663802313));
#4432=CARTESIAN_POINT('',(0.469302963308991,1.143,4.70548663802313));
#4433=CARTESIAN_POINT('',(0.17717936526239,1.143,4.23433144159484));
#4434=CARTESIAN_POINT('',(0.186838345945783,1.143,3.61541500437891));
#4435=CARTESIAN_POINT('',(0.0711552191823726,1.143,4.23433144159484));
#4436=CARTESIAN_POINT('',(0.660089682631195,1.143,4.23433144159484));
#4437=CARTESIAN_POINT('',(0.0476258386224514,1.143,4.31512523956465));
#4438=CARTESIAN_POINT('Ctrl Pts',(0.0476258386224514,1.143,4.31512523956465));
#4439=CARTESIAN_POINT('Ctrl Pts',(0.0541962732554645,1.143,4.30795061060784));
#4440=CARTESIAN_POINT('Ctrl Pts',(0.0591131420272848,1.143,4.29964839708838));
#4441=CARTESIAN_POINT('Ctrl Pts',(0.0696694218149329,1.143,4.27310791298406));
#4442=CARTESIAN_POINT('Ctrl Pts',(0.0715507505113862,1.143,4.2531186599709));
#4443=CARTESIAN_POINT('Ctrl Pts',(0.0711552191823726,1.143,4.23433144159484));
#4444=CARTESIAN_POINT('',(-0.0274982165247196,1.143,4.34205648071932));
#4445=CARTESIAN_POINT('Ctrl Pts',(-0.0274982165247196,1.143,4.34205648071932));
#4446=CARTESIAN_POINT('Ctrl Pts',(-0.0127067012101171,1.143,4.34205648071932));
#4447=CARTESIAN_POINT('Ctrl Pts',(0.00257339980734752,1.143,4.34032093327421));
#4448=CARTESIAN_POINT('Ctrl Pts',(0.0225429723851812,1.143,4.33316203624987));
#4449=CARTESIAN_POINT('Ctrl Pts',(0.0283089592570757,1.143,4.33039573454429));
#4450=CARTESIAN_POINT('Ctrl Pts',(0.0388266169633331,1.143,4.32356764735995));
#4451=CARTESIAN_POINT('Ctrl Pts',(0.0434831755329752,1.143,4.3196488350334));
#4452=CARTESIAN_POINT('Ctrl Pts',(0.0476258386224514,1.143,4.31512523956465));
#4453=CARTESIAN_POINT('',(-0.100921304121613,1.143,4.31229036815333));
#4454=CARTESIAN_POINT('Ctrl Pts',(-0.100921304121613,1.143,4.31229036815333));
#4455=CARTESIAN_POINT('Ctrl Pts',(-0.0963741181997549,1.143,4.3188308258049));
#4456=CARTESIAN_POINT('Ctrl Pts',(-0.0907150120243844,1.143,4.32422433774375));
#4457=CARTESIAN_POINT('Ctrl Pts',(-0.0764186318196297,1.143,4.33343355742897));
#4458=CARTESIAN_POINT('Ctrl Pts',(-0.0678977706835432,1.143,4.33667013810397));
#4459=CARTESIAN_POINT('Ctrl Pts',(-0.0488503861391568,1.143,4.34116673402095));
#4460=CARTESIAN_POINT('Ctrl Pts',(-0.0380247881611118,1.143,4.34205648071932));
#4461=CARTESIAN_POINT('Ctrl Pts',(-0.0274982165247196,1.143,4.34205648071932));
#4462=CARTESIAN_POINT('',(-0.121615887776017,1.143,4.20711670584845));
#4463=CARTESIAN_POINT('Ctrl Pts',(-0.121615887776017,1.143,4.20711670584845));
#4464=CARTESIAN_POINT('Ctrl Pts',(-0.121615887776017,1.143,4.2277949687199));
#4465=CARTESIAN_POINT('Ctrl Pts',(-0.120448765381481,1.143,4.25075201037035));
#4466=CARTESIAN_POINT('Ctrl Pts',(-0.114891689547306,1.143,4.27899408699033));
#4467=CARTESIAN_POINT('Ctrl Pts',(-0.112809835544365,1.143,4.28703449793902));
#4468=CARTESIAN_POINT('Ctrl Pts',(-0.107644764075734,1.143,4.30073724087444));
#4469=CARTESIAN_POINT('Ctrl Pts',(-0.10469532861887,1.143,4.30686198940997));
#4470=CARTESIAN_POINT('Ctrl Pts',(-0.100921304121613,1.143,4.31229036815333));
#4471=CARTESIAN_POINT('',(-0.121615887776017,1.143,4.15382121272254));
#4472=CARTESIAN_POINT('',(-0.121615887776017,1.143,3.37355835292423));
#4473=CARTESIAN_POINT('',(-0.0989369164854283,1.143,4.01803095407652));
#4474=CARTESIAN_POINT('Ctrl Pts',(-0.0989369164854283,1.143,4.01803095407652));
#4475=CARTESIAN_POINT('Ctrl Pts',(-0.104041504799748,1.143,4.02587924687094));
#4476=CARTESIAN_POINT('Ctrl Pts',(-0.107684695678266,1.143,4.03532662684886));
#4477=CARTESIAN_POINT('Ctrl Pts',(-0.118432877533508,1.143,4.07180546564841));
#4478=CARTESIAN_POINT('Ctrl Pts',(-0.121615887776017,1.143,4.11010406946393));
#4479=CARTESIAN_POINT('Ctrl Pts',(-0.121615887776017,1.143,4.15382121272254));
#4480=CARTESIAN_POINT('',(-0.0104889880567784,1.143,3.98316208787131));
#4481=CARTESIAN_POINT('Ctrl Pts',(-0.0104889880567784,1.143,3.98316208787131));
#4482=CARTESIAN_POINT('Ctrl Pts',(-0.029969948888796,1.143,3.98316208787131));
#4483=CARTESIAN_POINT('Ctrl Pts',(-0.0491696283681711,1.143,3.9854471112957));
#4484=CARTESIAN_POINT('Ctrl Pts',(-0.0724342363498002,1.143,3.99461872805869));
#4485=CARTESIAN_POINT('Ctrl Pts',(-0.0790190852934676,1.143,3.99817488352845));
#4486=CARTESIAN_POINT('Ctrl Pts',(-0.0904220070170952,1.143,4.00708944644551));
#4487=CARTESIAN_POINT('Ctrl Pts',(-0.0951182761475548,1.143,4.01215980333864));
#4488=CARTESIAN_POINT('Ctrl Pts',(-0.0989369164854283,1.143,4.01803095407652));
#4489=CARTESIAN_POINT('',(0.0538625706285244,1.143,4.00669146843123));
#4490=CARTESIAN_POINT('Ctrl Pts',(0.0538625706285244,1.143,4.00669146843123));
#4491=CARTESIAN_POINT('Ctrl Pts',(0.048277514421036,1.143,4.00051069742445));
#4492=CARTESIAN_POINT('Ctrl Pts',(0.0416715675153921,1.143,3.99566800510193));
#4493=CARTESIAN_POINT('Ctrl Pts',(0.0277571798634652,1.143,3.9889010474724));
#4494=CARTESIAN_POINT('Ctrl Pts',(0.0209058576767201,1.143,3.98676754129636));
#4495=CARTESIAN_POINT('Ctrl Pts',(0.00591072370708198,1.143,3.98379241006766));
#4496=CARTESIAN_POINT('Ctrl Pts',(-0.00234528793448335,1.143,3.98316208787131));
#4497=CARTESIAN_POINT('Ctrl Pts',(-0.0104889880567784,1.143,3.98316208787131));
#4498=CARTESIAN_POINT('',(0.0785259295552974,1.143,4.08068154521155));
#4499=CARTESIAN_POINT('Ctrl Pts',(0.0785259295552974,1.143,4.08068154521155));
#4500=CARTESIAN_POINT('Ctrl Pts',(0.0775438534568259,1.143,4.06611417270475));
#4501=CARTESIAN_POINT('Ctrl Pts',(0.075283402656428,1.143,4.05082644454977));
#4502=CARTESIAN_POINT('Ctrl Pts',(0.0687282456161028,1.143,4.03116097342879));
#4503=CARTESIAN_POINT('Ctrl Pts',(0.06634079381095,1.143,4.0254790650941));
#4504=CARTESIAN_POINT('Ctrl Pts',(0.0607013966779854,1.143,4.01531861951351));
#4505=CARTESIAN_POINT('Ctrl Pts',(0.0575593196446533,1.143,4.01078254839681));
#4506=CARTESIAN_POINT('Ctrl Pts',(0.0538625706285244,1.143,4.00669146843123));
#4507=CARTESIAN_POINT('',(0.0785259295552974,1.143,4.10449449486899));
#4508=CARTESIAN_POINT('',(0.0785259295552974,1.143,3.31034077260578));
#4509=CARTESIAN_POINT('',(0.181148140534759,1.143,4.10449449486899));
#4510=CARTESIAN_POINT('',(0.610762964777649,1.143,4.10449449486899));
#4511=CARTESIAN_POINT('',(0.181148140534759,1.143,4.08068154521155));
#4512=CARTESIAN_POINT('',(0.181148140534758,1.143,3.3222472474345));
#4513=CARTESIAN_POINT('',(0.132671906456352,1.143,3.93383537001776));
#4514=CARTESIAN_POINT('Ctrl Pts',(0.132671906456352,1.143,3.93383537001776));
#4515=CARTESIAN_POINT('Ctrl Pts',(0.142233443502755,1.143,3.94270947382707));
#4516=CARTESIAN_POINT('Ctrl Pts',(0.149787882480614,1.143,3.95343443859068));
#4517=CARTESIAN_POINT('Ctrl Pts',(0.163863398808469,1.143,3.9805195146827));
#4518=CARTESIAN_POINT('Ctrl Pts',(0.169309405505516,1.143,3.99785739789811));
#4519=CARTESIAN_POINT('Ctrl Pts',(0.177721785869807,1.143,4.03624939196555));
#4520=CARTESIAN_POINT('Ctrl Pts',(0.180104902694871,1.143,4.05888942357716));
#4521=CARTESIAN_POINT('Ctrl Pts',(0.181148140534759,1.143,4.08068154521155));
#4522=CARTESIAN_POINT('Ctrl Pts',(-0.0212614845186467,1.143,3.89358018107581));
#4523=CARTESIAN_POINT('Ctrl Pts',(0.00930005070989275,1.143,3.89358018107581));
#4524=CARTESIAN_POINT('Ctrl Pts',(0.0428401055795297,1.143,3.89588713068966));
#4525=CARTESIAN_POINT('Ctrl Pts',(0.084237057476466,1.143,3.90671286583184));
#4526=CARTESIAN_POINT('Ctrl Pts',(0.0959399234555316,1.143,3.91078150946367));
#4527=CARTESIAN_POINT('Ctrl Pts',(0.116157679337263,1.143,3.92092612131172));
#4528=CARTESIAN_POINT('Ctrl Pts',(0.124985123210322,1.143,3.92670122009962));
#4529=CARTESIAN_POINT('Ctrl Pts',(0.132671906456352,1.143,3.93383537001776));
#4530=CARTESIAN_POINT('Origin',(1.143,1.143,2.54));
#4531=CARTESIAN_POINT('',(-0.710418136015534,1.143,3.95197850234675));
#4532=CARTESIAN_POINT('',(-0.55251589526236,1.143,3.89358018107581));
#4533=CARTESIAN_POINT('Ctrl Pts',(-0.710418136015534,1.143,3.95197850234675));
#4534=CARTESIAN_POINT('Ctrl Pts',(-0.695488632050046,1.143,3.9358765346808));
#4535=CARTESIAN_POINT('Ctrl Pts',(-0.677944845101234,1.143,3.9233356618238));
#4536=CARTESIAN_POINT('Ctrl Pts',(-0.642619812398431,1.143,3.90690284106913));
#4537=CARTESIAN_POINT('Ctrl Pts',(-0.626316728872143,1.143,3.90194487947345));
#4538=CARTESIAN_POINT('Ctrl Pts',(-0.590883170861159,1.143,3.8950630266005));
#4539=CARTESIAN_POINT('Ctrl Pts',(-0.571607004174857,1.143,3.89358018107581));
#4540=CARTESIAN_POINT('Ctrl Pts',(-0.55251589526236,1.143,3.89358018107581));
#4541=CARTESIAN_POINT('',(-0.764564038410782,1.143,4.12263762719798));
#4542=CARTESIAN_POINT('Ctrl Pts',(-0.764564038410782,1.143,4.12263762719798));
#4543=CARTESIAN_POINT('Ctrl Pts',(-0.764564038410782,1.143,4.08956526132622));
#4544=CARTESIAN_POINT('Ctrl Pts',(-0.761039509366433,1.143,4.05539848004368));
#4545=CARTESIAN_POINT('Ctrl Pts',(-0.746700295461919,1.143,4.01020359755496));
#4546=CARTESIAN_POINT('Ctrl Pts',(-0.7411468607814,1.143,3.99700212190482));
#4547=CARTESIAN_POINT('Ctrl Pts',(-0.727460585864758,1.143,3.97278238421536));
#4548=CARTESIAN_POINT('Ctrl Pts',(-0.719603464293229,1.143,3.96188521232869));
#4549=CARTESIAN_POINT('Ctrl Pts',(-0.710418136015534,1.143,3.95197850234675));
#4550=CARTESIAN_POINT('',(-0.764564038410782,1.143,4.49967518962788));
#4551=CARTESIAN_POINT('',(-0.764564038410783,1.143,3.33131881359899));
#4552=CARTESIAN_POINT('',(-0.71467033137381,1.143,4.6632471359508));
#4553=CARTESIAN_POINT('Ctrl Pts',(-0.71467033137381,1.143,4.6632471359508));
#4554=CARTESIAN_POINT('Ctrl Pts',(-0.726759009624468,1.143,4.65108977018205));
#4555=CARTESIAN_POINT('Ctrl Pts',(-0.736043602615703,1.143,4.63675911545233));
#4556=CARTESIAN_POINT('Ctrl Pts',(-0.750885726880769,1.143,4.60409359070377));
#4557=CARTESIAN_POINT('Ctrl Pts',(-0.755953283580352,1.143,4.58564476737108));
#4558=CARTESIAN_POINT('Ctrl Pts',(-0.763102343811747,1.143,4.54511834515435));
#4559=CARTESIAN_POINT('Ctrl Pts',(-0.764564038410782,1.143,4.52208652479599));
#4560=CARTESIAN_POINT('Ctrl Pts',(-0.764564038410782,1.143,4.49967518962788));
#4561=CARTESIAN_POINT('',(-0.55251589526236,1.143,4.71342426307368));
#4562=CARTESIAN_POINT('Ctrl Pts',(-0.55251589526236,1.143,4.71342426307368));
#4563=CARTESIAN_POINT('Ctrl Pts',(-0.584533468536301,1.143,4.71342426307368));
#4564=CARTESIAN_POINT('Ctrl Pts',(-0.618538925264509,1.143,4.71036309616371));
#4565=CARTESIAN_POINT('Ctrl Pts',(-0.661898743680723,1.143,4.69694581833358));
#4566=CARTESIAN_POINT('Ctrl Pts',(-0.674285044503937,1.143,4.69183170012303));
#4567=CARTESIAN_POINT('Ctrl Pts',(-0.696381138014284,1.143,4.6791336174725));
#4568=CARTESIAN_POINT('Ctrl Pts',(-0.706085943192607,1.143,4.67188031334058));
#4569=CARTESIAN_POINT('Ctrl Pts',(-0.71467033137381,1.143,4.6632471359508));
#4570=CARTESIAN_POINT('',(-0.39291283597052,1.143,4.6609791792171));
#4571=CARTESIAN_POINT('Ctrl Pts',(-0.39291283597052,1.143,4.6609791792171));
#4572=CARTESIAN_POINT('Ctrl Pts',(-0.406394882667997,1.143,4.67460857470786));
#4573=CARTESIAN_POINT('Ctrl Pts',(-0.422207031175808,1.143,4.6850769877575));
#4574=CARTESIAN_POINT('Ctrl Pts',(-0.455890949555449,1.143,4.70023549588113));
#4575=CARTESIAN_POINT('Ctrl Pts',(-0.473172368734894,1.143,4.70513169192569));
#4576=CARTESIAN_POINT('Ctrl Pts',(-0.510929951437449,1.143,4.71198537989793));
#4577=CARTESIAN_POINT('Ctrl Pts',(-0.531912153232213,1.143,4.71342426307368));
#4578=CARTESIAN_POINT('Ctrl Pts',(-0.55251589526236,1.143,4.71342426307368));
#4579=CARTESIAN_POINT('',(-0.341034741297364,1.143,4.49967518962788));
#4580=CARTESIAN_POINT('Ctrl Pts',(-0.341034741297364,1.143,4.49967518962788));
#4581=CARTESIAN_POINT('Ctrl Pts',(-0.341034741297364,1.143,4.53127986640532));
#4582=CARTESIAN_POINT('Ctrl Pts',(-0.344314330619485,1.143,4.5643018707813));
#4583=CARTESIAN_POINT('Ctrl Pts',(-0.358121005340631,1.143,4.60723081274635));
#4584=CARTESIAN_POINT('Ctrl Pts',(-0.363429149462277,1.143,4.61962240740643));
#4585=CARTESIAN_POINT('Ctrl Pts',(-0.376557438325865,1.143,4.64207679049185));
#4586=CARTESIAN_POINT('Ctrl Pts',(-0.384077279563056,1.143,4.65204706940604));
#4587=CARTESIAN_POINT('Ctrl Pts',(-0.39291283597052,1.143,4.6609791792171));
#4588=CARTESIAN_POINT('',(-0.341034741297364,1.143,4.12263762719798));
#4589=CARTESIAN_POINT('',(-0.341034741297364,1.143,3.51983759481394));
#4590=CARTESIAN_POINT('',(-0.396031052961945,1.143,3.9531124807136));
#4591=CARTESIAN_POINT('Ctrl Pts',(-0.396031052961945,1.143,3.9531124807136));
#4592=CARTESIAN_POINT('Ctrl Pts',(-0.379993794472955,1.143,3.97047243911753));
#4593=CARTESIAN_POINT('Ctrl Pts',(-0.367988035248847,1.143,3.99048353464743));
#4594=CARTESIAN_POINT('Ctrl Pts',(-0.34575015486151,1.143,4.04714214181469));
#4595=CARTESIAN_POINT('Ctrl Pts',(-0.341034741297364,1.143,4.08544753824544));
#4596=CARTESIAN_POINT('Ctrl Pts',(-0.341034741297364,1.143,4.12263762719798));
#4597=CARTESIAN_POINT('Ctrl Pts',(-0.55251589526236,1.143,3.89358018107581));
#4598=CARTESIAN_POINT('Ctrl Pts',(-0.522018016660654,1.143,3.89358018107581));
#4599=CARTESIAN_POINT('Ctrl Pts',(-0.491173351689696,1.143,3.89761219298466));
#4600=CARTESIAN_POINT('Ctrl Pts',(-0.449891360072715,1.143,3.91331730447315));
#4601=CARTESIAN_POINT('Ctrl Pts',(-0.43777517910478,1.143,3.91946682752561));
#4602=CARTESIAN_POINT('Ctrl Pts',(-0.415273399781364,1.143,3.9345477988518));
#4603=CARTESIAN_POINT('Ctrl Pts',(-0.405148789524722,1.143,3.94324278459679));
#4604=CARTESIAN_POINT('Ctrl Pts',(-0.396031052961945,1.143,3.9531124807136));
#4605=CARTESIAN_POINT('',(-0.660807849064469,1.143,4.49967518962788));
#4606=CARTESIAN_POINT('',(-0.660807849064469,1.143,4.12263762719798));
#4607=CARTESIAN_POINT('',(-0.660807849064469,1.143,3.33131881359899));
#4608=CARTESIAN_POINT('',(-0.633309693232178,1.143,4.01916493244338));
#4609=CARTESIAN_POINT('Ctrl Pts',(-0.660807849064469,1.143,4.12263762719798));
#4610=CARTESIAN_POINT('Ctrl Pts',(-0.660807849064469,1.143,4.1027539750709));
#4611=CARTESIAN_POINT('Ctrl Pts',(-0.659046404887757,1.143,4.08199107664194));
#4612=CARTESIAN_POINT('Ctrl Pts',(-0.65176308838599,1.143,4.05458471565596));
#4613=CARTESIAN_POINT('Ctrl Pts',(-0.648954527767369,1.143,4.04655910253076));
#4614=CARTESIAN_POINT('Ctrl Pts',(-0.642028319381718,1.143,4.03192120352702));
#4615=CARTESIAN_POINT('Ctrl Pts',(-0.63805693665566,1.143,4.02528252929151));
#4616=CARTESIAN_POINT('Ctrl Pts',(-0.633309693232178,1.143,4.01916493244338));
#4617=CARTESIAN_POINT('',(-0.55251589526236,1.143,3.98372907705474));
#4618=CARTESIAN_POINT('Ctrl Pts',(-0.633309693232178,1.143,4.01916493244338));
#4619=CARTESIAN_POINT('Ctrl Pts',(-0.626150434997665,1.143,4.00993911139992));
#4620=CARTESIAN_POINT('Ctrl Pts',(-0.617555696585891,1.143,4.00235495754793));
#4621=CARTESIAN_POINT('Ctrl Pts',(-0.599526050677184,1.143,3.99215245373061));
#4622=CARTESIAN_POINT('Ctrl Pts',(-0.591096322443547,1.143,3.98901210972732));
#4623=CARTESIAN_POINT('Ctrl Pts',(-0.572563327807357,1.143,3.98466404403548));
#4624=CARTESIAN_POINT('Ctrl Pts',(-0.562512131928324,1.143,3.98372907705474));
#4625=CARTESIAN_POINT('Ctrl Pts',(-0.55251589526236,1.143,3.98372907705474));
#4626=CARTESIAN_POINT('',(-0.471155108109116,1.143,4.01774745948481));
#4627=CARTESIAN_POINT('Ctrl Pts',(-0.55251589526236,1.143,3.98372907705474));
#4628=CARTESIAN_POINT('Ctrl Pts',(-0.536261924720342,1.143,3.98372907705474));
#4629=CARTESIAN_POINT('Ctrl Pts',(-0.519687681488178,1.143,3.98595763728896));
#4630=CARTESIAN_POINT('Ctrl Pts',(-0.498052898743299,1.143,3.9950035221551));
#4631=CARTESIAN_POINT('Ctrl Pts',(-0.491840505819783,1.143,3.99851571412179));
#4632=CARTESIAN_POINT('Ctrl Pts',(-0.480480085461391,1.143,4.00716210247292));
#4633=CARTESIAN_POINT('Ctrl Pts',(-0.475502008957747,1.143,4.01213857220362));
#4634=CARTESIAN_POINT('Ctrl Pts',(-0.471155108109116,1.143,4.01774745948481));
#4635=CARTESIAN_POINT('',(-0.444790930643677,1.143,4.12263762719798));
#4636=CARTESIAN_POINT('Ctrl Pts',(-0.471155108109116,1.143,4.01774745948481));
#4637=CARTESIAN_POINT('Ctrl Pts',(-0.463814744138608,1.143,4.02721894236918));
#4638=CARTESIAN_POINT('Ctrl Pts',(-0.458538251337169,1.143,4.03814991760633));
#4639=CARTESIAN_POINT('Ctrl Pts',(-0.447062680416165,1.143,4.07235479300568));
#4640=CARTESIAN_POINT('Ctrl Pts',(-0.444790930643677,1.143,4.09861528118885));
#4641=CARTESIAN_POINT('Ctrl Pts',(-0.444790930643677,1.143,4.12263762719798));
#4642=CARTESIAN_POINT('',(-0.444790930643677,1.143,4.49967518962788));
#4643=CARTESIAN_POINT('',(-0.444790930643677,1.143,3.51983759481394));
#4644=CARTESIAN_POINT('',(-0.468603731289505,1.143,4.59776159889865));
#4645=CARTESIAN_POINT('Ctrl Pts',(-0.444790930643677,1.143,4.49967518962788));
#4646=CARTESIAN_POINT('Ctrl Pts',(-0.444790930643677,1.143,4.51907913001797));
#4647=CARTESIAN_POINT('Ctrl Pts',(-0.446151379304084,1.143,4.54043134183218));
#4648=CARTESIAN_POINT('Ctrl Pts',(-0.452551154464214,1.143,4.56679241438865));
#4649=CARTESIAN_POINT('Ctrl Pts',(-0.45495485747926,1.143,4.5742643319225));
#4650=CARTESIAN_POINT('Ctrl Pts',(-0.460940422985719,1.143,4.58713808581427));
#4651=CARTESIAN_POINT('Ctrl Pts',(-0.464350206068236,1.143,4.59279914393484));
#4652=CARTESIAN_POINT('Ctrl Pts',(-0.468603731289505,1.143,4.59776159889865));
#4653=CARTESIAN_POINT('',(-0.55251589526236,1.143,4.62554332382846));
#4654=CARTESIAN_POINT('Ctrl Pts',(-0.468603731289505,1.143,4.59776159889865));
#4655=CARTESIAN_POINT('Ctrl Pts',(-0.47377943102599,1.143,4.60379990446208));
#4656=CARTESIAN_POINT('Ctrl Pts',(-0.480027577512782,1.143,4.6086049823045));
#4657=CARTESIAN_POINT('Ctrl Pts',(-0.495830963096707,1.143,4.61719660741488));
#4658=CARTESIAN_POINT('Ctrl Pts',(-0.50564140700613,1.143,4.62028576016366));
#4659=CARTESIAN_POINT('Ctrl Pts',(-0.527518200602193,1.143,4.62467436511897));
#4660=CARTESIAN_POINT('Ctrl Pts',(-0.540242686272858,1.143,4.62554332382846));
#4661=CARTESIAN_POINT('Ctrl Pts',(-0.55251589526236,1.143,4.62554332382846));
#4662=CARTESIAN_POINT('',(-0.635294080868363,1.143,4.59606070585417));
#4663=CARTESIAN_POINT('Ctrl Pts',(-0.55251589526236,1.143,4.62554332382846));
#4664=CARTESIAN_POINT('Ctrl Pts',(-0.568997406512385,1.143,4.62554332382846));
#4665=CARTESIAN_POINT('Ctrl Pts',(-0.586290878728355,1.143,4.623711625548));
#4666=CARTESIAN_POINT('Ctrl Pts',(-0.608422061532411,1.143,4.61582929274311));
#4667=CARTESIAN_POINT('Ctrl Pts',(-0.614725847564746,1.143,4.61281100775779));
#4668=CARTESIAN_POINT('Ctrl Pts',(-0.62604947776954,1.143,4.6053259126173));
#4669=CARTESIAN_POINT('Ctrl Pts',(-0.630982311044465,1.143,4.60104317332383));
#4670=CARTESIAN_POINT('Ctrl Pts',(-0.635294080868363,1.143,4.59606070585417));
#4671=CARTESIAN_POINT('Ctrl Pts',(-0.635294080868363,1.143,4.59606070585417));
#4672=CARTESIAN_POINT('Ctrl Pts',(-0.64164574595531,1.143,4.58872099367134));
#4673=CARTESIAN_POINT('Ctrl Pts',(-0.64637709087946,1.143,4.58014251327398));
#4674=CARTESIAN_POINT('Ctrl Pts',(-0.658090491739771,1.143,4.55029886346587));
#4675=CARTESIAN_POINT('Ctrl Pts',(-0.660807849064469,1.143,4.52496397002588));
#4676=CARTESIAN_POINT('Ctrl Pts',(-0.660807849064469,1.143,4.49967518962788));
#4677=CARTESIAN_POINT('Origin',(1.143,1.143,2.54));
#4678=CARTESIAN_POINT('Origin',(1.143,1.143,2.54));
#4679=CARTESIAN_POINT('',(-0.678647489003434,1.143,5.00107275173412));
#4680=CARTESIAN_POINT('',(-0.542984658523846,1.143,5.31891370148612));
#4681=CARTESIAN_POINT('',(-0.914738109204521,1.143,4.44794212128083));
#4682=CARTESIAN_POINT('',(-0.79572740596148,1.143,5.00125744072916));
#4683=CARTESIAN_POINT('',(0.204703380895948,1.143,4.9996793002467));
#4684=CARTESIAN_POINT('',(-0.606269879264059,1.143,5.4165508425264));
#4685=CARTESIAN_POINT('',(-1.09343868173856,1.143,4.34867039060727));
#4686=CARTESIAN_POINT('',(-0.785393921188482,1.143,5.8012421175318));
#4687=CARTESIAN_POINT('',(0.0999496734441213,1.143,3.89985605802799));
#4688=CARTESIAN_POINT('',(-0.673983739998851,1.143,5.80106637232343));
#4689=CARTESIAN_POINT('',(0.181372874736514,1.143,5.79971708067986));
#4690=CARTESIAN_POINT('',(-0.545729414170866,1.143,5.51079459944327));
#4691=CARTESIAN_POINT('',(0.0771707830068404,1.143,4.101014902775));
#4692=CARTESIAN_POINT('',(-0.423160107264235,1.143,5.8006707078417));
#4693=CARTESIAN_POINT('',(-0.950478374726333,1.143,4.55356430643441));
#4694=CARTESIAN_POINT('',(-0.303466827907534,1.143,5.80048189636957));
#4695=CARTESIAN_POINT('',(0.362489781698644,1.143,5.79943137583481));
#4696=CARTESIAN_POINT('',(-0.481524065365745,1.143,5.42372478042191));
#4697=CARTESIAN_POINT('',(-0.801214052335601,1.143,4.74728231053144));
#4698=CARTESIAN_POINT('',(-0.281482863503997,1.143,5.0004462400534));
#4699=CARTESIAN_POINT('',(0.223786851760076,1.143,3.9313173527095));
#4700=CARTESIAN_POINT('',(-0.397588245732472,1.143,5.00062939175799));
#4701=CARTESIAN_POINT('',(0.432697420004719,1.143,4.99931964855701));
#4702=CARTESIAN_POINT('',(0.20039336294226,1.143,3.69160009802807));
#4703=CARTESIAN_POINT('Origin',(1.143,1.143,2.54));
#4704=CARTESIAN_POINT('',(0.0887504798426147,1.143,4.99986221141816));
#4705=CARTESIAN_POINT('',(0.0898702409236169,1.143,5.70971248887452));
#4706=CARTESIAN_POINT('',(0.0873715086264116,1.143,4.12569082161603));
#4707=CARTESIAN_POINT('',(-0.0206753161797854,1.143,5.00003482633646));
#4708=CARTESIAN_POINT('',(0.590315895552944,1.143,4.9990710115695));
#4709=CARTESIAN_POINT('',(-0.0195555550987832,1.143,5.70988510379281));
#4710=CARTESIAN_POINT('',(-0.0226141679364897,1.143,3.77093829780614));
#4711=CARTESIAN_POINT('',(-0.203821744055113,1.143,5.71017577650717));
#4712=CARTESIAN_POINT('',(0.564220954747811,1.143,5.7089642191549));
#4713=CARTESIAN_POINT('',(-0.20367953798801,1.143,5.8003244858181));
#4714=CARTESIAN_POINT('',(-0.206320476352311,1.143,4.12615410924868));
#4715=CARTESIAN_POINT('',(0.274278710452763,1.143,5.79957052535356));
#4716=CARTESIAN_POINT('',(0.472230066336749,1.143,5.79925826482301));
#4717=CARTESIAN_POINT('',(0.27413650438566,1.143,5.70942181604263));
#4718=CARTESIAN_POINT('',(0.271708875122007,1.143,4.1704745034396));
#4719=CARTESIAN_POINT('',(0.711066984490038,1.143,5.7087325752798));
#4720=CARTESIAN_POINT('Origin',(1.143,1.143,2.54));
#4721=CARTESIAN_POINT('',(0.694535100466818,1.143,5.08905554348074));
#4722=CARTESIAN_POINT('',(0.365008549610933,1.143,5.08957535874111));
#4723=CARTESIAN_POINT('',(0.756014229595723,1.143,5.08895856255634));
#4724=CARTESIAN_POINT('',(0.679259990889647,1.143,5.11572741908718));
#4725=CARTESIAN_POINT('',(1.29956512571493,1.143,4.03261234809449));
#4726=CARTESIAN_POINT('',(0.365944068897976,1.143,5.68262921347841));
#4727=CARTESIAN_POINT('',(1.27874698405618,1.143,4.03103868070461));
#4728=CARTESIAN_POINT('',(0.366128310691936,1.143,5.79942563619747));
#4729=CARTESIAN_POINT('',(0.3634663544642,1.143,4.11193140292398));
#4730=CARTESIAN_POINT('',(0.797594807787995,1.143,5.79874501465438));
#4731=CARTESIAN_POINT('',(0.75713399067672,1.143,5.79880884001269));
#4732=CARTESIAN_POINT('',(0.797452601720892,1.143,5.70859630534344));
#4733=CARTESIAN_POINT('',(0.795024972457236,1.143,4.16964899274042));
#4734=CARTESIAN_POINT('',(0.467917221937985,1.143,5.70911613453111));
#4735=CARTESIAN_POINT('',(0.97272503315765,1.143,5.70831981993021));
#4736=CARTESIAN_POINT('',(0.483192294262299,1.143,5.68244425898343));
#4737=CARTESIAN_POINT('',(1.2346340510957,1.143,4.37034827710798));
#4738=CARTESIAN_POINT('',(0.796517082433849,1.143,5.11554245060614));
#4739=CARTESIAN_POINT('',(1.22559431914718,1.143,4.33920852935527));
#4740=CARTESIAN_POINT('',(0.79633284063989,1.143,4.99874602788709));
#4741=CARTESIAN_POINT('',(0.794486109780165,1.143,3.8280477107163));
#4742=CARTESIAN_POINT('',(0.36486634354383,1.143,4.99942664943018));
#4743=CARTESIAN_POINT('',(0.971605272076649,1.143,4.99846954247386));
#4744=CARTESIAN_POINT('',(0.362927491787122,1.143,3.77033012089987));
#4745=CARTESIAN_POINT('Origin',(-1.143,-1.093,6.427));
#4746=CARTESIAN_POINT('',(2.236,-1.093,6.477));
#4747=CARTESIAN_POINT('',(-2.236,-1.093,6.477));
#4748=CARTESIAN_POINT('',(-1.143,-1.093,6.477));
#4749=CARTESIAN_POINT('',(-2.286,-1.143,6.427));
#4750=CARTESIAN_POINT('Origin',(-2.236,-1.093,6.427));
#4751=CARTESIAN_POINT('',(2.286,-1.143,6.427));
#4752=CARTESIAN_POINT('',(-1.143,-1.143,6.427));
#4753=CARTESIAN_POINT('Origin',(2.236,-1.093,6.427));
#4754=CARTESIAN_POINT('Origin',(2.236,-0.5715,6.427));
#4755=CARTESIAN_POINT('',(2.286,-1.85695797999902E-16,6.427));
#4756=CARTESIAN_POINT('',(2.286,-0.5715,6.427));
#4757=CARTESIAN_POINT('',(2.236,-2.08166817117217E-16,6.477));
#4758=CARTESIAN_POINT('Origin',(2.236,-2.08166817117217E-16,6.427));
#4759=CARTESIAN_POINT('',(2.236,-0.5715,6.477));
#4760=CARTESIAN_POINT('Origin',(1.143,-6.93889390390723E-17,6.427));
#4761=CARTESIAN_POINT('',(1.143,1.143,6.427));
#4762=CARTESIAN_POINT('',(1.143,1.093,6.477));
#4763=CARTESIAN_POINT('Origin',(1.143,1.093,6.427));
#4764=CARTESIAN_POINT('Origin',(1.143,-6.93889390390723E-17,6.477));
#4765=CARTESIAN_POINT('Origin',(1.143,-6.93889390390723E-17,6.427));
#4766=CARTESIAN_POINT('Origin',(0.571500000000001,1.093,6.427));
#4767=CARTESIAN_POINT('',(-1.143,1.143,6.427));
#4768=CARTESIAN_POINT('',(-1.143,1.093,6.477));
#4769=CARTESIAN_POINT('Origin',(-1.143,1.093,6.427));
#4770=CARTESIAN_POINT('',(0.571500000000001,1.093,6.477));
#4771=CARTESIAN_POINT('',(0.571500000000001,1.143,6.427));
#4772=CARTESIAN_POINT('Origin',(-1.143,1.11022302462516E-15,6.427));
#4773=CARTESIAN_POINT('',(-2.286,7.43893940518742E-16,6.427));
#4774=CARTESIAN_POINT('',(-2.236,6.24500451351651E-16,6.477));
#4775=CARTESIAN_POINT('Origin',(-2.236,6.24500451351651E-16,6.427));
#4776=CARTESIAN_POINT('Origin',(-1.143,1.11022302462516E-15,6.477));
#4777=CARTESIAN_POINT('Origin',(-1.143,1.11022302462516E-15,6.427));
#4778=CARTESIAN_POINT('Origin',(-2.236,4.16333634234434E-16,6.427));
#4779=CARTESIAN_POINT('',(-2.236,4.16333634234434E-16,6.477));
#4780=CARTESIAN_POINT('',(-2.286,4.16333634234434E-16,6.427));
#4781=CARTESIAN_POINT('Origin',(1.143,-6.93889390390723E-17,2.54));
#4782=CARTESIAN_POINT('',(2.286,-1.85695797999902E-16,2.59));
#4783=CARTESIAN_POINT('',(2.286,-1.85695797999902E-16,2.54));
#4784=CARTESIAN_POINT('',(1.143,1.143,2.59));
#4785=CARTESIAN_POINT('Origin',(1.143,-6.93889390390723E-17,2.59));
#4786=CARTESIAN_POINT('',(1.143,1.143,2.54));
#4787=CARTESIAN_POINT('Origin',(2.286,-1.143,2.54));
#4788=CARTESIAN_POINT('',(2.286,-1.143,2.59));
#4789=CARTESIAN_POINT('',(2.286,-1.143,2.54));
#4790=CARTESIAN_POINT('',(2.286,-0.5715,2.59));
#4791=CARTESIAN_POINT('Origin',(-2.286,-1.143,2.54));
#4792=CARTESIAN_POINT('',(-2.286,-1.143,2.59));
#4793=CARTESIAN_POINT('',(-2.286,-1.143,2.54));
#4794=CARTESIAN_POINT('',(-1.143,-1.143,2.59));
#4795=CARTESIAN_POINT('Origin',(0.,1.38777878078145E-16,6.477));
#4796=CARTESIAN_POINT('Origin',(2.236,-0.5715,2.59));
#4797=CARTESIAN_POINT('',(2.236,-1.093,2.54));
#4798=CARTESIAN_POINT('',(2.236,-2.08166817117217E-16,2.54));
#4799=CARTESIAN_POINT('',(2.236,-0.5715,2.54));
#4800=CARTESIAN_POINT('Origin',(2.236,-2.08166817117217E-16,2.59));
#4801=CARTESIAN_POINT('Origin',(2.236,-1.093,2.59));
#4802=CARTESIAN_POINT('Origin',(1.143,-6.93889390390723E-17,2.59));
#4803=CARTESIAN_POINT('',(1.143,1.093,2.54));
#4804=CARTESIAN_POINT('Origin',(1.143,1.093,2.59));
#4805=CARTESIAN_POINT('Origin',(1.143,-6.93889390390723E-17,2.54));
#4806=CARTESIAN_POINT('Origin',(0.571500000000001,1.093,2.59));
#4807=CARTESIAN_POINT('',(-1.143,1.093,2.54));
#4808=CARTESIAN_POINT('',(-1.143,1.143,2.59));
#4809=CARTESIAN_POINT('Origin',(-1.143,1.093,2.59));
#4810=CARTESIAN_POINT('',(0.571500000000001,1.143,2.59));
#4811=CARTESIAN_POINT('',(0.571500000000001,1.093,2.54));
#4812=CARTESIAN_POINT('Origin',(-1.143,1.11022302462516E-15,2.59));
#4813=CARTESIAN_POINT('',(-2.236,6.24500451351651E-16,2.54));
#4814=CARTESIAN_POINT('',(-2.286,7.43893940518742E-16,2.59));
#4815=CARTESIAN_POINT('Origin',(-2.236,6.24500451351651E-16,2.59));
#4816=CARTESIAN_POINT('Origin',(-1.143,1.11022302462516E-15,2.59));
#4817=CARTESIAN_POINT('Origin',(-1.143,1.11022302462516E-15,2.54));
#4818=CARTESIAN_POINT('Origin',(-2.236,4.16333634234434E-16,2.59));
#4819=CARTESIAN_POINT('',(-2.286,4.16333634234434E-16,2.59));
#4820=CARTESIAN_POINT('',(-2.236,-1.093,2.54));
#4821=CARTESIAN_POINT('',(-2.236,4.16333634234434E-16,2.54));
#4822=CARTESIAN_POINT('Origin',(-2.236,-1.093,2.59));
#4823=CARTESIAN_POINT('Origin',(-1.143,-1.093,2.59));
#4824=CARTESIAN_POINT('',(-1.143,-1.093,2.54));
#4825=CARTESIAN_POINT('Origin',(-2.286,6.93889390390723E-16,2.54));
#4826=CARTESIAN_POINT('',(-2.286,7.43893940518742E-16,2.54));
#4827=CARTESIAN_POINT('Origin',(0.,1.38777878078145E-16,2.54));
#4828=CARTESIAN_POINT('Origin',(1.143,1.143,2.54));
#4829=CARTESIAN_POINT('',(-1.143,1.143,2.54));
#4830=CARTESIAN_POINT('Origin',(-1.143,1.11022302462516E-15,2.54));
#4831=CARTESIAN_POINT('',(0.,0.,0.));
#4832=CARTESIAN_POINT('',(0.,0.,0.));
#4833=CARTESIAN_POINT('Origin',(0.,0.,0.));
#4834=UNCERTAINTY_MEASURE_WITH_UNIT(LENGTH_MEASURE(0.01),#4842,
'DISTANCE_ACCURACY_VALUE',
'Maximum model space distance between geometric entities at asserted c
onnectivities');
#4835=UNCERTAINTY_MEASURE_WITH_UNIT(LENGTH_MEASURE(0.01),#4842,
'DISTANCE_ACCURACY_VALUE',
'Maximum model space distance between geometric entities at asserted c
onnectivities');
#4836=UNCERTAINTY_MEASURE_WITH_UNIT(LENGTH_MEASURE(0.01),#4842,
'DISTANCE_ACCURACY_VALUE',
'Maximum model space distance between geometric entities at asserted c
onnectivities');
#4837=UNCERTAINTY_MEASURE_WITH_UNIT(LENGTH_MEASURE(0.01),#4842,
'DISTANCE_ACCURACY_VALUE',
'Maximum model space distance between geometric entities at asserted c
onnectivities');
#4838=(
GEOMETRIC_REPRESENTATION_CONTEXT(3)
GLOBAL_UNCERTAINTY_ASSIGNED_CONTEXT((#4834))
GLOBAL_UNIT_ASSIGNED_CONTEXT((#4842,#4844,#4845))
REPRESENTATION_CONTEXT('','3D')
);
#4839=(
GEOMETRIC_REPRESENTATION_CONTEXT(3)
GLOBAL_UNCERTAINTY_ASSIGNED_CONTEXT((#4835))
GLOBAL_UNIT_ASSIGNED_CONTEXT((#4842,#4844,#4845))
REPRESENTATION_CONTEXT('','3D')
);
#4840=(
GEOMETRIC_REPRESENTATION_CONTEXT(3)
GLOBAL_UNCERTAINTY_ASSIGNED_CONTEXT((#4836))
GLOBAL_UNIT_ASSIGNED_CONTEXT((#4842,#4844,#4845))
REPRESENTATION_CONTEXT('','3D')
);
#4841=(
GEOMETRIC_REPRESENTATION_CONTEXT(3)
GLOBAL_UNCERTAINTY_ASSIGNED_CONTEXT((#4837))
GLOBAL_UNIT_ASSIGNED_CONTEXT((#4842,#4844,#4845))
REPRESENTATION_CONTEXT('','3D')
);
#4842=(
LENGTH_UNIT()
NAMED_UNIT(*)
SI_UNIT(.MILLI.,.METRE.)
);
#4843=(
LENGTH_UNIT()
NAMED_UNIT(*)
SI_UNIT($,.METRE.)
);
#4844=(
NAMED_UNIT(*)
PLANE_ANGLE_UNIT()
SI_UNIT($,.RADIAN.)
);
#4845=(
NAMED_UNIT(*)
SI_UNIT($,.STERADIAN.)
SOLID_ANGLE_UNIT()
);
#4846=SHAPE_DEFINITION_REPRESENTATION(#4849,#4854);
#4847=SHAPE_DEFINITION_REPRESENTATION(#4850,#4855);
#4848=SHAPE_DEFINITION_REPRESENTATION(#4851,#4856);
#4849=PRODUCT_DEFINITION_SHAPE('',$,#4858);
#4850=PRODUCT_DEFINITION_SHAPE('',$,#4859);
#4851=PRODUCT_DEFINITION_SHAPE('',$,#4860);
#4852=PRODUCT_DEFINITION_SHAPE($,$,#20);
#4853=PRODUCT_DEFINITION_SHAPE($,$,#21);
#4854=SHAPE_REPRESENTATION('',(#2796,#3035,#3036),#4838);
#4855=SHAPE_REPRESENTATION('',(#2797),#4839);
#4856=SHAPE_REPRESENTATION('',(#2986),#4840);
#4857=PRODUCT_DEFINITION_CONTEXT('part definition',#4868,'design');
#4858=PRODUCT_DEFINITION('TR_TO92_ELINE','TR_TO92_ELINE v2',#4861,#4857);
#4859=PRODUCT_DEFINITION('Legs','Legs',#4862,#4857);
#4860=PRODUCT_DEFINITION('ELINE','ELINE',#4863,#4857);
#4861=PRODUCT_DEFINITION_FORMATION('',$,#4870);
#4862=PRODUCT_DEFINITION_FORMATION('',$,#4871);
#4863=PRODUCT_DEFINITION_FORMATION('',$,#4872);
#4864=PRODUCT_RELATED_PRODUCT_CATEGORY('TR_TO92_ELINE v2',
'TR_TO92_ELINE v2',(#4870));
#4865=PRODUCT_RELATED_PRODUCT_CATEGORY('Legs','Legs',(#4871));
#4866=PRODUCT_RELATED_PRODUCT_CATEGORY('ELINE','ELINE',(#4872));
#4867=APPLICATION_PROTOCOL_DEFINITION('international standard',
'automotive_design',2009,#4868);
#4868=APPLICATION_CONTEXT(
'Core Data for Automotive Mechanical Design Process');
#4869=PRODUCT_CONTEXT('part definition',#4868,'mechanical');
#4870=PRODUCT('TR_TO92_ELINE','TR_TO92_ELINE v2',$,(#4869));
#4871=PRODUCT('Legs','Legs',$,(#4869));
#4872=PRODUCT('ELINE','ELINE',$,(#4869));
#4873=PRESENTATION_STYLE_ASSIGNMENT((#4877));
#4874=PRESENTATION_STYLE_ASSIGNMENT((#4878));
#4875=PRESENTATION_STYLE_ASSIGNMENT((#4879));
#4876=PRESENTATION_STYLE_ASSIGNMENT((NULL_STYLE(.NULL.)));
#4877=SURFACE_STYLE_USAGE(.BOTH.,#4880);
#4878=SURFACE_STYLE_USAGE(.BOTH.,#4881);
#4879=SURFACE_STYLE_USAGE(.BOTH.,#4882);
#4880=SURFACE_SIDE_STYLE('',(#4883));
#4881=SURFACE_SIDE_STYLE('',(#4884));
#4882=SURFACE_SIDE_STYLE('',(#4885));
#4883=SURFACE_STYLE_FILL_AREA(#4886);
#4884=SURFACE_STYLE_FILL_AREA(#4887);
#4885=SURFACE_STYLE_FILL_AREA(#4888);
#4886=FILL_AREA_STYLE('Antharacite IC and Black',(#4889));
#4887=FILL_AREA_STYLE('Aluminum - Satin',(#4890));
#4888=FILL_AREA_STYLE('IC Writing',(#4891));
#4889=FILL_AREA_STYLE_COLOUR('Antharacite IC and Black',#4892);
#4890=FILL_AREA_STYLE_COLOUR('Aluminum - Satin',#4893);
#4891=FILL_AREA_STYLE_COLOUR('IC Writing',#4894);
#4892=COLOUR_RGB('Antharacite IC and Black',0.352941176470588,0.352941176470588,
0.352941176470588);
#4893=COLOUR_RGB('Aluminum - Satin',0.96078431372549,0.96078431372549,0.964705882352941);
#4894=COLOUR_RGB('IC Writing',0.713725490196078,0.690196078431373,0.63921568627451);
ENDSEC;
END-ISO-10303-21;
